SUBASTA;FEC.SUB.;SEGMENTO;PYME;1-NEG;SELLO;TIPO INSTRUMENTO;NALO;SIN RECURSO;PLZ.;T.MIN.;CIERRE;PPV;AG.CPR.;TASA C.;TASA V.;AG.VDR.;MONEDA;MONTO;CANT. INSTRUMENTOS;ESTADO;HORA CONC.;CODIGO RESPONSABLE;CUIT RESPONSABLE;NOMBRE RESPONSABLE;CARACTER;CUIT BENEF.;RAZÓN BENEF.;COND. PYME;V.N. C.;V.N. V.
1527419;18/08/2026;Avalado;;SI;NO;ECHEQ;NO;NO;24Hs.;10:45:33;17:00:00;114;;;20,00;406;$;58.500.000,00;1;Desierta;;CONV;;CONAVAL S.G.R.;AO;;;;;
1527420;18/08/2026;Avalado;;SI;NO;ECHEQ;NO;NO;24Hs.;10:45:34;17:00:00;84;406;27,00;27,00;767;$;3.000.000,00;1;Negociada;15:29:55;MOVI;;MOVIL S.G.R.;AO;;;;;
1527421;18/08/2026;Garantizado Calificado;SI;SI;NO;ECHEQ;NO;NO;C.I.;10:45:56;17:00:00;85;;;0,00;565;$;60.000.000,00;1;Desierta (Baja);;;;;AO;;;MiPyME FCE - Art. 7 Ley 27.440, Res. SEPYME 340/17, Art. 2 RG 4367/18 y RG 1019/24;;
1527422;18/08/2026;Avalado;;SI;NO;ECHEQ;NO;NO;24Hs.;10:45:58;17:00:00;136;;;20,00;406;$;40.000.000,00;4;Desierta;;FEDE;;Aval Federal S.G.R.;AO;;;;;
1527423;18/08/2026;Avalado;;SI;NO;ECHEQ;NO;NO;C.I.;10:46:01;17:00:00;66;406;25,00;25,00;525;$;116.165.672,39;5;Negociada;10:54:48;CREC;;Crecer S.G.R.;AO;;;;;
1527424;18/08/2026;Avalado;;SI;NO;ECHEQ;NO;NO;24Hs.;10:46:03;17:00:00;121;442;30,00;30,00;523;$;25.000.000,00;1;Negociada;12:07:24;RESI;;Resiliencia S.G.R.;AO;;;;;
1527425;18/08/2026;Avalado;;SI;NO;ECHEQ;NO;NO;24Hs.;10:46:06;17:00:00;69;567;22,00;22,00;767;$;67.192.096,74;1;Negociada;15:33:44;GARA;;Garantizar S.G.R.;AO;;;;;
1527426;18/08/2026;No Garantizado;NO;SI;NO;ECHEQ;NO;NO;C.I.;10:46:14;17:00:00;57;545;46,50;46,50;545;$;547.945,03;1;Negociada;10:49:51;;30-61029860-1;INTERNATIONAL HEALTH SERVICES ARGENTINA S.A.;AO;;;;;
1527427;18/08/2026;Avalado;;SI;NO;ECHEQ;NO;NO;C.I.;10:46:24;17:00:00;30;406;24,00;24,00;406;$;4.290.806,83;3;Negociada;14:04:06;ACPY;;Acindar Pymes S.G.R.;AO;;;;;
1527428;18/08/2026;Avalado;;SI;NO;ECHEQ;NO;NO;24Hs.;10:46:35;17:00:00;44;;;0,00;523;$;30.381.727,80;1;Desierta (Baja);;CREC;;Crecer S.G.R.;AO;;;;;
1527429;18/08/2026;Garantizado;NO;SI;NO;ECHEQ;NO;NO;C.I.;10:46:36;17:00:00;77;523;25,50;25,50;565;$;40.000.000,00;1;Negociada;12:42:58;;;;AO;;;;;
1527430;18/08/2026;Avalado;;SI;NO;ECHEQ;NO;NO;24Hs.;10:46:40;17:00:00;119;507;27,00;27,00;507;$;75.000.000,00;1;Negociada;14:43:01;RESI;;Resiliencia S.G.R.;AO;;;;;
1527431;18/08/2026;Avalado;;SI;NO;ECHEQ;NO;NO;C.I.;10:46:44;17:00:00;43;406;24,50;24,50;406;$;12.000.000,00;1;Negociada;11:14:02;ARPY;;Argenpymes S.G.R.;AO;;;;;
1527432;18/08/2026;Avalado;;SI;NO;ECHEQ;NO;NO;24Hs.;10:46:49;17:00:00;119;507;27,00;27,00;507;$;75.000.000,00;1;Negociada;14:43:19;RESI;;Resiliencia S.G.R.;AO;;;;;
1527433;18/08/2026;Avalado;;SI;NO;ECHEQ;NO;NO;24Hs.;10:46:59;17:00:00;122;;;26,00;545;$;38.000.000,00;4;Desierta;;UNIO;;Union S.G.R.;AO;;;;;
1527434;18/08/2026;Avalado;;SI;NO;ECHEQ;NO;NO;24Hs.;10:47:03;17:00:00;104;449;26,00;26,00;767;$;50.000.000,00;2;Negociada;13:24:05;MOVI;;MOVIL S.G.R.;AO;;;;;
1527435;18/08/2026;Avalado;;SI;NO;ECHEQ;NO;NO;24Hs.;10:47:04;17:00:00;72;;;20,00;406;$;3.857.882,82;3;Desierta;;AFBG;;AFB AVALES S.G.R;AO;;;;;
1527436;18/08/2026;Avalado;;SI;NO;ECHEQ;NO;NO;24Hs.;10:47:04;17:00:00;91;;;27,00;702;$;67.000.000,00;1;Desierta;;AVLR;;Aval Ar S.G.R.;AO;;;;;
1527437;18/08/2026;Avalado;;NO;NO;PAGARE;NO;NO;24Hs.;10:47:06;16:30:00;363;;;7,00;43;DOL;25.000,00;1;Desierta;;CUAV;;Cuyo Aval S.G.R.;;;;;;
1527438;18/08/2026;Avalado;;SI;NO;ECHEQ;NO;NO;24Hs.;10:47:08;17:00:00;77;567;24,00;24,00;537;$;10.000.000,00;1;Negociada;10:56:59;ARPY;;Argenpymes S.G.R.;AO;;;;;
1527439;18/08/2026;Avalado;;SI;NO;ECHEQ;NO;NO;24Hs.;10:47:09;17:00:00;82;;;25,00;598;$;45.000.000,00;7;Desierta;;UNIO;;Union S.G.R.;AO;;;;;
1527440;18/08/2026;Avalado;;SI;NO;ECHEQ;SI;NO;24Hs.;10:47:09;17:00:00;24;406;23,00;23,00;546;$;9.895.738,18;2;Negociada;13:49:07;ACPY;;Acindar Pymes S.G.R.;NO;;;;;
1527441;18/08/2026;Avalado;;SI;NO;ECHEQ;NO;NO;24Hs.;10:47:10;17:00:00;120;;;26,00;545;$;40.000.000,00;8;Desierta;;UNIO;;Union S.G.R.;AO;;;;;
1527442;18/08/2026;Avalado;;NO;NO;ECHEQ;NO;NO;24Hs.;10:47:12;17:00:00;105;;;27,00;813;$;26.000.000,00;1;Desierta;;AFBG;;AFB AVALES S.G.R;AO;;;;;
1527443;18/08/2026;Avalado;;SI;NO;ECHEQ;NO;NO;24Hs.;10:47:18;17:00:00;34;406;23,00;23,00;546;$;4.531.647,99;1;Negociada;13:49:01;ACPY;;Acindar Pymes S.G.R.;AO;;;;;
1527444;18/08/2026;Garantizado;SI;SI;NO;ECHEQ;NO;NO;24Hs.;10:47:25;17:00:00;17;757;25,00;25,00;598;$;124.660.900,97;21;Negociada;13:26:09;;;;AO;;;Certificado MiPyME;;
1527445;18/08/2026;No Garantizado Calificado;NO;SI;NO;CPD;NO;NO;C.I.;10:47:34;17:00:00;155;568;55,00;55,00;852;$;300.000.000,00;1;Negociada;12:57:42;;30-52745070-1;ASOCIACION DEL FUTBOL ARGENTINO;;30-53397676-6;ASOCIACION ATLETICA ARGENTINOS JUNIORS;;;
1527446;18/08/2026;Avalado;;NO;NO;ECHEQ;NO;NO;24Hs.;10:47:34;17:00:00;55;;;26,00;813;$;31.000.000,00;3;Desierta;;INPY;;Integra Pymes S.G.R.;AO;;;;;
1527447;18/08/2026;Avalado;;SI;NO;ECHEQ;NO;NO;24Hs.;10:47:38;17:00:00;176;;;27,00;545;$;5.000.000,00;1;Desierta;;AFBG;;AFB AVALES S.G.R;AO;;;;;
1527448;18/08/2026;Garantizado;SI;SI;NO;ECHEQ;NO;NO;24Hs.;10:47:40;17:00:00;90;;;22,00;598;$;35.000.000,00;1;Desierta;;;;;AO;;;Certificado MiPyME;;
1527449;18/08/2026;No Garantizado;SI;SI;NO;ECHEQ;NO;NO;C.I.;10:47:46;17:00:00;42;718;30,00;30,00;718;$;12.787.500,00;1;Negociada;12:03:43;;30-70756443-8;FRUTUCUMAN S.A.;AO;;;Certificado MiPyME;;
1527450;18/08/2026;No Garantizado;NO;SI;NO;PAGARE;NO;NO;C.I.;10:47:54;17:00:00;41;598;30,00;30,00;598;$;55.000.000,00;1;Negociada;10:49:55;;30-70989761-2;MEDIOS  Y  PARTICIPACIONES  S.A.;;30-70989761-2;MEDIOS  Y  PARTICIPACIONES  S.A.;;;
1527451;18/08/2026;No Garantizado;NO;SI;NO;ECHEQ;NO;NO;C.I.;10:47:56;17:00:00;20;723;49,00;50,00;767;$;1.704.146,64;1;Negociada;11:17:25;;33-66840682-9;ESACOM S.A.;AO;33-71735413-9;COMERCIALIZADORA VM S. A. S.;;;
1527452;18/08/2026;Avalado;;SI;NO;ECHEQ;SI;NO;24Hs.;10:47:57;17:00:00;20;406;22,00;22,00;545;$;11.692.022,40;1;Negociada;15:26:59;ACPY;;Acindar Pymes S.G.R.;NO;;;;;
1527453;18/08/2026;Avalado;;SI;NO;PAGARE;NO;NO;24Hs.;10:48:00;17:00:00;233;;;6,00;852;U$S;16.750,00;5;Desierta;;AFBG;;AFB AVALES S.G.R;;;;;;
1527454;18/08/2026;Avalado;;NO;NO;ECHEQ;NO;NO;24Hs.;10:48:01;17:00:00;62;523;26,00;26,00;813;$;33.000.000,00;6;Negociada;12:38:54;FEDE;;Aval Federal S.G.R.;AO;;;;;
1527455;18/08/2026;Avalado;;SI;NO;PAGARE;NO;NO;24Hs.;10:48:13;17:00:00;578;;;8,00;852;U$S;53.600,00;16;Desierta;;AFBG;;AFB AVALES S.G.R;;;;;;
1527456;18/08/2026;Avalado;;SI;NO;ECHEQ;NO;NO;24Hs.;10:48:16;17:00:00;71;;;25,00;526;$;15.000.000,00;3;Desierta;;NOVA;;INNOVA S.G.R.;AO;;;;;
1527457;18/08/2026;No Garantizado;NO;SI;NO;ECHEQ;NO;NO;C.I.;10:48:17;17:00:00;56;539;50,00;50,00;767;$;7.496.542,90;3;Negociada;11:13:00;;30-70810768-5;LA PETRA S.R.L.;AO;33-71735413-9;COMERCIALIZADORA VM S. A. S.;;;
1527458;18/08/2026;Avalado;;NO;NO;ECHEQ;NO;NO;24Hs.;10:48:18;17:00:00;130;;;25,00;813;$;60.000.000,00;3;Desierta;;BINT;;Banco Interfinanzas S.A.;AO;;;;;
1527459;18/08/2026;No Garantizado Calificado;SI;NO;NO;ECHEQ;NO;NO;C.I.;10:48:26;17:00:00;8;405;38,00;38,00;405;$;20.000.000,00;2;Negociada;10:50:27;;30-71152295-2;AGROPRODUCCIONES TORRESI S.R.L.;AO;30-71152295-2;AGROPRODUCCIONES TORRESI S.R.L.;Certificado MiPyME;;
1527460;18/08/2026;Avalado;;NO;NO;ECHEQ;NO;NO;24Hs.;10:48:30;17:00:00;102;;;25,00;813;$;40.000.000,00;2;Desierta;;BINT;;Banco Interfinanzas S.A.;AO;;;;;
1527461;18/08/2026;Avalado;;SI;NO;ECHEQ;NO;NO;C.I.;10:48:41;17:00:00;106;406;26,00;26,00;406;$;5.000.000,00;2;Negociada;11:02:25;ARPY;;Argenpymes S.G.R.;AO;;;;;
1527462;18/08/2026;Avalado;;NO;NO;ECHEQ;NO;NO;24Hs.;10:48:44;17:00:00;61;406;28,00;28,00;813;$;24.949.863,00;6;Negociada;14:09:30;CUAV;;Cuyo Aval S.G.R.;AO;;;;;
1527463;18/08/2026;Avalado;;SI;NO;ECHEQ;NO;NO;24Hs.;10:48:48;17:00:00;84;406;26,50;26,50;502;$;50.000.000,00;1;Negociada;15:47:40;UNIO;;Union S.G.R.;AO;;;;;
1527464;18/08/2026;No Garantizado Calificado;SI;NO;NO;ECHEQ;NO;NO;C.I.;10:48:51;17:00:00;10;405;38,00;38,00;405;$;6.500.000,00;1;Negociada;10:50:53;;30-71152295-2;AGROPRODUCCIONES TORRESI S.R.L.;AO;30-71152295-2;AGROPRODUCCIONES TORRESI S.R.L.;Certificado MiPyME;;
1527465;18/08/2026;Avalado;;SI;NO;ECHEQ;NO;NO;24Hs.;10:49:00;17:00:00;85;406;26,50;26,50;502;$;50.000.000,00;1;Negociada;15:47:40;UNIO;;Union S.G.R.;AO;;;;;
1527466;18/08/2026;Avalado;;NO;NO;ECHEQ;NO;NO;24Hs.;10:49:01;17:00:00;132;431;28,50;28,50;813;$;28.000.000,00;6;Negociada;12:12:18;CUAV;;Cuyo Aval S.G.R.;AO;;;;;
1527467;18/08/2026;Avalado;;SI;NO;ECHEQ;NO;NO;24Hs.;10:49:07;17:00:00;84;406;26,50;26,50;502;$;50.000.000,00;1;Negociada;15:47:48;UNIO;;Union S.G.R.;AO;;;;;
1527468;18/08/2026;Avalado;;SI;NO;ECHEQ;NO;NO;24Hs.;10:49:12;17:00:00;338;502;26,00;26,00;465;$;48.000.000,00;4;Negociada;14:39:46;ACPY;;Acindar Pymes S.G.R.;AO;;;;;
1527469;18/08/2026;Avalado;;SI;NO;ECHEQ;NO;NO;24Hs.;10:49:15;17:00:00;83;502;26,00;26,00;502;$;50.000.000,00;1;Negociada;13:31:23;UNIO;;Union S.G.R.;AO;;;;;
1527470;18/08/2026;Avalado;;NO;NO;ECHEQ;NO;NO;24Hs.;10:49:19;17:00:00;90;431;28,50;28,50;813;$;15.277.321,33;19;Negociada;12:24:58;CUAV;;Cuyo Aval S.G.R.;AO;;;;;
1527471;18/08/2026;Avalado;;SI;NO;ECHEQ;NO;NO;24Hs.;10:49:21;17:00:00;122;406;27,00;27,00;502;$;150.000.000,00;3;Negociada;14:25:30;UNIO;;Union S.G.R.;AO;;;;;
1527472;18/08/2026;No Garantizado;NO;SI;NO;ECHEQ;NO;NO;C.I.;10:49:32;17:00:00;90;465;32,00;32,00;465;$;16.317.233,07;1;Negociada;12:54:42;;30-99907484-3;MUNICIPALIDAD DE CORDOBA;AO;30-71626194-4;CARFA S.A.S.;;;
1527473;18/08/2026;No Garantizado;NO;SI;NO;ECHEQ;NO;NO;C.I.;10:49:42;17:00:00;58;;;0,00;465;$;16.317.233,05;1;Desierta (Baja);;;30-99907484-3;MUNICIPALIDAD DE CORDOBA;AO;30-71626194-4;CARFA S.A.S.;;;
1527474;18/08/2026;No Garantizado;NO;SI;NO;ECHEQ;NO;NO;C.I.;10:49:53;17:00:00;29;572;27,00;27,00;465;$;16.317.233,05;1;Negociada;11:48:28;;30-99907484-3;MUNICIPALIDAD DE CORDOBA;AO;30-71626194-4;CARFA S.A.S.;;;
1527475;18/08/2026;Avalado;;SI;NO;ECHEQ;NO;NO;C.I.;10:49:53;17:00:00;45;523;24,00;24,00;523;$;30.381.727,80;1;Negociada;10:52:25;CREC;;Crecer S.G.R.;AO;;;;;
1527476;18/08/2026;No Garantizado;NO;SI;NO;ECHEQ;NO;NO;C.I.;10:50:28;17:00:00;58;572;27,00;27,00;465;$;16.317.233,05;1;Negociada;11:48:40;;30-99907484-3;MUNICIPALIDAD DE CORDOBA;AO;30-71626194-4;CARFA S.A.S.;;;
1527477;18/08/2026;No Garantizado;NO;SI;NO;ECHEQ;SI;NO;C.I.;10:50:31;17:00:00;77;572;29,00;29,00;559;$;15.492.623,38;1;Negociada;11:26:16;;30-54808315-6;COTO CENTRO INTEGRAL DE COMERCIALIZACION SOCIEDAD ANONIMA;NO;;;;;
1527478;18/08/2026;No Garantizado;NO;SI;NO;ECHEQ;NO;NO;C.I.;10:50:46;17:00:00;28;539;42,00;42,00;767;$;290.375,12;1;Negociada;11:09:30;;33-68165008-9;UN RINCON DE NAPOLI S R L;AO;30-70925678-1;MAT SRL;;;
1527479;18/08/2026;Avalado;;SI;NO;ECHEQ;NO;NO;24Hs.;10:50:50;17:00:00;32;442;26,00;26,00;559;$;90.000.000,00;3;Negociada;14:50:20;AVAL;;Avaluar S.G.R.;AO;;;;;
1527480;18/08/2026;Avalado;;SI;NO;ECHEQ;NO;NO;24Hs.;10:51:00;17:00:00;142;406;25,00;25,00;442;$;38.000.000,00;4;Negociada;12:07:40;TRND;;Trend S.G.R.;AO;;;;;
1527481;18/08/2026;No Garantizado;NO;NO;NO;ECHEQ;NO;NO;C.I.;10:51:02;17:00:00;57;559;28,00;28,00;762;$;2.000.000.000,00;1;Negociada;12:47:58;;30-65511651-2;EDESUR S A;AO;30-65537309-4;COMPA#IA ADMINIST DEL MERCADO MAYORISTA ELECTRICO SOC ANONIMA;;;
1527482;18/08/2026;No Garantizado Calificado;NO;SI;NO;ECHEQ;NO;NO;C.I.;10:51:05;17:00:00;27;827;32,00;32,00;827;$;13.500.000,00;1;Negociada;10:53:06;;30-70846648-0;LOS COIRONES S.A.;AO;30-70846648-0;LOS COIRONES S.A.;;;
1527483;18/08/2026;Avalado;;SI;NO;ECHEQ;NO;NO;24Hs.;10:51:09;17:00:00;51;;;0,00;442;$;2.250.000,00;1;Desierta (Baja);;AVAL;;Avaluar S.G.R.;AO;;;;;
1527484;18/08/2026;No Garantizado;NO;SI;NO;ECHEQ;NO;NO;24Hs.;10:51:12;17:00:00;44;;;26,00;767;$;1.789.480,00;3;Desierta;;;30-71030416-1;SALA SA;AO;20-33814094-1;CAFFARATTI JOSE GUSTAVO;;;
1527485;18/08/2026;Avalado;;SI;NO;ECHEQ;NO;NO;24Hs.;10:51:21;17:00:00;112;15;24,00;24,00;442;$;21.414.195,00;3;Negociada;14:13:26;ACPY;;Acindar Pymes S.G.R.;AO;;;;;
1527486;18/08/2026;No Garantizado;NO;NO;NO;ECHEQ;NO;NO;C.I.;10:51:23;17:00:00;57;;;27,50;762;$;2.000.000.000,00;1;Desierta;;;30-65511651-2;EDESUR S A;AO;30-65537309-4;COMPA#IA ADMINIST DEL MERCADO MAYORISTA ELECTRICO SOC ANONIMA;;;
1527487;18/08/2026;No Garantizado Calificado;NO;SI;NO;ECHEQ;NO;NO;C.I.;10:51:23;17:00:00;30;554;32,00;32,00;827;$;63.500.000,00;5;Negociada;10:53:24;;30-70846648-0;LOS COIRONES S.A.;AO;30-70846648-0;LOS COIRONES S.A.;;;
1527488;18/08/2026;No Garantizado;NO;SI;NO;ECHEQ;NO;NO;24Hs.;10:51:25;17:00:00;24;;;26,00;767;$;1.192.980,00;2;Desierta;;;30-71209679-5;INGENIERIA ELECTRICA SA;AO;20-33814094-1;CAFFARATTI JOSE GUSTAVO;;;
1527489;18/08/2026;No Garantizado;NO;SI;NO;ECHEQ;NO;NO;24Hs.;10:51:52;17:00:00;119;;;0,00;773;$;80.000.000,00;1;Desierta (Baja);;;20-18177535-2;BAUDINO GUILLERMO MIGUEL;AO;20-18177535-2;BAUDINO GUILLERMO MIGUEL;;;
1527490;18/08/2026;No Garantizado;NO;SI;NO;ECHEQ;NO;NO;24Hs.;10:51:55;17:00:00;12;;;31,00;834;$;2.000.000,00;1;Desierta;;;30-71601116-6;FIDEICOMISO FIDETERRA;AO;30-71601116-6;FIDEICOMISO FIDETERRA;;;
1527491;18/08/2026;No Garantizado;NO;SI;NO;ECHEQ;NO;NO;24Hs.;10:52:05;17:00:00;30;;;31,00;834;$;2.000.000,00;1;Desierta;;;30-71778050-3;AREIRA S. A. S.;AO;30-71778050-3;AREIRA S. A. S.;;;
1527492;18/08/2026;No Garantizado;NO;SI;NO;ECHEQ;NO;NO;24Hs.;10:52:06;17:00:00;58;;;0,00;773;$;50.000.000,00;1;Desierta (Baja);;;20-18177535-2;BAUDINO GUILLERMO MIGUEL;AO;20-18177535-2;BAUDINO GUILLERMO MIGUEL;;;
1527493;18/08/2026;No Garantizado;NO;SI;NO;ECHEQ;NO;NO;C.I.;10:52:07;17:00:00;101;;;0,00;767;$;10.000.000,00;1;Desierta (Baja);;;30-57839578-0;LA MORALEJA SOCIEDAD ANONIMA;AO;20-30232621-6;BELMONTE JORGE;;;
1527494;18/08/2026;No Garantizado;SI;SI;NO;ECHEQ;NO;NO;C.I.;10:52:10;17:00:00;28;15;26,50;26,50;15;$;89.952.004,80;1;Negociada;12:06:31;;30-59036076-3;CENCOSUD S A;AO;;;Certificado MiPyME;;
1527495;18/08/2026;No Garantizado;NO;SI;NO;ECHEQ;NO;NO;24Hs.;10:52:17;17:00:00;91;;;0,00;773;$;70.000.000,00;1;Desierta (Baja);;;20-18177535-2;BAUDINO GUILLERMO MIGUEL;AO;20-18177535-2;BAUDINO GUILLERMO MIGUEL;;;
1527496;18/08/2026;No Garantizado Calificado;NO;SI;NO;ECHEQ;NO;NO;24Hs.;10:52:17;17:00:00;33;;;31,00;834;$;2.000.000,00;1;Desierta;;;30-71778672-2;MORADA S. A. S.;AO;30-71778672-2;MORADA S. A. S.;;;
1527497;18/08/2026;Avalado;;SI;NO;ECHEQ;NO;NO;24Hs.;10:52:20;17:00:00;98;;;0,00;567;$;25.000.000,00;1;Desierta (Baja);;PROM;;Promover S.G.R.;AO;;;;;
1527498;18/08/2026;Avalado;;SI;NO;ECHEQ;NO;NO;24Hs.;10:52:28;17:00:00;93;;;0,00;567;$;25.000.000,00;1;Desierta (Baja);;PROM;;Promover S.G.R.;AO;;;;;
1527499;18/08/2026;No Garantizado;NO;SI;NO;ECHEQ;NO;NO;24Hs.;10:52:28;17:00:00;14;;;31,00;834;$;2.000.000,00;1;Desierta;;;30-71601116-6;FIDEICOMISO FIDETERRA;AO;30-71601116-6;FIDEICOMISO FIDETERRA;;;
1527500;18/08/2026;Avalado;;SI;NO;ECHEQ;NO;NO;24Hs.;10:52:35;17:00:00;47;;;0,00;567;$;20.000.000,00;4;Desierta (Baja);;PROM;;Promover S.G.R.;AO;;;;;
1527501;18/08/2026;No Garantizado;SI;SI;NO;ECHEQ;NO;NO;24Hs.;10:52:36;17:00:00;59;523;24,00;24,00;526;$;58.072.098,26;33;Negociada;12:29:56;;30-68537634-9;TARJETA NARANJA S.A.U.;AO;;;Certificado MiPyME;;
1527502;18/08/2026;No Garantizado;NO;SI;NO;ECHEQ;NO;NO;24Hs.;10:52:41;17:00:00;35;;;31,00;834;$;2.000.000,00;1;Desierta;;;30-71601116-6;FIDEICOMISO FIDETERRA;AO;30-71601116-6;FIDEICOMISO FIDETERRA;;;
1527503;18/08/2026;No Garantizado;NO;SI;NO;ECHEQ;NO;NO;C.I.;10:52:42;17:00:00;43;;;65,00;767;$;7.500.000,00;1;Desierta;;;30-71525652-1;SEMILLAS Y AGRONEGOCIOS SA;AO;20-31600553-6;CAMPO CRISTIAN GERMAN;;;
1527504;18/08/2026;Avalado;;SI;NO;ECHEQ;NO;NO;24Hs.;10:52:42;17:00:00;48;567;25,00;25,00;567;$;119.112.600,00;1;Negociada;15:40:30;PROM;;Promover S.G.R.;AO;;;;;
1527505;18/08/2026;Avalado;;SI;NO;ECHEQ;SI;NO;24Hs.;10:52:50;17:00:00;43;;;0,00;567;$;25.000.000,00;1;Desierta (Baja);;PROM;;Promover S.G.R.;NO;;;;;
1527506;18/08/2026;Avalado;;SI;NO;ECHEQ;NO;NO;24Hs.;10:52:50;17:00:00;55;770;26,00;26,00;770;$;50.000.000,00;5;Negociada;14:37:17;ARGC;;Argentina Ciudad S.G.R.;AO;;;;;
1527507;18/08/2026;Avalado;;SI;NO;ECHEQ;NO;NO;24Hs.;10:52:51;17:00:00;81;442;29,00;29,00;559;$;28.000.000,00;2;Negociada;14:46:28;AVAL;;Avaluar S.G.R.;AO;;;;;
1527508;18/08/2026;No Garantizado;NO;SI;NO;ECHEQ;NO;NO;24Hs.;10:52:53;17:00:00;20;;;31,00;834;$;2.500.000,00;1;Desierta;;;30-62371441-8;LUIS G  POZOBON E HIJOS S R L;AO;30-62371441-8;LUIS G  POZOBON E HIJOS S R L;;;
1527509;18/08/2026;Avalado;;SI;NO;ECHEQ;NO;NO;24Hs.;10:52:57;17:00:00;104;567;26,00;26,00;567;$;60.000.000,00;2;Negociada;11:25:07;PROM;;Promover S.G.R.;AO;;;;;
1527510;18/08/2026;No Garantizado;NO;SI;NO;PAGARE;NO;NO;C.I.;10:52:58;17:00:00;380;764;9,50;9,50;764;U$D;20.000,00;2;Negociada;11:02:52;;27-29043560-4;ESCUDERO NOELIA SILVINA;;27-29043560-4;ESCUDERO NOELIA SILVINA;;;
1527511;18/08/2026;No Garantizado;NO;SI;NO;ECHEQ;NO;NO;24Hs.;10:53:04;17:00:00;27;;;31,00;834;$;2.500.000,00;1;Desierta;;;30-62371441-8;LUIS G  POZOBON E HIJOS S R L;AO;30-62371441-8;LUIS G  POZOBON E HIJOS S R L;;;
1527512;18/08/2026;Avalado;;SI;NO;ECHEQ;NO;NO;24Hs.;10:53:13;17:00:00;57;567;23,00;23,00;559;$;227.101.529,36;6;Negociada;11:15:50;POTE;;Potenciar S.G.R.;AO;;;;;
1527513;18/08/2026;No Garantizado;NO;SI;NO;ECHEQ;NO;NO;C.I.;10:53:13;17:00:00;21;;;35,00;571;$;8.172.786,00;1;Desierta;;;30-70925025-2;FARMANOR SRL;AO;33-71250477-9;GLOBAL MEDICA S. A.;;;
1527514;18/08/2026;No Garantizado;NO;SI;NO;ECHEQ;NO;NO;24Hs.;10:53:15;17:00:00;56;;;31,00;834;$;2.500.000,00;1;Desierta;;;30-62371441-8;LUIS G  POZOBON E HIJOS S R L;AO;30-62371441-8;LUIS G  POZOBON E HIJOS S R L;;;
1527515;18/08/2026;Avalado;;SI;NO;ECHEQ;NO;NO;24Hs.;10:53:18;17:00:00;296;526;26,00;26,00;526;$;40.724.256,26;3;Negociada;13:44:37;ACPY;;Acindar Pymes S.G.R.;AO;;;;;
1527516;18/08/2026;Avalado;;SI;NO;ECHEQ;NO;NO;24Hs.;10:53:22;17:00:00;109;;;;559;$;520.771.860,63;10;Desierta (Baja);;GARA;;Garantizar S.G.R.;AO;;;;;
1527517;18/08/2026;No Garantizado;NO;SI;NO;ECHEQ;NO;NO;C.I.;10:53:24;17:00:00;223;;;25,00;571;$;503.333.333,00;1;Desierta;;;30-53032834-8;CLUB ATLETICO TALLERES;AO;30-65649785-4;COOPERATIVA DE VIVIENDA CREDITO Y CONSUMO AMIGAL LIMITADA;;;
1527518;18/08/2026;No Garantizado;NO;SI;NO;ECHEQ;NO;NO;24Hs.;10:53:25;17:00:00;56;;;31,00;834;$;2.500.000,00;1;Desierta;;;30-62371441-8;LUIS G  POZOBON E HIJOS S R L;AO;30-62371441-8;LUIS G  POZOBON E HIJOS S R L;;;
1527519;18/08/2026;No Garantizado;NO;SI;NO;ECHEQ;NO;NO;24Hs.;10:53:29;17:00:00;34;;;30,00;767;$;45.000.000,00;1;Desierta;;;27-34192272-6;GAETAN GLORIA CRISTINA;AO;27-34192272-6;GAETAN GLORIA CRISTINA;;;
1527520;18/08/2026;No Garantizado;NO;SI;NO;ECHEQ;NO;NO;24Hs.;10:53:35;17:00:00;56;;;31,00;834;$;2.500.000,00;1;Desierta;;;30-62371441-8;LUIS G  POZOBON E HIJOS S R L;AO;30-62371441-8;LUIS G  POZOBON E HIJOS S R L;;;
1527521;18/08/2026;No Garantizado;NO;SI;NO;ECHEQ;NO;NO;C.I.;10:53:42;17:00:00;28;;;25,00;571;$;9.680.000,00;1;Desierta;;;30-71840510-2;HERZA S. A. U.;AO;33-71250477-9;GLOBAL MEDICA S. A.;;;
1527522;18/08/2026;No Garantizado;NO;SI;NO;ECHEQ;NO;NO;24Hs.;10:53:46;17:00:00;56;;;31,00;834;$;2.500.000,00;1;Desierta;;;30-62371441-8;LUIS G  POZOBON E HIJOS S R L;AO;30-62371441-8;LUIS G  POZOBON E HIJOS S R L;;;
1527523;18/08/2026;No Garantizado;NO;SI;NO;ECHEQ;NO;NO;24Hs.;10:53:56;17:00:00;23;;;31,00;834;$;2.500.000,00;1;Desierta;;;30-62371441-8;LUIS G  POZOBON E HIJOS S R L;AO;30-62371441-8;LUIS G  POZOBON E HIJOS S R L;;;
1527524;18/08/2026;No Garantizado;NO;SI;NO;ECHEQ;NO;NO;C.I.;10:53:56;17:00:00;24;539;35,00;35,00;571;$;9.680.000,00;1;Negociada;13:38:22;;30-71840510-2;HERZA S. A. U.;AO;33-71250477-9;GLOBAL MEDICA S. A.;;;
1527525;18/08/2026;Avalado;;SI;NO;ECHEQ;NO;NO;C.I.;10:54:02;17:00:00;59;442;29,00;29,00;767;$;15.000.000,00;1;Negociada;15:09:47;AVAL;;Avaluar S.G.R.;AO;;;;;
1527526;18/08/2026;No Garantizado;NO;SI;NO;ECHEQ;NO;NO;C.I.;10:54:04;17:00:00;43;;;35,00;571;$;7.800.000,00;1;Desierta;;;30-70925025-2;FARMANOR SRL;AO;33-71250477-9;GLOBAL MEDICA S. A.;;;
1527527;18/08/2026;Avalado;;SI;NO;ECHEQ;NO;NO;24Hs.;10:54:05;17:00:00;27;287;25,00;25,00;526;$;67.978.602,04;12;Negociada;12:59:26;MOVI;;MOVIL S.G.R.;AO;;;;;
1527528;18/08/2026;No Garantizado;NO;SI;NO;ECHEQ;NO;NO;24Hs.;10:54:07;17:00:00;23;;;31,00;834;$;2.500.000,00;1;Desierta;;;30-62371441-8;LUIS G  POZOBON E HIJOS S R L;AO;30-62371441-8;LUIS G  POZOBON E HIJOS S R L;;;
1527529;18/08/2026;No Garantizado;NO;SI;NO;ECHEQ;NO;NO;C.I.;10:54:16;17:00:00;62;;;35,00;571;$;7.800.000,00;1;Desierta;;;30-70925025-2;FARMANOR SRL;AO;33-71250477-9;GLOBAL MEDICA S. A.;;;
1527530;18/08/2026;No Garantizado;NO;SI;NO;ECHEQ;NO;NO;24Hs.;10:54:18;17:00:00;23;;;31,00;834;$;2.500.000,00;1;Desierta;;;30-62371441-8;LUIS G  POZOBON E HIJOS S R L;AO;30-62371441-8;LUIS G  POZOBON E HIJOS S R L;;;
1527531;18/08/2026;Avalado;;SI;NO;ECHEQ;NO;NO;C.I.;10:54:19;17:00:00;117;;;28,00;767;$;48.000.000,00;8;Desierta;;CONV;;CONAVAL S.G.R.;AO;;;;;
1527532;18/08/2026;No Garantizado;NO;SI;NO;ECHEQ;NO;NO;24Hs.;10:54:29;17:00:00;20;;;31,00;834;$;2.500.000,00;1;Desierta;;;30-62371441-8;LUIS G  POZOBON E HIJOS S R L;AO;30-62371441-8;LUIS G  POZOBON E HIJOS S R L;;;
1527533;18/08/2026;No Garantizado;NO;SI;NO;ECHEQ;NO;NO;C.I.;10:54:30;17:00:00;52;;;35,00;571;$;9.680.000,00;1;Desierta;;;30-71840510-2;HERZA S. A. U.;AO;33-71250477-9;GLOBAL MEDICA S. A.;;;
1527534;18/08/2026;No Garantizado;NO;SI;NO;ECHEQ;NO;NO;24Hs.;10:54:40;17:00:00;20;;;31,00;834;$;2.500.000,00;1;Desierta;;;30-62371441-8;LUIS G  POZOBON E HIJOS S R L;AO;30-62371441-8;LUIS G  POZOBON E HIJOS S R L;;;
1527535;18/08/2026;No Garantizado;NO;SI;NO;ECHEQ;NO;NO;24Hs.;10:54:53;17:00:00;23;;;31,00;834;$;2.500.000,00;1;Desierta;;;30-62371441-8;LUIS G  POZOBON E HIJOS S R L;AO;30-62371441-8;LUIS G  POZOBON E HIJOS S R L;;;
1527536;18/08/2026;No Garantizado;NO;SI;NO;ECHEQ;NO;NO;24Hs.;10:55:06;17:00:00;27;;;31,00;834;$;2.500.000,00;1;Desierta;;;30-62371441-8;LUIS G  POZOBON E HIJOS S R L;AO;30-62371441-8;LUIS G  POZOBON E HIJOS S R L;;;
1527537;18/08/2026;No Garantizado;NO;SI;NO;ECHEQ;NO;NO;C.I.;10:55:15;17:00:00;51;;;35,00;571;$;7.800.000,00;1;Desierta;;;30-70925025-2;FARMANOR SRL;AO;33-71250477-9;GLOBAL MEDICA S. A.;;;
1527538;18/08/2026;No Garantizado;NO;SI;NO;ECHEQ;NO;NO;24Hs.;10:55:17;17:00:00;27;;;31,00;834;$;2.500.000,00;1;Desierta;;;30-62371441-8;LUIS G  POZOBON E HIJOS S R L;AO;30-62371441-8;LUIS G  POZOBON E HIJOS S R L;;;
1527539;18/08/2026;Avalado;;SI;NO;ECHEQ;NO;NO;24Hs.;10:55:18;17:00:00;70;;;0,00;449;$;840.741,08;1;Desierta (Baja);;ACPY;;Acindar Pymes S.G.R.;AO;;;;;
1527540;18/08/2026;No Garantizado;NO;SI;NO;ECHEQ;NO;NO;C.I.;10:55:27;17:00:00;84;;;35,00;571;$;7.800.000,00;1;Desierta;;;30-70925025-2;FARMANOR SRL;AO;33-71250477-9;GLOBAL MEDICA S. A.;;;
1527541;18/08/2026;No Garantizado;NO;SI;NO;ECHEQ;NO;NO;24Hs.;10:55:30;17:00:00;27;;;31,00;834;$;2.500.000,00;1;Desierta;;;30-62371441-8;LUIS G  POZOBON E HIJOS S R L;AO;30-62371441-8;LUIS G  POZOBON E HIJOS S R L;;;
1527542;18/08/2026;Avalado;;SI;NO;ECHEQ;NO;NO;24Hs.;10:55:30;17:00:00;65;501;23,00;23,00;449;$;5.000.000,00;1;Negociada;16:42:21;FAEC;;FIDEICOM.DE AFECT. ESPEC.;AO;;;;;
1527543;18/08/2026;Garantizado;SI;SI;NO;ECHEQ;SI;NO;24Hs.;10:55:32;17:00:00;22;;;23,00;598;$;600.392,66;1;Desierta;;;;;NO;;;Certificado MiPyME;;
1527544;18/08/2026;No Garantizado;NO;SI;NO;ECHEQ;NO;NO;C.I.;10:55:36;17:00:00;84;;;35,00;571;$;9.680.000,00;1;Desierta;;;30-71840510-2;HERZA S. A. U.;AO;33-71250477-9;GLOBAL MEDICA S. A.;;;
1527545;18/08/2026;No Garantizado Calificado;NO;SI;NO;ECHEQ;NO;NO;C.I.;10:55:37;17:00:00;22;;;85,00;828;$;12.000.000,00;1;Desierta;;;30-71662453-2;BALTIMORE  S.R.L.;AO;30-71662453-2;BALTIMORE  S.R.L.;;;
1527546;18/08/2026;Avalado;;SI;NO;ECHEQ;NO;NO;24Hs.;10:55:42;17:00:00;33;449;23,00;23,00;449;$;12.711.773,00;3;Negociada;13:14:42;AVRU;;Aval Rural S.G.R.;AO;;;;;
1527547;18/08/2026;No Garantizado;NO;SI;NO;ECHEQ;NO;NO;C.I.;10:55:44;17:00:00;82;;;35,00;571;$;12.945.300,50;2;Desierta;;;30-71843340-8;ORTHOPEDICS S.A.S.;AO;33-71250477-9;GLOBAL MEDICA S. A.;;;
1527548;18/08/2026;No Garantizado;NO;SI;NO;ECHEQ;NO;NO;24Hs.;10:55:44;17:00:00;21;;;31,00;834;$;2.000.000,00;1;Desierta;;;30-71601116-6;FIDEICOMISO FIDETERRA;AO;30-71601116-6;FIDEICOMISO FIDETERRA;;;
1527549;18/08/2026;Avalado;;SI;NO;ECHEQ;NO;NO;24Hs.;10:55:49;17:00:00;84;;;23,00;449;$;30.000.000,00;3;Desierta;;FEDE;;Aval Federal S.G.R.;AO;;;;;
1527550;18/08/2026;No Garantizado;NO;SI;NO;ECHEQ;NO;NO;C.I.;10:55:52;17:00:00;89;;;35,00;571;$;17.000.000,00;2;Desierta;;;30-71843340-8;ORTHOPEDICS S.A.S.;AO;33-71250477-9;GLOBAL MEDICA S. A.;;;
1527551;18/08/2026;No Garantizado Calificado;NO;SI;NO;ECHEQ;NO;NO;24Hs.;10:55:57;17:00:00;35;;;31,00;834;$;2.000.000,00;1;Desierta;;;30-71778677-3;AMONA S. A. S.;AO;30-71778677-3;AMONA S. A. S.;;;
1527552;18/08/2026;No Garantizado;SI;SI;NO;ECHEQ;NO;NO;24Hs.;10:55:58;17:00:00;47;;;25,00;449;$;29.278.150,83;1;Desierta;;;30-59036076-3;CENCOSUD S A;AO;30-52340824-7;CERAMICA MARCOS PAZ S R L;Certificado MiPyME;;
1527553;18/08/2026;Avalado;;SI;NO;ECHEQ;NO;NO;24Hs.;10:56:06;17:00:00;49;;;23,00;449;$;20.000.000,00;1;Desierta;;RESI;;Resiliencia S.G.R.;AO;;;;;
1527554;18/08/2026;No Garantizado;NO;SI;NO;ECHEQ;NO;NO;24Hs.;10:56:07;17:00:00;34;;;31,00;834;$;2.000.000,00;1;Desierta;;;30-71505924-6;LEGER S.A.;AO;30-71505924-6;LEGER S.A.;;;
1527555;18/08/2026;No Garantizado;NO;SI;NO;ECHEQ;NO;NO;C.I.;10:56:11;17:00:00;73;;;40,00;828;$;3.725.000,00;1;Desierta;;;30-70791371-8;PAVETTI GUSTAVO ALBERTO Y GUERRERO RODOLFO GUSTAVO;AO;30-70791371-8;PAVETTI GUSTAVO ALBERTO Y GUERRERO RODOLFO GUSTAVO;;;
1527556;18/08/2026;Avalado;;SI;NO;ECHEQ;NO;NO;24Hs.;10:56:14;17:00:00;114;406;26,00;26,00;449;$;6.950.000,00;1;Negociada;12:14:07;ARPY;;Argenpymes S.G.R.;AO;;;;;
1527557;18/08/2026;No Garantizado;NO;SI;NO;PAGARE;NO;NO;24Hs.;10:56:14;17:00:00;350;;;15,00;767;U$D;40.000,00;1;Desierta;;;30-71668436-5;SOLUCIONES GASTRONOMICAS S.A.S.;;30-71668436-5;SOLUCIONES GASTRONOMICAS S.A.S.;;;
1527558;18/08/2026;Avalado;;SI;NO;ECHEQ;NO;NO;24Hs.;10:56:22;17:00:00;30;501;21,00;21,00;449;$;18.750.000,00;1;Negociada;16:41:37;FAEC;;FIDEICOM.DE AFECT. ESPEC.;AO;;;;;
1527559;18/08/2026;No Garantizado;NO;SI;NO;ECHEQ;NO;NO;24Hs.;10:56:30;17:00:00;70;;;44,00;767;$;100.000.000,00;19;Desierta;;;30-70833937-3;MONTAÑA SRL;AO;30-70833937-3;MONTAÑA SRL;;;
1527560;18/08/2026;Avalado;;NO;NO;ECHEQ;NO;NO;24Hs.;10:56:35;17:00:00;37;;;20,00;15;$;800.000.000,00;3;Desierta;;POTE;;Potenciar S.G.R.;AO;;;;;
1527561;18/08/2026;Avalado;;SI;NO;PAGARE;NO;NO;C.I.;10:56:51;17:00:00;86;545;24,50;24,50;545;$;200.000.000,00;1;Negociada;11:01:09;INPY;;Integra Pymes S.G.R.;;;;;;
1527562;18/08/2026;No Garantizado;NO;SI;NO;ECHEQ;NO;NO;24Hs.;10:56:53;17:00:00;35;;;35,00;767;$;30.000.000,00;6;Desierta;;;30-71101847-2;ZAYTEC ARGENTINA  S.A.;AO;30-71101847-2;ZAYTEC ARGENTINA  S.A.;;;
1527563;18/08/2026;No Garantizado;NO;SI;NO;ECHEQ;NO;NO;24Hs.;10:57:05;17:00:00;35;;;35,00;767;$;30.000.000,00;6;Desierta;;;30-71101847-2;ZAYTEC ARGENTINA  S.A.;AO;30-71101847-2;ZAYTEC ARGENTINA  S.A.;;;
1527564;18/08/2026;No Garantizado;NO;NO;NO;ECHEQ;NO;NO;C.I.;10:57:06;17:00:00;37;554;32,00;32,00;554;$;25.000.000,00;5;Negociada;10:59:08;;30-71011650-0;CE.BE.CO.  SA;AO;30-71011650-0;CE.BE.CO.  SA;;;
1527565;18/08/2026;Avalado;;SI;NO;ECHEQ;NO;NO;24Hs.;10:57:08;17:00:00;28;;;24,00;529;$;103.371.733,80;9;Desierta;;AVLR;;Aval Ar S.G.R.;AO;;;;;
1527566;18/08/2026;No Garantizado;NO;SI;NO;ECHEQ;NO;NO;C.I.;10:57:08;17:00:00;79;;;40,00;828;$;3.725.000,00;1;Desierta;;;30-70791371-8;PAVETTI GUSTAVO ALBERTO Y GUERRERO RODOLFO GUSTAVO;AO;30-70791371-8;PAVETTI GUSTAVO ALBERTO Y GUERRERO RODOLFO GUSTAVO;;;
1527567;18/08/2026;No Garantizado;NO;SI;NO;ECHEQ;NO;NO;24Hs.;10:57:18;17:00:00;35;;;35,00;767;$;35.000.000,00;7;Desierta;;;30-71101847-2;ZAYTEC ARGENTINA  S.A.;AO;30-71101847-2;ZAYTEC ARGENTINA  S.A.;;;
1527568;18/08/2026;Avalado;;SI;NO;ECHEQ;NO;NO;24Hs.;10:57:25;17:00:00;66;754;28,00;28,00;897;$;45.621.736,00;2;Negociada;14:47:43;CONV;;CONAVAL S.G.R.;AO;;;;;
1527569;18/08/2026;Avalado;;SI;NO;ECHEQ;SI;NO;24Hs.;10:57:26;17:00:00;34;;;24,00;529;$;23.830.634,13;1;Desierta;;AVLR;;Aval Ar S.G.R.;NO;;;;;
1527570;18/08/2026;No Garantizado;NO;SI;NO;PAGARE;NO;NO;24Hs.;10:57:38;17:00:00;71;;;9,00;767;U$S;120.000,00;12;Desierta;;;30-70938526-3;INDO S.A.;;30-70938526-3;INDO S.A.;;;
1527571;18/08/2026;Avalado;;SI;NO;ECHEQ;NO;NO;24Hs.;10:57:43;17:00:00;77;406;24,00;24,00;897;$;73.303.261,85;1;Negociada;12:32:26;ACPY;;Acindar Pymes S.G.R.;AO;;;;;
1527572;18/08/2026;No Garantizado;NO;NO;NO;PAGARE;NO;NO;C.I.;10:57:54;17:00:00;84;545;38,00;38,00;545;$;200.000.000,00;1;Negociada;11:01:35;;30-71588454-9;BELMONT CAPITAL S.A.;;;;;;
1527573;18/08/2026;No Garantizado;NO;SI;NO;ECHEQ;NO;NO;24Hs.;10:58:06;17:00:00;71;;;35,00;767;$;10.000.000,00;2;Desierta;;;30-71820701-7;JET IRON TECHNOLOGY S. A.;AO;30-71820701-7;JET IRON TECHNOLOGY S. A.;;;
1527574;18/08/2026;No Garantizado;NO;SI;NO;ECHEQ;NO;NO;C.I.;10:58:27;17:00:00;87;;;60,00;828;$;3.725.000,00;1;Desierta;;;30-70791371-8;PAVETTI GUSTAVO ALBERTO Y GUERRERO RODOLFO GUSTAVO;AO;30-70791371-8;PAVETTI GUSTAVO ALBERTO Y GUERRERO RODOLFO GUSTAVO;;;
1527575;18/08/2026;No Garantizado;SI;SI;NO;ECHEQ;NO;NO;24Hs.;10:58:47;17:00:00;27;;;20,00;32;$;11.641.151,40;2;Desierta;;;30-50255115-5;VAZQUEZ SOCIEDAD ANONIMA COMERCIAL INDUSTRIAL E INMOBILIARIA;AO;30-71489988-7;DEVELOPMENT CORP S.A.;MiPyME FCE - Art. 7 Ley 27.440, Res. SEPYME 340/17, Art. 2 RG 4367/18 y RG 1019/24;;
1527576;18/08/2026;Avalado;;SI;NO;ECHEQ;SI;NO;24Hs.;10:58:58;17:00:00;83;567;23,00;23,00;559;$;113.331.358,15;1;Negociada;11:15:46;POTE;;Potenciar S.G.R.;NO;;;;;
1527577;18/08/2026;Garantizado;SI;SI;NO;ECHEQ;NO;NO;24Hs.;10:59:11;17:00:00;15;406;25,00;25,00;32;$;10.000.000,00;1;Negociada;16:21:41;;;;AO;;;MiPyME FCE - Art. 7 Ley 27.440, Res. SEPYME 340/17, Art. 2 RG 4367/18 y RG 1019/24;;
1527578;18/08/2026;No Garantizado Calificado;NO;SI;NO;PAGARE;NO;NO;24Hs.;10:59:18;17:00:00;120;;;0,00;560;$;166.300.000,00;3;Desierta (Baja);;;30-50140709-3;INSTITUTO ROSENBUSCH S A DE BIOLOGIA E Y A;;30-50140709-3;INSTITUTO ROSENBUSCH S A DE BIOLOGIA E Y A;;;
1527579;18/08/2026;No Garantizado Calificado;NO;SI;NO;PAGARE;NO;NO;C.I.;11:00:11;17:00:00;121;560;39,00;39,00;560;$;166.300.000,00;3;Negociada;11:02:13;;30-50140709-3;INSTITUTO ROSENBUSCH S A DE BIOLOGIA E Y A;;30-50140709-3;INSTITUTO ROSENBUSCH S A DE BIOLOGIA E Y A;;;
1527580;18/08/2026;Avalado;;SI;NO;PAGARE;NO;NO;24Hs.;11:00:36;17:00:00;62;;;23,00;529;$;33.600.000,00;3;Desierta;;AVLR;;Aval Ar S.G.R.;;;;;;
1527581;18/08/2026;Garantizado;SI;SI;NO;ECHEQ;NO;NO;24Hs.;11:00:41;17:00:00;19;406;25,00;25,00;32;$;22.000.000,00;1;Negociada;16:22:12;;;;AO;;;MiPyME FCE - Art. 7 Ley 27.440, Res. SEPYME 340/17, Art. 2 RG 4367/18 y RG 1019/24;;
1527582;18/08/2026;Avalado;;SI;NO;ECHEQ;NO;NO;24Hs.;11:00:49;17:00:00;76;;;25,00;529;$;20.000.000,00;1;Desierta;;AVLR;;Aval Ar S.G.R.;AO;;;;;
1527583;18/08/2026;No Garantizado;NO;SI;NO;ECHEQ;NO;NO;C.I.;11:00:50;17:00:00;62;554;32,00;32,00;554;$;11.500.000,00;1;Negociada;11:02:52;;30-71765899-6;CAMELBACK S. A. S.;AO;30-71765899-6;CAMELBACK S. A. S.;;;
1527584;18/08/2026;Avalado;;SI;NO;ECHEQ;NO;NO;C.I.;11:01:07;17:00:00;44;;;0,00;15;$;10.000.000,00;1;Desierta (Baja);;FEDE;;Aval Federal S.G.R.;AO;;;;;
1527585;18/08/2026;No Garantizado;SI;SI;NO;ECHEQ;NO;NO;C.I.;11:02:15;17:00:00;52;598;65,00;65,00;598;$;9.438.000,00;1;Negociada;11:04:16;;30-71949553-9;SIA - SERVICIO INTEGRAL AGROPECUARIO S. A. S.;AO;20-37263909-2;ZARI FABIO ANDRES;Certificado MiPyME;;
1527586;18/08/2026;Avalado;;SI;NO;ECHEQ;NO;NO;C.I.;11:02:37;17:00:00;35;;;;526;$;337.538.396,88;1;Desierta (Baja);;GARA;;Garantizar S.G.R.;AO;;;;;
1527587;18/08/2026;Avalado;;SI;NO;ECHEQ;NO;NO;24Hs.;11:02:45;17:00:00;131;;;;734;$;50.000.000,00;1;Desierta (Baja);;CONV;;CONAVAL S.G.R.;AO;;;;;
1527588;18/08/2026;No Garantizado;NO;SI;NO;ECHEQ;SI;NO;C.I.;11:02:55;17:00:00;45;569;28,00;28,00;839;$;84.155.985,57;1;Negociada;11:17:17;;30-54808315-6;COTO CENTRO INTEGRAL DE COMERCIALIZACION SOCIEDAD ANONIMA;NO;30-71222089-5;BERCAMP S.R.L.;;;
1527589;18/08/2026;No Garantizado;SI;SI;NO;ECHEQ;NO;NO;C.I.;11:03:13;17:00:00;53;727;27,00;27,00;540;$;105.550.969,77;2;Negociada;13:09:29;;30-59036076-3;CENCOSUD S A;AO;30-62116026-1;SERVET SOCIEDAD ANONIMA;Certificado MiPyME;;
1527590;18/08/2026;No Garantizado Calificado;SI;NO;NO;FCE;NO;NO;24Hs.;11:03:21;17:00:00;23;569;23,00;23,00;569;$;155.960.499,86;1;Negociada;11:14:39;%YFP;30-54668997-9;YPF SOCIEDAD ANONIMA;;;;;;
1527591;18/08/2026;No Garantizado;SI;NO;NO;FCE;NO;NO;24Hs.;11:03:30;17:00:00;22;569;23,00;23,00;569;$;151.245.371,79;1;Negociada;11:14:55;%PAE;30-69554247-6;PAN AMERICAN ENERGY, S.L., SUCURSAL ARGENTINA;;;;;;
1527592;18/08/2026;No Garantizado;SI;NO;NO;FCE;NO;NO;24Hs.;11:03:38;17:00:00;19;569;23,00;23,00;569;$;5.553.731,93;1;Negociada;11:15:22;%PLC;30-71595490-3;PAN AMERICAN ENERGY LLC, SUCURSAL ARGENTINA- YPF S.A.- TOTAL AUSTRAL S.A. SUCURSAL ARGENTINA- AGUADA DE CASTRO- AGUADA PICHANA OESTE- UNION TRANSITORIA UTE;;;;;;
1527593;18/08/2026;Avalado;;SI;NO;ECHEQ;NO;NO;24Hs.;11:03:44;17:00:00;69;406;24,00;24,00;764;$;10.000.000,00;2;Negociada;13:26:15;ARPY;;Argenpymes S.G.R.;AO;;;;;
1527594;18/08/2026;No Garantizado;SI;NO;NO;FCE;NO;NO;24Hs.;11:03:46;17:00:00;56;569;23,00;23,00;569;$;5.517.116,00;1;Negociada;11:15:36;%VII;33-51595089-9;VISTA ENERGY ARGENTINA S.A.U;;;;;;
1527595;18/08/2026;No Garantizado;NO;SI;NO;ECHEQ;NO;NO;24Hs.;11:03:52;17:00:00;29;;;45,00;767;$;25.345.220,00;1;Desierta;;;30-71798371-4;ACRECIENTA;AO;30-71798371-4;ACRECIENTA;;;
1527596;18/08/2026;No Garantizado;SI;NO;NO;FCE;NO;NO;24Hs.;11:03:54;17:00:00;26;569;23,00;23,00;569;$;9.726.053,75;1;Negociada;11:15:10;%GSP;30-71543341-5;GAS Y PETROLEO DEL NEUQUEN SA-PAN AMERICAN ENERGY, S.L. SUC. ARG-CONTINENTAL RESOURCES ARGENTINA SAU-AREA COIRON AMARGO SUR ESTE U. T. E.;;;;;;
1527597;18/08/2026;No Garantizado;NO;SI;NO;ECHEQ;NO;NO;24Hs.;11:04:17;17:00:00;105;;;65,00;767;$;12.000.000,00;4;Desierta;;;30-70773203-9;AVELINO S.A.;AO;20-26449458-4;RODRIGUEZ ADEMAR JULIAN;;;
1527598;18/08/2026;Avalado;;SI;NO;ECHEQ;NO;NO;C.I.;11:04:26;17:00:00;12;;;25,00;559;$;4.513.279,40;2;Desierta;;ACPY;;Acindar Pymes S.G.R.;AO;;;;;
1527599;18/08/2026;No Garantizado;NO;SI;NO;CPD;NO;NO;24Hs.;11:04:38;17:00:00;288;456;23,00;23,00;456;$;25.840.000,00;4;Negociada;11:06:40;;20-28289149-3;ALCUAZ MATIAS;;30-67391721-2;AGROINDUSTRIA G C P  S.A.;;;
1527600;18/08/2026;No Garantizado;NO;SI;NO;ECHEQ;NO;NO;24Hs.;11:04:43;17:00:00;106;;;65,00;767;$;1.200.000,00;2;Desierta;;;30-70902711-1;SIEMBRAS ARGENTINAS S A;AO;20-40030482-4;RODRIGUEZ RODRIGO NAHUEL;;;
1527601;18/08/2026;No Garantizado;NO;SI;NO;PAGARE;NO;NO;C.I.;11:04:44;17:00:00;381;345;5,00;5,00;345;U$S;145.000,00;1;Negociada;11:06:46;;30-71033167-3;SALOMON S.A. SOCIEDAD ANONIMA;;30-71033167-3;SALOMON S.A. SOCIEDAD ANONIMA;;;
1527602;18/08/2026;No Garantizado Calificado;NO;SI;NO;PAGARE;NO;NO;24Hs.;11:05:01;17:00:00;34;;;65,00;767;$;800.000,00;1;Desierta;;;20-40030482-4;RODRIGUEZ RODRIGO NAHUEL;;20-40030482-4;RODRIGUEZ RODRIGO NAHUEL;;;
1527603;18/08/2026;No Garantizado;SI;SI;NO;FCE;NO;NO;C.I.;11:05:15;17:00:00;36;569;9,00;9,00;569;U$S;63.934,23;4;Negociada;11:14:23;%UH1;30-52659878-0;SCHLUMBERGER ARGENTINA S. A.;;;;;;
1527604;18/08/2026;Avalado;;SI;NO;ECHEQ;NO;NO;24Hs.;11:05:18;17:00:00;170;;;30,00;864;$;4.000.000,00;4;Desierta;;MILL;;MILLS S.G.R.;AO;;;;;
1527605;18/08/2026;Avalado;;SI;NO;ECHEQ;NO;NO;24Hs.;11:05:20;17:00:00;23;406;23,00;23,00;559;$;68.048.304,05;25;Negociada;12:26:09;ACPY;;Acindar Pymes S.G.R.;AO;;;;;
1527606;18/08/2026;No Garantizado;NO;SI;NO;CPD;NO;NO;24Hs.;11:05:24;17:00:00;211;456;23,00;23,00;456;$;16.803.000,00;3;Negociada;11:07:26;;27-32984769-7;MIRONUK JESSICA VANESA;;30-67391721-2;AGROINDUSTRIA G C P  S.A.;;;
1527607;18/08/2026;Avalado;;SI;NO;ECHEQ;SI;NO;24Hs.;11:05:39;17:00:00;13;501;21,00;21,00;439;$;5.000.000,00;1;Negociada;12:34:08;FGLR;;Fdo.de Gtia.Pub. La Rioja;NO;;;;;
1527608;18/08/2026;No Garantizado Calificado;NO;SI;NO;ECHEQ;NO;NO;24Hs.;11:06:00;17:00:00;70;;;65,00;767;$;12.000.000,00;1;Desierta;;;30-71815480-0;TECH PARTS GROUP S. R. L.;AO;20-92961570-1;YANAJE QUISPE ANTONIO TONI;;;
1527609;18/08/2026;No Garantizado;NO;SI;NO;CPD;NO;NO;24Hs.;11:06:03;17:00:00;273;456;23,00;23,00;456;$;9.594.392,00;2;Negociada;11:08:05;;30-51818241-9;METALURGICA MORILLO S.R.L.;;30-67391721-2;AGROINDUSTRIA G C P  S.A.;;;
1527610;18/08/2026;No Garantizado;NO;NO;NO;PAGARE;NO;NO;C.I.;11:06:18;17:00:00;8;724;25,00;25,00;724;$;831.000.000,00;1;Negociada;11:08:19;;33-71601839-9;INTEGRA RECURSOS NATURALES S.A.;;;;;;
1527611;18/08/2026;No Garantizado;NO;SI;NO;CPD;NO;NO;24Hs.;11:06:33;17:00:00;141;456;23,00;23,00;456;$;2.900.000,00;1;Negociada;11:08:35;;20-26719708-4;KONSIMAL GUSTAVO RAUL;;30-67391721-2;AGROINDUSTRIA G C P  S.A.;;;
1527612;18/08/2026;Garantizado Calificado;SI;SI;NO;ECHEQ;NO;NO;24Hs.;11:06:51;17:00:00;42;;;19,00;754;$;29.234.060,94;2;Desierta;;;;;AO;;;Certificado MiPyME;;
1527613;18/08/2026;Avalado;;SI;NO;ECHEQ;NO;NO;C.I.;11:07:11;17:00:00;85;754;27,00;27,00;754;$;25.000.000,00;1;Negociada;11:50:16;CONV;;CONAVAL S.G.R.;AO;;;;;
1527614;18/08/2026;Avalado;;SI;NO;ECHEQ;NO;NO;24Hs.;11:07:30;17:00:00;35;287;22,99;23,00;526;$;210.855.600,35;41;Negociada;12:35:25;FINT;;Fintech S.G.R.;AO;;;;;
1527615;18/08/2026;No Garantizado;NO;NO;NO;PAGARE;NO;NO;C.I.;11:07:35;17:00:00;8;724;25,00;25,00;724;$;1.038.000.000,00;1;Negociada;11:09:36;;33-71601839-9;INTEGRA RECURSOS NATURALES S.A.;;;;;;
1527616;18/08/2026;No Garantizado;NO;NO;NO;PAGARE;NO;NO;C.I.;11:08:01;17:00:00;8;724;25,00;25,00;724;$;674.000.000,00;1;Negociada;11:10:02;;30-50054484-4;COMPAÑIA MINERA AGUILAR S.A.;;;;;;
1527617;18/08/2026;No Garantizado;NO;SI;NO;ECHEQ;SI;NO;24Hs.;11:08:07;17:00:00;49;;;29,00;539;$;146.348.693,60;1;Desierta;;;30-59284574-8;CETROGAR SA;NO;30-50361289-1;B G H S A;;;
1527618;18/08/2026;Avalado;;SI;NO;ECHEQ;NO;NO;24Hs.;11:08:23;17:00:00;60;;;0,00;406;$;2.153.679,79;2;Desierta (Baja);;CREC;;Crecer S.G.R.;AO;;;;;
1527619;18/08/2026;Avalado;;SI;NO;ECHEQ;NO;NO;24Hs.;11:08:30;17:00:00;20;406;23,00;23,00;483;$;23.814.907,92;1;Negociada;12:23:17;BIND;;Garantias Bind S.G.R.;AO;;;;;
1527620;18/08/2026;No Garantizado;NO;SI;NO;ECHEQ;NO;NO;24Hs.;11:08:40;17:00:00;21;;;29,00;539;$;292.441.050,47;1;Desierta;;;30-53284754-7;BAZAR AVENIDA S. A.;AO;30-50361289-1;B G H S A;;;
1527621;18/08/2026;Garantizado Calificado;SI;SI;NO;ECHEQ;NO;NO;C.I.;11:08:42;17:00:00;8;;;25,00;754;$;4.450.200,00;1;Desierta;;;;;AO;;;Certificado MiPyME;;
1527622;18/08/2026;Garantizado Calificado;SI;SI;NO;ECHEQ;NO;NO;24Hs.;11:08:52;17:00:00;22;406;25,00;25,00;754;$;6.344.400,00;1;Negociada;13:03:16;;;;AO;;;Certificado MiPyME;;
1527623;18/08/2026;Avalado;;SI;NO;ECHEQ;NO;NO;24Hs.;11:08:57;17:00:00;35;;;22,00;526;$;113.999.207,68;10;Desierta;;FIDE;;Fidem S.G.R.;AO;;;;;
1527624;18/08/2026;Garantizado;SI;SI;NO;ECHEQ;NO;NO;24Hs.;11:09:08;17:00:00;20;406;25,00;25,00;754;$;4.706.496,67;2;Negociada;13:03:29;;;;AO;;;Certificado MiPyME;;
1527625;18/08/2026;Avalado;;NO;NO;ECHEQ;NO;NO;24Hs.;11:09:12;17:00:00;97;;;27,00;537;$;20.000.000,00;2;Desierta;;INPY;;Integra Pymes S.G.R.;AO;;;;;
1527626;18/08/2026;Avalado;;NO;NO;ECHEQ;NO;NO;24Hs.;11:09:27;17:00:00;66;503;28,00;28,00;537;$;38.000.000,00;6;Negociada;14:12:07;INPY;;Integra Pymes S.G.R.;AO;;;;;
1527627;18/08/2026;Avalado;;NO;NO;ECHEQ;NO;NO;24Hs.;11:09:40;17:00:00;97;503;28,50;28,50;537;$;8.455.000,00;3;Negociada;14:13:14;INPY;;Integra Pymes S.G.R.;AO;;;;;
1527628;18/08/2026;No Garantizado;NO;SI;NO;ECHEQ;NO;NO;24Hs.;11:09:42;17:00:00;44;;;44,00;767;$;7.118.609,08;1;Desierta;;;30-70775215-3;UMBOL SRL;AO;30-71628570-3;BATELAR S.R.L;;;
1527629;18/08/2026;Avalado;;SI;NO;ECHEQ;NO;NO;C.I.;11:09:47;17:00:00;61;;;;406;$;2.153.679,79;2;Desierta (Baja);;CREC;;Crecer S.G.R.;AO;;;;;
1527630;18/08/2026;Garantizado Calificado;NO;SI;NO;ECHEQ;NO;NO;C.I.;11:09:50;17:00:00;9;;;25,00;754;$;930.127,00;2;Desierta;;;;;AO;;;;;
1527631;18/08/2026;Garantizado Calificado;NO;SI;NO;ECHEQ;NO;NO;24Hs.;11:10:00;17:00:00;20;;;25,00;754;$;24.966.797,14;5;Desierta;;;;;AO;;;;;
1527632;18/08/2026;No Garantizado;NO;SI;NO;ECHEQ;NO;NO;C.I.;11:11:13;17:00:00;24;718;30,00;30,00;767;$;19.278.000,00;1;Negociada;11:57:23;;30-59425940-4;SERVIPET SOCIEDAD ANONIMA;AO;30-71756684-6;PELAM S. A. S.;;;
1527633;18/08/2026;Avalado;;SI;NO;ECHEQ;SI;NO;24Hs.;11:11:31;17:00:00;38;;;21,00;539;$;10.361.547,37;2;Desierta;;BIND;;Garantias Bind S.G.R.;NO;;;;;
1527634;18/08/2026;Avalado;;SI;NO;ECHEQ;NO;NO;C.I.;11:11:32;17:00:00;118;;;;559;$;49.779.150,00;1;Desierta (Baja);;GARA;;Garantizar S.G.R.;AO;;;;;
1527635;18/08/2026;Avalado;;SI;NO;ECHEQ;NO;NO;24Hs.;11:11:41;17:00:00;60;406;25,00;25,00;406;$;2.153.679,79;2;Negociada;11:16:25;CREC;;Crecer S.G.R.;AO;;;;;
1527636;18/08/2026;Avalado;;SI;NO;ECHEQ;NO;NO;24Hs.;11:11:45;17:00:00;59;406;24,00;24,00;539;$;6.102.644,00;6;Negociada;12:52:42;BIND;;Garantias Bind S.G.R.;AO;;;;;
1527637;18/08/2026;Avalado;;SI;NO;ECHEQ;NO;NO;24Hs.;11:11:58;17:00:00;107;;;;559;$;421.213.560,63;8;Desierta (Baja);;GARA;;Garantizar S.G.R.;AO;;;;;
1527638;18/08/2026;Avalado;;SI;NO;ECHEQ;NO;NO;24Hs.;11:12:36;17:00:00;189;754;34,00;34,00;754;$;5.000.000,00;2;Negociada;16:35:07;NEUQ;;Neuquen Pymes S.G.R.;AO;;;;;
1527639;18/08/2026;Avalado;;SI;NO;PAGARE;NO;NO;24Hs.;11:12:49;17:00:00;89;15;26,50;26,50;439;$;40.000.000,00;1;Negociada;14:09:08;NEUQ;;Neuquen Pymes S.G.R.;;;;;;
1527640;18/08/2026;Avalado;;SI;NO;ECHEQ;NO;NO;24Hs.;11:12:51;17:00:00;187;;;28,00;754;$;9.000.000,00;4;Desierta;;TRND;;Trend S.G.R.;AO;;;;;
1527641;18/08/2026;No Garantizado;NO;NO;NO;ECHEQ;NO;NO;C.I.;11:12:55;17:00:00;27;512;30,00;30,00;512;$;2.291.089.777,00;2;Negociada;11:14:58;;30-50054484-4;COMPAÑIA MINERA AGUILAR S.A.;AO;30-50054484-4;COMPAÑIA MINERA AGUILAR S.A.;;;
1527642;18/08/2026;Garantizado Calificado;SI;SI;NO;ECHEQ;NO;NO;24Hs.;11:12:57;17:00:00;44;;;17,00;43;$;101.080.000,00;3;Desierta;;;;;AO;;;Certificado MiPyME;;
1527643;18/08/2026;Avalado;;SI;NO;ECHEQ;NO;NO;24Hs.;11:13:05;17:00:00;191;754;35,00;35,00;754;$;3.000.000,00;1;Negociada;14:10:03;INPY;;Integra Pymes S.G.R.;AO;;;;;
1527644;18/08/2026;Avalado;;SI;NO;ECHEQ;SI;NO;24Hs.;11:13:17;17:00:00;133;754;30,00;30,00;754;$;5.000.000,00;1;Negociada;13:23:47;ACEN;;Avales del Centro S.G.R.;NO;;;;;
1527645;18/08/2026;Garantizado Calificado;SI;SI;NO;ECHEQ;NO;NO;24Hs.;11:13:17;17:00:00;45;;;17,00;43;$;33.000.000,00;12;Desierta;;;;;AO;;;Certificado MiPyME;;
1527646;18/08/2026;No Garantizado;NO;NO;NO;PAGARE;NO;NO;C.I.;11:13:25;17:00:00;24;512;30,00;30,00;512;$;700.269.980,00;1;Negociada;11:15:26;;30-71672768-4;IOG RESOURCES S.A.;;;;;;
1527647;18/08/2026;Garantizado;SI;SI;NO;ECHEQ;NO;NO;24Hs.;11:13:31;17:00:00;57;;;17,00;43;$;305.250.186,60;48;Desierta;;;;;AO;;;Certificado MiPyME;;
1527648;18/08/2026;Avalado;;SI;NO;ECHEQ;NO;NO;24Hs.;11:13:34;17:00:00;178;406;28,00;28,00;754;$;15.165.285,00;2;Negociada;15:28:56;CREC;;Crecer S.G.R.;AO;;;;;
1527649;18/08/2026;Avalado;;SI;NO;ECHEQ;NO;NO;24Hs.;11:13:46;17:00:00;70;754;26,50;26,50;754;$;8.624.393,62;1;Negociada;14:10:11;FEDE;;Aval Federal S.G.R.;AO;;;;;
1527650;18/08/2026;No Garantizado;SI;SI;NO;ECHEQ;SI;NO;C.I.;11:13:52;17:00:00;28;15;32,00;32,00;486;$;31.614.228,90;1;Negociada;11:16:00;;30-71207232-2;TETRA DE ARGENTINA S.R.L.;NO;33-71922926-9;HIGHEST SOLUTIONS S. R. L.;Certificado MiPyME;;
1527651;18/08/2026;Avalado;;SI;NO;ECHEQ;NO;NO;24Hs.;11:14:03;17:00:00;191;754;35,00;35,00;754;$;2.500.000,00;1;Negociada;14:10:19;ACEN;;Avales del Centro S.G.R.;AO;;;;;
1527652;18/08/2026;Avalado;;SI;NO;ECHEQ;SI;NO;24Hs.;11:14:21;17:00:00;28;406;25,00;25,00;754;$;67.140.253,37;1;Negociada;14:10:27;CREC;;Crecer S.G.R.;NO;;;;;
1527653;18/08/2026;Avalado;;SI;NO;ECHEQ;NO;NO;24Hs.;11:14:37;17:00:00;35;406;25,00;25,00;754;$;38.000.000,00;2;Negociada;11:49:47;CREC;;Crecer S.G.R.;AO;;;;;
1527654;18/08/2026;Avalado;;SI;NO;ECHEQ;NO;NO;24Hs.;11:14:50;17:00:00;121;406;26,00;26,00;754;$;108.336.852,49;11;Negociada;14:33:25;CREC;;Crecer S.G.R.;AO;;;;;
1527655;18/08/2026;No Garantizado;NO;NO;NO;ECHEQ;NO;NO;C.I.;11:17:30;17:00:00;24;554;32,00;32,00;554;$;10.000.000,00;2;Negociada;11:19:32;;30-71620599-8;PUMAHUE SOCIEDAD ANONIMA;AO;30-71620599-8;PUMAHUE SOCIEDAD ANONIMA;;;
1527656;18/08/2026;Avalado;;SI;NO;ECHEQ;NO;NO;C.I.;11:17:40;17:00:00;17;559;26,00;26,00;559;$;135.009.531,12;42;Negociada;11:52:27;TRND;;Trend S.G.R.;AO;;;;;
1527657;18/08/2026;No Garantizado;NO;NO;NO;ECHEQ;NO;NO;C.I.;11:17:53;17:00:00;70;;;45,00;828;$;3.725.000,00;1;Desierta;;;30-70791371-8;PAVETTI GUSTAVO ALBERTO Y GUERRERO RODOLFO GUSTAVO;AO;30-70791371-8;PAVETTI GUSTAVO ALBERTO Y GUERRERO RODOLFO GUSTAVO;;;
1527658;18/08/2026;No Garantizado;NO;SI;NO;ECHEQ;NO;NO;C.I.;11:17:54;17:00:00;22;571;35,00;35,00;571;$;20.000.000,00;1;Negociada;11:19:56;;30-70855341-3;ARRAYANES COOPERATIVA DE VIVIENDA CREDITO Y CONSUMO LIMITADA;AO;30-70855341-3;ARRAYANES COOPERATIVA DE VIVIENDA CREDITO Y CONSUMO LIMITADA;;;
1527659;18/08/2026;No Garantizado;NO;SI;NO;ECHEQ;NO;NO;C.I.;11:18:11;17:00:00;59;;;40,00;828;$;3.725.000,00;1;Desierta;;;30-70791371-8;PAVETTI GUSTAVO ALBERTO Y GUERRERO RODOLFO GUSTAVO;AO;30-70791371-8;PAVETTI GUSTAVO ALBERTO Y GUERRERO RODOLFO GUSTAVO;;;
1527660;18/08/2026;No Garantizado;NO;SI;NO;ECHEQ;NO;NO;C.I.;11:18:25;17:00:00;65;;;45,00;828;$;3.725.000,00;1;Desierta;;;30-70791371-8;PAVETTI GUSTAVO ALBERTO Y GUERRERO RODOLFO GUSTAVO;AO;30-70791371-8;PAVETTI GUSTAVO ALBERTO Y GUERRERO RODOLFO GUSTAVO;;;
1527661;18/08/2026;No Garantizado;NO;SI;NO;ECHEQ;NO;NO;C.I.;11:19:20;17:00:00;30;545;43,50;43,50;545;$;1.189.347,74;1;Negociada;11:24:51;;20-24516315-1;GARCIA OTERO ESTEBAN JAVIER;AO;;;;;
1527662;18/08/2026;Avalado;;SI;NO;ECHEQ;SI;NO;24Hs.;11:19:34;17:00:00;91;11;27,00;27,00;716;$;3.000.000,00;1;Negociada;15:58:37;FOGA;;Fdo. de Gtias. del Chaco;NO;;;;;
1527663;18/08/2026;Avalado;;SI;NO;ECHEQ;NO;NO;24Hs.;11:19:35;17:00:00;32;852;25,50;25,50;526;$;179.894.154,60;9;Negociada;14:01:34;NOVA;;INNOVA S.G.R.;AO;;;;;
1527664;18/08/2026;No Garantizado Calificado;NO;SI;NO;ECHEQ;NO;NO;C.I.;11:19:44;17:00:00;27;545;43,50;43,50;545;$;7.861.527,08;1;Negociada;11:25:05;;30-71456675-6;CR2 S.R.L.;AO;;;;;
1527665;18/08/2026;No Garantizado;NO;SI;NO;ECHEQ;NO;NO;C.I.;11:20:07;17:00:00;15;572;28,00;28,00;572;$;10.219.305,28;4;Negociada;11:25:23;;30-71652531-3;MASCOTAS DE ITUZAINGO S.A.;AO;;;;;
1527666;18/08/2026;No Garantizado;NO;SI;NO;ECHEQ;NO;NO;C.I.;11:20:08;17:00:00;14;545;43,50;43,50;545;$;690.518,32;1;Negociada;11:25:19;;30-70909879-5;LUIS ARCEO S. R. L.;AO;;;;;
1527667;18/08/2026;Avalado;;SI;NO;ECHEQ;NO;NO;24Hs.;11:20:33;17:00:00;57;501;21,00;21,00;716;$;5.000.000,00;1;Negociada;13:52:12;FOGA;;Fdo. de Gtias. del Chaco;AO;;;;;
1527668;18/08/2026;No Garantizado;NO;SI;NO;ECHEQ;NO;NO;C.I.;11:20:35;17:00:00;44;545;46,50;46,50;545;$;2.214.239,89;1;Negociada;11:25:36;;30-70858525-0;COOPERATIVA DE TRABAJO DE SALUD ADOS LTDA;AO;;;;;
1527669;18/08/2026;Avalado;;SI;NO;ECHEQ;NO;NO;24Hs.;11:21:16;17:00:00;84;;;25,00;423;$;10.000.000,00;1;Desierta;;RIGA;;RIG Avales S.G.R.;AO;;;;;
1527670;18/08/2026;Avalado;;SI;NO;ECHEQ;NO;NO;24Hs.;11:21:20;17:00:00;105;;;0,00;716;$;10.000.000,00;2;Desierta (Baja);;FOGA;;Fdo. de Gtias. del Chaco;AO;;;;;
1527671;18/08/2026;Avalado;;SI;NO;ECHEQ;NO;NO;24Hs.;11:21:58;17:00:00;59;501;21,00;21,00;716;$;13.000.000,00;2;Negociada;13:52:32;FOGA;;Fdo. de Gtias. del Chaco;AO;;;;;
1527672;18/08/2026;Avalado;;SI;NO;ECHEQ;NO;NO;24Hs.;11:22:45;17:00:00;41;567;23,00;23,00;526;$;43.536.486,83;1;Negociada;12:46:23;FINT;;Fintech S.G.R.;AO;;;;;
1527673;18/08/2026;Avalado;;SI;NO;ECHEQ;NO;NO;24Hs.;11:23:03;17:00:00;172;501;24,00;24,00;716;$;150.000.000,00;3;Negociada;13:53:53;FOGA;;Fdo. de Gtias. del Chaco;AO;;;;;
1527674;18/08/2026;No Garantizado Calificado;NO;SI;NO;ECHEQ;NO;NO;24Hs.;11:23:10;17:00:00;72;839;40,00;40,00;839;$;75.000.000,00;2;Negociada;11:25:11;;30-50560792-5;ECOSUR BAHIA SOCIEDAD ANONIMA;AO;30-50560792-5;ECOSUR BAHIA SOCIEDAD ANONIMA;;;
1527675;18/08/2026;Avalado;;SI;NO;ECHEQ;NO;NO;24Hs.;11:23:21;17:00:00;40;;;0,00;839;$;10.000.000,00;1;Desierta (Baja);;FINT;;Fintech S.G.R.;AO;;;;;
1527676;18/08/2026;Avalado;;SI;NO;ECHEQ;NO;NO;24Hs.;11:23:35;17:00:00;184;501;26,50;26,50;716;$;50.000.000,00;1;Negociada;13:54:29;FOGA;;Fdo. de Gtias. del Chaco;AO;;;;;
1527677;18/08/2026;No Garantizado Calificado;NO;SI;NO;ECHEQ;NO;NO;C.I.;11:23:40;17:00:00;63;866;36,00;36,00;866;$;395.658.000,00;1;Negociada;11:25:42;;30-71670282-7;TALDE ENERGY S. R. L.;AO;30-71670282-7;TALDE ENERGY S. R. L.;;;
1527678;18/08/2026;No Garantizado;NO;SI;NO;PAGARE;NO;NO;C.I.;11:24:01;17:00:00;65;754;12,00;12,00;754;DOL;7.200,00;1;Negociada;11:26:02;;30-71671756-5;RECONSTRUCTORA UNION S. A.;;30-71671756-5;RECONSTRUCTORA UNION S. A.;;;
1527679;18/08/2026;No Garantizado;SI;SI;NO;ECHEQ;NO;NO;C.I.;11:24:24;17:00:00;25;423;42,00;42,00;423;$;31.904.247,35;4;Negociada;11:26:26;;30-58156762-2;COCIVIAL S.A.;AO;20-94297952-6;AYALA SAMANIEGO JORGE;Certificado MiPyME;;
1527680;18/08/2026;No Garantizado;NO;SI;NO;PAGARE;NO;NO;C.I.;11:24:56;17:00:00;65;754;12,00;12,00;754;DOL;7.200,00;1;Negociada;11:26:58;;30-71671756-5;RECONSTRUCTORA UNION S. A.;;30-71671756-5;RECONSTRUCTORA UNION S. A.;;;
1527681;18/08/2026;No Garantizado;NO;SI;NO;ECHEQ;NO;NO;C.I.;11:25:05;17:00:00;8;827;33,00;33,00;554;$;3.810.885,00;1;Negociada;11:27:07;;30-70828019-0;BODEGAS Y VIÑEDOS RENACER SA;AO;30-67641215-4;INDUMAD SA;;;
1527682;18/08/2026;No Garantizado;NO;SI;NO;PAGARE;NO;NO;C.I.;11:25:19;17:00:00;65;754;12,00;12,00;754;DOL;7.200,00;1;Negociada;11:27:21;;30-71671756-5;RECONSTRUCTORA UNION S. A.;;30-71671756-5;RECONSTRUCTORA UNION S. A.;;;
1527683;18/08/2026;No Garantizado;SI;SI;NO;ECHEQ;NO;NO;C.I.;11:25:32;17:00:00;40;598;65,00;65,00;598;$;11.100.000,00;2;Negociada;11:27:33;;30-71663754-5;MANDRO LOGISTICA Y SERVICIOS S.A.S.;AO;30-71663754-5;MANDRO LOGISTICA Y SERVICIOS S.A.S.;Certificado MiPyME;;
1527684;18/08/2026;No Garantizado;NO;SI;NO;PAGARE;NO;NO;C.I.;11:25:42;17:00:00;65;754;12,00;12,00;754;DOL;7.200,00;1;Negociada;11:27:43;;30-71671756-5;RECONSTRUCTORA UNION S. A.;;30-71671756-5;RECONSTRUCTORA UNION S. A.;;;
1527685;18/08/2026;No Garantizado;NO;SI;NO;PAGARE;NO;NO;24Hs.;11:26:04;17:00:00;91;866;24,00;24,00;866;$;395.177.000,00;2;Negociada;11:28:05;;20-20602674-0;MORALES WALTER  FABIAN;;20-20602674-0;MORALES WALTER  FABIAN;;;
1527686;18/08/2026;Avalado;;SI;NO;PAGARE;NO;NO;24Hs.;11:26:16;17:00:00;364;567;6,50;6,50;764;U$D;47.000,00;2;Negociada;12:07:32;ACPY;;Acindar Pymes S.G.R.;;;;;;
1527687;18/08/2026;No Garantizado;SI;SI;NO;ECHEQ;NO;NO;C.I.;11:26:18;17:00:00;92;569;39,00;39,00;569;$;100.000.000,00;1;Negociada;11:28:19;;30-61650936-1;PECAM S A;AO;30-61650936-1;PECAM S A;MiPyME FCE - Art. 7 Ley 27.440, Res. SEPYME 340/17, Art. 2 RG 4367/18 y RG 1019/24;;
1527688;18/08/2026;No Garantizado;NO;SI;NO;ECHEQ;NO;NO;C.I.;11:26:19;17:00:00;28;767;35,00;35,00;767;$;23.065.731,08;1;Negociada;11:51:51;;30-71657547-7;GASTRONOMIA EMPRENDIMIENTOS;AO;20-29246961-7;MARTELLETTI LEANDRO CARLOS;;;
1527689;18/08/2026;Avalado;;SI;NO;ECHEQ;NO;NO;24Hs.;11:27:13;17:00:00;21;;;0,00;526;$;30.457.750,00;2;Desierta (Baja);;FIDE;;Fidem S.G.R.;AO;;;;;
1527690;18/08/2026;Avalado;;SI;NO;ECHEQ;NO;NO;24Hs.;11:27:21;17:00:00;94;;;22,00;526;$;60.000.000,00;2;Desierta;;NOVA;;INNOVA S.G.R.;AO;;;;;
1527691;18/08/2026;No Garantizado;NO;SI;NO;ECHEQ;NO;NO;C.I.;11:27:43;17:00:00;106;537;41,50;41,50;767;$;30.000.000,00;3;Negociada;15:34:43;;30-57839578-0;LA MORALEJA SOCIEDAD ANONIMA;AO;20-30232621-6;BELMONTE JORGE;;;
1527692;18/08/2026;No Garantizado;NO;SI;NO;ECHEQ;NO;NO;C.I.;11:28:30;17:00:00;44;572;28,00;28,00;572;$;7.525.917,70;1;Negociada;11:30:31;;30-70165597-0;BELCLAU S A;AO;;;;;
1527693;18/08/2026;Avalado;;SI;NO;ECHEQ;NO;NO;24Hs.;11:28:52;17:00:00;25;502;24,00;24,00;526;$;45.593.157,84;20;Negociada;14:34:49;POTE;;Potenciar S.G.R.;AO;;;;;
1527694;18/08/2026;Avalado;;SI;NO;ECHEQ;NO;NO;C.I.;11:28:53;17:00:00;106;501;23,00;23,00;716;$;10.000.000,00;2;Negociada;12:35:23;FOGA;;Fdo. de Gtias. del Chaco;AO;;;;;
1527695;18/08/2026;Avalado;;SI;NO;PAGARE;NO;NO;24Hs.;11:29:40;17:00:00;92;442;25,50;25,50;442;$;250.000.000,00;1;Negociada;12:56:41;CREC;;Crecer S.G.R.;;;;;;
1527696;18/08/2026;Avalado;;SI;NO;ECHEQ;NO;NO;24Hs.;11:29:51;17:00:00;45;15;25,50;25,50;526;$;26.250.000,00;3;Negociada;14:22:57;NOVA;;INNOVA S.G.R.;AO;;;;;
1527697;18/08/2026;Avalado;;SI;NO;ECHEQ;NO;NO;24Hs.;11:30:02;17:00:00;37;852;25,50;25,50;526;$;7.665.615,72;1;Negociada;14:12:11;NOVA;;INNOVA S.G.R.;AO;;;;;
1527698;18/08/2026;No Garantizado;NO;SI;NO;ECHEQ;NO;NO;C.I.;11:31:15;17:00:00;8;;;23,50;754;$;158.564.150,78;1;Desierta;;;30-63945373-8;TELECOM ARGENTINA SOCIEDAD ANONIMA;AO;;;;;
1527699;18/08/2026;Avalado;;SI;NO;PAGARE;NO;NO;24Hs.;11:33:15;17:00:00;346;;;7,00;11;U$D;30.000,00;3;Desierta;;INPY;;Integra Pymes S.G.R.;;;;;;
1527700;18/08/2026;Avalado;;SI;NO;PAGARE;NO;NO;24Hs.;11:33:21;17:00:00;278;;;7,00;11;U$D;100.000,00;3;Desierta;;INPY;;Integra Pymes S.G.R.;;;;;;
1527701;18/08/2026;Avalado;;SI;NO;ECHEQ;NO;NO;24Hs.;11:33:45;17:00:00;105;502;25,00;25,00;526;$;14.000.000,00;2;Negociada;16:47:42;FIDE;;Fidem S.G.R.;AO;;;;;
1527702;18/08/2026;Avalado;;SI;NO;ECHEQ;NO;NO;24Hs.;11:33:52;17:00:00;133;;;22,00;11;$;45.000.000,00;7;Desierta;;UNIO;;Union S.G.R.;AO;;;;;
1527703;18/08/2026;Avalado;;SI;NO;ECHEQ;NO;NO;24Hs.;11:33:53;17:00:00;162;406;25,99;26,00;868;$;5.000.000,00;1;Negociada;15:20:43;POTE;;Potenciar S.G.R.;AO;;;;;
1527704;18/08/2026;Avalado;;SI;NO;ECHEQ;SI;NO;24Hs.;11:34:01;17:00:00;61;852;26,00;26,00;526;$;7.500.000,00;1;Negociada;12:45:39;FIDE;;Fidem S.G.R.;NO;;;;;
1527705;18/08/2026;No Garantizado;SI;SI;NO;ECHEQ;NO;NO;C.I.;11:34:09;17:00:00;114;569;37,00;37,00;569;$;71.000.000,00;2;Negociada;11:36:10;;30-71189374-8;GEDEON  S. R. L.;AO;30-71189374-8;GEDEON  S. R. L.;Certificado MiPyME;;
1527706;18/08/2026;Avalado;;SI;NO;ECHEQ;NO;NO;24Hs.;11:34:09;17:00:00;63;502;26,00;26,00;11;$;10.000.000,00;1;Negociada;13:54:11;UNIO;;Union S.G.R.;AO;;;;;
1527707;18/08/2026;Avalado;;SI;NO;ECHEQ;SI;NO;24Hs.;11:34:10;17:00:00;14;;;20,00;526;$;1.349.466,46;1;Desierta;;FIDE;;Fidem S.G.R.;NO;;;;;
1527708;18/08/2026;Avalado;;SI;NO;ECHEQ;NO;NO;24Hs.;11:34:18;17:00:00;206;;;25,00;11;$;6.511.934,49;2;Desierta;;TRND;;Trend S.G.R.;AO;;;;;
1527709;18/08/2026;Avalado;;SI;NO;ECHEQ;NO;NO;24Hs.;11:34:27;17:00:00;168;;;25,00;11;$;15.000.000,00;1;Desierta;;INPY;;Integra Pymes S.G.R.;AO;;;;;
1527710;18/08/2026;No Garantizado Calificado;SI;SI;NO;FCE;NO;NO;C.I.;11:34:34;17:00:00;31;791;24,00;24,00;791;$;81.139.999,67;1;Negociada;15:37:10;%YFP;30-54668997-9;YPF SOCIEDAD ANONIMA;;;;;;
1527711;18/08/2026;Avalado;;SI;NO;ECHEQ;NO;NO;24Hs.;11:34:35;17:00:00;50;;;25,00;11;$;50.250.674,78;2;Desierta;;INPY;;Integra Pymes S.G.R.;AO;;;;;
1527712;18/08/2026;No Garantizado;SI;SI;NO;ECHEQ;NO;NO;C.I.;11:34:46;17:00:00;123;569;38,00;38,00;569;$;108.000.000,00;2;Negociada;11:36:48;;30-71189374-8;GEDEON  S. R. L.;AO;30-71189374-8;GEDEON  S. R. L.;Certificado MiPyME;;
1527713;18/08/2026;Avalado;;SI;NO;ECHEQ;NO;NO;24Hs.;11:34:48;17:00:00;69;11;26,00;26,00;11;$;5.890.146,23;1;Negociada;12:45:28;FIDU;;Fid Aval S.G.R.;AO;;;;;
1527714;18/08/2026;Avalado;;SI;NO;ECHEQ;NO;NO;24Hs.;11:34:59;17:00:00;121;;;22,00;11;$;60.000.000,00;5;Desierta;;FEDE;;Aval Federal S.G.R.;AO;;;;;
1527715;18/08/2026;Avalado;;SI;NO;ECHEQ;NO;NO;24Hs.;11:35:15;17:00:00;273;;;26,00;11;$;40.000.000,00;4;Desierta;;ACPY;;Acindar Pymes S.G.R.;AO;;;;;
1527716;18/08/2026;Avalado;;SI;NO;ECHEQ;NO;NO;24Hs.;11:35:23;17:00:00;243;;;25,00;11;$;30.000.000,00;15;Desierta;;ACPY;;Acindar Pymes S.G.R.;AO;;;;;
1527717;18/08/2026;Avalado;;SI;NO;ECHEQ;NO;NO;24Hs.;11:35:32;17:00:00;245;;;24,00;11;$;2.979.374,70;2;Desierta;;ARPY;;Argenpymes S.G.R.;AO;;;;;
1527718;18/08/2026;Avalado;;SI;NO;ECHEQ;NO;NO;24Hs.;11:35:45;17:00:00;182;502;25,00;25,00;11;$;6.000.000,00;1;Negociada;16:47:20;ARPY;;Argenpymes S.G.R.;AO;;;;;
1527719;18/08/2026;Avalado;;SI;NO;ECHEQ;NO;NO;C.I.;11:36:21;17:00:00;36;501;21,00;21,00;716;$;3.500.000,00;1;Negociada;11:48:14;FGCT;;Fondo de Garantia Catamarca SAPEM;AO;;;;;
1527720;18/08/2026;Avalado;;SI;NO;ECHEQ;NO;NO;C.I.;11:39:19;17:00:00;323;;;35,00;522;$;6.909.090,90;1;Desierta;;ACPY;;Acindar Pymes S.G.R.;AO;;;;;
1527721;18/08/2026;Avalado;;SI;NO;ECHEQ;NO;NO;C.I.;11:39:30;17:00:00;295;;;35,00;522;$;6.909.090,90;1;Desierta;;ACPY;;Acindar Pymes S.G.R.;AO;;;;;
1527722;18/08/2026;Avalado;;SI;NO;ECHEQ;NO;NO;24Hs.;11:40:07;17:00:00;27;501;21,00;21,00;558;$;4.000.000,00;1;Negociada;13:51:21;FOGA;;Fdo. de Gtias. del Chaco;AO;;;;;
1527723;18/08/2026;No Garantizado;SI;SI;NO;FCE;NO;NO;C.I.;11:41:11;17:00:00;23;569;25,00;25,00;569;$;767.113.705,35;1;Negociada;12:59:03;%EVA;30-68521819-0;A EVANGELISTA S A;;;;;;
1527724;18/08/2026;Avalado;;SI;NO;ECHEQ;NO;NO;24Hs.;11:41:45;17:00:00;94;287;23,00;23,00;720;$;400.000.000,00;4;Negociada;11:43:47;BAIN;;BANCO INDUSTRIAL SA;AO;;;;;
1527725;18/08/2026;Avalado;;SI;NO;ECHEQ;NO;NO;24Hs.;11:43:33;17:00:00;189;;;26,00;529;$;50.000.000,00;1;Desierta;;AVLR;;Aval Ar S.G.R.;AO;;;;;
1527726;18/08/2026;No Garantizado;NO;SI;NO;ECHEQ;NO;NO;C.I.;11:43:52;17:00:00;29;;;;767;$;9.888.444,64;1;Desierta (Baja);;;30-71698326-5;FIDEICOMISO LOS MOLINOS;AO;30-71340630-5;ENERGIA CONTROLADA S.R.L.;;;
1527727;18/08/2026;Avalado;;SI;NO;ECHEQ;SI;NO;24Hs.;11:44:10;17:00:00;42;526;21,00;21,00;526;$;138.568.955,17;1;Negociada;12:18:50;GARA;;Garantizar S.G.R.;NO;;;;;
1527728;18/08/2026;No Garantizado;NO;SI;NO;PAGARE;NO;NO;C.I.;11:44:12;17:00:00;185;401;28,00;28,00;401;$;830.000.000,00;1;Negociada;11:46:13;;30-71710331-5;WODEN ENERGIA S.A.U;;30-71710331-5;WODEN ENERGIA S.A.U;;;
1527729;18/08/2026;Avalado;;SI;NO;ECHEQ;NO;NO;24Hs.;11:44:14;17:00:00;62;;;0,00;755;$;198.000.000,00;7;Desierta (Baja);;FEDE;;Aval Federal S.G.R.;AO;;;;;
1527730;18/08/2026;No Garantizado;NO;SI;NO;ECHEQ;NO;NO;C.I.;11:44:40;17:00:00;57;767;24,00;24,00;767;$;1.246.360,65;1;Negociada;11:46:41;;30-68731043-4;INC S. A.;AO;;;;;
1527731;18/08/2026;Avalado;;SI;NO;ECHEQ;NO;NO;24Hs.;11:44:41;17:00:00;44;501;21,00;21,00;525;$;970.000,00;2;Negociada;11:47:07;FGLR;;Fdo.de Gtia.Pub. La Rioja;AO;;;;;
1527732;18/08/2026;No Garantizado;NO;SI;NO;ECHEQ;NO;NO;C.I.;11:44:48;17:00:00;163;;;47,00;828;$;5.833.000,00;1;Desierta;;;30-71892027-9;TERRESTRES GLOBAL S.A.S.;AO;30-70791371-8;PAVETTI GUSTAVO ALBERTO Y GUERRERO RODOLFO GUSTAVO;;;
1527733;18/08/2026;No Garantizado;SI;SI;NO;ECHEQ;SI;NO;C.I.;11:44:52;17:00:00;28;785;32,00;32,00;785;$;305.158.129,16;1;Negociada;11:46:53;;30-71207232-2;TETRA DE ARGENTINA S.R.L.;NO;;;Certificado MiPyME;;
1527734;18/08/2026;Avalado;;SI;NO;ECHEQ;NO;NO;24Hs.;11:44:56;17:00:00;103;501;23,00;23,00;525;$;970.000,00;2;Negociada;11:47:34;FGLR;;Fdo.de Gtia.Pub. La Rioja;AO;;;;;
1527735;18/08/2026;Avalado;;SI;NO;ECHEQ;NO;NO;24Hs.;11:45:09;17:00:00;34;526;21,00;21,00;526;$;337.538.396,88;1;Negociada;12:18:01;GARA;;Garantizar S.G.R.;AO;;;;;
1527736;18/08/2026;Avalado;;SI;NO;ECHEQ;NO;NO;24Hs.;11:45:10;17:00:00;165;501;24,00;24,00;525;$;970.000,00;2;Negociada;11:47:11;FGLR;;Fdo.de Gtia.Pub. La Rioja;AO;;;;;
1527737;18/08/2026;Avalado;;SI;NO;ECHEQ;NO;NO;C.I.;11:45:12;17:00:00;8;;;;401;$;8.140.748,80;3;Desierta (Baja);;MOVI;;MOVIL S.G.R.;AO;;;;;
1527738;18/08/2026;No Garantizado;NO;SI;NO;ECHEQ;NO;NO;C.I.;11:45:18;17:00:00;57;767;30,00;30,00;767;$;28.268.842,06;3;Negociada;11:47:20;;30-61650936-1;PECAM S A;AO;;;;;
1527739;18/08/2026;No Garantizado Calificado;NO;SI;NO;ECHEQ;NO;NO;C.I.;11:45:48;17:00:00;50;767;30,00;30,00;767;$;12.322.104,00;3;Negociada;11:47:50;;30-64008725-7;TEXIMCO S A;AO;;;;;
1527740;18/08/2026;No Garantizado;NO;SI;NO;ECHEQ;NO;NO;C.I.;11:46:02;17:00:00;58;;;47,00;828;$;2.900.000,00;1;Desierta;;;30-70791371-8;PAVETTI GUSTAVO ALBERTO Y GUERRERO RODOLFO GUSTAVO;AO;30-70791371-8;PAVETTI GUSTAVO ALBERTO Y GUERRERO RODOLFO GUSTAVO;;;
1527741;18/08/2026;No Garantizado;NO;SI;NO;ECHEQ;NO;NO;C.I.;11:46:16;17:00:00;17;767;30,00;30,00;767;$;21.321.569,73;2;Negociada;11:48:18;;30-71561753-2;FIDEICOMISO LIB 5610;AO;;;;;
1527742;18/08/2026;No Garantizado;NO;SI;NO;ECHEQ;NO;NO;C.I.;11:46:42;17:00:00;15;767;30,00;30,00;767;$;9.888.444,64;1;Negociada;11:48:43;;30-71698326-5;FIDEICOMISO LOS MOLINOS;AO;;;;;
1527743;18/08/2026;Avalado;;SI;NO;ECHEQ;NO;NO;24Hs.;11:47:13;17:00:00;22;;;22,00;401;$;1.698.226,00;2;Desierta;;FIDU;;Fid Aval S.G.R.;AO;;;;;
1527744;18/08/2026;No Garantizado;NO;SI;NO;ECHEQ;NO;NO;C.I.;11:47:22;17:00:00;78;571;32,00;32,00;571;$;11.279.585,00;7;Negociada;11:49:23;;30-71651680-2;BIOPACKAGING S.R.L.;AO;30-65649785-4;COOPERATIVA DE VIVIENDA CREDITO Y CONSUMO AMIGAL LIMITADA;;;
1527745;18/08/2026;Avalado;;SI;NO;ECHEQ;SI;NO;24Hs.;11:47:27;17:00:00;26;;;22,00;401;$;125.090,77;1;Desierta;;MOVI;;MOVIL S.G.R.;NO;;;;;
1527746;18/08/2026;Avalado;;SI;NO;ECHEQ;NO;NO;24Hs.;11:47:39;17:00:00;30;852;25,50;25,50;401;$;9.536.473,99;11;Negociada;15:38:48;MOVI;;MOVIL S.G.R.;AO;;;;;
1527747;18/08/2026;Avalado;;SI;NO;ECHEQ;NO;NO;24Hs.;11:47:52;17:00:00;86;449;26,00;26,00;401;$;4.119.055,18;5;Negociada;14:43:21;MOVI;;MOVIL S.G.R.;AO;;;;;
1527748;18/08/2026;No Garantizado Calificado;NO;SI;NO;PAGARE;NO;NO;C.I.;11:47:54;17:00:00;28;526;8,00;8,00;767;DOL;20.000,00;1;Negociada;11:49:55;;33-71749361-9;CAKE S.A.S.;;33-71749361-9;CAKE S.A.S.;;;
1527749;18/08/2026;No Garantizado;NO;SI;NO;ECHEQ;NO;NO;C.I.;11:47:56;17:00:00;65;571;32,00;32,00;571;$;7.502.255,16;8;Negociada;11:49:57;;30-71642278-6;SANDYPACK S.R.L.;AO;30-65649785-4;COOPERATIVA DE VIVIENDA CREDITO Y CONSUMO AMIGAL LIMITADA;;;
1527750;18/08/2026;Avalado;;SI;NO;ECHEQ;NO;NO;24Hs.;11:48:07;17:00:00;93;406;26,00;26,00;401;$;13.313.713,91;6;Negociada;14:00:21;FIDU;;Fid Aval S.G.R.;AO;;;;;
1527751;18/08/2026;Avalado;;SI;NO;ECHEQ;NO;NO;24Hs.;11:48:20;17:00:00;108;406;26,00;26,00;401;$;37.594.403,00;11;Negociada;14:00:29;FIDU;;Fid Aval S.G.R.;AO;;;;;
1527752;18/08/2026;No Garantizado;NO;SI;NO;ECHEQ;NO;NO;C.I.;11:48:25;17:00:00;36;571;32,00;32,00;571;$;1.520.361,70;2;Negociada;11:50:26;;30-71577200-7;LIMIT SA;AO;30-65649785-4;COOPERATIVA DE VIVIENDA CREDITO Y CONSUMO AMIGAL LIMITADA;;;
1527753;18/08/2026;Avalado;;SI;NO;ECHEQ;NO;NO;24Hs.;11:48:36;17:00:00;180;;;24,00;401;$;41.012.076,00;12;Desierta;;FIDU;;Fid Aval S.G.R.;AO;;;;;
1527754;18/08/2026;No Garantizado;NO;SI;NO;ECHEQ;NO;NO;C.I.;11:48:43;17:00:00;51;571;32,00;32,00;571;$;2.637.357,05;2;Negociada;11:50:44;;30-54621879-8;CLINICA PASTEUR SOCIEDAD ANONIMA S. A.;AO;30-65649785-4;COOPERATIVA DE VIVIENDA CREDITO Y CONSUMO AMIGAL LIMITADA;;;
1527755;18/08/2026;No Garantizado;NO;SI;NO;ECHEQ;NO;NO;C.I.;11:49:00;17:00:00;59;571;32,00;32,00;571;$;275.273,60;1;Negociada;11:51:02;;20-25259368-4;SOTO LEANDRO MARTIN;AO;30-65649785-4;COOPERATIVA DE VIVIENDA CREDITO Y CONSUMO AMIGAL LIMITADA;;;
1527756;18/08/2026;No Garantizado;NO;SI;NO;ECHEQ;NO;NO;C.I.;11:49:17;17:00:00;57;571;32,00;32,00;571;$;5.000.000,00;1;Negociada;11:51:18;;20-31493437-8;ALVAREZ SANTIAGO ALBERTO;AO;30-65649785-4;COOPERATIVA DE VIVIENDA CREDITO Y CONSUMO AMIGAL LIMITADA;;;
1527757;18/08/2026;Avalado;;SI;NO;ECHEQ;NO;NO;24Hs.;11:49:32;17:00:00;84;406;24,00;24,00;442;$;90.000.000,00;6;Negociada;12:07:50;TRND;;Trend S.G.R.;AO;;;;;
1527758;18/08/2026;Avalado;;SI;NO;PAGARE;NO;NO;24Hs.;11:49:33;17:00:00;391;;;7,50;529;U$D;267.000,00;1;Desierta;;AVLR;;Aval Ar S.G.R.;;;;;;
1527759;18/08/2026;No Garantizado;NO;SI;NO;ECHEQ;NO;NO;C.I.;11:49:44;17:00:00;43;545;60,00;60,00;545;$;58.000.000,00;1;Negociada;11:54:51;;30-71603945-1;DIGIPAGOS SRL;AO;30-71603945-1;DIGIPAGOS SRL;;;
1527760;18/08/2026;No Garantizado;NO;SI;NO;ECHEQ;NO;NO;24Hs.;11:50:28;17:00:00;77;767;27,00;27,00;47;$;1.201.650,91;1;Negociada;16:20:53;;30-68537634-9;TARJETA NARANJA S.A.U.;AO;30-55931221-1;CERAMICA CORTINES S A;;;
1527761;18/08/2026;No Garantizado;SI;SI;NO;ECHEQ;NO;NO;C.I.;11:50:36;17:00:00;35;569;34,00;34,00;569;$;200.000.000,00;1;Negociada;11:52:38;;30-64078319-9;ARGENSUN  SOCIEDAD ANONIMA;AO;30-64078319-9;ARGENSUN  SOCIEDAD ANONIMA;Certificado MiPyME;;
1527762;18/08/2026;No Garantizado;NO;SI;NO;ECHEQ;NO;NO;24Hs.;11:50:40;17:00:00;77;767;27,00;27,00;47;$;52.655.247,06;1;Negociada;16:55:47;;30-59036076-3;CENCOSUD S A;AO;30-55931221-1;CERAMICA CORTINES S A;;;
1527763;18/08/2026;No Garantizado;NO;SI;NO;ECHEQ;NO;NO;C.I.;11:50:50;17:00:00;91;764;35,00;35,00;764;$;15.000.000,00;1;Negociada;12:09:54;;30-71691927-3;ABEST S.A.S.;AO;30-71691927-3;ABEST S.A.S.;;;
1527764;18/08/2026;No Garantizado;NO;SI;NO;ECHEQ;SI;NO;24Hs.;11:50:52;17:00:00;57;767;27,00;27,00;47;$;10.985.290,33;1;Negociada;16:56:54;;30-65572582-9;FALABELLA  S A;NO;30-55931221-1;CERAMICA CORTINES S A;;;
1527765;18/08/2026;No Garantizado;NO;SI;NO;ECHEQ;SI;NO;C.I.;11:51:04;17:00:00;42;545;46,00;46,00;545;$;63.270.000,00;8;Negociada;11:54:28;;30-71007968-0;BE ENTERPRISES S.A.;NO;30-71007968-0;BE ENTERPRISES S.A.;;;
1527766;18/08/2026;No Garantizado;NO;SI;NO;ECHEQ;NO;NO;C.I.;11:51:32;17:00:00;59;554;35,00;35,00;554;$;9.318.466,86;3;Negociada;11:53:34;;30-71210666-9;DESARROLLADORA MONTEVERDI SA;AO;20-32879697-0;CAMPILLAY FABRICIO ANTONIO;;;
1527767;18/08/2026;Avalado;;SI;NO;ECHEQ;NO;NO;24Hs.;11:51:34;17:00:00;41;523;21,90;22,00;720;$;100.000.000,00;1;Negociada;11:53:42;BAIN;;BANCO INDUSTRIAL SA;AO;;;;;
1527768;18/08/2026;Garantizado;SI;SI;NO;ECHEQ;NO;NO;24Hs.;11:51:47;17:00:00;70;;;23,00;526;$;30.000.000,00;1;Desierta;;;;;AO;;;Certificado MiPyME;;
1527769;18/08/2026;Avalado;;SI;NO;ECHEQ;NO;NO;24Hs.;11:53:20;17:00:00;77;501;23,00;23,00;545;$;5.000.000,00;1;Negociada;11:55:22;FGLR;;Fdo.de Gtia.Pub. La Rioja;AO;;;;;
1527770;18/08/2026;Avalado;;SI;NO;ECHEQ;NO;NO;24Hs.;11:53:22;17:00:00;234;;;25,00;401;$;20.506.038,00;6;Desierta;;FIDU;;Fid Aval S.G.R.;AO;;;;;
1527771;18/08/2026;Avalado;;SI;NO;ECHEQ;NO;NO;24Hs.;11:53:31;17:00:00;310;;;26,00;401;$;887.601,00;1;Desierta;;MOVI;;MOVIL S.G.R.;AO;;;;;
1527772;18/08/2026;Avalado;;SI;NO;ECHEQ;NO;NO;24Hs.;11:53:50;17:00:00;27;431;28,50;28,50;545;$;2.500.000,00;1;Negociada;11:55:52;FGLR;;Fdo.de Gtia.Pub. La Rioja;AO;;;;;
1527773;18/08/2026;No Garantizado;NO;SI;NO;ECHEQ;NO;NO;24Hs.;11:53:58;17:00:00;98;529;34,00;34,00;47;$;6.266.758,37;1;Negociada;16:22:34;;30-69724712-9;BENITO ROGGIO E HIJOS SA -CLIBA INGENIERIA AMBIENTAL S.A. -UTE;AO;30-71561189-5;METAL MECANIZADOS S.R.L.;;;
1527774;18/08/2026;No Garantizado;NO;SI;NO;ECHEQ;NO;NO;24Hs.;11:54:14;17:00:00;85;529;33,00;33,00;47;$;4.077.136,00;1;Negociada;16:22:14;;33-67813397-9;BENITO ROGGIO E HIJOS SA -TECSAN INGENIERIA AMBIENTAL S.A. U.T.E.;AO;30-71561189-5;METAL MECANIZADOS S.R.L.;;;
1527775;18/08/2026;No Garantizado;NO;SI;NO;ECHEQ;NO;NO;24Hs.;11:54:25;17:00:00;51;529;32,00;32,00;47;$;3.639.079,15;1;Negociada;16:21:49;;30-69724712-9;BENITO ROGGIO E HIJOS SA -CLIBA INGENIERIA AMBIENTAL S.A. -UTE;AO;30-71561189-5;METAL MECANIZADOS S.R.L.;;;
1527776;18/08/2026;No Garantizado;NO;SI;NO;ECHEQ;NO;NO;24Hs.;11:54:35;17:00:00;42;529;32,00;32,00;47;$;3.197.101,60;1;Negociada;16:21:25;;30-69233272-1;CLIBA INGENIERIA URBANA S A;AO;30-71561189-5;METAL MECANIZADOS S.R.L.;;;
1527777;18/08/2026;No Garantizado;NO;SI;NO;ECHEQ;NO;NO;C.I.;11:57:32;17:00:00;51;572;27,00;27,00;572;$;666.105,00;1;Negociada;12:00:39;;30-71875396-8;MANFREDI CUEROS;AO;;;;;
1527778;18/08/2026;No Garantizado Calificado;SI;SI;NO;ECHEQ;NO;NO;C.I.;11:57:41;17:00:00;10;572;27,00;27,00;572;$;278.111,40;1;Negociada;12:00:21;;30-50080256-8;ARCANGEL MAGGIO SOCIEDAD ANONIMA;AO;;;MiPyME FCE - Art. 7 Ley 27.440, Res. SEPYME 340/17, Art. 2 RG 4367/18 y RG 1019/24;;
1527779;18/08/2026;No Garantizado Calificado;NO;SI;NO;ECHEQ;NO;NO;C.I.;11:57:49;17:00:00;35;572;27,00;27,00;572;$;1.606.506,00;1;Negociada;12:00:31;;30-69229460-9;GRAFICOS OFFSET S.A.;AO;;;;;
1527780;18/08/2026;No Garantizado;SI;SI;NO;ECHEQ;NO;NO;C.I.;11:58:02;17:00:00;44;718;30,00;30,00;718;$;27.437.621,10;1;Negociada;12:04:03;;30-71925729-8;INGENIOS DE TUCUMAN S.A.;AO;;;Certificado MiPyME;;
1527781;18/08/2026;No Garantizado Calificado;SI;SI;NO;ECHEQ;NO;NO;C.I.;11:58:18;17:00:00;105;718;30,00;30,00;718;$;29.467.355,64;1;Negociada;12:04:18;;30-67541508-7;COMPAÑIA AZUCARERA LOS BALCANES SA;AO;;;Certificado MiPyME;;
1527782;18/08/2026;No Garantizado;SI;SI;NO;ECHEQ;NO;NO;C.I.;11:58:23;17:00:00;101;405;52,00;52,00;405;$;65.000.000,00;7;Negociada;12:00:25;;30-71152295-2;AGROPRODUCCIONES TORRESI S.R.L.;AO;30-71152295-2;AGROPRODUCCIONES TORRESI S.R.L.;Certificado MiPyME;;
1527783;18/08/2026;No Garantizado;SI;SI;NO;ECHEQ;NO;NO;C.I.;11:58:28;17:00:00;42;718;30,00;30,00;718;$;41.564.039,70;1;Negociada;12:04:34;;30-71925729-8;INGENIOS DE TUCUMAN S.A.;AO;;;Certificado MiPyME;;
1527784;18/08/2026;No Garantizado;SI;SI;NO;ECHEQ;NO;NO;C.I.;11:58:37;17:00:00;69;718;34,00;34,00;718;$;50.000.000,00;1;Negociada;12:04:48;;30-61172472-8;ALGODONERA DEL VALLE S. A.;AO;;;Certificado MiPyME;;
1527785;18/08/2026;Avalado;;SI;NO;ECHEQ;NO;NO;24Hs.;11:59:23;17:00:00;23;502;24,00;24,00;502;$;37.601.161,50;3;Negociada;13:26:06;TRND;;Trend S.G.R.;AO;;;;;
1527786;18/08/2026;Avalado;;SI;NO;ECHEQ;NO;NO;24Hs.;11:59:57;17:00:00;105;;;;754;$;25.000.000,00;1;Desierta (Baja);;ACEN;;Avales del Centro S.G.R.;AO;;;;;
1527787;18/08/2026;No Garantizado;SI;SI;NO;ECHEQ;NO;NO;C.I.;12:00:16;17:00:00;78;545;46,50;46,50;545;$;15.019.143,00;1;Negociada;12:13:53;;30-71656460-2;COMPLEJOS DEL SUR SA;AO;;;Certificado MiPyME;;
1527788;18/08/2026;Avalado;;SI;NO;ECHEQ;NO;NO;24Hs.;12:00:28;17:00:00;41;523;23,00;23,00;427;$;134.255.941,44;1;Negociada;15:19:31;GARA;;Garantizar S.G.R.;AO;;;;;
1527789;18/08/2026;No Garantizado Calificado;SI;SI;NO;ECHEQ;NO;NO;C.I.;12:00:34;17:00:00;77;545;46,50;46,50;545;$;5.809.306,80;1;Negociada;12:14:03;;33-71703822-9;FLOWBACK SERVICES S.R.L.;AO;;;Certificado MiPyME;;
1527790;18/08/2026;No Garantizado;SI;SI;NO;ECHEQ;NO;NO;C.I.;12:00:58;17:00:00;8;545;46,50;46,50;545;$;6.770.000,00;1;Negociada;12:14:15;;20-16524738-9;SUAREZ MAURO PAUL;AO;;;Certificado MiPyME;;
1527791;18/08/2026;No Garantizado;SI;SI;NO;ECHEQ;NO;NO;C.I.;12:01:31;17:00:00;10;572;29,00;31,00;433;$;44.631.598,34;3;Negociada;12:04:34;;30-99907484-3;MUNICIPALIDAD DE CORDOBA;AO;;;Certificado MiPyME;;
1527792;18/08/2026;Avalado;;SI;NO;ECHEQ;NO;NO;24Hs.;12:02:02;17:00:00;112;576;30,50;30,50;439;$;28.000.000,00;4;Negociada;16:36:24;NEUQ;;Neuquen Pymes S.G.R.;AO;;;;;
1527793;18/08/2026;No Garantizado;SI;SI;NO;ECHEQ;NO;NO;24Hs.;12:02:18;17:00:00;35;723;60,00;60,00;723;$;75.000.000,00;1;Negociada;12:04:20;;30-70855341-3;ARRAYANES COOPERATIVA DE VIVIENDA CREDITO Y CONSUMO LIMITADA;AO;30-70855341-3;ARRAYANES COOPERATIVA DE VIVIENDA CREDITO Y CONSUMO LIMITADA;Certificado MiPyME;;
1527794;18/08/2026;Avalado;;SI;NO;ECHEQ;NO;NO;24Hs.;12:03:02;17:00:00;92;406;24,00;24,00;718;$;20.000.000,00;1;Negociada;12:11:56;TRND;;Trend S.G.R.;AO;;;;;
1527795;18/08/2026;No Garantizado;SI;SI;NO;ECHEQ;NO;NO;C.I.;12:03:43;17:00:00;42;572;27,00;27,00;572;$;63.000.000,00;5;Negociada;12:10:49;;33-70748051-9;EMELKA SOCIEDAD ANONIMA;AO;33-70748051-9;EMELKA SOCIEDAD ANONIMA;MiPyME FCE - Art. 7 Ley 27.440, Res. SEPYME 340/17, Art. 2 RG 4367/18 y RG 1019/24;;
1527796;18/08/2026;No Garantizado;NO;SI;NO;ECHEQ;NO;NO;C.I.;12:04:20;17:00:00;29;427;37,00;37,00;427;$;3.356.177,44;1;Negociada;12:06:21;;30-70958256-5;AGROPECUARIA LA CIMARRONA S.R.L.;AO;30-56522248-8;QUIMVAR SRL;;;
1527797;18/08/2026;No Garantizado;NO;SI;NO;ECHEQ;NO;NO;C.I.;12:04:32;17:00:00;72;20;31,00;31,00;20;$;1.000.000,00;1;Negociada;12:35:46;;20-32802667-9;AIMAR ALEJANDRO RAUL;AO;30-62387327-3;ASOCIACION MUTUAL GUSTAVO COCHET;;;
1527798;18/08/2026;No Garantizado;NO;SI;NO;ECHEQ;NO;NO;C.I.;12:04:42;17:00:00;39;20;31,00;31,00;20;$;4.105.600,00;2;Negociada;12:36:00;;30-64116024-1;ARINCO. S.A.;AO;30-62387327-3;ASOCIACION MUTUAL GUSTAVO COCHET;;;
1527799;18/08/2026;No Garantizado;NO;SI;NO;ECHEQ;NO;NO;C.I.;12:04:58;17:00:00;30;20;31,00;31,00;20;$;14.000.000,00;1;Negociada;12:36:22;;20-12448433-3;BAULIES SANDOR OSCAR;AO;30-62387327-3;ASOCIACION MUTUAL GUSTAVO COCHET;;;
1527800;18/08/2026;Avalado;;SI;NO;ECHEQ;NO;NO;24Hs.;12:05:00;17:00:00;71;;;25,50;401;$;50.000.000,00;2;Desierta;;AVAL;;Avaluar S.G.R.;AO;;;;;
1527801;18/08/2026;No Garantizado Calificado;SI;SI;NO;ECHEQ;NO;NO;C.I.;12:05:06;17:00:00;36;20;31,00;31,00;20;$;33.408.000,00;2;Negociada;12:36:39;;30-70841859-1;BRUMONT S.A.;AO;30-62387327-3;ASOCIACION MUTUAL GUSTAVO COCHET;Certificado MiPyME;;
1527802;18/08/2026;No Garantizado;NO;SI;NO;ECHEQ;NO;NO;C.I.;12:05:22;17:00:00;18;20;31,00;31,00;20;$;114.220.899,48;2;Negociada;12:36:57;;30-52076053-5;COLOMBO Y MAGLIANO SA AGRICOLA GANADERA Y COMERCIAL;AO;30-62387327-3;ASOCIACION MUTUAL GUSTAVO COCHET;;;
1527803;18/08/2026;No Garantizado;NO;SI;NO;ECHEQ;NO;NO;C.I.;12:05:32;17:00:00;71;20;31,00;31,00;20;$;1.024.758,14;2;Negociada;12:38:14;;30-71642363-4;CENTRO DE SERVICIOS ATAC S.A.S.;AO;30-62387327-3;ASOCIACION MUTUAL GUSTAVO COCHET;;;
1527804;18/08/2026;Avalado;;SI;NO;ECHEQ;NO;NO;24Hs.;12:05:45;17:00:00;70;442;27,00;27,00;442;$;29.293.090,40;2;Negociada;14:49:44;AVAL;;Avaluar S.G.R.;AO;;;;;
1527805;18/08/2026;No Garantizado;NO;SI;NO;ECHEQ;NO;NO;C.I.;12:05:51;17:00:00;29;20;31,00;31,00;20;$;6.054.034,98;3;Negociada;12:38:30;;30-71787095-2;COOPERATIVA DE TRABAJO ECO SINERGIA LIMITADA;AO;30-62387327-3;ASOCIACION MUTUAL GUSTAVO COCHET;;;
1527806;18/08/2026;No Garantizado Calificado;NO;NO;NO;PAGARE;NO;NO;C.I.;12:06:12;17:00:00;300;764;8,50;8,50;764;DOL;50.000,00;1;Negociada;12:34:24;;30-70941894-3;EDISUR S. A.;;;;;;
1527807;18/08/2026;No Garantizado;NO;SI;NO;ECHEQ;NO;NO;C.I.;12:06:12;17:00:00;104;764;36,00;36,00;764;$;58.436.728,00;1;Negociada;12:33:07;;30-60468709-4;ZILLE S R L;AO;30-71541169-1;CUATRODEC SERVICIOS S.A.;;;
1527808;18/08/2026;No Garantizado;SI;SI;NO;FCE;NO;NO;C.I.;12:06:25;17:00:00;21;520;24,00;24,00;791;$;7.955.911,43;1;Negociada;15:27:56;%YHH;30-71588434-4;YPF S.A. - SPM ARGENTINA S.A. - AREA BANDURRIA SUR UNION TRANSITORIA;;;;;;
1527809;18/08/2026;No Garantizado;NO;SI;NO;ECHEQ;NO;NO;C.I.;12:06:55;17:00:00;42;20;31,00;31,00;20;$;6.045.733,54;1;Negociada;12:38:44;;30-70985875-7;CONSTRUCCIONES TRES S.R.L.;AO;30-62387327-3;ASOCIACION MUTUAL GUSTAVO COCHET;;;
1527810;18/08/2026;Avalado;;SI;NO;ECHEQ;NO;NO;C.I.;12:07:31;17:00:00;30;442;26,50;26,50;442;$;50.000.000,00;1;Negociada;14:47:03;AVAL;;Avaluar S.G.R.;AO;;;;;
1527811;18/08/2026;No Garantizado;SI;SI;NO;FCE;NO;NO;C.I.;12:07:32;17:00:00;24;791;24,00;24,00;791;$;27.267.324,90;1;Negociada;15:38:30;%YFH;30-71433561-4;YPF S.A - COMPAÑIA DE HIDROCARBURO NO CONVENCIONAL SRL AREA LOMA CAMPANA UTE;;;;;;
1527812;18/08/2026;Avalado;;SI;NO;ECHEQ;NO;NO;24Hs.;12:08:00;17:00:00;90;;;28,00;20;$;30.000.000,00;2;Desierta;;INPY;;Integra Pymes S.G.R.;AO;;;;;
1527813;18/08/2026;No Garantizado;NO;SI;NO;ECHEQ;NO;NO;24Hs.;12:08:00;17:00:00;14;539;35,00;35,00;767;$;9.325.000,00;1;Negociada;12:10:02;;30-71195185-3;DON ANTONIO S.R.L.;AO;30-71713141-6;F&M CONSTRUCCIONES S.A.S;;;
1527814;18/08/2026;No Garantizado;NO;SI;NO;ECHEQ;NO;NO;C.I.;12:08:18;17:00:00;37;20;31,00;31,00;20;$;13.667.571,00;3;Negociada;12:39:21;;27-26349511-5;VILLAN ELISABET MARIA LUISA;AO;30-62387327-3;ASOCIACION MUTUAL GUSTAVO COCHET;;;
1527815;18/08/2026;No Garantizado;SI;SI;NO;FCE;NO;NO;C.I.;12:08:32;17:00:00;27;520;23,60;23,60;791;$;13.736.930,23;1;Negociada;15:27:26;%BAG;30-70889578-0;BAGLEY ARGENTINA S. A.;;;;;;
1527816;18/08/2026;No Garantizado;SI;SI;NO;PAGARE;NO;NO;C.I.;12:08:34;17:00:00;84;569;10,00;10,00;569;DOL;200.000,00;2;Negociada;12:10:35;;33-65747663-9;MADERO HARBOUR S.A.;;33-65747663-9;MADERO HARBOUR S.A.;MiPyME FCE - Art. 7 Ley 27.440, Res. SEPYME 340/17, Art. 2 RG 4367/18 y RG 1019/24;;
1527817;18/08/2026;No Garantizado;NO;SI;NO;ECHEQ;NO;NO;C.I.;12:08:50;17:00:00;88;20;31,00;31,00;20;$;1.890.304,00;2;Negociada;12:39:37;;20-21921679-4;STUMPFLE MARIANO;AO;30-62387327-3;ASOCIACION MUTUAL GUSTAVO COCHET;;;
1527818;18/08/2026;No Garantizado Calificado;NO;SI;NO;PAGARE AJUSTE TAMAR;NO;NO;24Hs.;12:08:58;17:00:00;92;785;;;839;$;10.000.000,00;1;Negociada;16:13:43;;30-71496596-0;CONCEPTO ESTRATEGICO SA;;;;;98,02;98,02
1527819;18/08/2026;No Garantizado;NO;SI;NO;ECHEQ;NO;NO;C.I.;12:09:11;17:00:00;97;20;31,00;31,00;20;$;1.651.293,20;2;Negociada;12:39:53;;30-71690994-4;SAS FRENOS S.A.;AO;30-62387327-3;ASOCIACION MUTUAL GUSTAVO COCHET;;;
1527821;18/08/2026;No Garantizado;NO;SI;NO;ECHEQ;NO;NO;C.I.;12:09:30;17:00:00;10;20;31,00;31,00;20;$;50.000.000,00;2;Negociada;12:40:12;;33-71198512-9;JUSTO PERALTA SRL;AO;30-62387327-3;ASOCIACION MUTUAL GUSTAVO COCHET;;;
1527822;18/08/2026;No Garantizado;SI;SI;NO;ECHEQ;NO;NO;C.I.;12:09:33;17:00:00;42;718;29,00;29,00;718;$;40.000.000,00;2;Negociada;12:12:24;;30-71621651-5;CARNES ARGENTINAS SRL;AO;30-71621651-5;CARNES ARGENTINAS SRL;Certificado MiPyME;;
1527823;18/08/2026;No Garantizado;SI;SI;NO;PAGARE;NO;NO;C.I.;12:09:36;17:00:00;99;569;10,00;10,00;569;DOL;75.000,00;1;Negociada;12:11:37;;30-62928074-6;COMA S A;;30-62928074-6;COMA S A;Certificado MiPyME;;
1527824;18/08/2026;No Garantizado;NO;SI;NO;ECHEQ;NO;NO;C.I.;12:09:56;17:00:00;44;20;31,00;31,00;20;$;6.000.000,00;2;Negociada;12:40:26;;30-50866418-0;PEPA KNUBEL Y FERRERO S R L;AO;30-62387327-3;ASOCIACION MUTUAL GUSTAVO COCHET;;;
1527825;18/08/2026;No Garantizado;NO;SI;NO;ECHEQ;NO;NO;C.I.;12:10:10;17:00:00;36;20;31,00;31,00;20;$;436.015,11;1;Negociada;12:40:38;;30-50552322-5;E T M A ESTABLECIMIENTO TECNICO METALURGICO ARGENTINO S A;AO;30-62387327-3;ASOCIACION MUTUAL GUSTAVO COCHET;;;
1527826;18/08/2026;No Garantizado;NO;SI;NO;ECHEQ;NO;NO;C.I.;12:10:21;17:00:00;31;20;31,00;31,00;20;$;1.048.468,79;1;Negociada;12:41:04;;30-62379407-1;LISTEN S A C I Y M;AO;30-62387327-3;ASOCIACION MUTUAL GUSTAVO COCHET;;;
1527827;18/08/2026;Avalado;;SI;NO;ECHEQ;NO;NO;24Hs.;12:10:30;17:00:00;47;567;26,00;26,00;567;$;15.000.000,00;3;Negociada;12:12:32;PROM;;Promover S.G.R.;AO;;;;;
1527828;18/08/2026;No Garantizado;NO;SI;NO;ECHEQ;NO;NO;C.I.;12:10:30;17:00:00;22;20;31,00;31,00;20;$;245.463,68;1;Negociada;12:41:20;;30-71061289-3;TIPCO S. R. L.;AO;30-62387327-3;ASOCIACION MUTUAL GUSTAVO COCHET;;;
1527829;18/08/2026;No Garantizado;NO;SI;NO;ECHEQ;NO;NO;C.I.;12:10:43;17:00:00;58;20;31,00;31,00;20;$;5.445.000,00;1;Negociada;12:41:39;;23-30081809-9;GANDARA MATIAS DANIEL;AO;30-62387327-3;ASOCIACION MUTUAL GUSTAVO COCHET;;;
1527830;18/08/2026;No Garantizado;NO;SI;NO;ECHEQ;NO;NO;C.I.;12:11:02;17:00:00;45;20;31,00;31,00;20;$;500.000,00;1;Negociada;12:42:26;;30-58294743-7;YRIGOYEN REPUESTOS S R L;AO;30-62387327-3;ASOCIACION MUTUAL GUSTAVO COCHET;;;
1527831;18/08/2026;No Garantizado;NO;SI;NO;ECHEQ;NO;NO;C.I.;12:11:12;17:00:00;15;20;31,00;31,00;20;$;70.578.882,90;1;Negociada;12:42:44;;30-67250574-3;FREMAR S. R. L.;AO;30-62387327-3;ASOCIACION MUTUAL GUSTAVO COCHET;;;
1527832;18/08/2026;No Garantizado;NO;SI;NO;ECHEQ;NO;NO;C.I.;12:11:21;17:00:00;58;20;31,00;31,00;20;$;3.693.000,00;1;Negociada;12:42:56;;30-71905722-1;NRBG S.A.S.;AO;30-62387327-3;ASOCIACION MUTUAL GUSTAVO COCHET;;;
1527833;18/08/2026;Avalado;;SI;NO;ECHEQ;NO;NO;24Hs.;12:11:26;17:00:00;162;;;26,50;439;$;9.085.000,00;2;Desierta;;NEUQ;;Neuquen Pymes S.G.R.;AO;;;;;
1527834;18/08/2026;No Garantizado Calificado;NO;SI;NO;ECHEQ;NO;NO;C.I.;12:11:32;17:00:00;50;20;31,00;31,00;20;$;7.000.000,00;1;Negociada;12:43:08;;33-52310647-9;GANADEROS DE CERES COOPERATIVA LIMITADA;AO;30-62387327-3;ASOCIACION MUTUAL GUSTAVO COCHET;;;
1527835;18/08/2026;No Garantizado;NO;SI;NO;ECHEQ;NO;NO;C.I.;12:11:37;17:00:00;24;;;24,00;807;$;651.000,00;1;Desierta;;;23-12751134-9;ACEVEDO GERARDO OSCAR;AO;;;;;
1527836;18/08/2026;No Garantizado;SI;SI;NO;ECHEQ;NO;NO;C.I.;12:11:47;17:00:00;25;718;31,00;31,00;718;$;9.511.408,00;2;Negociada;12:13:49;;30-71037887-4;HIJOS DE ENRIQUE R. CANGIANO-SRL;AO;;;Certificado MiPyME;;
1527837;18/08/2026;No Garantizado;SI;SI;NO;ECHEQ;NO;NO;C.I.;12:12:05;17:00:00;26;718;31,00;31,00;718;$;8.812.127,60;2;Negociada;12:14:07;;30-71773274-6;QUETGLAS HERMANOS S.R.L.;AO;;;Certificado MiPyME;;
1527838;18/08/2026;No Garantizado;SI;SI;NO;FCE;NO;NO;C.I.;12:12:14;17:00:00;22;791;23,60;23,60;791;$;150.888.200,76;8;Negociada;16:00:33;%BAG;30-70889578-0;BAGLEY ARGENTINA S. A.;;;;;;
1527839;18/08/2026;No Garantizado;NO;SI;NO;ECHEQ;NO;NO;C.I.;12:12:16;17:00:00;50;;;24,00;807;$;5.143.485,34;1;Desierta;;;30-71022068-5;JOSE MORETTA S.A.;AO;;;;;
1527840;18/08/2026;No Garantizado;SI;SI;NO;ECHEQ;NO;NO;C.I.;12:12:17;17:00:00;30;718;31,00;31,00;718;$;7.264.024,00;2;Negociada;12:14:19;;30-71883731-2;AUTOSERVICIOS VELASQUEZ E HIJOS S. A.;AO;;;Certificado MiPyME;;
1527841;18/08/2026;No Garantizado;SI;SI;NO;ECHEQ;NO;NO;C.I.;12:12:31;17:00:00;36;718;31,00;31,00;718;$;21.007.924,00;1;Negociada;12:14:33;;30-71549120-2;MANZANAR S.R.L;AO;;;Certificado MiPyME;;
1527842;18/08/2026;No Garantizado;NO;SI;NO;ECHEQ;NO;NO;C.I.;12:12:37;17:00:00;40;465;38,00;38,00;465;$;5.000.000,00;3;Negociada;12:14:38;;30-71708887-1;7B INGENIERIA SRL;AO;30-71708887-1;7B INGENIERIA SRL;;;
1527843;18/08/2026;No Garantizado;SI;SI;NO;ECHEQ;NO;NO;C.I.;12:12:42;17:00:00;31;718;31,00;31,00;718;$;2.754.250,00;1;Negociada;12:14:44;;30-52320235-5;PANIFICADORA VENEZIANA S A;AO;;;Certificado MiPyME;;
1527844;18/08/2026;No Garantizado;NO;SI;NO;ECHEQ;NO;NO;C.I.;12:12:47;17:00:00;52;;;24,00;807;$;5.143.485,34;1;Desierta;;;30-71022068-5;JOSE MORETTA S.A.;AO;;;;;
1527845;18/08/2026;No Garantizado;SI;SI;NO;ECHEQ;NO;NO;C.I.;12:12:51;17:00:00;30;718;31,00;31,00;718;$;4.724.854,00;1;Negociada;12:14:52;;30-71216039-6;ALIMENTARIA S.R.L.;AO;;;Certificado MiPyME;;
1527846;18/08/2026;No Garantizado;SI;SI;NO;ECHEQ;NO;NO;C.I.;12:12:59;17:00:00;29;718;31,00;31,00;718;$;15.257.086,84;1;Negociada;12:15:00;;30-62964267-2;SUPERMERCADOS MAYORISTAS YAGUAR SOCIEDAD ANONIMA;AO;;;Certificado MiPyME;;
1527847;18/08/2026;No Garantizado;NO;SI;NO;ECHEQ;NO;NO;C.I.;12:13:07;17:00:00;57;;;24,00;807;$;5.143.485,34;1;Desierta;;;30-71022068-5;JOSE MORETTA S.A.;AO;;;;;
1527848;18/08/2026;No Garantizado;SI;SI;NO;ECHEQ;NO;NO;C.I.;12:13:09;17:00:00;29;718;31,00;31,00;718;$;14.043.657,60;1;Negociada;12:15:10;;30-70851946-0;CARLOS DE PUERTA S.R.L.;AO;;;Certificado MiPyME;;
1527849;18/08/2026;No Garantizado;SI;SI;NO;ECHEQ;SI;NO;C.I.;12:13:18;17:00:00;17;449;30,00;31,00;718;$;10.056.381,10;1;Negociada;12:16:41;;30-69847147-2;DINOSAURIO S.A.;NO;;;Certificado MiPyME;;
1527850;18/08/2026;No Garantizado;NO;SI;NO;ECHEQ;NO;NO;C.I.;12:13:23;17:00:00;36;465;38,00;38,00;465;$;2.500.000,00;1;Negociada;12:15:24;;30-71867442-1;APTO INGENIO S.A.S.;AO;30-71708887-1;7B INGENIERIA SRL;;;
1527851;18/08/2026;No Garantizado;NO;SI;NO;ECHEQ;NO;NO;C.I.;12:13:39;17:00:00;21;;;24,00;807;$;13.000.000,00;1;Desierta;;;20-22637970-4;BRANDAN ARAOZ JOSE MANUEL;AO;30-61941076-5;RIO FRANCO SA;;;
1527852;18/08/2026;Avalado;;SI;NO;ECHEQ;NO;NO;C.I.;12:13:40;17:00:00;35;406;21,00;21,00;422;$;800.000.000,00;1;Negociada;12:15:42;CMFI;;BANCO COMAFI S.A.;AO;;;;;
1527853;18/08/2026;No Garantizado;NO;SI;NO;ECHEQ;NO;NO;C.I.;12:14:02;17:00:00;83;;;24,00;807;$;4.963.314,52;1;Desierta;;;30-71022068-5;JOSE MORETTA S.A.;AO;;;;;
1527854;18/08/2026;No Garantizado;NO;SI;NO;ECHEQ;NO;NO;C.I.;12:14:03;17:00:00;72;433;35,00;35,00;433;$;13.000.000,00;2;Negociada;12:16:05;;30-62499819-3;BUROMAHTIK SOCIEDAD ANONIMA;AO;30-71682909-6;FULLCREDIT S.A.;;;
1527855;18/08/2026;No Garantizado;NO;SI;NO;ECHEQ;NO;NO;C.I.;12:14:30;17:00:00;15;;;24,00;807;$;1.000.000,00;1;Desierta;;;30-70903590-4;DOMENICONI MICROFUSION S.R.L.;AO;;;;;
1527856;18/08/2026;Avalado;;SI;NO;ECHEQ;NO;NO;24Hs.;12:14:30;17:00:00;47;852;26,00;26,00;567;$;5.000.000,00;1;Negociada;12:16:31;PROM;;Promover S.G.R.;AO;;;;;
1527857;18/08/2026;Avalado;;SI;NO;PAGARE;NO;NO;C.I.;12:14:33;17:00:00;141;734;6,00;6,00;702;U$S;67.000,00;1;Negociada;12:16:35;DOMA;;Don Mario S.G.R.;;;;;;
1527858;18/08/2026;Avalado;;SI;NO;ECHEQ;NO;NO;24Hs.;12:14:51;17:00:00;93;502;25,00;25,00;287;$;3.000.000,00;3;Negociada;14:17:14;FIDE;;Fidem S.G.R.;AO;;;;;
1527859;18/08/2026;No Garantizado;NO;SI;NO;ECHEQ;NO;NO;C.I.;12:14:56;17:00:00;13;;;24,00;807;$;103.803,42;1;Desierta;;;30-65233757-7;ACROPOLIS CABLES SA;AO;;;;;
1527860;18/08/2026;No Garantizado;NO;NO;NO;ECHEQ;NO;NO;24Hs.;12:15:06;17:00:00;57;427;40,00;40,00;427;$;10.000.000,00;2;Negociada;12:17:08;;33-57899918-9;UCACHA CEREALES S A;AO;33-57899918-9;UCACHA CEREALES S A;;;
1527861;18/08/2026;No Garantizado;NO;SI;NO;ECHEQ;NO;NO;C.I.;12:15:18;17:00:00;15;;;24,00;807;$;2.178.000,00;1;Desierta;;;30-53273491-2;COOPERATIVA AGROPECUARIA GENERAL PAZ DE MARCOS JUAREZ LIMITADA;AO;;;;;
1527862;18/08/2026;Avalado;;SI;NO;ECHEQ;NO;NO;C.I.;12:15:22;17:00:00;118;559;24,00;24,00;559;$;149.337.450,00;3;Negociada;12:24:01;GARA;;Garantizar S.G.R.;AO;;;;;
1527863;18/08/2026;No Garantizado;NO;SI;NO;ECHEQ;NO;NO;C.I.;12:15:34;17:00:00;59;;;24,00;807;$;2.900.000,00;1;Desierta;;;30-70997226-6;ARTICULOS DEL HOGAR S.R.L.;AO;;;;;
1527864;18/08/2026;No Garantizado;NO;SI;NO;ECHEQ;NO;NO;C.I.;12:15:52;17:00:00;22;;;24,00;807;$;510.606,48;1;Desierta;;;30-71009998-3;ERGOS S A;AO;;;;;
1527865;18/08/2026;No Garantizado Calificado;NO;SI;NO;PAGARE AJUSTE TAMAR;NO;NO;24Hs.;12:16:07;17:00:00;85;785;;;839;$;20.000.000,00;1;Negociada;16:18:18;;30-71496596-0;CONCEPTO ESTRATEGICO SA;;;;;98,17;98,17
1527866;18/08/2026;No Garantizado;NO;SI;NO;ECHEQ;NO;NO;C.I.;12:16:11;17:00:00;13;;;24,00;807;$;423.228,40;1;Desierta;;;30-71009998-3;ERGOS S A;AO;;;;;
1527867;18/08/2026;No Garantizado;NO;SI;NO;ECHEQ;NO;NO;C.I.;12:16:27;17:00:00;72;429;32,00;32,00;429;$;24.000.000,00;2;Negociada;12:18:29;;30-50351264-1;BITTI S A;AO;30-50351264-1;BITTI S A;;;
1527868;18/08/2026;No Garantizado;SI;SI;NO;PAGARE;NO;NO;C.I.;12:16:40;17:00:00;30;343;35,00;35,00;343;$;87.400.000,00;2;Negociada;12:18:42;;30-70967814-7;FRESKA SRL;;30-70967814-7;FRESKA SRL;Certificado MiPyME;;
1527869;18/08/2026;No Garantizado;NO;NO;NO;ECHEQ;NO;NO;24Hs.;12:16:41;17:00:00;64;427;40,00;40,00;427;$;10.000.000,00;1;Negociada;12:18:42;;33-57899918-9;UCACHA CEREALES S A;AO;33-57899918-9;UCACHA CEREALES S A;;;
1527870;18/08/2026;Avalado;;SI;NO;ECHEQ;NO;NO;C.I.;12:16:55;17:00:00;129;406;26,00;26,00;546;$;50.000.000,00;2;Negociada;12:48:49;ACPY;;Acindar Pymes S.G.R.;AO;;;;;
1527871;18/08/2026;No Garantizado;NO;SI;NO;PAGARE;NO;NO;C.I.;12:17:05;17:00:00;288;;;;546;$;3.000.000.000,00;3;Desierta (Baja);;;30-70856559-4;MIDING SOCIEDAD DE RESPONSABILIDAD LIMITADA;;30-70856559-4;MIDING SOCIEDAD DE RESPONSABILIDAD LIMITADA;;;
1527872;18/08/2026;No Garantizado;NO;NO;NO;PAGARE;NO;NO;C.I.;12:17:15;17:00:00;8;343;35,00;35,00;343;$;85.400.000,00;2;Negociada;12:19:16;;30-70967814-7;FRESKA SRL;;;;;;
1527873;18/08/2026;Avalado;;SI;NO;ECHEQ;NO;NO;24Hs.;12:17:16;17:00:00;30;406;23,00;23,00;546;$;25.337.420,58;3;Negociada;13:49:13;ACPY;;Acindar Pymes S.G.R.;AO;;;;;
1527874;18/08/2026;Avalado;;SI;NO;ECHEQ;NO;NO;24Hs.;12:17:48;17:00:00;80;;;27,00;559;$;26.959.692,48;24;Desierta;;UNIO;;Union S.G.R.;AO;;;;;
1527875;18/08/2026;No Garantizado;NO;SI;NO;ECHEQ;NO;NO;C.I.;12:18:05;17:00:00;14;;;24,00;807;$;8.601.168,49;1;Desierta;;;30-70813731-2;CENTRO ESTANT  S.A.;AO;;;;;
1527876;18/08/2026;Avalado;;SI;NO;ECHEQ;NO;NO;24Hs.;12:18:23;17:00:00;93;;;27,00;559;$;15.000.000,00;3;Desierta;;UNIO;;Union S.G.R.;AO;;;;;
1527877;18/08/2026;No Garantizado;NO;NO;NO;ECHEQ;NO;NO;24Hs.;12:18:58;17:00:00;27;;;25,00;702;$;2.000.000.000,00;1;Desierta;;;30-65511651-2;EDESUR S A;AO;30-65537309-4;COMPA#IA ADMINIST DEL MERCADO MAYORISTA ELECTRICO SOC ANONIMA;;;
1527878;18/08/2026;No Garantizado;NO;SI;NO;PAGARE;NO;NO;24Hs.;12:19:11;17:00:00;35;523;23,00;23,00;812;$;975.000.000,00;1;Negociada;12:35:10;;30-52162835-5;SAN CRISTOBAL CAJA MUTUAL ENTRE ASOCIADOS DE SAN CRISTOBAL S M S G;;30-52162835-5;SAN CRISTOBAL CAJA MUTUAL ENTRE ASOCIADOS DE SAN CRISTOBAL S M S G;;;
1527879;18/08/2026;No Garantizado;NO;SI;NO;ECHEQ;NO;NO;C.I.;12:19:28;17:00:00;14;764;29,00;29,00;764;$;50.000.000,00;1;Negociada;12:29:50;;30-70858741-5;HECTOR A. BERTONE S.A;AO;;;;;
1527881;18/08/2026;Avalado;;SI;NO;ECHEQ;NO;NO;24Hs.;12:20:00;17:00:00;90;406;23,50;23,50;442;$;100.000.000,00;2;Negociada;13:29:01;ACPY;;Acindar Pymes S.G.R.;AO;;;;;
1527882;18/08/2026;Garantizado;SI;SI;NO;ECHEQ;NO;NO;C.I.;12:20:31;17:00:00;63;406;24,00;24,00;449;$;100.000.000,00;10;Negociada;12:22:32;;;;AO;;;Certificado MiPyME;;
1527883;18/08/2026;Avalado;;SI;NO;ECHEQ;NO;NO;24Hs.;12:21:09;17:00:00;126;543;29,00;29,00;543;$;1.000.000,00;1;Negociada;15:58:15;RIGA;;RIG Avales S.G.R.;AO;;;;;
1527884;18/08/2026;Avalado;;SI;NO;ECHEQ;NO;NO;24Hs.;12:21:17;17:00:00;62;;;0,00;543;$;2.000.000,00;1;Desierta (Baja);;RIGA;;RIG Avales S.G.R.;AO;;;;;
1527885;18/08/2026;Avalado;;SI;NO;ECHEQ;NO;NO;24Hs.;12:21:28;17:00:00;40;;;25,00;543;$;5.000.000,00;1;Desierta;;RIGA;;RIG Avales S.G.R.;AO;;;;;
1527886;18/08/2026;No Garantizado;NO;SI;NO;ECHEQ;NO;NO;C.I.;12:21:42;17:00:00;36;754;32,00;32,00;754;$;15.807.120,00;1;Negociada;12:23:43;;30-71529626-4;ELECTROMECANICA MURO S.A.;AO;;;;;
1527887;18/08/2026;Avalado;;SI;NO;ECHEQ;NO;NO;24Hs.;12:22:01;17:00:00;41;754;26,00;26,00;754;$;9.000.000,00;1;Negociada;14:09:53;ACEN;;Avales del Centro S.G.R.;AO;;;;;
1527888;18/08/2026;Avalado;;SI;NO;ECHEQ;SI;NO;24Hs.;12:22:09;17:00:00;48;15;25,50;25,50;526;$;44.436.709,05;3;Negociada;14:23:09;NOVA;;INNOVA S.G.R.;NO;;;;;
1527889;18/08/2026;Avalado;;SI;NO;ECHEQ;NO;NO;C.I.;12:22:19;17:00:00;106;754;30,00;30,00;754;$;25.000.000,00;1;Negociada;14:10:35;ACEN;;Avales del Centro S.G.R.;AO;;;;;
1527890;18/08/2026;Avalado;;SI;NO;ECHEQ;NO;NO;C.I.;12:22:30;17:00:00;105;852;29,00;30,00;754;$;25.000.000,00;1;Negociada;14:10:42;ACEN;;Avales del Centro S.G.R.;AO;;;;;
1527891;18/08/2026;No Garantizado;SI;SI;NO;PAGARE;NO;NO;C.I.;12:22:38;17:00:00;59;569;10,00;10,00;569;DOL;162.720,00;1;Negociada;12:24:40;;30-71639823-0;INVOITRADE S.A.;;30-71639823-0;INVOITRADE S.A.;MiPyME FCE - Art. 7 Ley 27.440, Res. SEPYME 340/17, Art. 2 RG 4367/18 y RG 1019/24;;
1527892;18/08/2026;No Garantizado;SI;SI;NO;ECHEQ;NO;NO;C.I.;12:22:42;17:00:00;10;754;32,00;32,00;754;$;1.139.316,73;1;Negociada;12:24:44;;30-50357927-4;CYRE SA;AO;;;Certificado MiPyME;;
1527893;18/08/2026;Garantizado;SI;SI;NO;ECHEQ;NO;NO;C.I.;12:22:46;17:00:00;24;;;23,00;559;$;50.000.000,00;1;Desierta;;;;;AO;;;Certificado MiPyME;;
1527894;18/08/2026;Avalado;;SI;NO;ECHEQ;SI;NO;24Hs.;12:23:02;17:00:00;138;754;31,50;31,50;754;$;6.500.000,00;1;Negociada;16:51:23;ACEN;;Avales del Centro S.G.R.;NO;;;;;
1527895;18/08/2026;No Garantizado;SI;SI;NO;FCE;NO;NO;C.I.;12:23:09;17:00:00;7;791;24,50;24,50;791;$;31.289.232,00;1;Negociada;16:02:09;%PPB;30-56025419-5;PBBPOLISUR SOCIEDAD DE RESPONSABILIDAD LIMITADA;;;;;;
1527896;18/08/2026;No Garantizado;SI;NO;NO;ECHEQ;NO;NO;C.I.;12:23:17;17:00:00;17;15;29,00;29,00;15;$;20.000.000,00;1;Negociada;12:25:19;;30-50465745-7;NOVACAP S A I C A;AO;30-50465745-7;NOVACAP S A I C A;Certificado MiPyME;;
1527897;18/08/2026;No Garantizado;NO;SI;NO;ECHEQ;NO;NO;C.I.;12:23:34;17:00:00;22;526;34,99;34,99;526;$;7.969.655,42;1;Negociada;13:33:55;;30-71637104-9;RONAN S.A.S.;AO;;;;;
1527899;18/08/2026;No Garantizado;NO;SI;NO;ECHEQ;NO;NO;C.I.;12:24:08;17:00:00;59;433;28,00;28,00;433;$;110.130.435,88;2;Negociada;12:39:09;;34-99903208-9;GOBIERNO DE LA CIUDAD DE BUENOS AIRES;AO;;;;;
1527900;18/08/2026;Avalado;;SI;NO;PAGARE;NO;NO;24Hs.;12:24:09;17:00:00;253;;;7,00;543;U$D;19.000,00;1;Desierta;;RIGA;;RIG Avales S.G.R.;;;;;;
1527901;18/08/2026;No Garantizado;SI;SI;NO;ECHEQ;NO;NO;C.I.;12:24:34;17:00:00;36;754;32,00;32,00;754;$;50.000.000,00;1;Negociada;12:26:36;;30-71640610-1;S&S SOLUTIONS S.A;AO;30-71640610-1;S&S SOLUTIONS S.A;Certificado MiPyME;;
1527902;18/08/2026;Avalado;;SI;NO;ECHEQ;NO;NO;C.I.;12:24:57;17:00:00;178;;;24,00;559;$;100.000.000,00;1;Desierta;;FAEC;;FIDEICOM.DE AFECT. ESPEC.;AO;;;;;
1527903;18/08/2026;Avalado;;SI;NO;ECHEQ;NO;NO;24Hs.;12:24:57;17:00:00;92;;;26,00;785;$;200.000.000,00;4;Desierta;;FEDE;;Aval Federal S.G.R.;AO;;;;;
1527904;18/08/2026;Avalado;;SI;NO;ECHEQ;NO;NO;C.I.;12:25:58;17:00:00;178;;;24,00;559;$;220.000.000,00;1;Desierta;;CUAV;;Cuyo Aval S.G.R.;AO;;;;;
1527905;18/08/2026;No Garantizado;NO;SI;NO;PAGARE;NO;NO;24Hs.;12:26:05;17:00:00;99;754;8,25;8,25;754;DOL;300.000,00;3;Negociada;12:47:34;;30-50064577-2;MERANOL SACI;;30-50064577-2;MERANOL SACI;;;
1527906;18/08/2026;No Garantizado;NO;SI;NO;PAGARE;NO;NO;24Hs.;12:26:28;17:00:00;117;754;8,25;8,25;754;DOL;200.000,00;2;Negociada;12:47:42;;30-50064577-2;MERANOL SACI;;30-50064577-2;MERANOL SACI;;;
1527907;18/08/2026;Garantizado;SI;SI;NO;ECHEQ;NO;NO;24Hs.;12:28:40;17:00:00;21;406;25,00;25,00;754;$;1.017.880,00;2;Negociada;12:30:41;;;;AO;;;Certificado MiPyME;;
1527908;18/08/2026;Garantizado Calificado;SI;SI;NO;ECHEQ;NO;NO;24Hs.;12:28:50;17:00:00;23;406;25,00;25,00;754;$;10.344.400,00;2;Negociada;12:30:51;;;;AO;;;Certificado MiPyME;;
1527909;18/08/2026;Garantizado;NO;SI;NO;ECHEQ;NO;NO;C.I.;12:29:07;17:00:00;21;;;26,00;754;$;9.341.855,65;5;Desierta;;;;;AO;;;;;
1527910;18/08/2026;Avalado;;SI;NO;ECHEQ;NO;NO;24Hs.;12:29:20;17:00:00;14;754;25,00;25,00;754;$;29.049.531,04;4;Negociada;12:56:03;ACEN;;Avales del Centro S.G.R.;AO;;;;;
1527911;18/08/2026;Avalado;;SI;NO;ECHEQ;NO;NO;C.I.;12:30:13;17:00:00;58;406;23,00;23,00;545;$;20.000.000,00;2;Negociada;12:51:17;ACPY;;Acindar Pymes S.G.R.;AO;;;;;
1527912;18/08/2026;No Garantizado;SI;SI;NO;FCE;NO;NO;C.I.;12:30:44;17:00:00;7;;;27,00;525;$;15.998.019,84;1;Desierta;;%HAL;30-50361098-8;HALLIBURTON ARGENTINA SOCIEDAD DE RESPONSABILIDAD LIMITADA;;;;;;
1527913;18/08/2026;Avalado;;SI;NO;ECHEQ;NO;NO;24Hs.;12:34:54;17:00:00;64;449;23,99;24,00;449;$;31.613.387,00;5;Negociada;13:58:03;ACPY;;Acindar Pymes S.G.R.;AO;;;;;
1527914;18/08/2026;Avalado;;SI;NO;ECHEQ;NO;NO;C.I.;12:36:12;17:00:00;63;767;29,00;29,00;543;$;2.000.000,00;1;Negociada;13:35:40;RIGA;;RIG Avales S.G.R.;AO;;;;;
1527915;18/08/2026;No Garantizado;SI;SI;NO;ECHEQ;NO;NO;C.I.;12:37:21;17:00:00;120;812;30,50;30,50;812;$;19.335.818,51;1;Negociada;12:39:23;;30-53116466-7;COOPERATIVA AGRICOLA GANADERA DE VIDELA LIMITADA;AO;30-68934701-7;CHIMAGRO SA;Certificado MiPyME;;
1527916;18/08/2026;No Garantizado;SI;SI;NO;ECHEQ;NO;NO;C.I.;12:37:40;17:00:00;119;812;30,50;30,50;812;$;11.927.824,00;1;Negociada;12:39:41;;30-55641054-9;COMINI HERMANOS SOCIEDAD ANONIMA;AO;30-68934701-7;CHIMAGRO SA;Certificado MiPyME;;
1527917;18/08/2026;No Garantizado;SI;SI;NO;ECHEQ;NO;NO;C.I.;12:37:59;17:00:00;148;812;30,50;30,50;812;$;29.259.975,69;1;Negociada;12:40:02;;30-71715701-6;INN AGRO CROP SRL;AO;30-68934701-7;CHIMAGRO SA;Certificado MiPyME;;
1527918;18/08/2026;Avalado;;NO;NO;ECHEQ;NO;NO;24Hs.;12:39:01;17:00:00;161;;;28,00;502;$;8.550.000,00;2;Desierta;;RESI;;Resiliencia S.G.R.;AO;;;;;
1527919;18/08/2026;No Garantizado;NO;NO;NO;ECHEQ;NO;NO;24Hs.;12:39:50;17:00:00;33;767;30,00;30,00;767;$;155.015.500,00;10;Negociada;12:41:51;;30-70729176-8;BROADBANDTECH S.A.;AO;30-69007604-3;SION S. A.;;;
1527920;18/08/2026;No Garantizado;NO;NO;NO;ECHEQ;NO;NO;24Hs.;12:40:37;17:00:00;155;767;34,00;34,00;767;$;47.400.000,00;7;Negociada;12:42:38;;33-66840682-9;ESACOM S.A.;AO;30-71198499-9;PLEM S. A.;;;
1527921;18/08/2026;No Garantizado;SI;SI;NO;PAGARE;NO;NO;C.I.;12:42:00;17:00:00;64;569;40,00;40,00;569;$;200.000.000,00;1;Negociada;12:44:02;;30-57839578-0;LA MORALEJA SOCIEDAD ANONIMA;;30-57839578-0;LA MORALEJA SOCIEDAD ANONIMA;MiPyME FCE - Art. 7 Ley 27.440, Res. SEPYME 340/17, Art. 2 RG 4367/18 y RG 1019/24;;
1527922;18/08/2026;No Garantizado;NO;SI;NO;ECHEQ;NO;NO;C.I.;12:42:07;17:00:00;60;571;32,00;32,00;571;$;16.152.518,43;3;Negociada;12:44:08;;30-71606289-5;HALCONES DORADOS S. R. L.;AO;30-65649785-4;COOPERATIVA DE VIVIENDA CREDITO Y CONSUMO AMIGAL LIMITADA;;;
1527923;18/08/2026;No Garantizado;NO;SI;NO;ECHEQ;NO;NO;C.I.;12:42:21;17:00:00;84;785;30,00;30,00;785;$;70.000.000,00;4;Negociada;12:44:22;;30-71004488-7;SOCIEDAD INVERSORA FIDUCIARIA SA;AO;30-71004488-7;SOCIEDAD INVERSORA FIDUCIARIA SA;;;
1527924;18/08/2026;No Garantizado Calificado;NO;SI;NO;ECHEQ;NO;NO;C.I.;12:42:27;17:00:00;41;571;32,00;32,00;571;$;7.861.527,08;1;Negociada;12:44:29;;30-71456675-6;CR2 S.R.L.;AO;30-65649785-4;COOPERATIVA DE VIVIENDA CREDITO Y CONSUMO AMIGAL LIMITADA;;;
1527925;18/08/2026;No Garantizado;NO;NO;NO;ECHEQ;NO;NO;24Hs.;12:42:57;17:00:00;104;767;30,00;30,00;767;$;600.000.000,00;6;Negociada;12:44:59;;30-50333978-8;ESKABE S A;AO;30-50333978-8;ESKABE S A;;;
1527926;18/08/2026;No Garantizado;NO;NO;NO;ECHEQ;NO;NO;24Hs.;12:43:33;17:00:00;44;767;30,00;30,00;767;$;10.263.609,00;1;Negociada;12:45:34;;27-34950522-9;CALVO ANA LIA;AO;30-50342334-7;TALLERES METALURGICOS CRUCIANELLI SA;;;
1527927;18/08/2026;No Garantizado Calificado;NO;SI;NO;ECHEQ;NO;NO;24Hs.;12:45:12;17:00:00;177;537;39,00;39,00;598;$;8.445.000,00;2;Negociada;12:51:07;;30-51829368-7;COOPERATIVA DE TABACALEROS DE JUJUY LIMITADA.-;AO;;;;;
1527928;18/08/2026;Avalado;;SI;NO;ECHEQ;SI;NO;C.I.;12:46:09;17:00:00;44;572;27,50;27,50;567;$;25.000.000,00;1;Negociada;12:52:48;PROM;;Promover S.G.R.;NO;;;;;
1527929;18/08/2026;Avalado;;SI;NO;ECHEQ;NO;NO;C.I.;12:46:33;17:00:00;94;529;27,00;27,00;529;$;15.125.246,50;4;Negociada;13:10:12;AVLR;;Aval Ar S.G.R.;AO;;;;;
1527930;18/08/2026;Avalado;;SI;NO;ECHEQ;NO;NO;C.I.;12:46:43;17:00:00;140;406;25,00;25,00;14;$;50.000.000,00;3;Negociada;12:48:45;CAMP;;Campo Aval S.G.R.;AO;;;;;
1527931;18/08/2026;No Garantizado;NO;NO;NO;ECHEQ;NO;NO;C.I.;12:46:48;17:00:00;99;769;36,00;36,00;769;$;63.552.835,60;1;Negociada;12:48:49;;33-71190376-9;AGRI LIQUID SOLUTIONS ARGENTINA S.A.;AO;30-71144988-0;PTP ARGENTINA S. A.;;;
1527932;18/08/2026;Avalado;;NO;NO;ECHEQ;NO;NO;24Hs.;12:47:55;17:00:00;106;569;27,00;27,00;569;$;364.000.000,00;11;Negociada;12:57:52;ZOFI;;Zofingen S.G.R.;AO;;;;;
1527933;18/08/2026;Avalado;;NO;NO;ECHEQ;NO;NO;24Hs.;12:48:04;17:00:00;31;;;24,00;502;$;40.000.000,00;4;Desierta;;AVAL;;Avaluar S.G.R.;AO;;;;;
1527934;18/08/2026;No Garantizado Calificado;NO;SI;NO;PAGARE;NO;NO;C.I.;12:48:07;17:00:00;63;406;32,00;32,00;406;$;49.100.000,00;1;Negociada;12:51:43;;30-69049796-0;FEDERAL COMUNICACIONES S.A.;;30-69049796-0;FEDERAL COMUNICACIONES S.A.;;;
1527935;18/08/2026;Avalado;;SI;NO;ECHEQ;NO;NO;24Hs.;12:48:07;17:00:00;139;502;24,00;24,00;14;$;50.000.000,00;1;Negociada;14:17:42;CAMP;;Campo Aval S.G.R.;AO;;;;;
1527936;18/08/2026;Avalado;;SI;NO;ECHEQ;NO;NO;C.I.;12:48:13;17:00:00;23;501;21,00;21,00;767;$;8.645.029,28;1;Negociada;12:50:14;FGJY;;FOGAJUY;AO;;;;;
1527937;18/08/2026;No Garantizado;NO;SI;NO;PAGARE;NO;NO;C.I.;12:49:07;17:00:00;91;724;25,00;25,00;724;$;1.102.000.000,00;1;Negociada;12:51:09;;33-71601839-9;INTEGRA RECURSOS NATURALES S.A.;;33-71601839-9;INTEGRA RECURSOS NATURALES S.A.;;;
1527938;18/08/2026;No Garantizado;SI;SI;NO;ECHEQ;NO;NO;C.I.;12:49:10;17:00:00;154;433;33,00;33,00;433;$;25.000.000,00;1;Negociada;12:51:11;;30-67388202-8;INDUSTRIAS ERCA S A;AO;30-67388202-8;INDUSTRIAS ERCA S A;Certificado MiPyME;;
1527939;18/08/2026;Avalado;;SI;NO;ECHEQ;NO;NO;C.I.;12:49:13;17:00:00;49;;;0,00;15;$;10.000.000,00;1;Desierta (Baja);;FEDE;;Aval Federal S.G.R.;AO;;;;;
1527940;18/08/2026;Avalado;;SI;NO;ECHEQ;NO;NO;C.I.;12:49:26;17:00:00;41;406;25,00;25,00;839;$;10.000.000,00;1;Negociada;12:51:27;FINT;;Fintech S.G.R.;AO;;;;;
1527941;18/08/2026;No Garantizado;NO;SI;NO;PAGARE;NO;NO;C.I.;12:49:38;17:00:00;91;724;25,00;25,00;724;$;883.000.000,00;1;Negociada;12:51:39;;33-71601839-9;INTEGRA RECURSOS NATURALES S.A.;;33-71601839-9;INTEGRA RECURSOS NATURALES S.A.;;;
1527942;18/08/2026;Avalado;;SI;NO;ECHEQ;NO;NO;24Hs.;12:49:59;17:00:00;50;559;24,00;24,00;559;$;16.953.241,07;4;Negociada;12:58:39;GARA;;Garantizar S.G.R.;AO;;;;;
1527943;18/08/2026;No Garantizado;NO;SI;NO;PAGARE;NO;NO;C.I.;12:50:02;17:00:00;71;724;25,00;25,00;724;$;707.000.000,00;1;Negociada;12:52:04;;30-50054484-4;COMPAÑIA MINERA AGUILAR S.A.;;30-50054484-4;COMPAÑIA MINERA AGUILAR S.A.;;;
1527944;18/08/2026;Avalado;;SI;NO;ECHEQ;NO;NO;24Hs.;12:50:19;17:00:00;65;406;25,00;25,00;701;$;15.676.647,21;1;Negociada;14:54:35;ACPY;;Acindar Pymes S.G.R.;AO;;;;;
1527945;18/08/2026;Avalado;;SI;NO;ECHEQ;NO;NO;24Hs.;12:50:50;17:00:00;29;406;22,00;23,00;526;$;152.792.235,54;54;Negociada;12:59:13;BIND;;Garantias Bind S.G.R.;AO;;;;;
1527946;18/08/2026;No Garantizado;NO;SI;NO;ECHEQ;NO;NO;C.I.;12:50:58;17:00:00;65;465;32,00;32,00;465;$;10.000.000,00;2;Negociada;12:53:00;;30-71489606-3;INNOVACION ONCATIVO S.A.;AO;30-70967347-1;LOS HORMIGUEROS S.A.;;;
1527947;18/08/2026;Avalado;;NO;NO;PAGARE;NO;NO;24Hs.;12:52:07;17:00:00;251;754;7,00;7,00;754;DOL;10.000,00;1;Negociada;13:08:47;ACEN;;Avales del Centro S.G.R.;;;;;;
1527948;18/08/2026;Avalado;;NO;NO;PAGARE;NO;NO;24Hs.;12:52:18;17:00:00;244;754;7,00;7,00;754;DOL;10.000,00;1;Negociada;13:08:57;ACEN;;Avales del Centro S.G.R.;;;;;;
1527949;18/08/2026;No Garantizado;NO;SI;NO;ECHEQ;SI;NO;C.I.;12:52:36;17:00:00;15;529;26,00;26,00;529;$;691.663,94;1;Negociada;12:54:38;;30-69847147-2;DINOSAURIO S.A.;NO;;;;;
1527950;18/08/2026;Avalado;;SI;NO;ECHEQ;NO;NO;C.I.;12:55:07;17:00:00;77;406;25,00;25,00;406;$;20.000.000,00;1;Negociada;13:36:09;ARPY;;Argenpymes S.G.R.;AO;;;;;
1527951;18/08/2026;No Garantizado;NO;SI;NO;ECHEQ;NO;NO;C.I.;12:55:07;17:00:00;45;539;50,00;50,00;767;$;2.397.650,80;2;Negociada;12:57:08;;20-22277535-4;MONASTERIO AGUSTIN FEDERICO;AO;33-71735413-9;COMERCIALIZADORA VM S. A. S.;;;
1527952;18/08/2026;Avalado;;SI;NO;ECHEQ;NO;NO;C.I.;12:55:15;17:00:00;35;406;23,00;23,00;839;$;9.350.000,00;1;Negociada;12:57:16;ARPY;;Argenpymes S.G.R.;AO;;;;;
1527953;18/08/2026;No Garantizado;NO;SI;NO;ECHEQ;NO;NO;C.I.;12:55:37;17:00:00;67;433;32,00;32,00;433;$;209.500.000,00;2;Negociada;12:57:38;;30-70905864-5;SAKE SOCIEDAD DE RESPONSABILIDAD LIMITADA;AO;30-70905864-5;SAKE SOCIEDAD DE RESPONSABILIDAD LIMITADA;;;
1527954;18/08/2026;Avalado;;SI;NO;ECHEQ;NO;NO;C.I.;12:56:43;17:00:00;31;406;24,00;24,00;406;$;27.000.000,00;3;Negociada;13:34:50;ARPY;;Argenpymes S.G.R.;AO;;;;;
1527955;18/08/2026;Avalado;;SI;NO;ECHEQ;NO;NO;24Hs.;12:57:26;17:00:00;23;406;23,00;23,00;20;$;60.000.000,00;2;Negociada;13:03:00;ACPY;;Acindar Pymes S.G.R.;AO;;;;;
1527956;18/08/2026;Avalado;;SI;NO;ECHEQ;NO;NO;24Hs.;12:57:29;17:00:00;116;501;23,00;23,00;545;$;1.000.000,00;2;Negociada;13:10:08;FGLR;;Fdo.de Gtia.Pub. La Rioja;AO;;;;;
1527957;18/08/2026;Avalado;;SI;NO;ECHEQ;SI;NO;24Hs.;12:57:47;17:00:00;89;567;22,00;22,00;20;$;54.236.046,62;1;Negociada;14:20:17;GARA;;Garantizar S.G.R.;NO;;;;;
1527958;18/08/2026;Avalado;;SI;NO;ECHEQ;SI;NO;24Hs.;12:58:01;17:00:00;44;716;28,50;28,50;545;$;1.500.000,00;1;Negociada;13:04:07;FGLR;;Fdo.de Gtia.Pub. La Rioja;NO;;;;;
1527959;18/08/2026;No Garantizado;SI;SI;NO;ECHEQ;NO;NO;C.I.;12:58:51;17:00:00;64;546;27,50;27,50;546;$;45.623.742,62;1;Negociada;15:47:06;;30-68584975-1;DIA ARGENTINA S A;AO;30-66347886-5;PAN S COMPANY S A;Certificado MiPyME;;
1527960;18/08/2026;No Garantizado;NO;SI;NO;ECHEQ;SI;NO;24Hs.;12:59:00;17:00:00;15;723;27,00;27,00;559;$;129.983.463,16;1;Negociada;14:22:33;;30-60520678-2;GRUPO AYUDIN ARGENTINA S. A.;NO;;;;;
1527961;18/08/2026;Avalado;;SI;NO;ECHEQ;SI;NO;C.I.;12:59:06;17:00:00;43;501;21,00;21,00;545;$;1.400.000,00;2;Negociada;13:04:29;FGLR;;Fdo.de Gtia.Pub. La Rioja;NO;;;;;
1527962;18/08/2026;Avalado;;SI;NO;ECHEQ;NO;NO;24Hs.;12:59:13;17:00:00;68;523;22,00;22,00;20;$;168.489.947,11;2;Negociada;14:20:27;GARA;;Garantizar S.G.R.;AO;;;;;
1527963;18/08/2026;Avalado;;SI;NO;ECHEQ;NO;NO;24Hs.;12:59:14;17:00:00;51;11;25,00;25,00;11;$;93.000.000,00;12;Negociada;13:09:47;FIDU;;Fid Aval S.G.R.;AO;;;;;
1527964;18/08/2026;Avalado;;SI;NO;ECHEQ;SI;NO;C.I.;12:59:19;17:00:00;103;501;23,00;23,00;545;$;1.300.000,00;2;Negociada;13:05:06;FGLR;;Fdo.de Gtia.Pub. La Rioja;NO;;;;;
1527965;18/08/2026;No Garantizado Calificado;NO;SI;NO;ECHEQ;NO;NO;C.I.;12:59:29;17:00:00;10;571;35,00;35,00;571;$;3.014.231,00;1;Negociada;13:01:30;;30-71771000-9;BLANESI S. A.;AO;30-71781620-6;DIABLA;;;
1527966;18/08/2026;No Garantizado;NO;SI;NO;PAGARE;NO;NO;24Hs.;12:59:31;17:00:00;51;526;28,00;28,00;754;$;50.000.000,00;1;Negociada;13:21:41;;30-70085417-1;COOPERATIVA DE VIVIENDA, CREDITO Y CONSUMO DEL LITORAL LIMITADA;;30-70085417-1;COOPERATIVA DE VIVIENDA, CREDITO Y CONSUMO DEL LITORAL LIMITADA;;;
1527967;18/08/2026;Avalado;;SI;NO;ECHEQ;SI;NO;C.I.;12:59:38;17:00:00;166;501;24,00;24,00;545;$;1.200.000,00;2;Negociada;13:06:23;FGLR;;Fdo.de Gtia.Pub. La Rioja;NO;;;;;
1527968;18/08/2026;Avalado;;SI;NO;ECHEQ;NO;NO;24Hs.;13:00:02;17:00:00;20;;;;559;$;6.924.830,00;3;Desierta (Baja);;CAMP;;Campo Aval S.G.R.;AO;;;;;
1527969;18/08/2026;Avalado;;SI;NO;ECHEQ;NO;NO;24Hs.;13:00:07;17:00:00;16;287;24,00;24,00;526;$;677.158.750,07;3;Negociada;13:15:00;POTE;;Potenciar S.G.R.;AO;;;;;
1527970;18/08/2026;No Garantizado;NO;SI;NO;ECHEQ;NO;NO;C.I.;13:00:32;17:00:00;38;;;0,00;545;$;36.000.000,00;2;Desierta (Baja);;;30-71422026-4;RACING EXPERIENCE S. A.;AO;;;;;
1527971;18/08/2026;No Garantizado;NO;SI;NO;ECHEQ;NO;NO;C.I.;13:00:36;17:00:00;28;571;35,00;35,00;571;$;4.095.221,51;1;Negociada;13:02:38;;30-71883690-1;LOS DELL'ISOLA S.R.L.;AO;30-71781620-6;DIABLA;;;
1527972;18/08/2026;Avalado;;SI;NO;ECHEQ;NO;NO;24Hs.;13:00:47;17:00:00;31;422;21,00;21,00;422;$;29.891.356,00;2;Negociada;13:36:13;CMFI;;BANCO COMAFI S.A.;AO;;;;;
1527973;18/08/2026;Avalado;;SI;NO;ECHEQ;NO;NO;24Hs.;13:00:57;17:00:00;26;422;21,00;21,00;422;$;33.469.765,09;3;Negociada;13:36:33;CMFI;;BANCO COMAFI S.A.;AO;;;;;
1527974;18/08/2026;No Garantizado;SI;SI;NO;ECHEQ;NO;NO;C.I.;13:01:02;17:00:00;43;539;39,00;39,00;423;$;5.081.895,01;1;Negociada;13:03:04;;30-71478860-0;NUTRILL S.A.;AO;30-71494675-3;ORTOPEDIA PIERO S.R.L.;Certificado MiPyME;;
1527975;18/08/2026;No Garantizado;NO;SI;NO;ECHEQ;NO;NO;C.I.;13:01:07;17:00:00;30;427;37,00;37,00;427;$;4.992.822,56;1;Negociada;13:03:08;;30-70958256-5;AGROPECUARIA LA CIMARRONA S.R.L.;AO;;;;;
1527976;18/08/2026;Avalado;;SI;NO;ECHEQ;SI;NO;24Hs.;13:01:08;17:00:00;57;422;22,00;22,00;422;$;6.000.000,00;3;Negociada;13:36:51;CMFI;;BANCO COMAFI S.A.;NO;;;;;
1527977;18/08/2026;Avalado;;SI;NO;ECHEQ;NO;NO;C.I.;13:01:22;17:00:00;98;406;25,00;25,00;406;$;40.000.000,00;8;Negociada;13:27:28;ARPY;;Argenpymes S.G.R.;AO;;;;;
1527978;18/08/2026;No Garantizado;SI;SI;NO;ECHEQ;NO;NO;C.I.;13:01:22;17:00:00;26;423;39,00;39,00;423;$;1.326.000,00;2;Negociada;13:14:25;;30-54617333-6;POLICLINICOS UNION S.A.;AO;30-71494675-3;ORTOPEDIA PIERO S.R.L.;Certificado MiPyME;;
1527979;18/08/2026;Avalado;;SI;NO;ECHEQ;SI;NO;C.I.;13:01:23;17:00:00;14;;;0,00;422;$;21.220.364,88;1;Desierta (Baja);;CMFI;;BANCO COMAFI S.A.;NO;;;;;
1527980;18/08/2026;No Garantizado;NO;SI;NO;PAGARE;NO;NO;C.I.;13:01:31;17:00:00;63;769;40,00;40,00;769;$;30.000.000,00;1;Negociada;13:07:50;;30-68271370-0;MUTUAL A M F A Y S ASOCIACION MUTUAL;;30-68271370-0;MUTUAL A M F A Y S ASOCIACION MUTUAL;;;
1527981;18/08/2026;Avalado;;SI;NO;ECHEQ;NO;NO;24Hs.;13:01:33;17:00:00;55;422;22,00;22,00;422;$;3.788.200,00;1;Negociada;13:37:09;CMFI;;BANCO COMAFI S.A.;AO;;;;;
1527982;18/08/2026;No Garantizado;NO;SI;NO;PAGARE;NO;NO;24Hs.;13:01:36;17:00:00;27;537;12,00;12,00;537;DOL;200,00;1;Negociada;13:05:58;;30-71738332-6;VALERZA LLC;;30-71738332-6;VALERZA LLC;;;
1527983;18/08/2026;Avalado;;SI;NO;ECHEQ;NO;NO;24Hs.;13:01:56;17:00:00;29;422;21,00;21,00;422;$;30.500.000,00;3;Negociada;13:37:40;CMFI;;BANCO COMAFI S.A.;AO;;;;;
1527984;18/08/2026;Avalado;;SI;NO;ECHEQ;NO;NO;C.I.;13:02:09;17:00:00;71;;;0,00;422;$;9.000.000,00;3;Desierta (Baja);;CMFI;;BANCO COMAFI S.A.;AO;;;;;
1527985;18/08/2026;Avalado;;SI;NO;ECHEQ;NO;NO;24Hs.;13:02:18;17:00:00;60;422;22,00;22,00;422;$;7.500.000,00;3;Negociada;13:38:00;CMFI;;BANCO COMAFI S.A.;AO;;;;;
1527986;18/08/2026;Avalado;;SI;NO;ECHEQ;NO;NO;24Hs.;13:02:28;17:00:00;113;422;23,00;23,00;422;$;50.000.000,00;5;Negociada;13:38:20;CMFI;;BANCO COMAFI S.A.;AO;;;;;
1527987;18/08/2026;Avalado;;SI;NO;ECHEQ;SI;NO;24Hs.;13:02:38;17:00:00;177;422;24,00;24,00;422;$;10.000.000,00;1;Negociada;13:38:37;CMFI;;BANCO COMAFI S.A.;NO;;;;;
1527988;18/08/2026;No Garantizado;NO;SI;NO;ECHEQ;NO;NO;24Hs.;13:02:51;17:00:00;57;;;;767;$;6.000.000,00;3;Desierta;;;33-71881245-9;ARGENBRAS S. A. S.;AO;20-32795196-4;VAN BREEDAM EMMANUEL;;;
1527989;18/08/2026;Avalado;;SI;NO;ECHEQ;NO;NO;C.I.;13:02:54;17:00:00;45;;;0,00;422;$;3.036.447,61;2;Desierta (Baja);;CMFI;;BANCO COMAFI S.A.;AO;;;;;
1527990;18/08/2026;Avalado;;SI;NO;ECHEQ;NO;NO;24Hs.;13:02:59;17:00:00;62;523;22,00;22,00;720;$;437.741.780,00;35;Negociada;13:05:01;BAIN;;BANCO INDUSTRIAL SA;AO;;;;;
1527991;18/08/2026;Avalado;;SI;NO;ECHEQ;NO;NO;24Hs.;13:03:25;17:00:00;32;422;21,00;21,00;422;$;18.805.242,58;4;Negociada;13:38:57;CMFI;;BANCO COMAFI S.A.;AO;;;;;
1527992;18/08/2026;No Garantizado;NO;NO;NO;ECHEQ;NO;NO;C.I.;13:03:29;17:00:00;66;769;36,50;36,50;769;$;3.278.311,58;1;Negociada;13:05:30;;30-71034932-7;TIENDA DE MASCOTAS DE LA PATAGONIA SRL;AO;30-71332270-5;VITALCAN S.A.;;;
1527993;18/08/2026;No Garantizado Calificado;SI;SI;NO;PAGARE;NO;NO;C.I.;13:03:39;17:00:00;106;852;10,00;10,00;852;U$S;18.000,00;1;Negociada;13:46:35;;30-71488576-2;TERRALOTEOS.COM S.A.;;30-71488576-2;TERRALOTEOS.COM S.A.;Certificado MiPyME;;
1527994;18/08/2026;Avalado;;SI;NO;PAGARE;NO;NO;24Hs.;13:03:49;17:00:00;363;;;6,50;43;U$D;15.350,00;1;Desierta;;ACPY;;Acindar Pymes S.G.R.;;;;;;
1527995;18/08/2026;Avalado;;SI;NO;PAGARE;NO;NO;24Hs.;13:04:02;17:00:00;366;;;6,50;43;U$D;15.350,00;1;Desierta;;ACPY;;Acindar Pymes S.G.R.;;;;;;
1527996;18/08/2026;Avalado;;SI;NO;ECHEQ;NO;NO;24Hs.;13:04:29;17:00:00;32;406;21,99;22,00;809;$;42.953.521,75;5;Negociada;13:06:31;BMAR;;BANCO MARIVA S.A.;AO;;;;;
1527997;18/08/2026;No Garantizado;NO;SI;NO;ECHEQ;NO;NO;C.I.;13:04:32;17:00:00;50;465;38,00;38,00;465;$;1.500.000,00;1;Negociada;13:06:33;;30-71708887-1;7B INGENIERIA SRL;AO;30-71708887-1;7B INGENIERIA SRL;;;
1527998;18/08/2026;Avalado;;SI;NO;ECHEQ;NO;NO;C.I.;13:04:36;15:20:00;164;;;26,00;529;$;10.000.000,00;1;Desierta;;ACPY;;Acindar Pymes S.G.R.;AO;;;;;
1527999;18/08/2026;Avalado;;SI;NO;ECHEQ;SI;NO;24Hs.;13:04:42;17:00:00;36;406;21,99;22,00;809;$;58.907.271,45;4;Negociada;13:06:43;BMAR;;BANCO MARIVA S.A.;NO;;;;;
1528000;18/08/2026;No Garantizado Calificado;NO;SI;NO;PAGARE;NO;NO;C.I.;13:05:29;17:00:00;41;598;40,00;40,00;598;$;452.000.000,00;1;Negociada;13:17:38;;30-71129398-8;OCSA INVERSIONES S.A.;;30-71129398-8;OCSA INVERSIONES S.A.;;;
1528001;18/08/2026;Avalado;;SI;NO;ECHEQ;NO;NO;24Hs.;13:05:47;17:00:00;57;406;23,00;23,00;34;$;2.000.000,00;1;Negociada;13:07:48;ACPY;;Acindar Pymes S.G.R.;AO;;;;;
1528002;18/08/2026;No Garantizado;NO;SI;NO;ECHEQ;NO;NO;C.I.;13:06:17;17:00:00;38;545;55,00;55,00;545;$;18.000.000,00;1;Negociada;13:14:54;;30-71422026-4;RACING EXPERIENCE S. A.;AO;;;;;
1528003;18/08/2026;No Garantizado;NO;NO;NO;ECHEQ;NO;NO;C.I.;13:06:24;17:00:00;66;769;36,50;36,50;769;$;3.278.311,58;1;Negociada;13:08:26;;30-71034932-7;TIENDA DE MASCOTAS DE LA PATAGONIA SRL;AO;30-71332270-5;VITALCAN S.A.;;;
1528004;18/08/2026;No Garantizado;SI;SI;NO;ECHEQ;NO;NO;C.I.;13:06:44;17:00:00;76;754;29,00;29,00;754;$;66.000.000,00;1;Negociada;13:08:47;;30-50357927-4;CYRE SA;AO;30-50357927-4;CYRE SA;Certificado MiPyME;;
1528005;18/08/2026;No Garantizado;NO;NO;NO;ECHEQ;NO;NO;C.I.;13:07:06;17:00:00;66;769;36,50;36,50;769;$;1.891.462,84;1;Negociada;13:09:07;;30-71236603-2;TDM PATAGONIA S.R.L.;AO;30-71332270-5;VITALCAN S.A.;;;
1528006;18/08/2026;No Garantizado;SI;SI;NO;PAGARE;NO;NO;C.I.;13:07:15;17:00:00;92;754;35,00;35,00;754;$;20.000.000,00;1;Negociada;13:09:17;;33-71682356-9;COOLMEALS S.A.S.;;33-71682356-9;COOLMEALS S.A.S.;Certificado MiPyME;;
1528007;18/08/2026;Garantizado;SI;SI;NO;ECHEQ;NO;NO;24Hs.;13:07:34;17:00:00;64;523;25,00;25,00;754;$;10.000.000,00;1;Negociada;15:29:04;;;;AO;;;Certificado MiPyME;;
1528008;18/08/2026;No Garantizado;SI;SI;NO;ECHEQ;NO;NO;C.I.;13:07:47;17:00:00;51;754;29,00;29,00;754;$;50.000.000,00;1;Negociada;13:09:49;;30-50357927-4;CYRE SA;AO;30-50357927-4;CYRE SA;Certificado MiPyME;;
1528009;18/08/2026;Avalado;;SI;NO;ECHEQ;NO;NO;24Hs.;13:08:05;17:00:00;55;406;24,00;24,00;852;$;50.000.000,00;1;Negociada;13:10:06;ACPY;;Acindar Pymes S.G.R.;AO;;;;;
1528010;18/08/2026;No Garantizado;NO;SI;NO;ECHEQ;NO;NO;C.I.;13:08:24;17:00:00;47;465;38,00;38,00;465;$;5.000.000,00;2;Negociada;13:10:26;;30-71867442-1;APTO INGENIO S.A.S.;AO;20-20084360-7;CRUCIANELLI DANIEL ADRIAN;;;
1528011;18/08/2026;No Garantizado;NO;NO;NO;ECHEQ;NO;NO;C.I.;13:08:27;17:00:00;69;769;36,50;36,50;769;$;3.278.311,58;1;Negociada;13:10:28;;30-71034932-7;TIENDA DE MASCOTAS DE LA PATAGONIA SRL;AO;30-71332270-5;VITALCAN S.A.;;;
1528012;18/08/2026;No Garantizado;NO;SI;NO;ECHEQ;NO;NO;C.I.;13:08:58;17:00:00;13;571;28,00;28,00;571;$;18.345.125,31;1;Negociada;13:34:25;;30-56557475-9;RICARDO NINI SOCIEDAD ANONIMA;AO;30-71508561-1;GENAGRO CHIVILCOY S.A.;;;
1528013;18/08/2026;No Garantizado;NO;SI;NO;PAGARE;NO;NO;C.I.;13:09:02;17:00:00;64;727;25,00;25,00;727;$;104.000.000,00;1;Negociada;13:11:03;;30-71001428-7;FRIGORIFICO FORRES-BELTRAN SA;;30-71001428-7;FRIGORIFICO FORRES-BELTRAN SA;;;
1528014;18/08/2026;No Garantizado;NO;SI;NO;ECHEQ;NO;NO;C.I.;13:09:24;17:00:00;58;572;35,00;35,00;572;$;4.108.857,66;1;Negociada;13:28:00;;30-71023836-3;SOY LOLA S.A.;AO;;;;;
1528015;18/08/2026;No Garantizado;NO;SI;NO;ECHEQ;NO;NO;C.I.;13:09:34;17:00:00;49;572;35,00;35,00;572;$;856.482,27;1;Negociada;13:27:36;;30-71741344-6;FARMACIA LIBERTADORES DE BURZACO S. C. S.;AO;;;;;
1528016;18/08/2026;No Garantizado;NO;SI;NO;ECHEQ;NO;NO;C.I.;13:09:35;17:00:00;37;545;55,00;55,00;545;$;18.000.000,00;1;Negociada;13:14:58;;30-71422026-4;RACING EXPERIENCE S. A.;AO;;;;;
1528017;18/08/2026;No Garantizado Calificado;NO;SI;NO;ECHEQ;NO;NO;C.I.;13:09:43;17:00:00;49;572;35,00;35,00;572;$;647.665,46;1;Negociada;13:27:50;;30-69415867-2;ROCALAN S.C.S.;AO;;;;;
1528018;18/08/2026;No Garantizado;NO;NO;NO;ECHEQ;NO;NO;C.I.;13:09:57;17:00:00;69;769;36,50;36,50;769;$;3.278.311,58;1;Negociada;13:11:58;;30-71034932-7;TIENDA DE MASCOTAS DE LA PATAGONIA SRL;AO;30-71332270-5;VITALCAN S.A.;;;
1528019;18/08/2026;No Garantizado;SI;SI;NO;ECHEQ;NO;NO;C.I.;13:10:11;17:00:00;30;572;35,00;35,00;42;$;15.711.977,00;1;Negociada;13:16:45;;30-71158647-0;CATEDRAL ANDINA SRL;AO;;;Certificado MiPyME;;
1528020;18/08/2026;No Garantizado;NO;NO;NO;ECHEQ;NO;NO;C.I.;13:10:26;17:00:00;69;769;36,50;36,50;769;$;1.891.462,84;1;Negociada;13:12:28;;30-71236603-2;TDM PATAGONIA S.R.L.;AO;30-71332270-5;VITALCAN S.A.;;;
1528021;18/08/2026;No Garantizado;SI;SI;NO;ECHEQ;NO;NO;C.I.;13:10:33;17:00:00;50;572;35,00;35,00;42;$;15.711.976,00;1;Negociada;13:16:53;;30-71158647-0;CATEDRAL ANDINA SRL;AO;;;Certificado MiPyME;;
1528022;18/08/2026;Avalado;;SI;NO;ECHEQ;NO;NO;C.I.;13:10:38;17:00:00;22;526;26,00;26,00;526;$;30.457.750,00;2;Negociada;13:21:53;FIDE;;Fidem S.G.R.;AO;;;;;
1528023;18/08/2026;No Garantizado;SI;SI;NO;ECHEQ;NO;NO;C.I.;13:10:48;17:00:00;58;572;35,00;35,00;42;$;13.090.380,01;1;Negociada;13:17:01;;33-71096403-9;DAFLOR S.A;AO;;;Certificado MiPyME;;
1528024;18/08/2026;Avalado;;SI;NO;ECHEQ;NO;NO;24Hs.;13:11:12;17:00:00;26;526;20,98;22,00;526;$;538.972.868,89;13;Negociada;13:22:32;BIND;;Garantias Bind S.G.R.;AO;;;;;
1528025;18/08/2026;Avalado;;SI;NO;ECHEQ;NO;NO;24Hs.;13:11:21;17:00:00;44;406;24,00;24,00;852;$;22.534.200,13;7;Negociada;13:13:23;ACPY;;Acindar Pymes S.G.R.;AO;;;;;
1528026;18/08/2026;Avalado;;SI;NO;ECHEQ;NO;NO;24Hs.;13:11:22;17:00:00;99;406;24,00;24,00;785;$;9.000.000,00;2;Negociada;13:13:23;CAMP;;Campo Aval S.G.R.;AO;;;;;
1528027;18/08/2026;No Garantizado;NO;SI;NO;PAGARE;NO;NO;C.I.;13:11:24;17:00:00;367;767;6,50;6,50;767;DOL;345.000,00;1;Negociada;14:57:00;;30-71563022-9;AGRO FW S.A;;30-71563022-9;AGRO FW S.A;;;
1528028;18/08/2026;No Garantizado;NO;SI;NO;ECHEQ;NO;NO;24Hs.;13:11:29;17:00:00;34;;;28,00;47;$;10.330.578,51;1;Desierta;;;30-99905150-9;MUNICIPALIDAD DE LAS HIGUERAS;AO;20-25950659-0;SARABIA HEBER JOSE;;;
1528029;18/08/2026;No Garantizado;NO;NO;NO;ECHEQ;NO;NO;C.I.;13:11:31;17:00:00;70;769;36,50;36,50;769;$;3.278.311,58;1;Negociada;13:13:33;;30-71034932-7;TIENDA DE MASCOTAS DE LA PATAGONIA SRL;AO;30-71332270-5;VITALCAN S.A.;;;
1528030;18/08/2026;No Garantizado;NO;SI;NO;ECHEQ;NO;NO;C.I.;13:11:57;17:00:00;9;767;30,00;30,00;767;$;54.030.326,58;1;Negociada;13:13:59;;30-50931059-5;QUALITA SERVICIOS AMBIENTALES S. A.;AO;;;;;
1528031;18/08/2026;No Garantizado;SI;SI;NO;ECHEQ;NO;NO;C.I.;13:12:24;17:00:00;14;572;27,00;27,00;572;$;8.855.000,00;1;Negociada;13:28:27;;30-71006868-9;FEEDTRAK  SRL;AO;;;MiPyME FCE - Art. 7 Ley 27.440, Res. SEPYME 340/17, Art. 2 RG 4367/18 y RG 1019/24;;
1528032;18/08/2026;Avalado;;SI;NO;ECHEQ;NO;NO;24Hs.;13:14:01;17:00:00;64;406;23,00;23,00;764;$;200.000.000,00;2;Negociada;13:17:26;ARPY;;Argenpymes S.G.R.;AO;;;;;
1528033;18/08/2026;Avalado;;SI;NO;ECHEQ;NO;NO;C.I.;13:14:12;17:00:00;21;406;23,00;23,00;559;$;6.924.830,00;3;Negociada;13:23:20;CAMP;;Campo Aval S.G.R.;AO;;;;;
1528034;18/08/2026;Avalado;;SI;NO;ECHEQ;NO;NO;24Hs.;13:14:20;17:00:00;93;406;22,79;24,00;764;$;100.000.000,00;1;Negociada;13:23:45;ARPY;;Argenpymes S.G.R.;AO;;;;;
1528035;18/08/2026;No Garantizado;NO;NO;NO;PAGARE;NO;NO;C.I.;13:14:28;17:00:00;171;;;;767;U$D;103.000,00;1;Desierta;;;30-71719531-7;EXUD SA;;;;;;
1528036;18/08/2026;Avalado;;SI;NO;ECHEQ;NO;NO;24Hs.;13:14:42;17:00:00;124;287;22,94;24,00;764;$;200.000.000,00;2;Negociada;13:32:46;ARPY;;Argenpymes S.G.R.;AO;;;;;
1528037;18/08/2026;No Garantizado;NO;NO;NO;ECHEQ;NO;NO;C.I.;13:15:05;17:00:00;70;769;36,50;36,50;769;$;3.278.311,58;1;Negociada;13:17:07;;30-71034932-7;TIENDA DE MASCOTAS DE LA PATAGONIA SRL;AO;30-71332270-5;VITALCAN S.A.;;;
1528038;18/08/2026;Avalado;;SI;NO;ECHEQ;NO;NO;24Hs.;13:15:32;17:00:00;147;406;26,50;26,50;764;$;100.000.000,00;1;Negociada;16:12:46;ARPY;;Argenpymes S.G.R.;AO;;;;;
1528039;18/08/2026;No Garantizado;NO;NO;NO;ECHEQ;NO;NO;C.I.;13:15:37;17:00:00;70;769;36,50;36,50;769;$;1.891.462,84;1;Negociada;13:17:38;;30-71236603-2;TDM PATAGONIA S.R.L.;AO;30-71332270-5;VITALCAN S.A.;;;
1528040;18/08/2026;Garantizado;SI;SI;NO;ECHEQ;NO;NO;24Hs.;13:15:46;17:00:00;93;523;24,00;24,00;539;$;100.000.000,00;1;Negociada;13:17:48;;;;AO;;;Certificado MiPyME;;
1528041;18/08/2026;Avalado;;SI;NO;PAGARE;NO;NO;24Hs.;13:16:02;17:00:00;43;;;23,00;507;$;100.000.000,00;1;Desierta;;RESI;;Resiliencia S.G.R.;;;;;;
1528042;18/08/2026;Avalado;;SI;NO;ECHEQ;NO;NO;24Hs.;13:16:10;17:00:00;72;406;23,99;24,00;15;$;30.309.589,53;1;Negociada;13:19:58;BIND;;Garantias Bind S.G.R.;AO;;;;;
1528043;18/08/2026;No Garantizado;SI;SI;NO;ECHEQ;NO;NO;C.I.;13:16:24;17:00:00;13;572;27,50;27,50;15;$;29.771.212,10;1;Negociada;13:31:49;;30-54365973-4;ELECTRONICA MEGATONE S.R.L.;AO;;;Certificado MiPyME;;
1528044;18/08/2026;No Garantizado;NO;NO;NO;ECHEQ;NO;NO;C.I.;13:16:59;17:00:00;71;769;36,50;36,50;769;$;3.278.311,58;1;Negociada;13:19:01;;30-71034932-7;TIENDA DE MASCOTAS DE LA PATAGONIA SRL;AO;30-71332270-5;VITALCAN S.A.;;;
1528045;18/08/2026;No Garantizado;NO;NO;NO;ECHEQ;NO;NO;C.I.;13:17:36;17:00:00;71;769;36,50;36,50;769;$;3.278.311,58;1;Negociada;13:19:37;;30-71034932-7;TIENDA DE MASCOTAS DE LA PATAGONIA SRL;AO;30-71332270-5;VITALCAN S.A.;;;
1528046;18/08/2026;Avalado;;SI;NO;PAGARE;NO;NO;C.I.;13:17:38;13:52:00;397;567;6,99;8,00;764;DOL;80.000,00;3;Negociada;13:51:29;ARPY;;Argenpymes S.G.R.;;;;;;
1528047;18/08/2026;No Garantizado;NO;SI;NO;ECHEQ;NO;NO;C.I.;13:17:42;17:00:00;65;571;34,00;34,00;714;$;17.850.000,00;3;Negociada;13:19:43;;30-62499819-3;BUROMAHTIK SOCIEDAD ANONIMA;AO;30-71732529-6;FINLATINA S. A.;;;
1528048;18/08/2026;No Garantizado;NO;NO;NO;ECHEQ;NO;NO;C.I.;13:18:10;17:00:00;71;769;36,50;36,50;769;$;3.278.311,58;1;Negociada;13:20:12;;30-71034932-7;TIENDA DE MASCOTAS DE LA PATAGONIA SRL;AO;30-71332270-5;VITALCAN S.A.;;;
1528049;18/08/2026;No Garantizado;NO;SI;NO;ECHEQ;NO;NO;24Hs.;13:18:40;17:00:00;329;767;30,00;30,00;526;$;2.800.000.000,00;2;Negociada;13:20:42;;30-71106936-0;BIDCOM SRL;AO;30-71106936-0;BIDCOM SRL;;;
1528050;18/08/2026;No Garantizado;NO;NO;NO;ECHEQ;NO;NO;C.I.;13:18:44;17:00:00;71;769;36,50;36,50;769;$;3.278.311,58;1;Negociada;13:20:46;;30-71034932-7;TIENDA DE MASCOTAS DE LA PATAGONIA SRL;AO;30-71332270-5;VITALCAN S.A.;;;
1528051;18/08/2026;No Garantizado;NO;SI;NO;ECHEQ;NO;NO;C.I.;13:18:51;17:00:00;92;572;32,00;32,00;714;$;479.258,59;1;Negociada;13:48:26;;30-68537634-9;TARJETA NARANJA S.A.U.;AO;30-71820633-9;ANKUR S.A.S.;;;
1528052;18/08/2026;Avalado;;SI;NO;PAGARE;NO;NO;24Hs.;13:19:16;17:00:00;167;767;6,50;6,50;526;DOL;44.000,00;1;Negociada;14:32:08;NOVA;;INNOVA S.G.R.;;;;;;
1528053;18/08/2026;No Garantizado;NO;SI;NO;ECHEQ;NO;NO;C.I.;13:19:29;17:00:00;59;572;32,00;32,00;714;$;879.970,62;1;Negociada;13:48:42;;30-68537634-9;TARJETA NARANJA S.A.U.;AO;30-71820633-9;ANKUR S.A.S.;;;
1528054;18/08/2026;No Garantizado;NO;NO;NO;ECHEQ;NO;NO;C.I.;13:19:34;17:00:00;71;769;36,50;36,50;769;$;1.891.462,84;1;Negociada;13:21:35;;30-71236603-2;TDM PATAGONIA S.R.L.;AO;30-71332270-5;VITALCAN S.A.;;;
1528055;18/08/2026;No Garantizado;NO;SI;NO;PAGARE;NO;NO;C.I.;13:19:42;17:00:00;120;106;10,00;10,00;106;DOL;65.000,00;2;Negociada;13:21:43;;30-71466299-2;ALZ NUTRIENTES S.A.;;30-71466299-2;ALZ NUTRIENTES S.A.;;;
1528056;18/08/2026;Avalado;;SI;NO;ECHEQ;NO;NO;24Hs.;13:19:46;17:00:00;105;406;25,00;25,00;764;$;400.000.000,00;4;Negociada;13:47:17;TRND;;Trend S.G.R.;AO;;;;;
1528057;18/08/2026;No Garantizado;NO;NO;NO;ECHEQ;NO;NO;C.I.;13:19:47;17:00:00;8;;;0,00;767;$;706.065.064,85;1;Desierta (Baja);;;30-63945373-8;TELECOM ARGENTINA SOCIEDAD ANONIMA;AO;30-71233265-0;APEX CHACO S.A.;;;
1528058;18/08/2026;No Garantizado;NO;SI;NO;ECHEQ;NO;NO;C.I.;13:20:27;17:00:00;31;537;40,00;40,00;537;$;5.000.000,00;1;Negociada;13:24:46;;33-71473702-9;NJ2M S.A.;AO;33-71473702-9;NJ2M S.A.;;;
1528059;18/08/2026;No Garantizado;NO;NO;NO;ECHEQ;NO;NO;C.I.;13:20:32;17:00:00;71;769;36,50;36,50;769;$;3.278.311,58;1;Negociada;13:22:34;;30-71034932-7;TIENDA DE MASCOTAS DE LA PATAGONIA SRL;AO;30-71332270-5;VITALCAN S.A.;;;
1528060;18/08/2026;No Garantizado;NO;SI;NO;ECHEQ;NO;NO;C.I.;13:20:46;17:00:00;35;754;32,00;32,00;754;$;2.626.747,64;1;Negociada;13:22:48;;30-71504532-6;AGROTRANSPORTE S.R.L.;AO;;;;;
1528061;18/08/2026;No Garantizado;NO;SI;NO;ECHEQ;NO;NO;C.I.;13:20:49;17:00:00;36;537;40,00;40,00;537;$;10.000.000,00;2;Negociada;13:25:06;;33-71473702-9;NJ2M S.A.;AO;33-71473702-9;NJ2M S.A.;;;
1528062;18/08/2026;Avalado;;SI;NO;ECHEQ;NO;NO;24Hs.;13:21:03;17:00:00;46;;;22,00;526;$;77.525.515,62;7;Desierta;;NOVA;;INNOVA S.G.R.;AO;;;;;
1528063;18/08/2026;No Garantizado;NO;SI;NO;ECHEQ;NO;NO;C.I.;13:21:21;17:00:00;45;537;40,00;40,00;537;$;20.000.000,00;4;Negociada;13:25:52;;33-71473702-9;NJ2M S.A.;AO;33-71473702-9;NJ2M S.A.;;;
1528064;18/08/2026;No Garantizado;NO;NO;NO;ECHEQ;NO;NO;C.I.;13:21:38;17:00:00;71;769;36,50;36,50;769;$;3.278.311,58;1;Negociada;13:23:39;;30-71034932-7;TIENDA DE MASCOTAS DE LA PATAGONIA SRL;AO;30-71332270-5;VITALCAN S.A.;;;
1528065;18/08/2026;No Garantizado Calificado;NO;SI;NO;PAGARE;NO;NO;C.I.;13:24:03;17:00:00;189;502;9,00;9,00;852;U$S;30.000,00;1;Negociada;13:28:35;;30-71217114-2;PUMA ENERGY SERVICE S.A.;;30-71217114-2;PUMA ENERGY SERVICE S.A.;;;
1528066;18/08/2026;No Garantizado;SI;SI;NO;ECHEQ;NO;NO;C.I.;13:24:16;17:00:00;8;718;31,00;31,00;718;$;10.626.000,00;1;Negociada;13:26:17;;30-71859152-6;BMC BEYONDERS S. A. S.;AO;30-71859152-6;BMC BEYONDERS S. A. S.;Certificado MiPyME;;
1528067;18/08/2026;Avalado;;SI;NO;ECHEQ;NO;NO;24Hs.;13:24:33;17:00:00;46;523;26,00;26,00;15;$;20.000.000,00;2;Negociada;13:36:17;FEDE;;Aval Federal S.G.R.;AO;;;;;
1528068;18/08/2026;Avalado;;SI;NO;ECHEQ;SI;NO;24Hs.;13:26:00;17:00:00;104;501;23,00;23,00;558;$;3.500.000,00;1;Negociada;13:53:10;FOGA;;Fdo. de Gtias. del Chaco;NO;;;;;
1528069;18/08/2026;Avalado;;SI;NO;ECHEQ;NO;NO;24Hs.;13:26:09;17:00:00;41;449;26,00;26,00;839;$;10.000.000,00;2;Negociada;14:45:09;MOVI;;MOVIL S.G.R.;AO;;;;;
1528070;18/08/2026;No Garantizado Calificado;SI;SI;NO;FCE;NO;NO;C.I.;13:27:54;17:00:00;28;572;27,00;27,00;572;$;9.183.221,91;1;Negociada;13:29:56;%YFP;30-54668997-9;YPF SOCIEDAD ANONIMA;;;;;;
1528071;18/08/2026;No Garantizado;SI;SI;NO;FCE;NO;NO;C.I.;13:28:02;17:00:00;20;572;27,00;27,00;572;$;17.220.192,10;1;Negociada;13:30:06;%EVA;30-68521819-0;A EVANGELISTA S A;;;;;;
1528072;18/08/2026;No Garantizado;NO;SI;NO;ECHEQ;NO;NO;C.I.;13:28:19;17:00:00;98;572;27,00;27,00;572;$;50.000.000,00;3;Negociada;13:32:44;;30-71849754-6;GBC GREEN BUILDINGS CORPORATION S. A.;AO;;;;;
1528073;18/08/2026;Avalado;;SI;NO;ECHEQ;NO;NO;24Hs.;13:30:23;17:00:00;91;;;26,00;20;$;100.000.000,00;2;Desierta;;INPY;;Integra Pymes S.G.R.;AO;;;;;
1528074;18/08/2026;Avalado;;SI;NO;ECHEQ;NO;NO;24Hs.;13:30:38;17:00:00;91;;;26,00;20;$;130.000.000,00;2;Desierta;;INPY;;Integra Pymes S.G.R.;AO;;;;;
1528075;18/08/2026;Avalado;;SI;NO;ECHEQ;NO;NO;24Hs.;13:32:00;17:00:00;132;406;25,00;25,00;767;$;25.000.000,00;1;Negociada;13:34:01;CAMP;;Campo Aval S.G.R.;AO;;;;;
1528076;18/08/2026;Avalado;;SI;NO;ECHEQ;NO;NO;24Hs.;13:32:00;17:00:00;96;406;26,50;26,50;406;$;8.600.000,00;2;Negociada;15:03:45;CREC;;Crecer S.G.R.;AO;;;;;
1528077;18/08/2026;Avalado;;SI;NO;PAGARE;NO;NO;24Hs.;13:32:14;17:00:00;368;767;7,50;7,50;523;DOL;150.000,00;3;Negociada;13:44:49;FIDE;;Fidem S.G.R.;;;;;;
1528078;18/08/2026;No Garantizado;NO;SI;NO;ECHEQ;NO;NO;C.I.;13:32:22;17:00:00;14;539;23,00;23,00;539;$;11.465.480,15;2;Negociada;13:34:23;;30-70938708-8;BARDAS BLANCAS S.A.;AO;33-71679814-9;DHF S.A;;;
1528079;18/08/2026;No Garantizado;NO;SI;NO;ECHEQ;NO;NO;C.I.;13:33:17;17:00:00;15;539;23,00;23,00;539;$;100.000.000,00;1;Negociada;13:35:18;;30-71438150-0;SOLBAYRES S.A.;AO;33-71679814-9;DHF S.A;;;
1528080;18/08/2026;No Garantizado;NO;SI;NO;ECHEQ;NO;NO;C.I.;13:33:28;17:00:00;10;539;23,00;23,00;539;$;3.060.000,00;1;Negociada;13:35:30;;30-70853200-9;PHARMASUR SA;AO;33-71679814-9;DHF S.A;;;
1528081;18/08/2026;Avalado;;SI;NO;PAGARE;NO;NO;C.I.;13:33:29;17:00:00;360;;;0,00;47;U$D;100.000,00;1;Desierta (Baja);;FINT;;Fintech S.G.R.;;;;;;
1528082;18/08/2026;No Garantizado Calificado;SI;SI;NO;ECHEQ;NO;NO;C.I.;13:33:31;17:00:00;22;540;40,00;40,00;540;$;2.380.742,99;1;Negociada;13:35:32;;33-71529704-9;AEROBIKE S.R.L.;AO;30-71782460-8;HUB CARGO S.R.L.;Certificado MiPyME;;
1528083;18/08/2026;No Garantizado;NO;SI;NO;PAGARE;NO;NO;24Hs.;13:33:36;17:00:00;103;754;8,25;8,25;754;DOL;100.000,00;2;Negociada;13:55:44;;30-50064577-2;MERANOL SACI;;30-50064577-2;MERANOL SACI;;;
1528084;18/08/2026;No Garantizado;SI;SI;NO;ECHEQ;NO;NO;C.I.;13:34:38;17:00:00;53;405;32,00;32,00;405;$;340.000.000,00;7;Negociada;13:36:39;;30-70799376-2;PORCIMONTE S.A.;AO;30-70799376-2;PORCIMONTE S.A.;Certificado MiPyME;;
1528085;18/08/2026;Avalado;;SI;NO;ECHEQ;NO;NO;C.I.;13:35:12;17:00:00;44;537;27,00;27,00;537;$;5.000.000,00;1;Negociada;13:43:44;INPY;;Integra Pymes S.G.R.;AO;;;;;
1528086;18/08/2026;Garantizado Calificado;SI;SI;NO;ECHEQ;NO;NO;24Hs.;13:35:18;17:00:00;84;;;23,50;565;$;60.000.000,00;1;Desierta;;;;;AO;;;MiPyME FCE - Art. 7 Ley 27.440, Res. SEPYME 340/17, Art. 2 RG 4367/18 y RG 1019/24;;
1528087;18/08/2026;No Garantizado;SI;SI;NO;ECHEQ;NO;NO;C.I.;13:35:50;17:00:00;35;540;40,00;40,00;540;$;8.957.313,00;1;Negociada;13:37:52;;30-65111653-4;RUNNER BIKE DE VICTOR G RODA Y ADRIAN R KELLY;AO;30-71782460-8;HUB CARGO S.R.L.;Certificado MiPyME;;
1528088;18/08/2026;No Garantizado;SI;SI;NO;ECHEQ;NO;NO;C.I.;13:36:09;17:00:00;83;41;50,00;50,00;41;$;19.935.016,07;2;Negociada;13:42:31;;30-65511620-2;EMPRESA DISTRIBUIDORA Y COMERCIALIZADORA NORTE SOCIEDAD ANONIMA (EDENOR S A);AO;;;Certificado MiPyME;;
1528089;18/08/2026;No Garantizado;NO;SI;NO;ECHEQ;NO;NO;C.I.;13:36:42;17:00:00;29;512;35,00;35,00;512;$;3.067.557.054,00;1;Negociada;13:38:43;;30-70797044-4;SERVICIOS MINEROS DEL CONO SUR S.A.;AO;30-70797044-4;SERVICIOS MINEROS DEL CONO SUR S.A.;;;
1528090;18/08/2026;No Garantizado;SI;SI;NO;FCE;NO;NO;C.I.;13:36:45;17:00:00;36;572;30,00;30,00;545;$;42.441.954,00;2;Negociada;13:41:52;%CAL;30-71037152-7;CALFRAC WELL SERVICES (ARGENTINA) SA;;;;;;
1528091;18/08/2026;No Garantizado;SI;SI;NO;FCE;NO;NO;C.I.;13:36:54;17:00:00;64;569;29,89;30,00;545;$;159.163.167,68;2;Negociada;13:43:04;%HAL;30-50361098-8;HALLIBURTON ARGENTINA SOCIEDAD DE RESPONSABILIDAD LIMITADA;;;;;;
1528092;18/08/2026;No Garantizado;SI;SI;NO;ECHEQ;NO;NO;C.I.;13:37:18;17:00:00;21;540;40,00;40,00;540;$;1.317.003,50;1;Negociada;13:39:19;;20-92833197-1;VERGARA RUPERTO ALAMIRO;AO;30-71782460-8;HUB CARGO S.R.L.;Certificado MiPyME;;
1528093;18/08/2026;No Garantizado Calificado;SI;SI;NO;ECHEQ;NO;NO;C.I.;13:37:56;17:00:00;36;540;40,00;40,00;540;$;731.488,00;1;Negociada;13:39:58;;20-12668209-4;DE FELICE ALBERTO ANTONIO;AO;30-71782460-8;HUB CARGO S.R.L.;Certificado MiPyME;;
1528094;18/08/2026;Avalado;;SI;NO;ECHEQ;NO;NO;24Hs.;13:39:02;17:00:00;38;406;23,00;23,00;449;$;7.912.741,08;9;Negociada;13:58:03;ACPY;;Acindar Pymes S.G.R.;AO;;;;;
1528095;18/08/2026;Avalado;;SI;NO;ECHEQ;NO;NO;24Hs.;13:39:17;17:00:00;30;406;23,00;23,00;449;$;45.648.325,67;2;Negociada;13:41:18;CAMP;;Campo Aval S.G.R.;AO;;;;;
1528096;18/08/2026;No Garantizado Calificado;NO;SI;NO;ECHEQ;NO;NO;C.I.;13:41:51;17:00:00;15;539;23,00;23,00;539;$;3.423.500,00;1;Negociada;13:43:52;;20-42251769-4;SANTAGADA THOMAS EZEQUIEL;AO;33-71679814-9;DHF S.A;;;
1528097;18/08/2026;Avalado;;SI;NO;ECHEQ;NO;NO;C.I.;13:42:02;17:00:00;50;406;25,00;25,00;839;$;20.000.000,00;1;Negociada;13:44:04;FINT;;Fintech S.G.R.;AO;;;;;
1528098;18/08/2026;Avalado;;SI;NO;ECHEQ;NO;NO;24Hs.;13:42:03;17:00:00;81;15;22,00;23,00;720;$;21.000.000,00;2;Negociada;13:46:04;BAIN;;BANCO INDUSTRIAL SA;AO;;;;;
1528099;18/08/2026;No Garantizado;SI;SI;NO;ECHEQ;NO;NO;C.I.;13:42:04;17:00:00;58;572;27,00;27,00;572;$;30.958.650,98;1;Negociada;13:48:22;;30-63780514-9;BUHL SOCIEDAD ANONIMA;AO;;;MiPyME FCE - Art. 7 Ley 27.440, Res. SEPYME 340/17, Art. 2 RG 4367/18 y RG 1019/24;;
1528100;18/08/2026;No Garantizado;NO;SI;NO;ECHEQ;NO;NO;C.I.;13:42:08;17:00:00;15;539;23,00;23,00;539;$;19.232.008,50;1;Negociada;13:44:10;;30-70724853-6;RACAVAL S. A.;AO;33-71679814-9;DHF S.A;;;
1528101;18/08/2026;Avalado;;SI;NO;ECHEQ;NO;NO;24Hs.;13:42:16;17:00:00;116;15;22,95;24,00;720;$;50.000.000,00;2;Negociada;13:47:31;BAIN;;BANCO INDUSTRIAL SA;AO;;;;;
1528102;18/08/2026;No Garantizado;NO;SI;NO;ECHEQ;NO;NO;C.I.;13:42:28;17:00:00;14;539;23,00;23,00;539;$;9.041.808,39;1;Negociada;13:44:29;;30-67813830-0;DORINKA S.R.L.;AO;33-71679814-9;DHF S.A;;;
1528103;18/08/2026;No Garantizado;SI;SI;NO;FCE;NO;NO;C.I.;13:42:30;17:00:00;22;791;25,80;25,80;839;$;276.845.299,76;3;Negociada;16:01:27;%HAL;30-50361098-8;HALLIBURTON ARGENTINA SOCIEDAD DE RESPONSABILIDAD LIMITADA;;;;;;
1528104;18/08/2026;No Garantizado;NO;SI;NO;ECHEQ;NO;NO;C.I.;13:42:31;17:00:00;14;554;33,00;33,00;554;$;570.608,52;1;Negociada;13:44:33;;30-71515649-7;BRODA S.A.;AO;30-70973079-3;BUSINESS INTELLIGENCE GROUP S.A.;;;
1528105;18/08/2026;No Garantizado Calificado;NO;SI;NO;ECHEQ;NO;NO;24Hs.;13:43:08;17:00:00;121;839;40,00;40,00;839;$;528.000.000,00;1;Negociada;13:45:09;;30-61118252-6;SUPERCANAL S A;AO;30-61118252-6;SUPERCANAL S A;;;
1528106;18/08/2026;No Garantizado;NO;SI;NO;ECHEQ;NO;NO;C.I.;13:43:16;17:00:00;15;539;23,00;23,00;539;$;7.095.412,80;1;Negociada;13:45:17;;20-33324565-6;PERALTA LUCAS MARTIN EZEQUIEL;AO;33-71679814-9;DHF S.A;;;
1528107;18/08/2026;No Garantizado;NO;SI;NO;ECHEQ;NO;NO;C.I.;13:43:22;17:00:00;35;554;33,00;33,00;554;$;276.408,00;1;Negociada;13:45:23;;30-71875470-0;EUFORIA S. A. S.;AO;30-70973079-3;BUSINESS INTELLIGENCE GROUP S.A.;;;
1528108;18/08/2026;No Garantizado;NO;SI;NO;ECHEQ;NO;NO;C.I.;13:43:28;17:00:00;14;539;23,00;23,00;539;$;3.320.008,48;1;Negociada;13:45:30;;30-71609835-0;AVANCES AMBIENTALES S.A.;AO;33-71679814-9;DHF S.A;;;
1528109;18/08/2026;No Garantizado;NO;SI;NO;ECHEQ;NO;NO;C.I.;13:43:37;17:00:00;15;539;23,00;23,00;539;$;1.151.600,00;1;Negociada;13:45:38;;33-70991309-9;AGRONOMIA EL CERRO S.A.;AO;33-71679814-9;DHF S.A;;;
1528110;18/08/2026;No Garantizado Calificado;NO;SI;NO;ECHEQ;NO;NO;C.I.;13:43:46;17:00:00;15;539;23,00;23,00;539;$;993.540,42;1;Negociada;13:45:48;;30-71409743-8;GRUPO ROSALES REPUESTOS S.A.;AO;33-71679814-9;DHF S.A;;;
1528111;18/08/2026;No Garantizado;NO;SI;NO;ECHEQ;NO;NO;C.I.;13:43:59;17:00:00;15;539;23,00;23,00;539;$;2.252.467,50;1;Negociada;13:46:00;;20-39552897-2;AMOROS JUAN MARTIN;AO;33-71679814-9;DHF S.A;;;
1528112;18/08/2026;No Garantizado;NO;SI;NO;ECHEQ;NO;NO;C.I.;13:44:07;17:00:00;28;554;33,00;33,00;554;$;189.610,00;1;Negociada;13:46:08;;30-71776972-0;CHACRAS GREENS S. A. S.;AO;30-70973079-3;BUSINESS INTELLIGENCE GROUP S.A.;;;
1528113;18/08/2026;No Garantizado;NO;SI;NO;ECHEQ;NO;NO;C.I.;13:44:20;17:00:00;14;539;23,00;23,00;539;$;2.111.179,39;1;Negociada;13:46:22;;30-71609835-0;AVANCES AMBIENTALES S.A.;AO;33-71679814-9;DHF S.A;;;
1528114;18/08/2026;No Garantizado Calificado;NO;SI;NO;ECHEQ;NO;NO;C.I.;13:44:30;17:00:00;14;539;23,00;23,00;539;$;993.540,42;1;Negociada;13:46:32;;30-71409743-8;GRUPO ROSALES REPUESTOS S.A.;AO;33-71679814-9;DHF S.A;;;
1528115;18/08/2026;Avalado;;SI;NO;ECHEQ;NO;NO;24Hs.;13:44:41;17:00:00;67;567;25,00;25,00;567;$;4.000.000,00;2;Negociada;15:46:26;PROM;;Promover S.G.R.;AO;;;;;
1528116;18/08/2026;No Garantizado;NO;SI;NO;ECHEQ;NO;NO;C.I.;13:44:42;17:00:00;14;539;23,00;23,00;539;$;1.513.147,35;1;Negociada;13:46:43;;30-71050937-5;ORTOPEDIA RP S.R.L.;AO;33-71679814-9;DHF S.A;;;
1528117;18/08/2026;No Garantizado;NO;SI;NO;ECHEQ;NO;NO;C.I.;13:45:03;17:00:00;14;539;23,00;23,00;539;$;1.456.173,29;1;Negociada;13:47:05;;20-25453440-5;GENTILI LEANDRO BRUNO;AO;33-71679814-9;DHF S.A;;;
1528118;18/08/2026;Garantizado;NO;SI;NO;ECHEQ;NO;NO;24Hs.;13:45:09;17:00:00;91;523;27,00;27,00;767;$;120.000.000,00;4;Negociada;13:49:52;;;;AO;;;;;
1528119;18/08/2026;No Garantizado;NO;SI;NO;ECHEQ;NO;NO;C.I.;13:45:14;17:00:00;13;539;23,00;23,00;539;$;2.615.730,00;1;Negociada;13:47:15;;30-60380823-8;VALOT SA;AO;33-71679814-9;DHF S.A;;;
1528120;18/08/2026;No Garantizado Calificado;SI;SI;NO;ECHEQ;NO;NO;C.I.;13:45:28;17:00:00;72;770;44,50;44,50;770;$;66.000.000,00;1;Negociada;13:50:20;;30-50560792-5;ECOSUR BAHIA SOCIEDAD ANONIMA;AO;30-50560792-5;ECOSUR BAHIA SOCIEDAD ANONIMA;Certificado MiPyME;;
1528121;18/08/2026;No Garantizado;NO;SI;NO;ECHEQ;NO;NO;C.I.;13:45:29;17:00:00;29;875;37,00;37,00;875;$;35.000.000,00;1;Negociada;14:05:44;;30-71423393-5;RTS COMMISSIONING SA;AO;30-71423393-5;RTS COMMISSIONING SA;;;
1528122;18/08/2026;No Garantizado;SI;SI;NO;PAGARE;NO;NO;C.I.;13:45:41;17:00:00;34;770;26,00;26,00;770;$;200.000.000,00;1;Negociada;14:50:02;;30-57986601-9;PARQUE PAMPA S.A.;;30-57986601-9;PARQUE PAMPA S.A.;Certificado MiPyME;;
1528123;18/08/2026;No Garantizado;NO;SI;NO;ECHEQ;NO;NO;C.I.;13:45:49;17:00:00;29;572;37,00;37,00;875;$;50.000.000,00;1;Negociada;14:03:19;;30-71423393-5;RTS COMMISSIONING SA;AO;30-71423393-5;RTS COMMISSIONING SA;;;
1528124;18/08/2026;Avalado;;SI;NO;ECHEQ;NO;NO;24Hs.;13:46:11;17:00:00;100;804;27,50;27,50;406;$;9.000.000,00;1;Negociada;15:35:26;NEUQ;;Neuquen Pymes S.G.R.;AO;;;;;
1528125;18/08/2026;Avalado;;SI;NO;PAGARE;NO;NO;24Hs.;13:46:59;17:00:00;187;;;;567;DOL;110.000,00;5;Desierta (Baja);;PROM;;Promover S.G.R.;;;;;;
1528126;18/08/2026;Avalado;;SI;NO;ECHEQ;NO;NO;24Hs.;13:48:02;17:00:00;72;;;20,00;15;$;181.290.028,05;69;Desierta;;MOVI;;MOVIL S.G.R.;AO;;;;;
1528127;18/08/2026;No Garantizado;SI;SI;NO;PAGARE;NO;NO;24Hs.;13:48:50;17:00:00;33;15;32,00;32,00;15;$;470.000.000,00;1;Negociada;13:50:52;;30-71530488-7;URBAN TECHNOLOGIES S.A.;;30-71530488-7;URBAN TECHNOLOGIES S.A.;Certificado MiPyME;;
1528128;18/08/2026;Avalado;;SI;NO;ECHEQ;NO;NO;24Hs.;13:48:55;17:00:00;30;449;23,00;23,00;449;$;29.900.000,00;1;Negociada;14:01:01;CAMP;;Campo Aval S.G.R.;AO;;;;;
1528129;18/08/2026;Avalado;;SI;NO;ECHEQ;NO;NO;24Hs.;13:49:10;17:00:00;88;523;23,00;23,00;720;$;26.540.831,04;20;Negociada;13:51:11;BAIN;;BANCO INDUSTRIAL SA;AO;;;;;
1528130;18/08/2026;No Garantizado;SI;SI;NO;ECHEQ;SI;NO;C.I.;13:51:09;17:00:00;15;15;27,00;27,00;15;$;253.692.136,41;1;Negociada;16:02:13;;30-68731043-4;INC S. A.;NO;;;Certificado MiPyME;;
1528131;18/08/2026;No Garantizado;NO;SI;NO;PAGARE;NO;NO;24Hs.;13:51:18;17:00:00;41;15;32,00;32,00;15;$;750.000.654,24;3;Negociada;13:53:19;;30-70828643-1;URBANO EXPRESS ARGENTINA S.A.;;30-70828643-1;URBANO EXPRESS ARGENTINA S.A.;;;
1528132;18/08/2026;Avalado;;SI;NO;PAGARE;NO;NO;24Hs.;13:51:47;17:00:00;365;529;7,00;7,00;529;DOL;50.000,00;1;Negociada;16:44:01;NEUQ;;Neuquen Pymes S.G.R.;;;;;;
1528133;18/08/2026;No Garantizado;SI;SI;NO;FCE;NO;NO;C.I.;13:52:00;17:00:00;27;791;24,00;24,00;791;$;61.335.702,78;2;Negociada;16:03:04;%EVA;30-68521819-0;A EVANGELISTA S A;;;;;;
1528134;18/08/2026;Avalado;;SI;NO;PAGARE;NO;NO;24Hs.;13:52:03;17:00:00;187;406;6,00;6,00;502;U$S;50.000,00;1;Negociada;14:17:28;CAMP;;Campo Aval S.G.R.;;;;;;
1528135;18/08/2026;Avalado;;SI;NO;ECHEQ;SI;NO;24Hs.;13:52:23;17:00:00;41;15;21,90;22,00;15;$;251.027.707,92;11;Negociada;13:55:56;GARA;;Garantizar S.G.R.;NO;;;;;
1528136;18/08/2026;No Garantizado;SI;SI;NO;ECHEQ;NO;NO;C.I.;13:52:26;17:00:00;115;15;26,00;26,00;15;$;106.056.000,00;1;Negociada;14:05:56;;30-59036076-3;CENCOSUD S A;AO;;;Certificado MiPyME;;
1528137;18/08/2026;Avalado;;SI;NO;ECHEQ;NO;NO;24Hs.;13:52:27;17:00:00;133;502;25,00;25,00;502;$;12.000.000,00;5;Negociada;14:00:47;CAMP;;Campo Aval S.G.R.;AO;;;;;
1528138;18/08/2026;Avalado;;SI;NO;ECHEQ;NO;NO;24Hs.;13:52:35;17:00:00;77;15;22,00;22,00;15;$;24.778.498,45;3;Negociada;13:56:07;GARA;;Garantizar S.G.R.;AO;;;;;
1528139;18/08/2026;No Garantizado;SI;SI;NO;ECHEQ;NO;NO;C.I.;13:52:38;17:00:00;43;15;27,00;27,00;15;$;98.928.130,87;1;Negociada;14:17:50;;30-50577985-8;CIA INDUSTRIAL CERVECERA S A;AO;;;Certificado MiPyME;;
1528140;18/08/2026;Avalado;;SI;NO;ECHEQ;NO;NO;24Hs.;13:52:43;17:00:00;78;502;24,00;24,00;502;$;12.500.000,00;6;Negociada;14:00:43;CAMP;;Campo Aval S.G.R.;AO;;;;;
1528141;18/08/2026;No Garantizado;SI;SI;NO;FCE;NO;NO;C.I.;13:53:14;17:00:00;36;520;25,00;25,00;520;$;37.096.222,92;2;Negociada;14:24:17;%VII;33-51595089-9;VISTA ENERGY ARGENTINA S.A.U;;;;;;
1528142;18/08/2026;Avalado;;SI;NO;ECHEQ;SI;NO;24Hs.;13:53:32;17:00:00;69;523;23,00;23,00;785;$;22.744.150,00;1;Negociada;16:24:37;GARA;;Garantizar S.G.R.;NO;;;;;
1528143;18/08/2026;No Garantizado;SI;SI;NO;ECHEQ;NO;NO;C.I.;13:53:48;17:00:00;146;572;28,00;28,00;572;$;78.352.927,48;4;Negociada;13:55:50;;30-71629940-2;WTS DEL SUR SRL;AO;;;MiPyME FCE - Art. 7 Ley 27.440, Res. SEPYME 340/17, Art. 2 RG 4367/18 y RG 1019/24;;
1528144;18/08/2026;No Garantizado Calificado;SI;SI;NO;ECHEQ;NO;NO;C.I.;13:54:05;17:00:00;58;572;44,00;44,00;572;$;5.000.000,00;1;Negociada;13:56:07;;30-58778632-6;CONINSA S A;AO;30-58778632-6;CONINSA S A;MiPyME FCE - Art. 7 Ley 27.440, Res. SEPYME 340/17, Art. 2 RG 4367/18 y RG 1019/24;;
1528145;18/08/2026;No Garantizado;SI;SI;NO;FCE;NO;NO;C.I.;13:54:11;17:00:00;35;520;6,50;6,50;520;U$S;4.109,16;1;Negociada;14:22:37;%USL;30-50447541-3;BAKER HUGHES ARGENTINA S. R. L.;;;;;;
1528146;18/08/2026;No Garantizado Calificado;SI;SI;NO;ECHEQ;NO;NO;C.I.;13:54:13;17:00:00;82;572;47,00;47,00;572;$;15.000.000,00;3;Negociada;13:56:15;;30-58778632-6;CONINSA S A;AO;30-58778632-6;CONINSA S A;MiPyME FCE - Art. 7 Ley 27.440, Res. SEPYME 340/17, Art. 2 RG 4367/18 y RG 1019/24;;
1528147;18/08/2026;Avalado;;SI;NO;ECHEQ;NO;NO;C.I.;13:54:22;17:00:00;118;559;23,98;24,00;559;$;149.341.930,00;3;Negociada;13:56:41;GARA;;Garantizar S.G.R.;AO;;;;;
1528148;18/08/2026;Avalado;;SI;NO;ECHEQ;SI;NO;24Hs.;13:54:31;17:00:00;33;755;26,00;26,00;755;$;3.000.000,00;1;Negociada;14:39:07;FOGA;;Fdo. de Gtias. del Chaco;NO;;;;;
1528149;18/08/2026;No Garantizado Calificado;SI;SI;NO;FCE;NO;NO;C.I.;13:54:45;17:00:00;21;520;22,00;22,00;520;$;520.899.734,17;1;Negociada;14:26:51;%YFP;30-54668997-9;YPF SOCIEDAD ANONIMA;;;;;;
1528150;18/08/2026;Avalado;;SI;NO;ECHEQ;NO;NO;24Hs.;13:54:59;17:00:00;91;406;25,00;25,00;502;$;155.000.000,00;3;Negociada;14:08:51;ACPY;;Acindar Pymes S.G.R.;AO;;;;;
1528151;18/08/2026;No Garantizado;SI;SI;NO;FCE;NO;NO;C.I.;13:55:11;17:00:00;21;723;27,00;27,00;595;$;18.700.950,80;1;Negociada;16:31:11;%PAE;30-69554247-6;PAN AMERICAN ENERGY, S.L., SUCURSAL ARGENTINA;;;;;;
1528152;18/08/2026;No Garantizado;NO;SI;NO;PAGARE;NO;NO;24Hs.;13:55:39;17:00:00;28;591;32,00;32,00;591;$;170.900.000,00;1;Negociada;15:27:09;;30-70761297-1;CENTRO MEDICO AMENABAR S. R. L.;;30-70761297-1;CENTRO MEDICO AMENABAR S. R. L.;;;
1528153;18/08/2026;No Garantizado;NO;SI;NO;ECHEQ;NO;NO;C.I.;13:55:46;17:00:00;58;571;38,00;38,00;571;$;1.925.264,00;4;Negociada;13:57:48;;30-71748682-6;TJ 1905 SRL S. R. L.;AO;30-70958525-4;LUSTRAMAX SRL;;;
1528154;18/08/2026;No Garantizado;NO;SI;NO;PAGARE;NO;NO;24Hs.;13:55:58;17:00:00;29;591;32,00;32,00;591;$;279.800.000,00;1;Negociada;15:27:26;;30-71213675-4;RSC S.A. S. A.;;30-71213675-4;RSC S.A. S. A.;;;
1528155;18/08/2026;No Garantizado Calificado;NO;SI;NO;ECHEQ;NO;NO;C.I.;13:56:13;17:00:00;58;571;38,00;38,00;571;$;6.022.526,00;1;Negociada;13:58:15;;27-27590661-7;BERDUN GISELA VIVIANA;AO;30-70958525-4;LUSTRAMAX SRL;;;
1528156;18/08/2026;No Garantizado;NO;SI;NO;PAGARE;NO;NO;24Hs.;13:56:20;17:00:00;33;591;32,00;32,00;591;$;234.400.000,00;1;Negociada;15:27:40;;30-71252972-1;SC PILAR S.A.;;30-71252972-1;SC PILAR S.A.;;;
1528157;18/08/2026;No Garantizado;NO;SI;NO;PAGARE;NO;NO;24Hs.;13:56:41;17:00:00;29;591;32,00;32,00;591;$;465.500.000,00;1;Negociada;15:27:50;;30-60627416-1;EGESAC SOCIEDAD ANONIM;;30-60627416-1;EGESAC SOCIEDAD ANONIM;;;
1528158;18/08/2026;Avalado;;SI;NO;ECHEQ;NO;NO;24Hs.;13:56:49;17:00:00;99;442;28,00;28,00;442;$;15.000.000,00;1;Negociada;14:54:37;AVAL;;Avaluar S.G.R.;AO;;;;;
1528159;18/08/2026;No Garantizado;NO;SI;NO;ECHEQ;NO;NO;24Hs.;13:57:05;17:00:00;34;;;42,00;767;$;12.000.000,00;2;Desierta;;;33-71015416-9;CARTAGO S.R.L.;AO;33-71015416-9;CARTAGO S.R.L.;;;
1528160;18/08/2026;No Garantizado;SI;SI;NO;ECHEQ;NO;NO;C.I.;13:57:09;17:00:00;85;41;62,00;62,00;41;$;1.474.907,66;1;Negociada;13:59:12;;30-59797159-8;CELULOSA CAMPANA SOCIEDAD ANONIMA;AO;;;Certificado MiPyME;;
1528161;18/08/2026;No Garantizado;SI;SI;NO;ECHEQ;NO;NO;C.I.;13:57:19;17:00:00;48;15;32,00;32,00;15;$;2.500.000,00;2;Negociada;14:11:53;;30-71035025-2;MARJUSVALE SA;AO;;;Certificado MiPyME;;
1528162;18/08/2026;No Garantizado Calificado;NO;SI;NO;PAGARE;NO;NO;24Hs.;13:57:19;17:00:00;20;15;32,00;32,00;15;$;127.500.000,00;1;Negociada;13:59:20;;30-67661149-1;LUBRISIDER S A;;30-67661149-1;LUBRISIDER S A;;;
1528163;18/08/2026;No Garantizado;SI;SI;NO;ECHEQ;NO;NO;C.I.;13:58:19;17:00:00;78;15;32,00;32,00;15;$;20.283.805,33;1;Negociada;14:00:21;;30-60946850-1;RANZANI A.J.C. Y FOSSATTI C.A. S.A;AO;;;Certificado MiPyME;;
1528164;18/08/2026;No Garantizado;SI;SI;NO;ECHEQ;NO;NO;C.I.;13:59:23;17:00:00;57;15;32,00;32,00;15;$;16.236.899,68;1;Negociada;14:01:24;;30-71013267-0;FERREIRA SPORT S.A.;AO;;;Certificado MiPyME;;
1528165;18/08/2026;No Garantizado;SI;SI;NO;ECHEQ;NO;NO;C.I.;13:59:53;17:00:00;22;718;34,00;34,00;718;$;3.279.173,57;1;Negociada;14:01:54;;30-71513320-9;ESTANCIA EL DUENDE SRL;AO;;;Certificado MiPyME;;
1528166;18/08/2026;No Garantizado;SI;SI;NO;ECHEQ;NO;NO;C.I.;13:59:58;17:00:00;72;15;32,00;32,00;15;$;455.160,00;1;Negociada;14:02:00;;27-32105886-3;GAUCHAT MARIA NOELIA;AO;;;Certificado MiPyME;;
1528167;18/08/2026;No Garantizado;SI;SI;NO;ECHEQ;NO;NO;C.I.;14:00:04;17:00:00;15;718;34,00;34,00;718;$;4.022.296,79;1;Negociada;14:02:06;;30-71821942-2;SUSTENTABLE MOVIL S. R. L.;AO;;;Certificado MiPyME;;
1528168;18/08/2026;No Garantizado;NO;SI;NO;ECHEQ;SI;NO;C.I.;14:00:08;17:00:00;52;43;28,50;28,50;43;$;93.796.565,12;2;Negociada;14:02:10;;30-70952864-1;ASOCIACION DE AYUDA MUTUA DE CHOFERES DE CAMINOES,OBREROS Y EMPLEADOS  DEL TRANSPORTE DE CARGA ...;NO;30-52660254-0;CLUB ATLETICO SAN JORGE MUTUAL Y SOCIAL;;;
1528169;18/08/2026;No Garantizado;SI;SI;NO;ECHEQ;NO;NO;C.I.;14:00:13;17:00:00;15;718;34,00;34,00;718;$;1.692.248,67;1;Negociada;14:02:14;;20-20219851-2;ALVARADO FABIO EDUARDO;AO;;;Certificado MiPyME;;
1528170;18/08/2026;No Garantizado;SI;SI;NO;ECHEQ;NO;NO;C.I.;14:00:16;17:00:00;57;15;32,00;32,00;15;$;310.000,00;1;Negociada;14:02:18;;20-28191580-1;BORTKIENDIEZ LEANDRO SAMUEL;AO;;;Certificado MiPyME;;
1528171;18/08/2026;No Garantizado;SI;SI;NO;ECHEQ;NO;NO;C.I.;14:00:31;17:00:00;71;15;32,00;32,00;15;$;3.447.847,47;1;Negociada;14:02:33;;33-71750803-9;BS SPORTS BUSINESS & ENTERTAINMENT S.A.;AO;;;Certificado MiPyME;;
1528172;18/08/2026;No Garantizado Calificado;SI;SI;NO;FCE;NO;NO;C.I.;14:00:44;17:00:00;21;520;23,10;23,10;791;$;95.006.530,39;1;Negociada;16:18:45;%YFP;30-54668997-9;YPF SOCIEDAD ANONIMA;;;;;;
1528173;18/08/2026;No Garantizado;SI;SI;NO;ECHEQ;NO;NO;C.I.;14:00:46;17:00:00;86;15;32,00;32,00;15;$;3.084.323,56;1;Negociada;14:02:47;;27-18788375-5;ARCE CARDOZA ALEJANDRA;AO;;;Certificado MiPyME;;
1528174;18/08/2026;No Garantizado;SI;SI;NO;ECHEQ;NO;NO;C.I.;14:01:00;17:00:00;70;15;32,00;32,00;15;$;635.898,00;1;Negociada;14:03:01;;27-32105886-3;GAUCHAT MARIA NOELIA;AO;;;Certificado MiPyME;;
1528175;18/08/2026;No Garantizado;SI;SI;NO;ECHEQ;NO;NO;C.I.;14:01:16;17:00:00;64;15;32,00;32,00;15;$;440.000,00;1;Negociada;14:03:19;;20-27556930-6;BELIZ MARIO GUSTAVO;AO;;;Certificado MiPyME;;
1528176;18/08/2026;No Garantizado;SI;SI;NO;ECHEQ;NO;NO;C.I.;14:01:55;17:00:00;44;15;32,00;32,00;15;$;1.200.000,00;1;Negociada;14:03:57;;30-71035025-2;MARJUSVALE SA;AO;;;Certificado MiPyME;;
1528177;18/08/2026;Avalado;;SI;NO;ECHEQ;NO;NO;24Hs.;14:02:03;17:00:00;48;;;25,00;405;$;20.000.000,00;1;Desierta;;PROM;;Promover S.G.R.;AO;;;;;
1528178;18/08/2026;No Garantizado;SI;SI;NO;ECHEQ;NO;NO;C.I.;14:02:15;17:00:00;29;15;31,00;31,00;15;$;2.691.750,00;1;Negociada;14:04:17;;30-53531324-1;BUSTIN SOLUCIONES INDUSTRIALES SA;AO;;;Certificado MiPyME;;
1528179;18/08/2026;No Garantizado;SI;SI;NO;ECHEQ;NO;NO;C.I.;14:03:04;17:00:00;54;718;34,00;34,00;718;$;5.000.000,00;2;Negociada;14:05:05;;30-71596583-2;NVX S. A.;AO;;;Certificado MiPyME;;
1528180;18/08/2026;No Garantizado;NO;NO;NO;PAGARE;NO;NO;C.I.;14:03:21;17:00:00;7;559;38,00;38,00;559;$;700.000.000,00;1;Negociada;14:05:22;;30-71632641-8;VENOIL S. A.;;;;;;
1528181;18/08/2026;Avalado;;SI;NO;ECHEQ;NO;NO;24Hs.;14:03:35;17:00:00;40;;;21,00;598;$;182.417.982,61;2;Desierta;;GARA;;Garantizar S.G.R.;AO;;;;;
1528182;18/08/2026;No Garantizado Calificado;NO;SI;NO;ECHEQ;NO;NO;C.I.;14:03:58;17:00:00;51;433;38,00;38,00;433;$;567.500.000,00;2;Negociada;14:06:00;;30-64772754-5;SES S.A.;AO;30-64772754-5;SES S.A.;;;
1528183;18/08/2026;No Garantizado;NO;NO;NO;PAGARE;NO;NO;C.I.;14:04:17;17:00:00;7;559;38,00;38,00;559;$;500.000.000,00;1;Negociada;14:06:18;;30-71632641-8;VENOIL S. A.;;;;;;
1528184;18/08/2026;Avalado;;SI;NO;ECHEQ;NO;NO;24Hs.;14:04:17;17:00:00;67;864;27,00;27,00;864;$;14.300.000,00;7;Negociada;14:06:18;MILL;;MILLS S.G.R.;AO;;;;;
1528185;18/08/2026;Avalado;;SI;NO;ECHEQ;NO;NO;24Hs.;14:04:27;17:00:00;63;864;28,00;28,00;864;$;6.000.000,00;1;Negociada;15:08:39;MILL;;MILLS S.G.R.;AO;;;;;
1528186;18/08/2026;No Garantizado;NO;SI;NO;ECHEQ;NO;NO;24Hs.;14:05:09;17:00:00;129;433;30,00;30,00;433;$;300.000.000,00;6;Negociada;14:07:11;;30-70782089-2;AGROSERVICIOS SRL;AO;30-71156677-1;LIPSA SRL;;;
1528187;18/08/2026;No Garantizado;NO;SI;NO;PAGARE;NO;NO;C.I.;14:06:05;17:00:00;99;559;35,00;35,00;559;$;385.500.000,00;1;Negociada;14:08:06;;30-71632641-8;VENOIL S. A.;;30-71632641-8;VENOIL S. A.;;;
1528188;18/08/2026;Avalado;;SI;NO;ECHEQ;NO;NO;24Hs.;14:06:22;17:00:00;70;754;28,00;28,00;754;$;6.241.600,00;1;Negociada;14:33:35;ACEN;;Avales del Centro S.G.R.;AO;;;;;
1528189;18/08/2026;Avalado;;SI;NO;ECHEQ;NO;NO;24Hs.;14:06:36;17:00:00;77;;;26,00;754;$;21.305.123,69;1;Desierta;;ACEN;;Avales del Centro S.G.R.;AO;;;;;
1528190;18/08/2026;Avalado;;SI;NO;ECHEQ;NO;NO;24Hs.;14:06:54;17:00:00;38;754;27,00;27,00;754;$;17.154.663,04;4;Negociada;14:33:52;ACEN;;Avales del Centro S.G.R.;AO;;;;;
1528191;18/08/2026;No Garantizado;NO;SI;NO;PAGARE;NO;NO;C.I.;14:06:56;17:00:00;99;559;35,00;35,00;559;$;385.500.000,00;1;Negociada;14:08:57;;30-71632641-8;VENOIL S. A.;;30-71632641-8;VENOIL S. A.;;;
1528192;18/08/2026;No Garantizado;NO;SI;NO;PAGARE;NO;NO;C.I.;14:07:48;17:00:00;99;559;35,00;35,00;559;$;550.700.000,00;1;Negociada;14:09:50;;30-71632641-8;VENOIL S. A.;;30-71632641-8;VENOIL S. A.;;;
1528193;18/08/2026;No Garantizado;NO;SI;NO;ECHEQ;NO;NO;C.I.;14:07:58;17:00:00;122;754;38,00;38,00;754;$;30.000.000,00;6;Negociada;14:09:59;;30-70731108-4;FERIAS ROWAL S.R.L.;AO;;;;;
1528194;18/08/2026;No Garantizado;NO;SI;NO;PAGARE;NO;NO;C.I.;14:08:23;17:00:00;63;754;6,50;6,50;754;DOL;110.000,00;1;Negociada;14:10:25;;30-71504606-3;FIDEICOMISO NAASE;;30-71504606-3;FIDEICOMISO NAASE;;;
1528195;18/08/2026;No Garantizado;SI;NO;NO;PAGARE;NO;NO;C.I.;14:08:33;17:00:00;9;439;25,00;25,00;287;$;215.000.000,00;1;Negociada;14:10:35;;30-71838485-7;ROADBOOK CONSTRUCCIONES, LOGISTICA Y SERVICIOS S. R. L.;;;;Certificado MiPyME;;
1528196;18/08/2026;Avalado;;SI;NO;ECHEQ;NO;NO;24Hs.;14:08:40;17:00:00;90;406;25,00;25,00;406;$;20.000.000,00;1;Negociada;14:18:10;ARPY;;Argenpymes S.G.R.;AO;;;;;
1528197;18/08/2026;Avalado;;SI;NO;ECHEQ;NO;NO;24Hs.;14:09:03;17:00:00;86;406;25,00;25,00;406;$;9.250.000,00;1;Negociada;14:18:39;ARPY;;Argenpymes S.G.R.;AO;;;;;
1528198;18/08/2026;Avalado;;SI;NO;ECHEQ;NO;NO;24Hs.;14:09:12;17:00:00;124;287;25,00;25,00;559;$;14.000.000,00;2;Negociada;14:16:47;AFFI;;Affidavit S.G.R.;AO;;;;;
1528199;18/08/2026;No Garantizado;NO;SI;NO;ECHEQ;NO;NO;24Hs.;14:09:14;17:00:00;71;572;29,00;29,00;702;$;22.259.734,15;1;Negociada;14:51:47;;30-50673003-8;S A IMPORTADORA Y EXPORTADORA DE LA PATAGONIA;AO;30-70861763-2;CIA. ARGENTINA DE DISFRACES SA;;;
1528200;18/08/2026;Avalado;;SI;NO;ECHEQ;NO;NO;24Hs.;14:10:01;17:00:00;30;501;21,00;21,00;545;$;15.000.000,00;1;Negociada;14:37:52;FAEC;;FIDEICOM.DE AFECT. ESPEC.;AO;;;;;
1528201;18/08/2026;Garantizado;SI;SI;NO;ECHEQ;NO;NO;24Hs.;14:10:37;17:00:00;27;523;25,00;25,00;598;$;36.799.488,00;4;Negociada;15:24:00;;;;AO;;;Certificado MiPyME;;
1528202;18/08/2026;No Garantizado;SI;SI;NO;PAGARE;NO;NO;C.I.;14:11:03;17:00:00;94;767;35,00;35,00;754;$;10.000.000,00;1;Negociada;14:46:57;;33-71682356-9;COOLMEALS S.A.S.;;33-71682356-9;COOLMEALS S.A.S.;Certificado MiPyME;;
1528203;18/08/2026;Avalado;;SI;NO;ECHEQ;NO;NO;24Hs.;14:11:37;17:00:00;96;864;28,00;28,00;864;$;15.000.000,00;4;Negociada;15:08:07;MILL;;MILLS S.G.R.;AO;;;;;
1528204;18/08/2026;No Garantizado;NO;SI;NO;ECHEQ;NO;NO;C.I.;14:12:18;17:00:00;36;554;33,00;33,00;554;$;3.867.905,00;1;Negociada;14:14:19;;30-70828019-0;BODEGAS Y VIÑEDOS RENACER SA;AO;30-67641215-4;INDUMAD SA;;;
1528205;18/08/2026;Avalado;;SI;NO;ECHEQ;NO;NO;24Hs.;14:13:53;17:00:00;104;559;25,00;25,00;559;$;22.500.000,00;6;Negociada;14:24:37;ACPY;;Acindar Pymes S.G.R.;AO;;;;;
1528206;18/08/2026;No Garantizado;SI;NO;NO;ECHEQ;SI;NO;C.I.;14:14:01;17:00:00;21;15;26,00;26,00;15;$;220.663.872,89;1;Negociada;14:16:03;;30-70225040-0;E V A SA;NO;;;Certificado MiPyME;;
1528207;18/08/2026;No Garantizado;SI;SI;NO;ECHEQ;NO;NO;C.I.;14:14:09;17:00:00;34;41;40,00;40,00;41;$;18.110.225,58;1;Negociada;14:16:31;;30-70828019-0;BODEGAS Y VIÑEDOS RENACER SA;AO;;;Certificado MiPyME;;
1528208;18/08/2026;No Garantizado;NO;NO;NO;ECHEQ;SI;NO;C.I.;14:14:24;17:00:00;9;15;26,00;26,00;15;$;340.756.201,56;1;Negociada;14:16:25;;33-71615028-9;CAPEX SA Y PETROMINERA CHUBUT SOCIEDAD DEL ESTADO UNION TRANSITORIA PAMPA DEL CASTILLO LA GUITARRA;NO;;;;;
1528209;18/08/2026;No Garantizado;NO;NO;NO;ECHEQ;SI;NO;C.I.;14:14:48;17:00:00;8;15;26,00;26,00;15;$;332.568.890,41;1;Negociada;14:16:49;;30-65904015-4;AREA RIO NEGRO NORTE;NO;;;;;
1528210;18/08/2026;Avalado;;SI;NO;ECHEQ;NO;NO;24Hs.;14:15:40;17:00:00;62;502;24,00;24,00;559;$;5.000.000,00;1;Negociada;14:17:42;AFFI;;Affidavit S.G.R.;AO;;;;;
1528211;18/08/2026;No Garantizado;NO;SI;NO;ECHEQ;NO;NO;C.I.;14:15:47;17:00:00;44;718;29,00;29,00;718;$;5.000.000,00;2;Negociada;14:17:48;;30-68564973-6;SAIKO S.A.;AO;;;;;
1528212;18/08/2026;No Garantizado;NO;SI;NO;ECHEQ;NO;NO;C.I.;14:15:48;17:00:00;49;866;36,00;36,00;866;$;400.000.000,00;1;Negociada;14:17:50;;30-70931850-7;COM & LOG S. A.;AO;30-70931850-7;COM & LOG S. A.;;;
1528213;18/08/2026;Avalado;;SI;NO;ECHEQ;NO;NO;24Hs.;14:16:10;17:00:00;65;;;23,00;545;$;8.000.000,00;3;Desierta;;NEUQ;;Neuquen Pymes S.G.R.;AO;;;;;
1528214;18/08/2026;No Garantizado;NO;SI;NO;ECHEQ;NO;NO;C.I.;14:16:41;17:00:00;10;545;23,59;23,59;545;$;2.616.164.132,64;2;Negociada;14:24:25;;30-71199861-2;DLP CAPITAL PARTNERS S. A.;AO;30-71199861-2;DLP CAPITAL PARTNERS S. A.;;;
1528215;18/08/2026;No Garantizado;SI;SI;NO;FCE;NO;NO;C.I.;14:16:43;17:00:00;27;723;27,00;27,00;422;$;61.056.964,77;2;Negociada;14:50:22;%EVA;30-68521819-0;A EVANGELISTA S A;;;;;;
1528216;18/08/2026;No Garantizado;NO;SI;NO;PAGARE;NO;NO;24Hs.;14:16:51;17:00:00;162;808;10,00;10,00;808;U$D;5.000,00;1;Negociada;14:18:53;;30-71564356-8;GIZMOTEC S.R.L.;;30-71564356-8;GIZMOTEC S.R.L.;;;
1528217;18/08/2026;No Garantizado;SI;SI;NO;FCE;NO;NO;C.I.;14:16:53;17:00:00;35;723;28,00;28,00;422;$;19.520.569,22;1;Negociada;15:17:46;%BAK;30-50447541-3;BAKER HUGHES ARGENTINA S. R. L.;;;;;;
1528218;18/08/2026;No Garantizado;NO;SI;NO;ECHEQ;NO;NO;C.I.;14:17:07;17:00:00;12;545;23,59;23,59;545;$;4.130.856.364,07;2;Negociada;14:24:33;;30-71723549-1;DLOCAL SERVICES ARG S. A.;AO;30-71723549-1;DLOCAL SERVICES ARG S. A.;;;
1528220;18/08/2026;No Garantizado;SI;SI;NO;PAGARE;NO;NO;C.I.;14:17:20;17:00:00;34;770;28,00;28,00;770;$;21.500.000,00;1;Negociada;14:29:10;;30-71869714-6;GRILUDELL SRL;;30-71869714-6;GRILUDELL SRL;Certificado MiPyME;;
1528221;18/08/2026;No Garantizado;NO;SI;NO;ECHEQ;NO;NO;C.I.;14:17:28;17:00:00;9;545;26,59;26,59;545;$;1.509.944.279,49;1;Negociada;14:24:45;;30-71577872-2;DLOCAL ARGENTINA S.A. S. A.;AO;30-71577872-2;DLOCAL ARGENTINA S.A. S. A.;;;
1528222;18/08/2026;No Garantizado;SI;SI;NO;PAGARE;NO;NO;C.I.;14:17:35;17:00:00;34;770;28,00;28,00;770;$;62.000.000,00;1;Negociada;14:43:26;;30-71869714-6;GRILUDELL SRL;;30-71869714-6;GRILUDELL SRL;Certificado MiPyME;;
1528223;18/08/2026;No Garantizado;NO;SI;NO;ECHEQ;NO;NO;24Hs.;14:18:07;17:00:00;49;866;36,00;36,00;866;$;500.000.000,00;1;Negociada;14:20:09;;30-70931850-7;COM & LOG S. A.;AO;30-70931850-7;COM & LOG S. A.;;;
1528224;18/08/2026;Avalado;;SI;NO;PAGARE;NO;NO;C.I.;14:18:15;17:00:00;325;;;;406;U$D;200.000,00;4;Desierta;;ARPY;;Argenpymes S.G.R.;;;;;;
1528225;18/08/2026;Avalado;;SI;NO;ECHEQ;NO;NO;24Hs.;14:20:14;17:00:00;42;;;23,00;526;$;29.159.246,56;1;Desierta;;POTE;;Potenciar S.G.R.;AO;;;;;
1528226;18/08/2026;Avalado;;SI;NO;ECHEQ;NO;NO;24Hs.;14:21:36;17:00:00;169;;;28,00;754;$;4.000.000,00;2;Desierta;;ACEN;;Avales del Centro S.G.R.;AO;;;;;
1528227;18/08/2026;Avalado;;SI;NO;ECHEQ;NO;NO;24Hs.;14:21:55;17:00:00;146;;;25,00;785;$;25.165.285,00;5;Desierta;;TRND;;Trend S.G.R.;AO;;;;;
1528228;18/08/2026;Avalado;;SI;NO;ECHEQ;NO;NO;24Hs.;14:21:55;17:00:00;46;852;27,00;27,00;553;$;70.000.000,00;3;Negociada;15:16:33;FEDE;;Aval Federal S.G.R.;AO;;;;;
1528229;18/08/2026;Avalado;;SI;NO;ECHEQ;NO;NO;24Hs.;14:22:24;17:00:00;124;;;25,00;11;$;12.500.000,00;5;Desierta;;FAEC;;FIDEICOM.DE AFECT. ESPEC.;AO;;;;;
1528230;18/08/2026;Avalado;;SI;NO;ECHEQ;NO;NO;24Hs.;14:22:37;17:00:00;110;;;25,00;11;$;21.404.800,00;3;Desierta;;FEDE;;Aval Federal S.G.R.;AO;;;;;
1528231;18/08/2026;Avalado;;SI;NO;ECHEQ;NO;NO;24Hs.;14:22:48;17:00:00;117;11;28,00;28,00;11;$;50.000.000,00;3;Negociada;16:03:29;FEDE;;Aval Federal S.G.R.;AO;;;;;
1528232;18/08/2026;Avalado;;SI;NO;ECHEQ;NO;NO;24Hs.;14:23:01;17:00:00;38;;;23,00;11;$;300.000.000,00;3;Desierta;;UNIO;;Union S.G.R.;AO;;;;;
1528233;18/08/2026;Avalado;;SI;NO;ECHEQ;NO;NO;24Hs.;14:23:08;17:00:00;39;442;26,00;26,00;11;$;144.000.000,00;4;Negociada;14:59:15;UNIO;;Union S.G.R.;AO;;;;;
1528234;18/08/2026;No Garantizado;NO;SI;NO;PAGARE;NO;NO;24Hs.;14:23:24;17:00:00;62;769;40,00;40,00;769;$;30.000.000,00;1;Negociada;14:26:00;;30-68271370-0;MUTUAL A M F A Y S ASOCIACION MUTUAL;;30-68271370-0;MUTUAL A M F A Y S ASOCIACION MUTUAL;;;
1528235;18/08/2026;Avalado;;SI;NO;ECHEQ;NO;NO;24Hs.;14:24:03;17:00:00;70;15;22,00;22,00;422;$;9.000.000,00;3;Negociada;14:26:04;CMFI;;BANCO COMAFI S.A.;AO;;;;;
1528236;18/08/2026;No Garantizado Calificado;NO;SI;NO;PAGARE;NO;NO;C.I.;14:24:19;17:00:00;72;526;30,00;30,00;526;$;54.500.000,00;1;Negociada;14:27:26;;30-63725315-4;GUMMA SRL;;30-63725315-4;GUMMA SRL;;;
1528237;18/08/2026;No Garantizado;NO;SI;NO;PAGARE;NO;NO;C.I.;14:25:13;17:00:00;76;401;7,50;7,50;401;DOL;200.000,00;1;Negociada;14:27:15;;30-69007604-3;SION S. A.;;30-69007604-3;SION S. A.;;;
1528238;18/08/2026;No Garantizado;NO;NO;NO;ECHEQ;NO;NO;24Hs.;14:25:50;17:00:00;56;;;27,50;769;$;2.000.000.000,00;1;Desierta;;;30-65511651-2;EDESUR S A;AO;30-65537309-4;COMPA#IA ADMINIST DEL MERCADO MAYORISTA ELECTRICO SOC ANONIMA;;;
1528239;18/08/2026;No Garantizado;NO;NO;NO;PAGARE;NO;NO;24Hs.;14:26:27;17:00:00;8;808;10,00;10,00;808;U$D;5.000,00;1;Negociada;14:28:29;;30-71564356-8;GIZMOTEC S.R.L.;;;;;;
1528240;18/08/2026;No Garantizado;NO;SI;NO;ECHEQ;NO;NO;24Hs.;14:28:18;17:00:00;71;568;31,00;31,00;568;$;9.622.500,00;2;Negociada;14:30:20;;30-69070525-3;ALTO MOLINO  S R L;AO;20-36838879-4;BESTANI HUGO MAXIMILIANO;;;
1528241;18/08/2026;No Garantizado;NO;SI;NO;ECHEQ;NO;NO;24Hs.;14:29:08;17:00:00;68;568;31,00;31,00;568;$;224.500,00;1;Negociada;14:31:09;;30-71042329-2;TRANSPORTADORA MINERA S.R.L.;AO;20-36838879-4;BESTANI HUGO MAXIMILIANO;;;
1528242;18/08/2026;Avalado;;SI;NO;ECHEQ;NO;NO;24Hs.;14:29:24;17:00:00;49;406;24,00;24,00;764;$;100.000.000,00;1;Negociada;14:31:25;TRND;;Trend S.G.R.;AO;;;;;
1528243;18/08/2026;No Garantizado;NO;SI;NO;ECHEQ;NO;NO;C.I.;14:29:49;17:00:00;85;754;35,00;35,00;754;$;8.300.000,00;1;Negociada;14:31:50;;30-71554040-8;LANCOPINTO SA;AO;30-71554040-8;LANCOPINTO SA;;;
1528244;18/08/2026;No Garantizado;NO;SI;NO;PAGARE;NO;NO;C.I.;14:30:12;17:00:00;358;754;7,00;7,00;754;DOL;50.000,00;1;Negociada;14:32:14;;20-23683617-8;SAMMARTINO ANDRES GUSTAVO;;20-23683617-8;SAMMARTINO ANDRES GUSTAVO;;;
1528245;18/08/2026;Avalado;;SI;NO;ECHEQ;NO;NO;24Hs.;14:30:17;17:00:00;71;406;24,00;24,00;406;$;20.000.000,00;2;Negociada;15:06:45;ARPY;;Argenpymes S.G.R.;AO;;;;;
1528246;18/08/2026;No Garantizado;NO;SI;NO;ECHEQ;NO;NO;24Hs.;14:30:22;17:00:00;49;764;36,00;36,00;764;$;100.400.000,00;1;Negociada;15:11:00;;30-71738207-9;AILES SOCIEDAD ANONIMA;AO;30-71738207-9;AILES SOCIEDAD ANONIMA;;;
1528247;18/08/2026;No Garantizado;NO;NO;NO;ECHEQ;NO;NO;24Hs.;14:30:30;17:00:00;56;;;27,50;769;$;2.000.000.000,00;1;Desierta;;;30-65511651-2;EDESUR S A;AO;30-65537309-4;COMPA#IA ADMINIST DEL MERCADO MAYORISTA ELECTRICO SOC ANONIMA;;;
1528248;18/08/2026;No Garantizado;NO;SI;NO;PAGARE AJUSTE TAMAR;NO;NO;C.I.;14:30:39;17:00:00;162;572;;;572;$;524.500.000,00;1;Negociada;14:49:17;;30-68570941-0;VALLE FERTIL S. A.;;;;;95,75;95,75
1528249;18/08/2026;Garantizado;SI;SI;NO;ECHEQ;NO;NO;24Hs.;14:31:48;17:00:00;27;406;25,00;25,00;754;$;1.600.272,32;3;Negociada;14:33:50;;;;AO;;;Certificado MiPyME;;
1528250;18/08/2026;No Garantizado;NO;SI;NO;ECHEQ;NO;NO;C.I.;14:32:06;17:00:00;120;764;36,00;36,00;764;$;80.000.000,00;2;Negociada;15:11:16;;30-71571065-6;LOGISVET S.R.L.;AO;;;;;
1528251;18/08/2026;Garantizado Calificado;SI;SI;NO;ECHEQ;NO;NO;24Hs.;14:32:18;17:00:00;26;406;25,00;25,00;754;$;14.081.700,00;7;Negociada;14:34:20;;;;AO;;;Certificado MiPyME;;
1528252;18/08/2026;Garantizado Calificado;NO;SI;NO;ECHEQ;NO;NO;24Hs.;14:32:33;17:00:00;27;;;25,00;754;$;25.084.370,00;5;Desierta;;;;;AO;;;;;
1528253;18/08/2026;Avalado;;SI;NO;ECHEQ;NO;NO;24Hs.;14:32:37;17:00:00;133;;;10,00;770;$;21.000.000,00;4;Desierta;;INPY;;Integra Pymes S.G.R.;AO;;;;;
1528254;18/08/2026;Garantizado;NO;SI;NO;ECHEQ;SI;NO;24Hs.;14:32:47;17:00:00;29;523;26,00;26,00;754;$;565.000,00;1;Negociada;15:28:43;;;;NO;;;;;
1528255;18/08/2026;No Garantizado;NO;SI;NO;ECHEQ;NO;NO;C.I.;14:33:31;17:00:00;120;764;36,00;36,00;764;$;40.000.000,00;1;Negociada;15:11:26;;30-71571065-6;LOGISVET S.R.L.;AO;;;;;
1528256;18/08/2026;Avalado;;SI;NO;ECHEQ;NO;NO;24Hs.;14:33:55;17:00:00;62;501;23,00;23,00;536;$;5.625.000,00;1;Negociada;15:54:59;FOBA;;Fondo de Garantias Bs.As.;AO;;;;;
1528257;18/08/2026;No Garantizado;NO;SI;NO;PAGARE;NO;NO;C.I.;14:34:06;17:00:00;106;430;9,00;9,00;430;U$D;500.000,00;1;Negociada;14:36:08;;30-63532214-0;ESPARTINA S A;;30-63532214-0;ESPARTINA S A;;;
1528258;18/08/2026;Avalado;;SI;NO;ECHEQ;NO;NO;24Hs.;14:34:22;17:00:00;55;501;21,00;21,00;536;$;32.423.121,39;4;Negociada;15:02:45;FOBA;;Fondo de Garantias Bs.As.;AO;;;;;
1528259;18/08/2026;No Garantizado;NO;SI;NO;ECHEQ;NO;NO;C.I.;14:34:24;17:00:00;34;526;29,00;29,00;767;$;10.511.334,23;1;Negociada;15:14:29;;30-54892859-8;CONS PROP FIGUEROA ALCORTA 3590;AO;33-68899910-9;DEL PAIS COOPERATIVA DE CREDITO, CONSUMO Y VIVIENDA LIMITADA;;;
1528260;18/08/2026;No Garantizado;NO;SI;NO;ECHEQ;NO;NO;C.I.;14:34:43;17:00:00;36;526;29,00;29,00;767;$;3.049.200,00;2;Negociada;15:14:47;;30-63142743-6;CONSORCIO DE PROPIETARIOS TTE BENJAMIN  MATIENZO 1537 41 43;AO;33-68899910-9;DEL PAIS COOPERATIVA DE CREDITO, CONSUMO Y VIVIENDA LIMITADA;;;
1528261;18/08/2026;No Garantizado;NO;SI;NO;PAGARE AJUSTE TAMAR;NO;NO;C.I.;14:34:48;17:00:00;195;572;;;572;$;524.500.000,00;1;Negociada;14:49:40;;30-68570941-0;VALLE FERTIL S. A.;;;;;94,93;94,93
1528262;18/08/2026;Avalado;;SI;NO;ECHEQ;NO;NO;C.I.;14:34:54;17:00:00;56;764;29,00;29,00;764;$;10.000.000,00;2;Negociada;15:11:39;FEDE;;Aval Federal S.G.R.;AO;;;;;
1528263;18/08/2026;No Garantizado;NO;SI;NO;PAGARE AJUSTE TAMAR;NO;NO;C.I.;14:35:33;17:00:00;224;572;;;572;$;524.500.000,00;1;Negociada;14:49:58;;30-68570941-0;VALLE FERTIL S. A.;;;;;94,22;94,22
1528264;18/08/2026;No Garantizado;NO;SI;NO;ECHEQ;NO;NO;C.I.;14:35:52;17:00:00;16;764;32,00;32,00;764;$;25.447.491,45;1;Negociada;15:11:52;;30-71752718-2;PASEO DEL NORTE S.A.;AO;;;;;
1528265;18/08/2026;No Garantizado;NO;SI;NO;PAGARE AJUSTE TAMAR;NO;NO;C.I.;14:36:13;17:00:00;252;572;;;572;$;524.500.000,00;1;Negociada;14:50:20;;30-68570941-0;VALLE FERTIL S. A.;;;;;93,54;93,54
1528266;18/08/2026;Avalado;;SI;NO;ECHEQ;NO;NO;24Hs.;14:36:14;17:00:00;29;501;21,00;21,00;536;$;7.608.713,80;6;Negociada;15:04:39;FOBA;;Fondo de Garantias Bs.As.;AO;;;;;
1528267;18/08/2026;Avalado;;SI;NO;ECHEQ;SI;NO;24Hs.;14:36:32;17:00:00;26;501;21,00;21,00;536;$;698.896,00;1;Negociada;15:04:08;FOBA;;Fondo de Garantias Bs.As.;NO;;;;;
1528268;18/08/2026;Avalado;;SI;NO;ECHEQ;NO;NO;C.I.;14:36:48;17:00:00;132;734;28,00;28,00;734;$;50.000.000,00;1;Negociada;14:45:13;CONV;;CONAVAL S.G.R.;AO;;;;;
1528269;18/08/2026;Avalado;;SI;NO;ECHEQ;NO;NO;24Hs.;14:36:50;17:00:00;58;501;21,00;21,00;536;$;5.600.000,00;1;Negociada;15:45:25;FOBA;;Fondo de Garantias Bs.As.;AO;;;;;
1528270;18/08/2026;Avalado;;SI;NO;ECHEQ;NO;NO;24Hs.;14:37:07;17:00:00;57;501;21,00;21,00;536;$;4.750.000,00;1;Negociada;15:03:27;FOBA;;Fondo de Garantias Bs.As.;AO;;;;;
1528271;18/08/2026;No Garantizado;NO;SI;NO;ECHEQ;NO;NO;C.I.;14:37:24;17:00:00;35;526;29,00;29,00;767;$;4.188.616,67;1;Negociada;15:15:14;;30-65870709-0;DAMIANICH Y SONS SRL;AO;33-68899910-9;DEL PAIS COOPERATIVA DE CREDITO, CONSUMO Y VIVIENDA LIMITADA;;;
1528272;18/08/2026;Avalado;;NO;NO;ECHEQ;NO;NO;C.I.;14:37:42;17:00:00;8;;;25,00;813;$;20.163.729,55;1;Desierta;;FOGA;;Fdo. de Gtias. del Chaco;AO;;;;;
1528273;18/08/2026;No Garantizado;NO;SI;NO;ECHEQ;NO;NO;C.I.;14:37:43;17:00:00;36;526;29,00;29,00;767;$;1.095.236,89;1;Negociada;15:15:24;;30-70769480-3;HERRAJES EXCLUSIVOS SRL S. R. L.;AO;33-68899910-9;DEL PAIS COOPERATIVA DE CREDITO, CONSUMO Y VIVIENDA LIMITADA;;;
1528274;18/08/2026;No Garantizado;NO;SI;NO;ECHEQ;NO;NO;C.I.;14:38:01;17:00:00;36;526;29,00;29,00;767;$;1.633.500,00;1;Negociada;15:15:34;;30-70865890-8;BIOPROTECE SA;AO;33-68899910-9;DEL PAIS COOPERATIVA DE CREDITO, CONSUMO Y VIVIENDA LIMITADA;;;
1528275;18/08/2026;No Garantizado;NO;SI;NO;ECHEQ;NO;NO;C.I.;14:38:21;17:00:00;35;526;29,00;29,00;767;$;3.629.290,00;1;Negociada;15:15:46;;30-70977271-2;PCDA SA;AO;33-68899910-9;DEL PAIS COOPERATIVA DE CREDITO, CONSUMO Y VIVIENDA LIMITADA;;;
1528276;18/08/2026;No Garantizado;NO;SI;NO;ECHEQ;NO;NO;C.I.;14:38:47;17:00:00;36;526;29,00;29,00;767;$;40.000.000,00;4;Negociada;15:15:58;;30-71042154-0;EKOMAQ SOCIEDAD ANONIMA;AO;33-68899910-9;DEL PAIS COOPERATIVA DE CREDITO, CONSUMO Y VIVIENDA LIMITADA;;;
1528277;18/08/2026;No Garantizado Calificado;NO;SI;NO;ECHEQ;NO;NO;C.I.;14:39:07;17:00:00;36;526;29,00;29,00;767;$;2.000.000,00;1;Negociada;15:16:13;;30-71123594-5;ESTRELLA AZUL S.A.;AO;33-68899910-9;DEL PAIS COOPERATIVA DE CREDITO, CONSUMO Y VIVIENDA LIMITADA;;;
1528278;18/08/2026;No Garantizado;SI;SI;NO;ECHEQ;NO;NO;24Hs.;14:39:14;17:00:00;71;20;33,00;33,00;20;$;15.000.000,00;2;Negociada;14:41:15;;30-71301250-1;ACE INDUSTRIAL S.R.L.;AO;30-71301250-1;ACE INDUSTRIAL S.R.L.;Certificado MiPyME;;
1528279;18/08/2026;No Garantizado;NO;SI;NO;ECHEQ;NO;NO;C.I.;14:39:27;17:00:00;36;526;29,00;29,00;767;$;7.463.436,76;2;Negociada;15:16:27;;30-71413732-4;UNLIMITED WORLD S.A.;AO;33-68899910-9;DEL PAIS COOPERATIVA DE CREDITO, CONSUMO Y VIVIENDA LIMITADA;;;
1528280;18/08/2026;Avalado;;SI;NO;ECHEQ;NO;NO;24Hs.;14:39:41;17:00:00;105;406;25,00;25,00;20;$;10.000.000,00;1;Negociada;15:05:04;ACPY;;Acindar Pymes S.G.R.;AO;;;;;
1528281;18/08/2026;No Garantizado;NO;SI;NO;ECHEQ;NO;NO;C.I.;14:39:46;17:00:00;36;526;29,00;29,00;767;$;5.804.000,00;1;Negociada;15:16:41;;30-71464715-2;JIRIP SRL;AO;33-68899910-9;DEL PAIS COOPERATIVA DE CREDITO, CONSUMO Y VIVIENDA LIMITADA;;;
1528282;18/08/2026;No Garantizado;NO;SI;NO;ECHEQ;NO;NO;C.I.;14:40:04;17:00:00;35;526;29,00;29,00;767;$;1.200.000,00;1;Negociada;15:17:01;;30-71542052-6;INMAC INGENIERIA Y ARQUITECTURA S. A.;AO;;;;;
1528283;18/08/2026;No Garantizado;SI;SI;NO;FCE;NO;NO;24Hs.;14:40:11;17:00:00;34;406;25,00;25,00;502;$;178.042.150,81;6;Negociada;14:42:12;%NIL;30-50109269-6;UNILEVER DE ARGENTINA S A;;;;;;
1528284;18/08/2026;No Garantizado;NO;SI;NO;ECHEQ;NO;NO;24Hs.;14:40:19;17:00:00;14;764;29,00;29,00;764;$;2.518.919,39;1;Negociada;15:12:02;;30-71569993-8;RED PERSCE S.A.;AO;;;;;
1528285;18/08/2026;Avalado;;SI;NO;ECHEQ;SI;NO;24Hs.;14:40:23;17:00:00;13;;;22,00;422;$;21.220.364,88;1;Desierta;;CMFI;;BANCO COMAFI S.A.;NO;;;;;
1528286;18/08/2026;No Garantizado;NO;SI;NO;ECHEQ;NO;NO;C.I.;14:40:30;17:00:00;36;526;29,00;29,00;767;$;5.804.000,00;1;Negociada;15:17:15;;30-71655059-8;DISTRIBUIDORA PORTAFORTUNA SRL S. R. L.;AO;33-68899910-9;DEL PAIS COOPERATIVA DE CREDITO, CONSUMO Y VIVIENDA LIMITADA;;;
1528287;18/08/2026;No Garantizado Calificado;NO;SI;NO;ECHEQ;NO;NO;C.I.;14:40:48;17:00:00;34;526;29,00;29,00;767;$;1.103.600,00;1;Negociada;15:17:26;;30-71674517-8;ABAU S.R.L.;AO;33-68899910-9;DEL PAIS COOPERATIVA DE CREDITO, CONSUMO Y VIVIENDA LIMITADA;;;
1528288;18/08/2026;No Garantizado;NO;SI;NO;ECHEQ;NO;NO;C.I.;14:41:06;17:00:00;36;526;29,00;29,00;767;$;2.200.000,00;1;Negociada;15:17:38;;30-71757165-3;BUDOWA S. A.;AO;33-68899910-9;DEL PAIS COOPERATIVA DE CREDITO, CONSUMO Y VIVIENDA LIMITADA;;;
1528289;18/08/2026;No Garantizado Calificado;NO;SI;NO;ECHEQ;NO;NO;C.I.;14:41:22;17:00:00;35;526;29,00;29,00;767;$;5.000.000,00;1;Negociada;15:17:52;;30-71815042-2;TEXTILES HERBES LUJAN S.R.L.;AO;33-68899910-9;DEL PAIS COOPERATIVA DE CREDITO, CONSUMO Y VIVIENDA LIMITADA;;;
1528290;18/08/2026;No Garantizado;NO;SI;NO;ECHEQ;NO;NO;C.I.;14:41:39;17:00:00;35;526;29,00;29,00;767;$;7.500.000,00;1;Negociada;15:18:04;;30-71881713-3;INMAC INGENIERIA Y ARQUITECTURA S.A. - TECMA S.A. - CEMAR 4 U. T.;AO;33-68899910-9;DEL PAIS COOPERATIVA DE CREDITO, CONSUMO Y VIVIENDA LIMITADA;;;
1528291;18/08/2026;No Garantizado;NO;SI;NO;ECHEQ;NO;NO;C.I.;14:41:57;17:00:00;36;526;29,00;29,00;767;$;2.732.482,50;1;Negociada;15:18:16;;30-71883622-7;PETROEQUIP S. R. L.;AO;33-68899910-9;DEL PAIS COOPERATIVA DE CREDITO, CONSUMO Y VIVIENDA LIMITADA;;;
1528292;18/08/2026;No Garantizado;NO;SI;NO;ECHEQ;NO;NO;C.I.;14:42:16;17:00:00;36;526;29,00;29,00;767;$;18.000.000,00;2;Negociada;15:18:29;;33-68899910-9;DEL PAIS COOPERATIVA DE CREDITO, CONSUMO Y VIVIENDA LIMITADA;AO;33-68899910-9;DEL PAIS COOPERATIVA DE CREDITO, CONSUMO Y VIVIENDA LIMITADA;;;
1528293;18/08/2026;No Garantizado;NO;SI;NO;ECHEQ;NO;NO;C.I.;14:42:34;17:00:00;35;526;29,00;29,00;767;$;2.000.000,00;1;Negociada;15:18:42;;30-71920759-2;INMAC INGENIERIA Y ARQUITECTURA S.A. - SE.MI. S.A. - AUTODROMO GALVEZ U. T.;AO;33-68899910-9;DEL PAIS COOPERATIVA DE CREDITO, CONSUMO Y VIVIENDA LIMITADA;;;
1528294;18/08/2026;No Garantizado;NO;SI;NO;ECHEQ;NO;NO;C.I.;14:42:48;17:00:00;36;526;29,00;29,00;767;$;2.289.425,83;1;Negociada;15:18:52;;30-71929242-5;HRO LUXE S. A. S.;AO;33-68899910-9;DEL PAIS COOPERATIVA DE CREDITO, CONSUMO Y VIVIENDA LIMITADA;;;
1528295;18/08/2026;No Garantizado;NO;SI;NO;ECHEQ;NO;NO;C.I.;14:43:02;17:00:00;37;526;29,00;29,00;767;$;1.750.570,20;1;Negociada;15:19:07;;33-50448711-9;EL TEHUELCHE SOCIEDAD ANONIMA COMERCIAL INDUSTRIAL DE CONSTRUCCIONES E INMOBILIA;AO;33-68899910-9;DEL PAIS COOPERATIVA DE CREDITO, CONSUMO Y VIVIENDA LIMITADA;;;
1528296;18/08/2026;No Garantizado Calificado;NO;NO;NO;PAGARE;NO;NO;C.I.;14:43:14;17:00:00;8;47;12,00;12,00;47;DOL;32.000,00;1;Negociada;15:57:06;;30-68404611-6;AUTOMOVILES SAN JORGE S A;;;;;;
1528297;18/08/2026;Avalado;;SI;NO;ECHEQ;NO;NO;24Hs.;14:43:16;17:00:00;159;;;24,00;11;$;31.591.000,00;10;Desierta;;ACPY;;Acindar Pymes S.G.R.;AO;;;;;
1528298;18/08/2026;Avalado;;SI;NO;ECHEQ;NO;NO;24Hs.;14:43:27;17:00:00;71;11;23,50;23,50;11;$;12.000.000,00;1;Negociada;14:46:40;ACPY;;Acindar Pymes S.G.R.;AO;;;;;
1528300;18/08/2026;Avalado;;SI;NO;ECHEQ;NO;NO;24Hs.;14:43:48;17:00:00;87;11;24,00;24,00;11;$;100.000.000,00;3;Negociada;14:46:59;BIND;;Garantias Bind S.G.R.;AO;;;;;
1528301;18/08/2026;Avalado;;SI;NO;ECHEQ;NO;NO;24Hs.;14:44:08;17:00:00;107;11;24,00;24,00;11;$;60.000.000,00;10;Negociada;14:48:55;ACPY;;Acindar Pymes S.G.R.;AO;;;;;
1528303;18/08/2026;Avalado;;SI;NO;ECHEQ;NO;NO;24Hs.;14:44:35;17:00:00;141;502;25,00;25,00;11;$;16.000.000,00;8;Negociada;15:53:08;ACPY;;Acindar Pymes S.G.R.;AO;;;;;
1528304;18/08/2026;No Garantizado Calificado;NO;SI;NO;ECHEQ;NO;NO;C.I.;14:44:54;17:00:00;59;554;66,00;66,00;827;$;2.000.000,00;1;Negociada;14:46:55;;30-71757663-9;SEPDT S. R. L.;AO;20-30984094-2;ELIZONDO APARICI PABLO EXEQUIEL;;;
1528305;18/08/2026;Avalado;;SI;NO;PAGARE;NO;NO;24Hs.;14:45:20;17:00:00;359;727;7,00;7,00;47;U$D;100.000,00;1;Negociada;15:51:16;FINT;;Fintech S.G.R.;;;;;;
1528306;18/08/2026;No Garantizado;NO;SI;NO;PAGARE;NO;NO;24Hs.;14:45:29;17:00:00;37;287;26,00;26,00;502;$;2.000.000.000,00;2;Negociada;14:48:26;;30-70308853-4;MERCADOLIBRE S.R.L.;;30-70308853-4;MERCADOLIBRE S.R.L.;;;
1528307;18/08/2026;No Garantizado;NO;SI;NO;PAGARE;NO;NO;C.I.;14:45:43;17:00:00;36;15;26,25;26,25;15;$;2.000.000.000,00;2;Negociada;14:47:46;;30-70308853-4;MERCADOLIBRE S.R.L.;;30-70308853-4;MERCADOLIBRE S.R.L.;;;
1528308;18/08/2026;No Garantizado;NO;SI;NO;ECHEQ;NO;NO;C.I.;14:46:05;17:00:00;19;465;38,00;38,00;465;$;2.020.370,47;2;Negociada;14:48:06;;30-55868341-0;RODEL SA;AO;30-51662138-5;FRIGORIFICO ENTRERRIANO DE PRODUCTORES AVICOLAS S A;;;
1528309;18/08/2026;Avalado;;SI;NO;ECHEQ;NO;NO;24Hs.;14:46:32;17:00:00;141;406;27,00;27,00;406;$;20.000.000,00;4;Negociada;15:19:07;ARPY;;Argenpymes S.G.R.;AO;;;;;
1528310;18/08/2026;No Garantizado;NO;SI;NO;PAGARE;NO;NO;24Hs.;14:46:58;17:00:00;63;15;27,25;27,25;15;$;2.000.000.000,00;1;Negociada;14:48:59;;30-70308853-4;MERCADOLIBRE S.R.L.;;30-70308853-4;MERCADOLIBRE S.R.L.;;;
1528311;18/08/2026;No Garantizado;NO;SI;NO;PAGARE;NO;NO;C.I.;14:47:25;17:00:00;182;15;41,75;41,75;15;$;102.541.730,86;1;Negociada;14:49:27;;30-71079392-8;PLUSRASGO  S.A.;;30-71079392-8;PLUSRASGO  S.A.;;;
1528312;18/08/2026;Avalado;;SI;NO;ECHEQ;NO;NO;24Hs.;14:47:27;17:00:00;91;406;25,50;25,50;406;$;120.000.000,00;3;Negociada;15:43:37;ARPY;;Argenpymes S.G.R.;AO;;;;;
1528313;18/08/2026;No Garantizado;NO;SI;NO;PAGARE;NO;NO;C.I.;14:47:58;17:00:00;31;;;0,00;15;$;1.000.000.000,00;1;Desierta (Baja);;;30-70308853-4;MERCADOLIBRE S.R.L.;;30-70308853-4;MERCADOLIBRE S.R.L.;;;
1528314;18/08/2026;No Garantizado;NO;SI;NO;PAGARE;NO;NO;24Hs.;14:48:22;17:00:00;30;15;26,25;26,25;15;$;1.000.000.000,00;1;Negociada;14:50:24;;30-70308853-4;MERCADOLIBRE S.R.L.;;30-70308853-4;MERCADOLIBRE S.R.L.;;;
1528315;18/08/2026;No Garantizado;NO;SI;NO;PAGARE;NO;NO;C.I.;14:48:24;17:00:00;21;15;38,35;38,35;15;$;7.000.000,00;1;Negociada;14:50:26;;30-71079392-8;PLUSRASGO  S.A.;;30-71079392-8;PLUSRASGO  S.A.;;;
1528316;18/08/2026;No Garantizado;NO;SI;NO;PAGARE;NO;NO;C.I.;14:48:50;17:00:00;49;15;38,91;38,91;15;$;7.000.000,00;1;Negociada;14:50:51;;30-71079392-8;PLUSRASGO  S.A.;;30-71079392-8;PLUSRASGO  S.A.;;;
1528317;18/08/2026;No Garantizado;NO;SI;NO;PAGARE;NO;NO;C.I.;14:49:13;17:00:00;79;15;39,53;39,53;15;$;7.000.000,00;1;Negociada;14:51:15;;30-71079392-8;PLUSRASGO  S.A.;;30-71079392-8;PLUSRASGO  S.A.;;;
1528318;18/08/2026;No Garantizado;NO;SI;NO;PAGARE;NO;NO;C.I.;14:49:27;17:00:00;365;;;;767;DOL;4.250,00;1;Desierta (Baja);;;30-71757032-0;PALUNICK S.A.S.;;30-71757032-0;PALUNICK S.A.S.;;;
1528319;18/08/2026;No Garantizado;SI;SI;NO;ECHEQ;NO;NO;C.I.;14:49:30;17:00:00;43;41;50,00;50,00;41;$;9.274.466,95;1;Negociada;14:51:31;;30-70823215-3;CENTRO GANADERO SRL;AO;;;Certificado MiPyME;;
1528320;18/08/2026;No Garantizado;NO;SI;NO;PAGARE;NO;NO;C.I.;14:49:48;17:00:00;114;15;40,27;40,27;15;$;7.000.000,00;1;Negociada;14:51:49;;30-71079392-8;PLUSRASGO  S.A.;;30-71079392-8;PLUSRASGO  S.A.;;;
1528321;18/08/2026;No Garantizado;NO;SI;NO;PAGARE;NO;NO;24Hs.;14:50:03;17:00:00;30;529;26,00;26,00;529;$;3.000.000.000,00;1;Negociada;14:59:30;;30-70308853-4;MERCADOLIBRE S.R.L.;;30-70308853-4;MERCADOLIBRE S.R.L.;;;
1528322;18/08/2026;No Garantizado;NO;SI;NO;PAGARE;NO;NO;C.I.;14:50:11;17:00:00;140;15;40,83;40,83;15;$;7.000.000,00;1;Negociada;14:52:12;;30-71079392-8;PLUSRASGO  S.A.;;30-71079392-8;PLUSRASGO  S.A.;;;
1528323;18/08/2026;No Garantizado;NO;SI;NO;PAGARE;NO;NO;C.I.;14:50:33;17:00:00;170;15;41,49;41,49;15;$;7.000.000,00;1;Negociada;14:52:34;;30-71079392-8;PLUSRASGO  S.A.;;30-71079392-8;PLUSRASGO  S.A.;;;
1528324;18/08/2026;No Garantizado;NO;SI;NO;ECHEQ;SI;NO;C.I.;14:51:00;17:00:00;9;767;24,00;24,00;767;$;39.151.764,62;1;Negociada;14:53:01;;30-61649178-0;MARIANO S. A.;NO;;;;;
1528325;18/08/2026;No Garantizado;NO;SI;NO;ECHEQ;SI;NO;C.I.;14:51:06;17:00:00;36;529;26,55;26,55;529;$;2.351.662.786,92;6;Negociada;15:01:26;;30-67881435-7;TELEFONICA MOVILES ARGENTINA SOCIEDAD ANONIMA;NO;;;;;
1528326;18/08/2026;Avalado;;SI;NO;ECHEQ;NO;NO;24Hs.;14:51:22;17:00:00;66;406;25,50;25,50;529;$;40.000.000,00;2;Negociada;15:18:52;CREC;;Crecer S.G.R.;AO;;;;;
1528327;18/08/2026;Avalado;;SI;NO;ECHEQ;NO;NO;24Hs.;14:51:33;17:00:00;35;11;24,50;24,50;11;$;10.000.000,00;1;Negociada;15:33:15;CREC;;Crecer S.G.R.;AO;;;;;
1528328;18/08/2026;No Garantizado Calificado;NO;SI;NO;ECHEQ;NO;NO;C.I.;14:51:43;17:00:00;47;767;32,00;32,00;767;$;1.330.551,99;3;Negociada;14:53:44;;23-29695630-9;LAMAS ARIEL ROBERTO;AO;;;;;
1528329;18/08/2026;No Garantizado;NO;SI;NO;PAGARE;NO;NO;24Hs.;14:51:47;17:00:00;63;545;27,25;27,25;545;$;1.000.000.000,00;1;Negociada;15:02:19;;30-70308853-4;MERCADOLIBRE S.R.L.;;30-70308853-4;MERCADOLIBRE S.R.L.;;;
1528330;18/08/2026;Avalado;;SI;NO;ECHEQ;NO;NO;24Hs.;14:52:15;17:00:00;128;11;24,50;24,50;11;$;8.050.000,00;2;Negociada;14:58:30;ACPY;;Acindar Pymes S.G.R.;AO;;;;;
1528331;18/08/2026;No Garantizado;NO;SI;NO;ECHEQ;NO;NO;C.I.;14:52:25;17:00:00;107;767;32,00;32,00;767;$;13.000.000,00;5;Negociada;14:54:27;;30-63209990-4;PACENZA OSVALDO VICTOR Y ANA MARIA CAPIELE S.H;AO;;;;;
1528332;18/08/2026;No Garantizado;NO;SI;NO;ECHEQ;NO;NO;C.I.;14:52:38;17:00:00;50;754;44,00;44,00;754;$;504.280,00;2;Negociada;14:56:16;;30-70979563-1;MORINI S. R. L.;AO;;;;;
1528333;18/08/2026;Avalado;;SI;NO;ECHEQ;NO;NO;24Hs.;14:52:50;17:00:00;127;11;24,50;24,50;11;$;2.835.515,30;2;Negociada;14:58:45;ARPY;;Argenpymes S.G.R.;AO;;;;;
1528334;18/08/2026;No Garantizado;NO;SI;NO;ECHEQ;NO;NO;C.I.;14:52:55;17:00:00;32;767;32,00;32,00;767;$;760.077,90;2;Negociada;14:54:56;;30-71084517-0;CONEBA SA;AO;;;;;
1528335;18/08/2026;No Garantizado;NO;SI;NO;ECHEQ;NO;NO;C.I.;14:52:55;17:00:00;69;754;44,00;44,00;754;$;8.901.585,00;3;Negociada;14:56:18;;30-64025193-6;ALLEX S A;AO;;;;;
1528336;18/08/2026;Avalado;;SI;NO;ECHEQ;NO;NO;C.I.;14:53:00;17:00:00;97;406;26,00;26,00;559;$;30.000.000,00;3;Negociada;15:05:54;ARPY;;Argenpymes S.G.R.;AO;;;;;
1528337;18/08/2026;No Garantizado;NO;SI;NO;PAGARE;NO;NO;C.I.;14:53:10;17:00:00;101;704;3,75;3,75;704;U$D;1.000.000,00;1;Negociada;14:55:12;;30-70234697-1;AGROGANADERA DEL NOA S. A.;;30-70234697-1;AGROGANADERA DEL NOA S. A.;;;
1528338;18/08/2026;No Garantizado;NO;SI;NO;ECHEQ;NO;NO;C.I.;14:53:13;17:00:00;115;465;38,00;38,00;465;$;8.000.000,00;1;Negociada;14:55:14;;20-28678257-5;PAGOLA EDUARDO ANDRES;AO;30-51662138-5;FRIGORIFICO ENTRERRIANO DE PRODUCTORES AVICOLAS S A;;;
1528339;18/08/2026;Avalado;;SI;NO;ECHEQ;NO;NO;24Hs.;14:53:15;17:00:00;91;442;28,00;28,00;754;$;20.000.000,00;4;Negociada;16:41:37;AVAL;;Avaluar S.G.R.;AO;;;;;
1528340;18/08/2026;Avalado;;SI;NO;ECHEQ;NO;NO;24Hs.;14:53:19;17:00:00;36;501;21,00;21,00;537;$;5.716.578,40;3;Negociada;16:12:27;FOPA;;FO.GA.PAM SAPEM;AO;;;;;
1528341;18/08/2026;No Garantizado;NO;SI;NO;PAGARE;NO;NO;24Hs.;14:53:21;17:00:00;63;304;27,25;27,25;710;$;2.000.000.000,00;1;Negociada;14:55:22;;30-70308853-4;MERCADOLIBRE S.R.L.;;30-70308853-4;MERCADOLIBRE S.R.L.;;;
1528342;18/08/2026;No Garantizado;NO;SI;NO;ECHEQ;NO;NO;C.I.;14:53:25;17:00:00;60;767;32,00;32,00;767;$;692.286,96;4;Negociada;14:55:26;;30-71094720-8;SANITARIOS BELGRANO S.R.L.;AO;;;;;
1528343;18/08/2026;No Garantizado;NO;SI;NO;PAGARE;NO;NO;24Hs.;14:53:36;17:00:00;63;304;27,25;27,25;710;$;2.000.000.000,00;1;Negociada;14:55:38;;30-70308853-4;MERCADOLIBRE S.R.L.;;30-70308853-4;MERCADOLIBRE S.R.L.;;;
1528344;18/08/2026;Avalado;;SI;NO;ECHEQ;NO;NO;24Hs.;14:53:37;17:00:00;118;11;24,00;24,00;11;$;75.606.498,95;2;Negociada;15:02:35;ACPY;;Acindar Pymes S.G.R.;AO;;;;;
1528345;18/08/2026;No Garantizado;NO;SI;NO;PAGARE;NO;NO;24Hs.;14:53:50;17:00:00;63;304;27,25;27,25;710;$;2.000.000.000,00;1;Negociada;14:55:52;;30-70308853-4;MERCADOLIBRE S.R.L.;;30-70308853-4;MERCADOLIBRE S.R.L.;;;
1528346;18/08/2026;Avalado;;SI;NO;ECHEQ;NO;NO;24Hs.;14:53:54;17:00:00;119;406;26,00;26,00;764;$;11.000.000,00;1;Negociada;15:28:11;FINT;;Fintech S.G.R.;AO;;;;;
1528347;18/08/2026;No Garantizado;NO;SI;NO;ECHEQ;NO;NO;C.I.;14:53:56;17:00:00;41;767;32,00;32,00;767;$;510.477,29;2;Negociada;14:55:57;;30-71867159-7;SANITARIOS BORGAS S.R.L.;AO;;;;;
1528348;18/08/2026;Avalado;;SI;NO;CPD;NO;NO;24Hs.;14:53:57;17:00:00;89;543;28,00;28,00;543;$;21.200.000,00;1;Negociada;16:06:20;RIGA;;RIG Avales S.G.R.;;;;;;
1528349;18/08/2026;Avalado;;SI;NO;CPD;NO;NO;24Hs.;14:54:06;17:00:00;86;;;25,00;543;$;21.200.000,00;1;Desierta;;RIGA;;RIG Avales S.G.R.;;;;;;
1528350;18/08/2026;No Garantizado;NO;SI;NO;ECHEQ;NO;NO;24Hs.;14:54:08;17:00:00;49;866;36,00;36,00;866;$;900.000.000,00;2;Negociada;14:56:10;;30-70931850-7;COM & LOG S. A.;AO;30-70931850-7;COM & LOG S. A.;;;
1528351;18/08/2026;Avalado;;SI;NO;CPD;NO;NO;24Hs.;14:54:16;17:00:00;85;;;25,00;543;$;21.200.000,00;1;Desierta;;RIGA;;RIG Avales S.G.R.;;;;;;
1528352;18/08/2026;Avalado;;SI;NO;ECHEQ;NO;NO;24Hs.;14:54:17;17:00:00;116;406;27,00;27,00;754;$;56.991.117,52;7;Negociada;15:29:12;CREC;;Crecer S.G.R.;AO;;;;;
1528353;18/08/2026;Avalado;;SI;NO;ECHEQ;NO;NO;24Hs.;14:54:18;17:00:00;66;501;23,00;23,00;537;$;11.578.680,36;7;Negociada;16:13:10;FOPA;;FO.GA.PAM SAPEM;AO;;;;;
1528354;18/08/2026;No Garantizado Calificado;NO;SI;NO;ECHEQ;NO;NO;C.I.;14:54:20;17:00:00;22;767;32,00;32,00;767;$;166.364,35;1;Negociada;14:56:22;;30-71652078-8;SANITARIOS TOLOSANOS;AO;;;;;
1528355;18/08/2026;No Garantizado;SI;SI;NO;ECHEQ;NO;NO;C.I.;14:54:31;17:00:00;35;572;27,00;27,00;15;$;360.443.882,05;10;Negociada;14:57:33;;30-70701381-4;HORMIGONERA DEL INTERIOR SRL;AO;;;Certificado MiPyME;;
1528356;18/08/2026;Avalado;;SI;NO;ECHEQ;NO;NO;24Hs.;14:54:39;17:00:00;42;523;22,00;22,00;720;$;650.000.000,00;5;Negociada;14:56:40;BAIN;;BANCO INDUSTRIAL SA;AO;;;;;
1528357;18/08/2026;No Garantizado;NO;SI;NO;ECHEQ;NO;NO;C.I.;14:54:43;17:00:00;52;767;32,00;32,00;767;$;437.030,00;1;Negociada;14:56:44;;30-71444824-9;RQB ARGENTINA S.A.;AO;;;;;
1528358;18/08/2026;Avalado;;SI;NO;ECHEQ;NO;NO;24Hs.;14:54:49;17:00:00;74;501;23,00;23,00;537;$;4.166.666,66;2;Negociada;16:13:39;FOPA;;FO.GA.PAM SAPEM;AO;;;;;
1528359;18/08/2026;No Garantizado;NO;SI;NO;ECHEQ;SI;NO;C.I.;14:55:09;17:00:00;42;569;26,65;26,65;754;$;872.756.339,28;2;Negociada;15:22:13;;30-67881435-7;TELEFONICA MOVILES ARGENTINA SOCIEDAD ANONIMA;NO;;;;;
1528360;18/08/2026;Avalado;;SI;NO;ECHEQ;NO;NO;C.I.;14:55:16;17:00:00;52;442;26,00;26,00;442;$;2.250.000,00;1;Negociada;14:57:17;AVAL;;Avaluar S.G.R.;AO;;;;;
1528361;18/08/2026;No Garantizado;SI;SI;NO;PAGARE;NO;NO;C.I.;14:56:09;17:00:00;100;439;30,50;30,50;439;$;215.000.000,00;1;Negociada;14:58:10;;30-71838485-7;ROADBOOK CONSTRUCCIONES, LOGISTICA Y SERVICIOS S. R. L.;;30-71838485-7;ROADBOOK CONSTRUCCIONES, LOGISTICA Y SERVICIOS S. R. L.;Certificado MiPyME;;
1528362;18/08/2026;Avalado;;SI;NO;ECHEQ;NO;NO;24Hs.;14:56:11;17:00:00;105;523;23,00;23,00;720;$;64.060.882,43;11;Negociada;14:58:12;BAIN;;BANCO INDUSTRIAL SA;AO;;;;;
1528363;18/08/2026;Avalado;;SI;NO;ECHEQ;SI;NO;24Hs.;14:56:25;17:00:00;82;523;23,00;23,00;720;$;132.179,81;1;Negociada;14:58:26;BAIN;;BANCO INDUSTRIAL SA;NO;;;;;
1528364;18/08/2026;Avalado;;SI;NO;ECHEQ;NO;NO;24Hs.;14:57:39;17:00:00;101;523;23,00;23,00;720;$;32.272.511,56;8;Negociada;14:59:40;BAIN;;BANCO INDUSTRIAL SA;AO;;;;;
1528365;18/08/2026;Avalado;;SI;NO;ECHEQ;NO;NO;24Hs.;14:57:39;17:00:00;80;449;26,00;26,00;839;$;16.000.000,00;4;Negociada;15:33:05;MOVI;;MOVIL S.G.R.;AO;;;;;
1528366;18/08/2026;Avalado;;SI;NO;ECHEQ;NO;NO;24Hs.;14:59:00;17:00:00;105;523;23,00;23,00;720;$;26.513.285,76;9;Negociada;15:01:01;BAIN;;BANCO INDUSTRIAL SA;AO;;;;;
1528367;18/08/2026;No Garantizado;NO;SI;NO;ECHEQ;NO;NO;24Hs.;14:59:17;17:00:00;97;;;50,00;47;$;3.799.835,00;1;Desierta;;;30-71632558-6;GO SERVICIOS DIGITALES SOCIEDAD POR ACCIONES SIMPLIFICADA S. A. S.;AO;20-36867900-4;ANDRADA NICOLAS MATIAS;;;
1528368;18/08/2026;No Garantizado;NO;SI;NO;ECHEQ;NO;NO;C.I.;15:00:04;17:00:00;58;572;28,00;28,00;572;$;293.366.999,54;3;Negociada;15:02:06;;30-71434715-9;TUX S.A.;AO;30-71012917-3;FINARES S.A.;;;
1528369;18/08/2026;Avalado;;SI;NO;ECHEQ;NO;NO;24Hs.;15:00:35;17:00:00;47;;;24,00;20;$;28.101.343,40;1;Desierta;;MOVI;;MOVIL S.G.R.;AO;;;;;
1528370;18/08/2026;Avalado;;SI;NO;ECHEQ;NO;NO;24Hs.;15:00:44;17:00:00;22;502;21,50;23,00;852;$;5.000.000,00;2;Negociada;16:46:15;ARPY;;Argenpymes S.G.R.;AO;;;;;
1528371;18/08/2026;No Garantizado;NO;NO;NO;ECHEQ;NO;NO;C.I.;15:00:47;17:00:00;58;554;32,00;32,00;554;$;6.000.000,00;1;Negociada;15:02:49;;30-71011650-0;CE.BE.CO.  SA;AO;30-71011650-0;CE.BE.CO.  SA;;;
1528372;18/08/2026;No Garantizado;NO;SI;NO;ECHEQ;NO;NO;C.I.;15:00:56;17:00:00;92;754;44,00;44,00;754;$;2.967.195,00;1;Negociada;15:02:58;;30-64025193-6;ALLEX S A;AO;;;;;
1528373;18/08/2026;Avalado;;SI;NO;ECHEQ;NO;NO;24Hs.;15:01:49;17:00:00;123;;;;754;$;5.500.000,00;2;Desierta;;ACPY;;Acindar Pymes S.G.R.;AO;;;;;
1528374;18/08/2026;Avalado;;SI;NO;ECHEQ;SI;NO;24Hs.;15:01:59;17:00:00;114;;;;754;$;3.500.000,00;1;Desierta;;ACPY;;Acindar Pymes S.G.R.;NO;;;;;
1528375;18/08/2026;No Garantizado;NO;SI;NO;ECHEQ;NO;NO;24Hs.;15:02:16;17:00:00;70;;;32,00;767;$;100.000.000,00;7;Desierta;;;33-70881294-9;FINCA SAN LORENZO S.R.L.;AO;33-70881294-9;FINCA SAN LORENZO S.R.L.;;;
1528376;18/08/2026;No Garantizado Calificado;NO;SI;NO;ECHEQ;NO;NO;C.I.;15:02:17;17:00:00;61;754;34,00;34,00;754;$;12.300.000,00;6;Negociada;15:04:19;;30-56522248-8;QUIMVAR SRL;AO;30-56522248-8;QUIMVAR SRL;;;
1528377;18/08/2026;No Garantizado;NO;SI;NO;ECHEQ;NO;NO;24Hs.;15:02:38;17:00:00;83;537;42,00;42,00;537;$;50.000.000,00;1;Negociada;15:05:38;;30-71025327-3;VILLANUEVA E HIJOS  S.A.;AO;30-71025327-3;VILLANUEVA E HIJOS  S.A.;;;
1528378;18/08/2026;No Garantizado;NO;SI;NO;ECHEQ;SI;NO;C.I.;15:02:41;17:00:00;64;754;33,00;33,00;754;$;75.000.000,00;2;Negociada;15:04:43;;30-70935617-4;PROACO S. A.;NO;30-70935617-4;PROACO S. A.;;;
1528379;18/08/2026;No Garantizado;NO;SI;NO;ECHEQ;SI;NO;24Hs.;15:03:07;17:00:00;42;;;20,00;754;$;190.870.192,85;1;Desierta;;;30-67881435-7;TELEFONICA MOVILES ARGENTINA SOCIEDAD ANONIMA;NO;;;;;
1528380;18/08/2026;Avalado;;SI;NO;ECHEQ;NO;NO;24Hs.;15:03:16;17:00:00;99;523;23,00;23,00;720;$;25.000.000,00;1;Negociada;15:05:18;BAIN;;BANCO INDUSTRIAL SA;AO;;;;;
1528381;18/08/2026;No Garantizado;NO;SI;NO;PAGARE;NO;NO;24Hs.;15:04:09;17:00:00;30;791;26,00;26,00;791;$;2.500.000.000,00;2;Negociada;15:06:11;;30-70308853-4;MERCADOLIBRE S.R.L.;;30-70308853-4;MERCADOLIBRE S.R.L.;;;
1528382;18/08/2026;Avalado;;SI;NO;ECHEQ;NO;NO;24Hs.;15:04:29;17:00:00;96;;;0,00;567;$;50.000.000,00;2;Desierta (Baja);;PROM;;Promover S.G.R.;AO;;;;;
1528383;18/08/2026;No Garantizado;NO;SI;NO;PAGARE;NO;NO;24Hs.;15:05:31;17:00:00;35;15;26,25;26,25;15;$;1.000.000.000,00;1;Negociada;15:07:32;;30-70308853-4;MERCADOLIBRE S.R.L.;;30-70308853-4;MERCADOLIBRE S.R.L.;;;
1528384;18/08/2026;No Garantizado Calificado;NO;SI;NO;ECHEQ;NO;NO;C.I.;15:05:57;17:00:00;41;47;73,00;73,00;47;$;8.535.239,76;3;Negociada;15:07:58;;30-71581420-6;JANOS GROUP SRL;AO;30-71817970-6;SOLUCIONES FISCALES S. A. S.;;;
1528385;18/08/2026;No Garantizado;NO;SI;NO;ECHEQ;NO;NO;24Hs.;15:06:28;17:00:00;30;526;32,00;32,00;526;$;10.000.000,00;1;Negociada;15:08:29;;30-71493008-3;EVOL SOCIEDAD DE RESPONSABILIDAD LIMITADA;AO;30-71493008-3;EVOL SOCIEDAD DE RESPONSABILIDAD LIMITADA;;;
1528386;18/08/2026;Avalado;;SI;NO;ECHEQ;NO;NO;C.I.;15:06:49;17:00:00;36;406;23,00;23,00;406;$;5.027.598,34;2;Negociada;15:09:16;ACPY;;Acindar Pymes S.G.R.;AO;;;;;
1528387;18/08/2026;No Garantizado;NO;SI;NO;ECHEQ;NO;NO;24Hs.;15:06:57;17:00:00;133;433;30,00;30,00;433;$;300.000.000,00;6;Negociada;15:08:58;;20-31944247-3;PLANJAR ALEXIS DANIEL;AO;30-71156677-1;LIPSA SRL;;;
1528388;18/08/2026;Avalado;;SI;NO;ECHEQ;SI;NO;24Hs.;15:07:17;17:00:00;55;502;24,00;24,00;804;$;4.550.000,00;1;Negociada;15:09:18;AFFI;;Affidavit S.G.R.;NO;;;;;
1528389;18/08/2026;Avalado;;NO;NO;PAGARE;NO;NO;C.I.;15:07:18;17:00:00;209;406;6,50;6,50;406;U$D;60.000,00;1;Negociada;15:29:31;ARPY;;Argenpymes S.G.R.;;;;;;
1528390;18/08/2026;Avalado;;SI;NO;PAGARE;NO;NO;24Hs.;15:07:25;17:00:00;268;502;6,00;6,00;502;DOL;100.000,00;3;Negociada;15:09:26;CAMP;;Campo Aval S.G.R.;;;;;;
1528391;18/08/2026;No Garantizado;NO;SI;NO;PAGARE;NO;NO;24Hs.;15:07:32;17:00:00;101;754;8,25;8,25;754;DOL;75.000,00;3;Negociada;15:09:34;;30-50064577-2;MERANOL SACI;;30-50064577-2;MERANOL SACI;;;
1528392;18/08/2026;Avalado;;SI;NO;ECHEQ;NO;NO;C.I.;15:07:33;17:00:00;64;406;24,00;24,00;406;$;31.500.000,00;2;Negociada;15:10:01;ARPY;;Argenpymes S.G.R.;AO;;;;;
1528393;18/08/2026;No Garantizado;SI;SI;NO;ECHEQ;NO;NO;C.I.;15:07:43;17:00:00;31;433;32,00;32,00;433;$;10.000.000,00;5;Negociada;15:09:45;;30-71801768-4;ESPECIALIDADES AGROPECUARIAS S.A.;AO;30-71801768-4;ESPECIALIDADES AGROPECUARIAS S.A.;Certificado MiPyME;;
1528394;18/08/2026;Avalado;;SI;NO;ECHEQ;NO;NO;C.I.;15:08:00;17:00:00;70;406;25,00;25,00;406;$;30.000.000,00;1;Negociada;15:11:22;ARPY;;Argenpymes S.G.R.;AO;;;;;
1528395;18/08/2026;No Garantizado;NO;SI;NO;ECHEQ;NO;NO;C.I.;15:08:03;17:00:00;79;767;24,00;24,00;767;$;44.938.575,10;1;Negociada;15:10:05;;30-68584975-1;DIA ARGENTINA S A;AO;;;;;
1528396;18/08/2026;Avalado;;SI;NO;ECHEQ;NO;NO;24Hs.;15:08:11;17:00:00;100;406;25,00;25,00;422;$;5.000.000,00;1;Negociada;15:29:59;CMFI;;BANCO COMAFI S.A.;AO;;;;;
1528397;18/08/2026;Avalado;;SI;NO;ECHEQ;SI;NO;24Hs.;15:08:22;17:00:00;152;;;24,00;422;$;10.000.000,00;1;Desierta;;CMFI;;BANCO COMAFI S.A.;NO;;;;;
1528398;18/08/2026;Avalado;;SI;NO;ECHEQ;NO;NO;C.I.;15:08:43;17:00:00;107;406;26,00;26,00;406;$;32.000.000,00;1;Negociada;15:10:44;ARPY;;Argenpymes S.G.R.;AO;;;;;
1528399;18/08/2026;Avalado;;NO;NO;PAGARE;NO;NO;C.I.;15:08:46;17:00:00;229;406;6,50;6,50;406;U$D;110.000,00;2;Negociada;15:33:11;POTE;;Potenciar S.G.R.;;;;;;
1528400;18/08/2026;No Garantizado;NO;SI;NO;ECHEQ;NO;NO;24Hs.;15:09:09;17:00:00;113;;;34,00;767;$;150.000.000,00;20;Desierta;;;30-71511397-6;JET OIL TECHNOLOGY SA;AO;30-71511397-6;JET OIL TECHNOLOGY SA;;;
1528401;18/08/2026;Garantizado;SI;SI;NO;ECHEQ;NO;NO;24Hs.;15:09:17;17:00:00;99;;;25,00;591;$;3.500.000,00;1;Desierta;;;;;AO;;;Certificado MiPyME;;
1528402;18/08/2026;No Garantizado;SI;SI;NO;ECHEQ;NO;NO;C.I.;15:09:23;17:00:00;34;449;25,00;25,00;449;$;40.000.000,00;1;Negociada;15:11:26;;30-71133878-7;PISCINAS PREMIUM S.A.;AO;30-71133878-7;PISCINAS PREMIUM S.A.;Certificado MiPyME;;
1528403;18/08/2026;Avalado;;SI;NO;ECHEQ;NO;NO;24Hs.;15:09:40;17:00:00;33;523;22,00;22,00;720;$;148.928.213,19;35;Negociada;15:11:41;BAIN;;BANCO INDUSTRIAL SA;AO;;;;;
1528404;18/08/2026;Avalado;;SI;NO;ECHEQ;SI;NO;24Hs.;15:09:51;17:00:00;21;523;22,00;22,00;720;$;23.305.856,00;2;Negociada;15:11:52;BAIN;;BANCO INDUSTRIAL SA;NO;;;;;
1528405;18/08/2026;Avalado;;SI;NO;ECHEQ;NO;NO;C.I.;15:09:56;17:00:00;99;;;0,00;567;$;25.000.000,00;1;Desierta (Baja);;PROM;;Promover S.G.R.;AO;;;;;
1528406;18/08/2026;Avalado;;SI;NO;ECHEQ;NO;NO;24Hs.;15:09:57;17:00:00;97;406;24,00;24,00;702;$;25.000.000,00;5;Negociada;15:11:58;AVRU;;Aval Rural S.G.R.;AO;;;;;
1528407;18/08/2026;Avalado;;SI;NO;ECHEQ;NO;NO;C.I.;15:10:40;17:00:00;94;852;28,00;28,00;567;$;25.000.000,00;1;Negociada;15:12:41;PROM;;Promover S.G.R.;AO;;;;;
1528408;18/08/2026;No Garantizado;NO;SI;NO;PAGARE;NO;NO;24Hs.;15:10:42;17:00:00;63;502;27,00;27,00;502;$;2.000.000.000,00;2;Negociada;15:12:43;;30-70308853-4;MERCADOLIBRE S.R.L.;;30-70308853-4;MERCADOLIBRE S.R.L.;;;
1528409;18/08/2026;No Garantizado;NO;SI;NO;ECHEQ;NO;NO;C.I.;15:10:42;17:00:00;82;25;33,00;33,00;25;$;80.000.000,00;8;Negociada;15:12:43;;30-70773203-9;AVELINO S.A.;AO;30-70773203-9;AVELINO S.A.;;;
1528410;18/08/2026;Avalado;;SI;NO;ECHEQ;SI;NO;24Hs.;15:10:46;17:00:00;40;406;25,00;25,00;406;$;59.765.845,68;1;Negociada;15:12:47;CREC;;Crecer S.G.R.;NO;;;;;
1528411;18/08/2026;No Garantizado Calificado;SI;SI;NO;ECHEQ;NO;NO;C.I.;15:10:57;17:00:00;170;718;28,00;28,00;718;$;100.000.000,00;1;Negociada;15:12:59;;30-71445817-1;EL ALGARROBAL SRL;AO;30-71445817-1;EL ALGARROBAL SRL;Certificado MiPyME;;
1528412;18/08/2026;No Garantizado;NO;SI;NO;ECHEQ;NO;NO;24Hs.;15:10:58;17:00:00;78;;;42,00;767;$;18.000.000,00;9;Desierta;;;30-71668436-5;SOLUCIONES GASTRONOMICAS S.A.S.;AO;30-71668436-5;SOLUCIONES GASTRONOMICAS S.A.S.;;;
1528413;18/08/2026;Garantizado;SI;SI;NO;ECHEQ;NO;NO;24Hs.;15:11:01;17:00:00;36;;;20,00;545;$;42.654.773,82;13;Desierta;;;;;AO;;;Certificado MiPyME;;
1528414;18/08/2026;Garantizado;SI;SI;NO;ECHEQ;SI;NO;24Hs.;15:11:13;17:00:00;20;406;24,00;24,00;545;$;6.799.117,72;1;Negociada;16:15:56;;;;NO;;;Certificado MiPyME;;
1528415;18/08/2026;Avalado;;SI;NO;ECHEQ;NO;NO;24Hs.;15:11:34;17:00:00;175;406;28,00;28,00;406;$;13.000.000,00;2;Negociada;15:13:36;CREC;;Crecer S.G.R.;AO;;;;;
1528416;18/08/2026;No Garantizado;NO;SI;NO;PAGARE;NO;NO;C.I.;15:12:20;17:00:00;65;754;6,50;6,50;754;DOL;45.000,00;1;Negociada;15:14:21;;30-71504606-3;FIDEICOMISO NAASE;;30-71504606-3;FIDEICOMISO NAASE;;;
1528417;18/08/2026;No Garantizado;NO;SI;NO;PAGARE;NO;NO;C.I.;15:12:38;17:00:00;64;754;6,50;6,50;754;DOL;90.000,00;1;Negociada;15:14:39;;30-71504606-3;FIDEICOMISO NAASE;;30-71504606-3;FIDEICOMISO NAASE;;;
1528418;18/08/2026;No Garantizado;NO;SI;NO;ECHEQ;NO;NO;24Hs.;15:13:00;17:00:00;126;;;36,00;47;$;5.000.000,00;1;Desierta;;;30-71511397-6;JET OIL TECHNOLOGY SA;AO;30-71511397-6;JET OIL TECHNOLOGY SA;;;
1528419;18/08/2026;Avalado;;SI;NO;ECHEQ;SI;NO;24Hs.;15:13:01;17:00:00;97;502;24,00;24,00;804;$;7.200.000,00;1;Negociada;15:15:03;AFFI;;Affidavit S.G.R.;NO;;;;;
1528420;18/08/2026;No Garantizado;NO;SI;NO;PAGARE;NO;NO;24Hs.;15:13:04;17:00:00;65;754;6,50;6,50;754;DOL;220.000,00;1;Negociada;15:15:05;;30-71504606-3;FIDEICOMISO NAASE;;30-71504606-3;FIDEICOMISO NAASE;;;
1528421;18/08/2026;No Garantizado;NO;SI;NO;ECHEQ;NO;NO;24Hs.;15:13:25;17:00:00;140;;;36,00;47;$;5.000.000,00;1;Desierta;;;30-71511397-6;JET OIL TECHNOLOGY SA;AO;30-71511397-6;JET OIL TECHNOLOGY SA;;;
1528422;18/08/2026;No Garantizado;NO;SI;NO;ECHEQ;NO;NO;C.I.;15:13:31;17:00:00;37;754;30,00;30,00;754;$;150.000.000,00;1;Negociada;15:15:32;;30-71210113-6;CREDITO DIRECTO S.A.;AO;;;;;
1528423;18/08/2026;No Garantizado;NO;SI;NO;PAGARE;NO;NO;C.I.;15:13:36;17:00:00;327;422;5,00;5,00;422;U$D;400.000,00;2;Negociada;15:15:38;;30-70889163-7;AGV MAQUINAS S.R.L.;;30-70889163-7;AGV MAQUINAS S.R.L.;;;
1528424;18/08/2026;No Garantizado;NO;SI;NO;ECHEQ;NO;NO;24Hs.;15:13:37;17:00:00;156;;;36,00;47;$;5.000.000,00;1;Desierta;;;30-71511397-6;JET OIL TECHNOLOGY SA;AO;30-71511397-6;JET OIL TECHNOLOGY SA;;;
1528425;18/08/2026;No Garantizado;NO;SI;NO;ECHEQ;NO;NO;24Hs.;15:13:47;17:00:00;188;;;37,00;47;$;5.000.000,00;1;Desierta;;;30-71511397-6;JET OIL TECHNOLOGY SA;AO;30-71511397-6;JET OIL TECHNOLOGY SA;;;
1528426;18/08/2026;No Garantizado;NO;SI;NO;ECHEQ;NO;NO;24Hs.;15:13:59;17:00:00;201;;;37,00;47;$;5.000.000,00;1;Desierta;;;30-71511397-6;JET OIL TECHNOLOGY SA;AO;30-71511397-6;JET OIL TECHNOLOGY SA;;;
1528427;18/08/2026;No Garantizado;NO;SI;NO;ECHEQ;NO;NO;24Hs.;15:14:19;17:00:00;175;;;37,00;47;$;5.000.000,00;1;Desierta;;;30-71511397-6;JET OIL TECHNOLOGY SA;AO;30-71511397-6;JET OIL TECHNOLOGY SA;;;
1528428;18/08/2026;Avalado;;SI;NO;ECHEQ;NO;NO;24Hs.;15:14:34;17:00:00;84;502;25,00;25,00;754;$;10.000.000,00;4;Negociada;15:29:22;ARGC;;Argentina Ciudad S.G.R.;AO;;;;;
1528430;18/08/2026;No Garantizado Calificado;NO;SI;NO;PAGARE;NO;NO;C.I.;15:14:58;17:00:00;126;591;36,00;36,00;591;$;130.000.000,00;1;Negociada;15:16:59;;30-71736777-0;DIARADO S. A. S.;;30-71736777-0;DIARADO S. A. S.;;;
1528431;18/08/2026;No Garantizado;SI;SI;NO;ECHEQ;NO;NO;C.I.;15:15:13;17:00:00;64;569;35,00;35,00;569;$;8.000.000,00;1;Negociada;15:17:15;;30-70731790-2;PRO NOVELTIES S. A.;AO;30-64078319-9;ARGENSUN  SOCIEDAD ANONIMA;Certificado MiPyME;;
1528432;18/08/2026;Avalado;;SI;NO;ECHEQ;NO;NO;24Hs.;15:15:21;17:00:00;17;754;27,00;27,00;754;$;10.000.000,00;2;Negociada;16:44:13;ACEN;;Avales del Centro S.G.R.;AO;;;;;
1528433;18/08/2026;No Garantizado;NO;SI;NO;ECHEQ;NO;NO;C.I.;15:15:22;17:00:00;155;433;31,00;31,00;433;$;20.000.000,00;2;Negociada;15:17:24;;30-71806404-6;AGROPECUARIA LA MOROCHA S. R. L.;AO;30-71432757-3;CAMPO FERTIL SOCIEDAD DE RESPONSABILIDAD LIMITADA;;;
1528434;18/08/2026;Avalado;;SI;NO;ECHEQ;NO;NO;24Hs.;15:15:22;17:00:00;98;567;26,00;26,00;567;$;25.000.000,00;1;Negociada;15:40:46;PROM;;Promover S.G.R.;AO;;;;;
1528435;18/08/2026;No Garantizado;NO;SI;NO;ECHEQ;NO;NO;24Hs.;15:15:38;17:00:00;13;569;26,50;26,50;591;$;524.188.618,79;1;Negociada;15:17:40;;30-68245096-3;STELLANTIS AUTOMOVILES DE ARGENTINA S. A.;AO;30-63876419-5;F2J TECHPLAST S. A.;;;
1528436;18/08/2026;No Garantizado;NO;SI;NO;ECHEQ;NO;NO;C.I.;15:16:03;17:00:00;134;524;49,00;49,00;433;$;26.000.000,00;1;Negociada;15:18:04;;30-71555551-0;DGL CONSULTORA S.R.L.;AO;30-71555551-0;DGL CONSULTORA S.R.L.;;;
1528437;18/08/2026;Avalado;;SI;NO;ECHEQ;NO;NO;24Hs.;15:16:45;17:00:00;76;;;26,00;755;$;29.000.000,00;1;Desierta;;FEDE;;Aval Federal S.G.R.;AO;;;;;
1528438;18/08/2026;Avalado;;SI;NO;ECHEQ;NO;NO;24Hs.;15:17:02;17:00:00;57;;;;287;$;10.000.000,00;1;Desierta;;AFBG;;AFB AVALES S.G.R;AO;;;;;
1528439;18/08/2026;Avalado;;SI;NO;ECHEQ;NO;NO;24Hs.;15:17:07;17:00:00;41;;;26,00;755;$;28.000.000,00;1;Desierta;;FEDE;;Aval Federal S.G.R.;AO;;;;;
1528440;18/08/2026;No Garantizado;NO;SI;NO;ECHEQ;NO;NO;24Hs.;15:17:07;17:00:00;81;20;32,00;32,00;20;$;825.000.000,00;3;Negociada;15:32:12;;30-64270999-9;JULERIAQUE S.A.;AO;30-64270999-9;JULERIAQUE S.A.;;;
1528441;18/08/2026;No Garantizado;NO;SI;NO;PAGARE;NO;NO;24Hs.;15:17:12;17:00:00;364;767;11,00;11,00;767;DOL;4.250,00;1;Negociada;15:19:13;;30-71757032-0;PALUNICK S.A.S.;;30-71757032-0;PALUNICK S.A.S.;;;
1528442;18/08/2026;No Garantizado;NO;SI;NO;ECHEQ;NO;NO;24Hs.;15:17:15;17:00:00;86;20;32,00;32,00;20;$;825.000.000,00;3;Negociada;15:32:34;;30-64270999-9;JULERIAQUE S.A.;AO;30-64270999-9;JULERIAQUE S.A.;;;
1528443;18/08/2026;Avalado;;SI;NO;ECHEQ;NO;NO;24Hs.;15:17:19;17:00:00;69;;;26,00;755;$;29.000.000,00;1;Desierta;;FEDE;;Aval Federal S.G.R.;AO;;;;;
1528444;18/08/2026;No Garantizado Calificado;NO;SI;NO;ECHEQ;NO;NO;C.I.;15:17:21;17:00:00;44;401;37,00;37,00;401;$;5.000.000,00;1;Negociada;15:19:23;;30-71682909-6;FULLCREDIT S.A.;AO;30-71732529-6;FINLATINA S. A.;;;
1528445;18/08/2026;Avalado;;SI;NO;CPD;NO;NO;24Hs.;15:17:26;17:00:00;90;406;26,00;26,00;406;$;10.560.000,00;11;Negociada;15:35:07;CREC;;Crecer S.G.R.;;;;;;
1528446;18/08/2026;Avalado;;SI;NO;ECHEQ;NO;NO;24Hs.;15:17:32;17:00:00;62;;;26,00;755;$;28.000.000,00;1;Desierta;;FEDE;;Aval Federal S.G.R.;AO;;;;;
1528447;18/08/2026;Avalado;;SI;NO;ECHEQ;NO;NO;24Hs.;15:17:33;17:00:00;44;;;21,00;422;$;3.036.447,61;2;Desierta;;CMFI;;BANCO COMAFI S.A.;AO;;;;;
1528448;18/08/2026;Avalado;;SI;NO;ECHEQ;SI;NO;24Hs.;15:17:35;17:00:00;55;501;21,00;21,00;804;$;3.000.000,00;1;Negociada;16:25:42;CUAV;;Cuyo Aval S.G.R.;NO;;;;;
1528449;18/08/2026;Avalado;;SI;NO;ECHEQ;NO;NO;24Hs.;15:17:45;17:00:00;56;;;26,00;755;$;28.000.000,00;1;Desierta;;FEDE;;Aval Federal S.G.R.;AO;;;;;
1528450;18/08/2026;No Garantizado;NO;SI;NO;ECHEQ;NO;NO;C.I.;15:17:46;17:00:00;29;764;30,00;30,00;764;$;2.466.666,66;1;Negociada;15:26:20;;30-71016394-0;MISSION ARGENTINA S.A.;AO;;;;;
1528451;18/08/2026;No Garantizado;NO;SI;NO;ECHEQ;SI;NO;24Hs.;15:17:57;17:00:00;83;804;33,00;33,00;804;$;10.000.000,00;1;Negociada;15:19:59;;30-62451743-8;AGRO-EXPORTADORA SAN CEFERINO SA;NO;30-62451743-8;AGRO-EXPORTADORA SAN CEFERINO SA;;;
1528452;18/08/2026;No Garantizado;NO;SI;NO;ECHEQ;NO;NO;C.I.;15:18:10;17:00:00;29;764;30,00;30,00;764;$;4.933.333,33;1;Negociada;15:26:47;;30-67184701-2;NUEVA ARIZONA SA;AO;;;;;
1528453;18/08/2026;No Garantizado;NO;SI;NO;ECHEQ;SI;NO;24Hs.;15:18:16;17:00:00;61;804;33,00;33,00;804;$;10.000.000,00;1;Negociada;15:20:17;;30-50898554-8;RAMBLON SA;NO;30-50898554-8;RAMBLON SA;;;
1528454;18/08/2026;No Garantizado;NO;SI;NO;ECHEQ;SI;NO;24Hs.;15:18:32;17:00:00;55;804;33,00;33,00;804;$;6.000.000,00;1;Negociada;15:20:33;;30-50898554-8;RAMBLON SA;NO;30-50898554-8;RAMBLON SA;;;
1528455;18/08/2026;No Garantizado;NO;SI;NO;ECHEQ;SI;NO;24Hs.;15:18:46;17:00:00;21;723;27,00;27,00;876;$;20.691.062,52;1;Negociada;15:59:57;;30-54808315-6;COTO CENTRO INTEGRAL DE COMERCIALIZACION SOCIEDAD ANONIMA;NO;30-71806789-4;FRUTIHORTICOLA EL TUNAL S. A.;;;
1528456;18/08/2026;No Garantizado;NO;SI;NO;PAGARE;NO;NO;24Hs.;15:19:08;17:00:00;63;;;-10,00;479;$;3.000.000.000,00;1;Desierta;;;30-70308853-4;MERCADOLIBRE S.R.L.;;30-70308853-4;MERCADOLIBRE S.R.L.;;;
1528457;18/08/2026;No Garantizado;NO;SI;NO;ECHEQ;NO;NO;C.I.;15:19:13;17:00:00;29;764;30,00;30,00;764;$;2.466.666,66;1;Negociada;15:32:26;;30-67193105-6;ARDIM SA;AO;;;;;
1528458;18/08/2026;Avalado;;SI;NO;ECHEQ;NO;NO;24Hs.;15:20:19;17:00:00;84;;;26,00;755;$;28.000.000,00;1;Desierta;;FEDE;;Aval Federal S.G.R.;AO;;;;;
1528459;18/08/2026;No Garantizado;NO;SI;NO;ECHEQ;NO;NO;C.I.;15:20:23;17:00:00;58;764;33,00;33,00;764;$;2.466.666,66;1;Negociada;15:32:38;;30-71016394-0;MISSION ARGENTINA S.A.;AO;;;;;
1528460;18/08/2026;No Garantizado Calificado;SI;SI;NO;ECHEQ;NO;NO;C.I.;15:20:25;17:00:00;28;718;31,00;31,00;718;$;5.160.745,92;3;Negociada;15:22:27;;30-52543681-7;JOSE MINETTI Y CIA LTDA SACI;AO;;;Certificado MiPyME;;
1528461;18/08/2026;Avalado;;SI;NO;ECHEQ;NO;NO;24Hs.;15:20:32;17:00:00;48;;;26,00;755;$;28.000.000,00;1;Desierta;;FEDE;;Aval Federal S.G.R.;AO;;;;;
1528462;18/08/2026;No Garantizado;NO;SI;NO;ECHEQ;NO;NO;C.I.;15:20:33;17:00:00;44;572;28,00;28,00;15;$;16.689.068,18;1;Negociada;15:22:35;;30-50673003-8;S A IMPORTADORA Y EXPORTADORA DE LA PATAGONIA;AO;;;;;
1528463;18/08/2026;No Garantizado;SI;SI;NO;ECHEQ;NO;NO;C.I.;15:20:34;17:00:00;31;718;30,00;30,00;718;$;2.000.000,00;1;Negociada;15:22:35;;30-51098410-9;SUCESORES DE SALOMON JALIL S R L;AO;;;Certificado MiPyME;;
1528464;18/08/2026;No Garantizado;NO;SI;NO;ECHEQ;NO;NO;24Hs.;15:20:57;17:00:00;30;;;25,00;785;$;144.121.316,97;1;Desierta;;;30-59036076-3;CENCOSUD S A;AO;30-50101005-3;CANTERAS CERRO NEGRO SA;;;
1528465;18/08/2026;No Garantizado;NO;SI;NO;ECHEQ;NO;NO;24Hs.;15:21:02;17:00:00;57;;;;764;$;2.466.666,66;1;Desierta (Baja);;;30-67193105-6;ARDIM SA;AO;;;;;
1528466;18/08/2026;No Garantizado;NO;SI;NO;ECHEQ;NO;NO;24Hs.;15:21:17;17:00:00;30;723;27,00;27,00;785;$;59.739.213,01;1;Negociada;16:29:44;;30-59036076-3;CENCOSUD S A;AO;30-50101005-3;CANTERAS CERRO NEGRO SA;;;
1528467;18/08/2026;No Garantizado;NO;SI;NO;ECHEQ;NO;NO;C.I.;15:21:19;17:00:00;58;764;33,00;33,00;764;$;2.466.666,66;1;Negociada;15:32:52;;30-67193105-6;ARDIM SA;AO;;;;;
1528468;18/08/2026;No Garantizado;NO;SI;NO;PAGARE;NO;NO;C.I.;15:21:40;17:00:00;46;15;34,00;34,00;15;$;100.000.000,00;3;Negociada;15:23:42;;30-71694102-3;MOOVITECH S. A.;;30-71694102-3;MOOVITECH S. A.;;;
1528469;18/08/2026;No Garantizado;NO;SI;NO;ECHEQ;NO;NO;C.I.;15:22:12;17:00:00;58;764;33,00;33,00;764;$;4.933.333,33;1;Negociada;15:33:03;;30-67184701-2;NUEVA ARIZONA SA;AO;;;;;
1528470;18/08/2026;No Garantizado;NO;SI;NO;ECHEQ;NO;NO;C.I.;15:22:33;17:00:00;90;764;35,00;35,00;764;$;2.466.666,68;1;Negociada;15:35:46;;30-71016394-0;MISSION ARGENTINA S.A.;AO;;;;;
1528471;18/08/2026;No Garantizado;NO;SI;NO;ECHEQ;NO;NO;C.I.;15:22:52;17:00:00;90;764;35,00;35,00;764;$;2.466.666,68;1;Negociada;15:36:06;;30-67193105-6;ARDIM SA;AO;;;;;
1528472;18/08/2026;No Garantizado Calificado;NO;SI;NO;ECHEQ;NO;NO;C.I.;15:22:59;17:00:00;78;424;28,00;28,00;424;$;5.450.000,00;1;Negociada;15:25:01;;30-71507534-9;MANUFACTURAS PIEL S.A.;AO;30-71507534-9;MANUFACTURAS PIEL S.A.;;;
1528473;18/08/2026;No Garantizado;NO;SI;NO;ECHEQ;NO;NO;C.I.;15:23:11;17:00:00;90;764;35,00;35,00;764;$;4.933.333,34;1;Negociada;15:36:06;;30-67184701-2;NUEVA ARIZONA SA;AO;;;;;
1528474;18/08/2026;No Garantizado;NO;SI;NO;ECHEQ;NO;NO;C.I.;15:23:23;17:00:00;95;424;28,00;28,00;424;$;1.620.000,00;3;Negociada;15:25:24;;30-71547649-1;SAN MARTIN NEGOCIOS S.A.;AO;30-71507534-9;MANUFACTURAS PIEL S.A.;;;
1528475;18/08/2026;No Garantizado;NO;SI;NO;PAGARE;NO;NO;24Hs.;15:24:54;17:00:00;91;546;27,40;27,40;546;$;3.000.000.000,00;1;Negociada;15:39:37;;30-70308853-4;MERCADOLIBRE S.R.L.;;30-70308853-4;MERCADOLIBRE S.R.L.;;;
1528476;18/08/2026;Avalado;;SI;NO;ECHEQ;NO;NO;24Hs.;15:25:21;17:00:00;83;523;23,00;23,00;720;$;12.128.995,26;46;Negociada;15:27:23;BAIN;;BANCO INDUSTRIAL SA;AO;;;;;
1528477;18/08/2026;Avalado;;SI;NO;ECHEQ;NO;NO;24Hs.;15:25:32;17:00:00;56;523;22,00;22,00;720;$;9.677.120,86;27;Negociada;15:27:34;BAIN;;BANCO INDUSTRIAL SA;AO;;;;;
1528478;18/08/2026;Avalado;;SI;NO;ECHEQ;NO;NO;24Hs.;15:25:49;17:00:00;105;543;29,00;29,00;543;$;5.255.707,33;1;Negociada;16:06:33;RIGA;;RIG Avales S.G.R.;AO;;;;;
1528479;18/08/2026;Avalado;;SI;NO;ECHEQ;NO;NO;24Hs.;15:25:50;17:00:00;29;;;23,00;406;$;46.007.798,00;11;Desierta;;AVRU;;Aval Rural S.G.R.;AO;;;;;
1528480;18/08/2026;Avalado;;SI;NO;ECHEQ;NO;NO;24Hs.;15:25:59;17:00:00;105;543;29,00;29,00;543;$;4.985.311,17;1;Negociada;16:05:42;RIGA;;RIG Avales S.G.R.;AO;;;;;
1528481;18/08/2026;Avalado;;SI;NO;ECHEQ;NO;NO;24Hs.;15:26:08;17:00:00;133;543;29,00;29,00;543;$;1.350.000,00;1;Negociada;15:58:03;RIGA;;RIG Avales S.G.R.;AO;;;;;
1528482;18/08/2026;No Garantizado;SI;SI;NO;FCE;NO;NO;C.I.;15:26:08;17:00:00;45;;;27,00;767;$;6.247.829,19;1;Desierta;;%SCH;30-52659878-0;SCHLUMBERGER ARGENTINA S. A.;;;;;;
1528483;18/08/2026;Avalado;;SI;NO;ECHEQ;NO;NO;24Hs.;15:27:14;17:00:00;34;507;23,00;23,00;422;$;21.784.888,12;1;Negociada;16:11:49;CMFI;;BANCO COMAFI S.A.;AO;;;;;
1528484;18/08/2026;Avalado;;SI;NO;ECHEQ;SI;NO;24Hs.;15:27:27;17:00:00;15;;;22,00;422;$;29.824.517,80;2;Desierta;;CMFI;;BANCO COMAFI S.A.;NO;;;;;
1528485;18/08/2026;No Garantizado Calificado;NO;SI;NO;ECHEQ;NO;NO;C.I.;15:28:30;17:00:00;65;537;46,00;46,00;537;$;1.500.000,00;1;Negociada;15:33:03;;20-25698888-8;VASQUETTO CARLOS ARIEL;AO;20-25698888-8;VASQUETTO CARLOS ARIEL;;;
1528486;18/08/2026;Avalado;;SI;NO;ECHEQ;NO;NO;24Hs.;15:28:51;17:00:00;75;406;22,99;23,00;809;$;25.000.000,00;1;Negociada;15:30:53;BMAR;;BANCO MARIVA S.A.;AO;;;;;
1528487;18/08/2026;No Garantizado Calificado;NO;SI;NO;ECHEQ;NO;NO;C.I.;15:28:57;17:00:00;86;537;46,00;46,00;537;$;1.500.000,00;1;Negociada;15:33:21;;20-25698888-8;VASQUETTO CARLOS ARIEL;AO;20-25698888-8;VASQUETTO CARLOS ARIEL;;;
1528488;18/08/2026;No Garantizado Calificado;NO;SI;NO;ECHEQ;NO;NO;C.I.;15:29:14;17:00:00;93;537;46,00;46,00;537;$;2.000.000,00;1;Negociada;15:33:42;;20-25698888-8;VASQUETTO CARLOS ARIEL;AO;20-25698888-8;VASQUETTO CARLOS ARIEL;;;
1528489;18/08/2026;No Garantizado Calificado;SI;SI;NO;ECHEQ;NO;NO;C.I.;15:31:18;17:00:00;35;569;34,00;34,00;569;$;45.000.000,00;1;Negociada;15:33:19;;30-70833232-8;ALTO CAMPO S.R.L.;AO;30-70833232-8;ALTO CAMPO S.R.L.;MiPyME FCE - Art. 7 Ley 27.440, Res. SEPYME 340/17, Art. 2 RG 4367/18 y RG 1019/24;;
1528490;18/08/2026;Avalado;;SI;NO;ECHEQ;NO;NO;24Hs.;15:31:40;17:00:00;44;501;21,00;21,00;701;$;10.000.000,00;1;Negociada;16:20:26;FOER;;FO.GA.ER. SAPEM;AO;;;;;
1528491;18/08/2026;Avalado;;SI;NO;ECHEQ;NO;NO;24Hs.;15:31:59;17:00:00;69;501;23,00;23,00;701;$;5.000.000,00;1;Negociada;16:20:46;FOER;;FO.GA.ER. SAPEM;AO;;;;;
1528492;18/08/2026;Avalado;;SI;NO;ECHEQ;NO;NO;24Hs.;15:33:06;17:00:00;166;406;27,00;27,00;406;$;5.700.000,00;1;Negociada;15:44:11;ARPY;;Argenpymes S.G.R.;AO;;;;;
1528493;18/08/2026;No Garantizado Calificado;NO;SI;NO;ECHEQ;NO;NO;C.I.;15:33:51;17:00:00;55;764;37,00;37,00;764;$;5.000.000,00;3;Negociada;15:36:19;;30-56522248-8;QUIMVAR SRL;AO;30-56522248-8;QUIMVAR SRL;;;
1528494;18/08/2026;No Garantizado;SI;SI;NO;ECHEQ;NO;NO;C.I.;15:34:30;17:00:00;92;423;48,00;48,00;423;$;28.000.000,00;1;Negociada;15:36:31;;30-71023441-4;DEUSTO S. A.;AO;30-71023441-4;DEUSTO S. A.;Certificado MiPyME;;
1528495;18/08/2026;No Garantizado;NO;SI;NO;PAGARE;NO;NO;C.I.;15:36:06;17:00:00;359;754;7,00;7,00;754;DOL;16.000,00;1;Negociada;15:38:07;;20-17976675-3;ABRILE CLAUDIO ALBINO;;20-17976675-3;ABRILE CLAUDIO ALBINO;;;
1528496;18/08/2026;No Garantizado;NO;SI;NO;ECHEQ;NO;NO;C.I.;15:36:54;17:00:00;41;465;38,00;38,00;465;$;2.500.000,00;1;Negociada;15:38:56;;30-71867442-1;APTO INGENIO S.A.S.;AO;30-71708887-1;7B INGENIERIA SRL;;;
1528497;18/08/2026;Avalado;;SI;NO;ECHEQ;SI;NO;24Hs.;15:36:59;17:00:00;57;406;22,00;22,00;537;$;952.756.791,02;3;Negociada;15:39:00;BMAR;;BANCO MARIVA S.A.;NO;;;;;
1528498;18/08/2026;No Garantizado;SI;SI;NO;ECHEQ;NO;NO;C.I.;15:37:33;17:00:00;65;569;40,00;40,00;569;$;50.000.000,00;1;Negociada;15:39:35;;30-71225748-9;FF CAPITAL GROUP S.A.;AO;30-71225748-9;FF CAPITAL GROUP S.A.;Certificado MiPyME;;
1528499;18/08/2026;No Garantizado;NO;SI;NO;PAGARE;NO;NO;24Hs.;15:37:58;17:00:00;30;539;26,50;26,50;539;$;2.000.000.000,00;1;Negociada;15:50:58;;30-70308853-4;MERCADOLIBRE S.R.L.;;30-70308853-4;MERCADOLIBRE S.R.L.;;;
1528500;18/08/2026;Avalado;;SI;NO;ECHEQ;NO;NO;24Hs.;15:39:23;17:00:00;36;;;22,00;526;$;4.718.330,12;1;Desierta;;NOVA;;INNOVA S.G.R.;AO;;;;;
1528501;18/08/2026;No Garantizado;SI;SI;NO;ECHEQ;NO;NO;24Hs.;15:39:45;17:00:00;57;568;26,00;26,00;568;$;200.000.000,00;1;Negociada;15:41:47;;30-61494150-9;VERSSION S.A.;AO;30-61494150-9;VERSSION S.A.;Certificado MiPyME;;
1528502;18/08/2026;Avalado;;SI;NO;ECHEQ;NO;NO;24Hs.;15:42:09;17:00:00;63;501;23,00;23,00;701;$;3.000.000,00;1;Negociada;16:19:33;FOER;;FO.GA.ER. SAPEM;AO;;;;;
1528503;18/08/2026;Avalado;;SI;NO;ECHEQ;NO;NO;24Hs.;15:42:23;17:00:00;97;501;23,00;23,00;701;$;3.000.000,00;1;Negociada;16:19:09;FOER;;FO.GA.ER. SAPEM;AO;;;;;
1528504;18/08/2026;No Garantizado;NO;SI;NO;PAGARE;NO;NO;C.I.;15:42:36;17:00:00;28;512;35,00;35,00;512;$;2.448.604.711,00;2;Negociada;15:44:38;;30-71753557-6;HIDROCARBUROS DEL NORTE S.A.;;30-71753557-6;HIDROCARBUROS DEL NORTE S.A.;;;
1528505;18/08/2026;No Garantizado;NO;SI;NO;PAGARE;NO;NO;24Hs.;15:42:47;17:00:00;63;546;27,40;27,40;546;$;3.000.000.000,00;1;Negociada;15:44:48;;30-70308853-4;MERCADOLIBRE S.R.L.;;30-70308853-4;MERCADOLIBRE S.R.L.;;;
1528506;18/08/2026;Avalado;;SI;NO;ECHEQ;NO;NO;24Hs.;15:42:55;17:00:00;126;501;24,00;24,00;701;$;3.000.000,00;1;Negociada;16:18:47;FOER;;FO.GA.ER. SAPEM;AO;;;;;
1528507;18/08/2026;No Garantizado;NO;SI;NO;PAGARE;NO;NO;24Hs.;15:42:57;17:00:00;30;546;26,40;26,40;546;$;2.000.000.000,00;1;Negociada;15:44:58;;30-70308853-4;MERCADOLIBRE S.R.L.;;30-70308853-4;MERCADOLIBRE S.R.L.;;;
1528508;18/08/2026;No Garantizado;NO;SI;NO;PAGARE;NO;NO;C.I.;15:43:05;17:00:00;28;512;35,00;35,00;512;$;955.445.772,00;2;Negociada;15:45:07;;30-71675213-1;INTEROIL ARGENTINA S A;;30-71675213-1;INTEROIL ARGENTINA S A;;;
1528509;18/08/2026;Avalado;;SI;NO;ECHEQ;NO;NO;24Hs.;15:43:15;17:00:00;155;501;24,00;24,00;701;$;3.000.000,00;1;Negociada;16:18:18;FOER;;FO.GA.ER. SAPEM;AO;;;;;
1528510;18/08/2026;Avalado;;SI;NO;ECHEQ;NO;NO;24Hs.;15:43:16;17:00:00;41;523;23,00;23,00;427;$;10.287.917,92;2;Negociada;15:45:17;GARA;;Garantizar S.G.R.;AO;;;;;
1528511;18/08/2026;No Garantizado;NO;SI;NO;PAGARE;NO;NO;C.I.;15:43:26;17:00:00;28;512;35,00;35,00;512;$;809.221.822,00;1;Negociada;15:45:27;;30-71672768-4;IOG RESOURCES S.A.;;30-71672768-4;IOG RESOURCES S.A.;;;
1528512;18/08/2026;Avalado;;SI;NO;ECHEQ;NO;NO;24Hs.;15:43:32;17:00:00;188;501;26,50;26,50;701;$;3.000.000,00;1;Negociada;16:17:36;FOER;;FO.GA.ER. SAPEM;AO;;;;;
1528513;18/08/2026;Avalado;;SI;NO;ECHEQ;NO;NO;24Hs.;15:43:45;17:00:00;216;501;26,50;26,50;701;$;3.000.000,00;1;Negociada;16:17:05;FOER;;FO.GA.ER. SAPEM;AO;;;;;
1528514;18/08/2026;No Garantizado;NO;SI;NO;PAGARE;NO;NO;C.I.;15:43:45;17:00:00;15;47;28,00;28,00;47;$;43.596.370,00;1;Negociada;15:50:48;;30-71263870-9;FLASH ARGENTINA S. A.;;30-71263870-9;FLASH ARGENTINA S. A.;;;
1528515;18/08/2026;No Garantizado;NO;SI;NO;ECHEQ;NO;NO;C.I.;15:43:51;17:00:00;100;537;37,00;37,00;537;$;6.500.000,00;2;Negociada;15:51:22;;23-32156912-9;VIOTTI CESAR FEDERICO;AO;23-32156912-9;VIOTTI CESAR FEDERICO;;;
1528516;18/08/2026;Avalado;;SI;NO;ECHEQ;NO;NO;24Hs.;15:44:03;17:00:00;245;501;27,00;27,00;701;$;3.000.000,00;1;Negociada;16:16:39;FOER;;FO.GA.ER. SAPEM;AO;;;;;
1528517;18/08/2026;No Garantizado;NO;SI;NO;ECHEQ;NO;NO;C.I.;15:44:07;17:00:00;91;537;37,00;37,00;537;$;3.500.000,00;1;Negociada;15:51:57;;23-32156912-9;VIOTTI CESAR FEDERICO;AO;23-32156912-9;VIOTTI CESAR FEDERICO;;;
1528518;18/08/2026;No Garantizado;NO;SI;NO;ECHEQ;NO;NO;C.I.;15:44:11;17:00:00;43;754;32,00;32,00;754;$;2.500.000,00;1;Negociada;15:46:12;;20-24677979-2;GALLO ROBERTO EDGARDO;AO;;;;;
1528519;18/08/2026;Avalado;;SI;NO;ECHEQ;NO;NO;24Hs.;15:44:17;17:00:00;275;501;27,00;27,00;701;$;3.000.000,00;1;Negociada;16:16:08;FOER;;FO.GA.ER. SAPEM;AO;;;;;
1528520;18/08/2026;No Garantizado;NO;SI;NO;ECHEQ;NO;NO;C.I.;15:44:26;17:00:00;99;537;37,00;37,00;537;$;3.000.000,00;1;Negociada;15:52:15;;23-32156912-9;VIOTTI CESAR FEDERICO;AO;23-32156912-9;VIOTTI CESAR FEDERICO;;;
1528521;18/08/2026;No Garantizado Calificado;NO;SI;NO;ECHEQ;NO;NO;C.I.;15:44:30;17:00:00;27;754;32,00;32,00;754;$;800.000,00;1;Negociada;15:46:31;;27-39822073-6;CUEVAS ELISA;AO;33-71683006-9;TRANSPORTE LA CARLOTA S.A.S.;;;
1528522;18/08/2026;No Garantizado;NO;SI;NO;ECHEQ;NO;NO;C.I.;15:44:44;17:00:00;105;537;37,00;37,00;537;$;3.000.000,00;1;Negociada;15:52:56;;23-32156912-9;VIOTTI CESAR FEDERICO;AO;23-32156912-9;VIOTTI CESAR FEDERICO;;;
1528523;18/08/2026;No Garantizado;NO;SI;NO;PAGARE;NO;NO;24Hs.;15:44:52;17:00:00;120;754;8,25;8,25;754;DOL;50.000,00;1;Negociada;15:46:54;;30-50064577-2;MERANOL SACI;;30-50064577-2;MERANOL SACI;;;
1528524;18/08/2026;No Garantizado;NO;SI;NO;ECHEQ;NO;NO;C.I.;15:45:01;17:00:00;119;537;37,00;37,00;537;$;3.500.000,00;1;Negociada;15:53:10;;23-32156912-9;VIOTTI CESAR FEDERICO;AO;23-32156912-9;VIOTTI CESAR FEDERICO;;;
1528525;18/08/2026;Avalado;;SI;NO;ECHEQ;NO;NO;24Hs.;15:45:14;17:00:00;27;754;27,00;27,00;754;$;27.900.000,00;1;Negociada;16:43:47;INPY;;Integra Pymes S.G.R.;AO;;;;;
1528526;18/08/2026;No Garantizado;SI;SI;NO;ECHEQ;NO;NO;C.I.;15:46:05;17:00:00;71;433;34,00;34,00;433;$;50.000.000,00;1;Negociada;15:48:07;;30-61515695-3;TEVECOA S R L;AO;30-69007604-3;SION S. A.;Certificado MiPyME;;
1528527;18/08/2026;Avalado;;SI;NO;ECHEQ;NO;NO;C.I.;15:46:11;17:00:00;181;;;0,00;569;$;26.000.000,00;1;Desierta (Baja);;ACPY;;Acindar Pymes S.G.R.;AO;;;;;
1528528;18/08/2026;Avalado;;SI;NO;ECHEQ;NO;NO;C.I.;15:46:42;17:00:00;167;;;0,00;569;$;26.000.000,00;1;Desierta (Baja);;ACPY;;Acindar Pymes S.G.R.;AO;;;;;
1528529;18/08/2026;No Garantizado Calificado;SI;SI;NO;ECHEQ;NO;NO;C.I.;15:46:43;17:00:00;34;406;39,00;39,00;449;$;96.835.000,00;1;Negociada;15:48:46;;33-70970010-9;CRZ CONSTRUCCIONES SA;AO;33-70970010-9;CRZ CONSTRUCCIONES SA;Certificado MiPyME;;
1528530;18/08/2026;No Garantizado;NO;NO;NO;PAGARE;NO;NO;24Hs.;15:47:11;17:00:00;342;42;32,00;32,00;42;$;185.000.000,00;1;Negociada;16:12:54;;30-70888281-6;PROSPERAR S.A.;;;;;;
1528531;18/08/2026;Avalado;;SI;NO;ECHEQ;NO;NO;24Hs.;15:47:50;17:00:00;82;;;;559;$;39.943.593,75;9;Desierta;;TRND;;Trend S.G.R.;AO;;;;;
1528532;18/08/2026;No Garantizado;NO;SI;NO;ECHEQ;NO;NO;C.I.;15:48:19;17:00:00;139;;;30,00;767;$;150.000.000,00;6;Desierta;;;30-71637181-2;BRANCH S.R.L.;AO;30-71637181-2;BRANCH S.R.L.;;;
1528533;18/08/2026;No Garantizado;NO;SI;NO;ECHEQ;NO;NO;C.I.;15:48:37;17:00:00;67;427;45,00;45,00;427;$;12.000.000,00;2;Negociada;16:07:09;;30-71118809-2;BARSA S.A.;AO;30-71118809-2;BARSA S.A.;;;
1528534;18/08/2026;No Garantizado Calificado;NO;SI;NO;ECHEQ;NO;NO;24Hs.;15:48:39;17:00:00;18;20;36,00;36,00;20;$;18.000.000,00;3;Negociada;15:54:10;;30-71027623-0;EL CERCO S.R.L.;AO;30-62387327-3;ASOCIACION MUTUAL GUSTAVO COCHET;;;
1528535;18/08/2026;No Garantizado;NO;SI;NO;ECHEQ;NO;NO;24Hs.;15:48:55;17:00:00;36;20;36,00;36,00;20;$;25.494.829,25;4;Negociada;15:54:27;;30-70846183-7;SEDE AMERICA SA;AO;30-62387327-3;ASOCIACION MUTUAL GUSTAVO COCHET;;;
1528536;18/08/2026;No Garantizado;NO;SI;NO;ECHEQ;NO;NO;C.I.;15:49:02;17:00:00;66;526;35,00;35,00;526;$;200.000.000,00;1;Negociada;15:51:04;;30-71733920-3;V.B.S S. A. S.;AO;30-71733920-3;V.B.S S. A. S.;;;
1528537;18/08/2026;Avalado;;SI;NO;ECHEQ;NO;NO;24Hs.;15:49:08;17:00:00;309;501;29,00;29,00;701;$;3.000.000,00;1;Negociada;16:15:15;FOER;;FO.GA.ER. SAPEM;AO;;;;;
1528538;18/08/2026;No Garantizado;NO;SI;NO;ECHEQ;NO;NO;24Hs.;15:49:17;17:00:00;62;20;36,00;36,00;20;$;25.000.000,00;1;Negociada;15:54:45;;30-70873689-5;TRADICION GANADERA S. A.;AO;30-62387327-3;ASOCIACION MUTUAL GUSTAVO COCHET;;;
1528539;18/08/2026;Avalado;;SI;NO;ECHEQ;NO;NO;24Hs.;15:49:24;17:00:00;336;501;29,00;29,00;701;$;3.000.000,00;1;Negociada;16:14:55;FOER;;FO.GA.ER. SAPEM;AO;;;;;
1528540;18/08/2026;No Garantizado;NO;SI;NO;ECHEQ;NO;NO;24Hs.;15:49:29;17:00:00;30;20;36,00;36,00;20;$;6.500.000,00;1;Negociada;15:55:03;;30-70846183-7;SEDE AMERICA SA;AO;30-62387327-3;ASOCIACION MUTUAL GUSTAVO COCHET;;;
1528541;18/08/2026;Avalado;;SI;NO;ECHEQ;NO;NO;24Hs.;15:49:32;17:00:00;103;;;23,00;525;$;3.800.000,00;3;Desierta;;FGLR;;Fdo.de Gtia.Pub. La Rioja;AO;;;;;
1528542;18/08/2026;Avalado;;SI;NO;ECHEQ;NO;NO;24Hs.;15:50:12;17:00:00;88;;;25,00;526;$;100.000.000,00;2;Desierta;;NEUQ;;Neuquen Pymes S.G.R.;AO;;;;;
1528543;18/08/2026;No Garantizado;NO;SI;NO;ECHEQ;NO;NO;C.I.;15:50:38;17:00:00;34;486;40,00;40,00;486;$;15.000.000,00;1;Negociada;16:06:00;;33-70775105-9;ECOCARNES S.A.;AO;;;;;
1528544;18/08/2026;Avalado;;SI;NO;ECHEQ;NO;NO;24Hs.;15:50:49;17:00:00;194;559;25,00;25,00;559;$;47.576.935,00;11;Negociada;15:55:26;FINT;;Fintech S.G.R.;AO;;;;;
1528545;18/08/2026;Avalado;;SI;NO;ECHEQ;NO;NO;24Hs.;15:51:20;17:00:00;40;;;20,00;502;$;127.513.557,20;12;Desierta;;UNIO;;Union S.G.R.;AO;;;;;
1528546;18/08/2026;Avalado;;SI;NO;ECHEQ;SI;NO;24Hs.;15:52:07;17:00:00;31;;;21,00;539;$;165.560.635,32;2;Desierta;;BIND;;Garantias Bind S.G.R.;NO;;;;;
1528547;18/08/2026;No Garantizado;NO;SI;NO;ECHEQ;NO;NO;C.I.;15:52:29;17:00:00;44;433;33,00;33,00;433;$;12.936.672,00;1;Negociada;15:54:31;;33-68989817-9;TRIVENTO BODEGAS Y VIÑEDOS S.A.;AO;30-70827349-6;INAP  S R L;;;
1528548;18/08/2026;No Garantizado;SI;SI;NO;ECHEQ;NO;NO;C.I.;15:52:43;17:00:00;72;;;0,00;15;$;1.500.000,00;2;Desierta (Baja);;;30-71645001-1;NICOLAS FERNANDO FARIAS JAVIER JOSE FARIAS Y PABLO ENRIQUE FARIAS SOCIEDAD SIMPLE;AO;;;Certificado MiPyME;;
1528549;18/08/2026;No Garantizado;NO;SI;NO;PAGARE;NO;NO;24Hs.;15:52:54;17:00:00;62;559;29,00;29,00;559;$;2.000.000.000,00;1;Negociada;15:56:25;;30-71077905-4;IATEC S.A.U. (INDUSTRIA AUSTRAL DE TECNOLOGIA S.A.U.) S. A. U.;;30-71077905-4;IATEC S.A.U. (INDUSTRIA AUSTRAL DE TECNOLOGIA S.A.U.) S. A. U.;;;
1528550;18/08/2026;No Garantizado;SI;SI;NO;ECHEQ;NO;NO;C.I.;15:53:01;17:00:00;43;406;35,00;35,00;15;$;5.100.000,00;2;Negociada;15:55:03;;27-18788375-5;ARCE CARDOZA ALEJANDRA;AO;;;Certificado MiPyME;;
1528551;18/08/2026;No Garantizado;NO;SI;NO;ECHEQ;NO;NO;24Hs.;15:53:06;17:00:00;70;;;43,00;687;$;50.000.000,00;1;Desierta;;;30-71429144-7;INPROAL S.R.L.;AO;30-71429144-7;INPROAL S.R.L.;;;
1528552;18/08/2026;No Garantizado;NO;SI;NO;ECHEQ;NO;NO;24Hs.;15:53:15;17:00:00;70;;;43,00;687;$;50.000.000,00;1;Desierta;;;30-71429144-7;INPROAL S.R.L.;AO;30-71429144-7;INPROAL S.R.L.;;;
1528553;18/08/2026;No Garantizado;NO;SI;NO;ECHEQ;NO;NO;C.I.;15:53:31;17:00:00;62;764;32,00;32,00;764;$;29.490.547,26;3;Negociada;16:02:34;;30-71426390-7;GRANOS SAN LORENZO S. R. L.;AO;;;;;
1528554;18/08/2026;Avalado;;SI;NO;ECHEQ;NO;NO;24Hs.;15:53:38;17:00:00;97;406;25,50;25,50;406;$;30.000.000,00;3;Negociada;16:04:56;ARPY;;Argenpymes S.G.R.;AO;;;;;
1528555;18/08/2026;No Garantizado;SI;SI;NO;ECHEQ;NO;NO;C.I.;15:53:50;17:00:00;126;406;35,00;35,00;15;$;74.389.542,65;2;Negociada;15:58:54;;33-71750803-9;BS SPORTS BUSINESS & ENTERTAINMENT S.A.;AO;;;Certificado MiPyME;;
1528556;18/08/2026;Avalado;;SI;NO;ECHEQ;NO;NO;24Hs.;15:54:07;17:00:00;95;442;28,00;28,00;442;$;33.995.242,35;13;Negociada;16:12:54;AVAL;;Avaluar S.G.R.;AO;;;;;
1528557;18/08/2026;No Garantizado Calificado;SI;SI;NO;ECHEQ;NO;NO;C.I.;15:54:28;17:00:00;101;406;35,00;35,00;15;$;7.556.719,20;4;Negociada;15:59:59;;20-18030211-6;MALDJIAN ALEJANDRO;AO;;;Certificado MiPyME;;
1528558;18/08/2026;No Garantizado;SI;SI;NO;ECHEQ;NO;NO;C.I.;15:54:43;17:00:00;163;406;35,00;35,00;15;$;20.000.000,00;1;Negociada;15:59:27;;30-70768635-5;STADIO UNO S.A.;AO;;;Certificado MiPyME;;
1528559;18/08/2026;No Garantizado;SI;SI;NO;ECHEQ;NO;NO;C.I.;15:55:15;17:00:00;67;406;35,00;35,00;15;$;2.250.000,00;3;Negociada;15:59:41;;30-71645001-1;NICOLAS FERNANDO FARIAS JAVIER JOSE FARIAS Y PABLO ENRIQUE FARIAS SOCIEDAD SIMPLE;AO;;;Certificado MiPyME;;
1528560;18/08/2026;Avalado;;SI;NO;ECHEQ;NO;NO;24Hs.;15:56:05;17:00:00;91;406;24,79;25,00;442;$;60.000.000,00;3;Negociada;16:16:39;ARPY;;Argenpymes S.G.R.;AO;;;;;
1528561;18/08/2026;No Garantizado;NO;NO;NO;ECHEQ;NO;NO;C.I.;15:56:11;17:00:00;71;769;36,50;36,50;769;$;1.891.462,84;1;Negociada;15:58:13;;30-71236603-2;TDM PATAGONIA S.R.L.;AO;30-71332270-5;VITALCAN S.A.;;;
1528562;18/08/2026;No Garantizado;SI;SI;NO;ECHEQ;NO;NO;24Hs.;15:56:19;17:00:00;9;545;26,00;26,00;546;$;26.866.604,04;1;Negociada;15:58:21;;30-71198576-6;DELIVERY HERO E-COMMERCE S. A.;AO;33-71236952-9;SE BIBLIOTECA S. R. L.;Certificado MiPyME;;
1528563;18/08/2026;Avalado;;SI;NO;ECHEQ;NO;NO;24Hs.;15:57:01;17:00:00;110;523;23,50;23,50;720;$;66.527.693,22;34;Negociada;15:59:02;BAIN;;BANCO INDUSTRIAL SA;AO;;;;;
1528564;18/08/2026;No Garantizado;NO;SI;NO;PAGARE;NO;NO;24Hs.;15:57:51;17:00:00;58;506;27,25;27,25;506;$;3.000.000.000,00;1;Negociada;15:59:53;;30-70308853-4;MERCADOLIBRE S.R.L.;;30-70308853-4;MERCADOLIBRE S.R.L.;;;
1528565;18/08/2026;No Garantizado;NO;SI;NO;PAGARE;NO;NO;24Hs.;15:57:58;17:00:00;77;546;7,00;7,00;546;U$D;200.000,00;1;Negociada;16:18:59;;30-56766866-1;RURAL CERES S A;;30-56766866-1;RURAL CERES S A;;;
1528566;18/08/2026;No Garantizado;NO;SI;NO;PAGARE;NO;NO;C.I.;15:58:02;17:00:00;50;456;33,00;33,00;456;$;9.500.000,00;1;Negociada;16:00:03;;20-30017224-6;BOLLATTI JUAN BALTAZAR;;20-30017224-6;BOLLATTI JUAN BALTAZAR;;;
1528567;18/08/2026;No Garantizado;NO;SI;NO;ECHEQ;NO;NO;24Hs.;15:58:22;17:00:00;80;20;30,00;30,00;20;$;88.000.000,00;4;Negociada;16:00:25;;30-62387327-3;ASOCIACION MUTUAL GUSTAVO COCHET;AO;30-62387327-3;ASOCIACION MUTUAL GUSTAVO COCHET;;;
1528568;18/08/2026;No Garantizado;NO;SI;NO;ECHEQ;NO;NO;24Hs.;15:58:31;17:00:00;91;20;30,00;30,00;20;$;25.000.000,00;1;Negociada;16:00:33;;30-70873689-5;TRADICION GANADERA S. A.;AO;30-62387327-3;ASOCIACION MUTUAL GUSTAVO COCHET;;;
1528569;18/08/2026;No Garantizado;NO;SI;NO;ECHEQ;NO;NO;24Hs.;15:59:01;17:00:00;77;804;33,00;33,00;804;$;150.007.669,07;12;Negociada;16:01:02;;30-71833758-1;FUVAL S. A.;AO;30-70824178-0;TERRANDES SA;;;
1528570;18/08/2026;Avalado;;SI;NO;PAGARE;NO;NO;24Hs.;15:59:24;17:00:00;287;;;;287;U$D;196.443,45;3;Desierta;;DOMA;;Don Mario S.G.R.;;;;;;
1528571;18/08/2026;Garantizado;SI;SI;NO;ECHEQ;NO;NO;24Hs.;15:59:44;17:00:00;21;559;25,00;25,00;559;$;10.993.661,49;3;Negociada;16:03:39;;;;AO;;;Certificado MiPyME;;
1528572;18/08/2026;Avalado;;SI;NO;ECHEQ;NO;NO;24Hs.;16:00:05;17:00:00;97;832;22,99;23,00;559;$;222.092.480,63;4;Negociada;16:32:22;GARA;;Garantizar S.G.R.;AO;;;;;
1528573;18/08/2026;Avalado;;SI;NO;ECHEQ;NO;NO;24Hs.;16:00:09;17:00:00;35;;;0,00;502;$;98.613.515,00;2;Desierta (Baja);;GARA;;Garantizar S.G.R.;AO;;;;;
1528574;18/08/2026;No Garantizado;NO;SI;NO;PAGARE;NO;NO;C.I.;16:00:14;17:00:00;420;770;10,30;10,30;770;DOL;24.000,00;6;Negociada;16:04:05;;30-57606978-9;CLUB Y BIBLIOTECA MARIANO MORENO;;30-57606978-9;CLUB Y BIBLIOTECA MARIANO MORENO;;;
1528575;18/08/2026;Avalado;;SI;NO;ECHEQ;NO;NO;24Hs.;16:00:40;17:00:00;46;;;10,00;770;$;4.000.000,00;4;Desierta;;MOVI;;MOVIL S.G.R.;AO;;;;;
1528576;18/08/2026;Avalado;;SI;NO;PAGARE;NO;NO;C.I.;16:02:14;17:00:00;182;479;25,00;25,00;479;$;1.000.000.000,00;1;Negociada;16:40:38;BSUP;;BANCO SUPERVIELLE S.A.;;;;;;
1528577;18/08/2026;Avalado;;SI;NO;ECHEQ;NO;NO;24Hs.;16:02:29;17:00:00;187;406;28,00;28,00;764;$;15.000.000,00;3;Negociada;16:36:46;ARPY;;Argenpymes S.G.R.;AO;;;;;
1528578;18/08/2026;Avalado;;SI;NO;ECHEQ;NO;NO;24Hs.;16:04:13;17:00:00;107;;;25,00;11;$;97.941.159,35;5;Desierta;;TRND;;Trend S.G.R.;AO;;;;;
1528579;18/08/2026;No Garantizado;SI;SI;NO;ECHEQ;NO;NO;C.I.;16:04:25;17:00:00;44;15;28,00;28,00;15;$;22.299.383,48;1;Negociada;16:06:26;;30-50673003-8;S A IMPORTADORA Y EXPORTADORA DE LA PATAGONIA;AO;;;Certificado MiPyME;;
1528580;18/08/2026;Avalado;;SI;NO;ECHEQ;NO;NO;24Hs.;16:05:01;17:00:00;163;;;26,00;529;$;10.000.000,00;1;Desierta;;ACPY;;Acindar Pymes S.G.R.;AO;;;;;
1528581;18/08/2026;Avalado;;SI;NO;ECHEQ;NO;NO;C.I.;16:05:06;17:00:00;112;114;27,00;27,00;773;$;114.000.000,00;3;Negociada;16:07:07;POTE;;Potenciar S.G.R.;AO;;;;;
1528582;18/08/2026;No Garantizado;SI;SI;NO;ECHEQ;NO;NO;C.I.;16:05:13;17:00:00;35;15;32,00;32,00;15;$;17.240.910,61;10;Negociada;16:07:15;;30-53938705-3;ACOFAR COOP. FARMACEUTICA,DE CREDITO,VIVIENDA Y CONSUMO LTDA;AO;;;Certificado MiPyME;;
1528583;18/08/2026;No Garantizado;NO;SI;NO;ECHEQ;NO;NO;C.I.;16:05:23;17:00:00;38;429;32,00;32,00;429;$;20.000.000,00;2;Negociada;16:07:25;;30-71196513-7;AGROPECUARIA DON GÚIDO SOCIEDAD ANONIMA;AO;30-71196513-7;AGROPECUARIA DON GÚIDO SOCIEDAD ANONIMA;;;
1528584;18/08/2026;No Garantizado;SI;SI;NO;ECHEQ;NO;NO;C.I.;16:05:32;17:00:00;31;15;32,00;32,00;15;$;2.644.565,14;1;Negociada;16:07:34;;30-70924903-3;ALIMED S.A.;AO;;;Certificado MiPyME;;
1528585;18/08/2026;No Garantizado;SI;SI;NO;ECHEQ;NO;NO;C.I.;16:06:58;17:00:00;45;15;32,00;32,00;15;$;250.000,00;1;Negociada;16:08:59;;20-28054772-8;VENOSA VICENTE GUILLERMO;AO;;;Certificado MiPyME;;
1528586;18/08/2026;No Garantizado;SI;SI;NO;ECHEQ;NO;NO;C.I.;16:07:09;17:00:00;29;15;32,00;32,00;15;$;408.731,96;1;Negociada;16:09:11;;20-31482060-7;SORIA EMILIANO CARLOS;AO;;;Certificado MiPyME;;
1528587;18/08/2026;No Garantizado;SI;SI;NO;ECHEQ;NO;NO;C.I.;16:07:22;17:00:00;41;15;32,00;32,00;15;$;478.946,78;1;Negociada;16:09:23;;20-17335015-6;GARCIA CARLOS GUSTAVO;AO;;;Certificado MiPyME;;
1528588;18/08/2026;No Garantizado;SI;SI;NO;ECHEQ;NO;NO;C.I.;16:07:34;17:00:00;30;15;32,00;32,00;15;$;200.000,00;1;Negociada;16:09:36;;20-22692967-4;DENHOLM DARIO ALEJANDRO;AO;;;Certificado MiPyME;;
1528589;18/08/2026;No Garantizado Calificado;NO;SI;NO;ECHEQ;NO;NO;24Hs.;16:07:43;17:00:00;182;;;;598;$;14.700.000,00;1;Desierta;;;30-51829368-7;COOPERATIVA DE TABACALEROS DE JUJUY LIMITADA.-;AO;;;;;
1528590;18/08/2026;No Garantizado;SI;SI;NO;ECHEQ;NO;NO;C.I.;16:07:48;17:00:00;20;15;32,00;32,00;15;$;1.650.063,65;1;Negociada;16:09:50;;33-71678341-9;FARMACIA FARMAFE S.A.;AO;;;Certificado MiPyME;;
1528591;18/08/2026;No Garantizado Calificado;NO;SI;NO;PAGARE;NO;NO;C.I.;16:07:48;17:00:00;157;47;12,00;12,00;47;DOL;34.000,00;1;Negociada;16:09:50;;30-68404611-6;AUTOMOVILES SAN JORGE S A;;30-68404611-6;AUTOMOVILES SAN JORGE S A;;;
1528592;18/08/2026;Avalado;;SI;NO;ECHEQ;NO;NO;24Hs.;16:08:07;17:00:00;37;406;24,00;24,00;439;$;42.138.787,77;11;Negociada;16:16:59;ACPY;;Acindar Pymes S.G.R.;AO;;;;;
1528593;18/08/2026;No Garantizado;SI;SI;NO;ECHEQ;NO;NO;C.I.;16:08:08;17:00:00;20;15;32,00;32,00;15;$;1.511.473,34;1;Negociada;16:20:16;;30-69262395-5;FARMACIA J P RAMOS S. C. S.;AO;;;Certificado MiPyME;;
1528594;18/08/2026;No Garantizado;SI;SI;NO;ECHEQ;NO;NO;C.I.;16:08:23;17:00:00;29;15;32,00;32,00;15;$;613.506,62;1;Negociada;16:10:25;;30-71721499-0;GRUPO FENINASI S. A.;AO;;;Certificado MiPyME;;
1528595;18/08/2026;Avalado;;SI;NO;ECHEQ;NO;NO;24Hs.;16:08:27;17:00:00;39;406;24,00;24,00;439;$;37.702.759,86;6;Negociada;16:17:07;ACPY;;Acindar Pymes S.G.R.;AO;;;;;
1528596;18/08/2026;No Garantizado Calificado;SI;SI;NO;ECHEQ;NO;NO;C.I.;16:08:40;17:00:00;29;15;32,00;32,00;15;$;515.985,00;1;Negociada;16:10:41;;30-66874120-3;SANTI ROSSANO Y CIA S A;AO;;;Certificado MiPyME;;
1528597;18/08/2026;No Garantizado;SI;SI;NO;ECHEQ;NO;NO;C.I.;16:08:55;17:00:00;28;15;32,00;32,00;15;$;385.205,00;1;Negociada;16:10:56;;30-71675063-5;SOLIVIA S.A.S.;AO;;;Certificado MiPyME;;
1528598;18/08/2026;Avalado;;SI;NO;ECHEQ;NO;NO;24Hs.;16:08:56;17:00:00;141;406;27,00;27,00;545;$;33.337.749,60;1;Negociada;16:12:40;ARPY;;Argenpymes S.G.R.;AO;;;;;
1528599;18/08/2026;Avalado;;SI;NO;ECHEQ;NO;NO;24Hs.;16:09:02;17:00:00;62;406;25,00;25,00;439;$;56.958.949,44;14;Negociada;16:17:17;ACPY;;Acindar Pymes S.G.R.;AO;;;;;
1528600;18/08/2026;No Garantizado;SI;SI;NO;ECHEQ;NO;NO;C.I.;16:09:04;17:00:00;24;15;32,00;32,00;15;$;494.263,24;1;Negociada;16:11:06;;20-31929584-5;SALAS SANCHEZ RUBEN EDUARDO;AO;;;Certificado MiPyME;;
1528601;18/08/2026;No Garantizado;SI;SI;NO;ECHEQ;NO;NO;C.I.;16:09:13;17:00:00;20;15;32,00;32,00;15;$;2.156.285,31;1;Negociada;16:11:14;;33-68630340-9;NUEVA AVENIDA S R L;AO;;;Certificado MiPyME;;
1528602;18/08/2026;No Garantizado;SI;SI;NO;ECHEQ;NO;NO;C.I.;16:09:17;17:00:00;65;15;40,00;40,00;15;$;2.500.000,00;1;Negociada;16:11:18;;20-26935013-0;GOMEZ HORACIO ANDRES;AO;;;Certificado MiPyME;;
1528603;18/08/2026;Avalado;;SI;NO;ECHEQ;NO;NO;24Hs.;16:09:22;17:00:00;96;406;26,00;26,00;439;$;53.519.265,37;2;Negociada;16:17:42;ACPY;;Acindar Pymes S.G.R.;AO;;;;;
1528604;18/08/2026;Avalado;;SI;NO;ECHEQ;NO;NO;24Hs.;16:09:41;17:00:00;42;406;25,00;25,00;439;$;40.621.280,59;1;Negociada;16:18:08;ACPY;;Acindar Pymes S.G.R.;AO;;;;;
1528605;18/08/2026;Avalado;;SI;NO;ECHEQ;NO;NO;24Hs.;16:09:58;17:00:00;72;406;25,00;25,00;439;$;40.621.280,59;1;Negociada;16:45:46;ACPY;;Acindar Pymes S.G.R.;AO;;;;;
1528606;18/08/2026;Avalado;;SI;NO;PAGARE;NO;NO;24Hs.;16:13:45;17:00:00;364;767;7,50;7,50;526;DOL;100.000,00;4;Negociada;16:24:51;NOVA;;INNOVA S.G.R.;;;;;;
1528607;18/08/2026;No Garantizado;SI;NO;NO;FCE;NO;NO;C.I.;16:14:29;17:00:00;62;;;0,00;569;$;724.426.054,35;35;Desierta (Baja);;%INC;30-68731043-4;INC S. A.;;;;;;
1528608;18/08/2026;No Garantizado Calificado;SI;SI;NO;ECHEQ;NO;NO;C.I.;16:14:52;17:00:00;50;785;40,00;40,00;785;$;35.500.000,00;7;Negociada;16:16:53;;30-70935958-0;CABIAS S.R.L.;AO;30-70935958-0;CABIAS S.R.L.;Certificado MiPyME;;
1528609;18/08/2026;No Garantizado;NO;NO;NO;PAGARE;NO;NO;24Hs.;16:14:52;17:00:00;17;808;24,00;24,00;754;$;1.158.000.007,00;7;Negociada;16:23:15;;33-70927609-9;COOPERATIVA DE CREDITO, CONSUMO  Y VIVIENDA MASELE LTDA.;;;;;;
1528610;18/08/2026;No Garantizado;SI;SI;NO;ECHEQ;NO;NO;C.I.;16:15:35;17:00:00;105;569;36,00;36,00;569;$;110.000.000,00;4;Negociada;16:17:36;;30-71620220-4;BELONA PRIETTO S.R.L.;AO;30-71620220-4;BELONA PRIETTO S.R.L.;Certificado MiPyME;;
1528611;18/08/2026;No Garantizado;NO;NO;NO;PAGARE;NO;NO;24Hs.;16:15:51;17:00:00;17;808;24,00;24,00;754;$;1.160.500.014,00;7;Negociada;16:23:23;;30-71640610-1;S&S SOLUTIONS S.A;;;;;;
1528612;18/08/2026;Avalado;;SI;NO;ECHEQ;NO;NO;24Hs.;16:16:03;17:00:00;125;406;26,00;26,00;264;$;200.000.000,00;1;Negociada;16:33:07;ARPY;;Argenpymes S.G.R.;AO;;;;;
1528613;18/08/2026;Avalado;;SI;NO;ECHEQ;NO;NO;24Hs.;16:16:05;17:00:00;131;;;;754;$;50.000.000,00;2;Desierta;;CREC;;Crecer S.G.R.;AO;;;;;
1528614;18/08/2026;Avalado;;SI;NO;ECHEQ;NO;NO;24Hs.;16:16:13;17:00:00;122;;;10,00;545;$;200.026.467,20;2;Desierta;;CREC;;Crecer S.G.R.;AO;;;;;
1528615;18/08/2026;Avalado;;SI;NO;ECHEQ;NO;NO;24Hs.;16:16:13;17:00:00;52;;;23,00;537;$;129.279.304,43;19;Desierta;;ACPY;;Acindar Pymes S.G.R.;AO;;;;;
1528616;18/08/2026;No Garantizado;NO;NO;NO;PAGARE;NO;NO;24Hs.;16:16:31;17:00:00;17;808;24,00;24,00;754;$;1.158.000.021,00;7;Negociada;16:23:34;;30-71927261-0;M&C SOLUTIONS;;;;;;
1528617;18/08/2026;No Garantizado Calificado;SI;NO;NO;ECHEQ;NO;NO;C.I.;16:16:40;17:00:00;9;486;58,00;58,00;486;$;32.850.000,00;2;Negociada;16:34:50;;33-71922926-9;HIGHEST SOLUTIONS S. R. L.;AO;33-71922926-9;HIGHEST SOLUTIONS S. R. L.;Certificado MiPyME;;
1528618;18/08/2026;No Garantizado Calificado;NO;SI;NO;ECHEQ;NO;NO;24Hs.;16:16:44;17:00:00;27;764;31,00;31,00;764;$;1.000.000,00;2;Negociada;16:25:07;;20-27647053-2;GIANDANA RUBEN DARIO;AO;;;;;
1528619;18/08/2026;No Garantizado Calificado;NO;SI;NO;ECHEQ;NO;NO;24Hs.;16:17:23;17:00:00;37;764;32,00;32,00;764;$;2.609.876,00;4;Negociada;16:25:15;;20-27647053-2;GIANDANA RUBEN DARIO;AO;;;;;
1528620;18/08/2026;No Garantizado;NO;SI;NO;ECHEQ;NO;NO;C.I.;16:17:36;17:00:00;48;406;32,00;32,00;406;$;67.431.593,19;4;Negociada;16:20:48;;30-54612840-3;CENTRO DE EDUCACION MEDICA E INVESTIGACIONES CLINICAS NORBERTO QUIRNO-(C.E.M.I.C.)-;AO;;;;;
1528621;18/08/2026;No Garantizado;SI;SI;NO;PAGARE;NO;NO;24Hs.;16:17:58;17:00:00;77;569;10,00;10,00;569;U$D;100.000,00;1;Negociada;16:20:00;;30-71597823-3;IF INGENIERIA EN FERTILIZANTES S.A.;;30-71597823-3;IF INGENIERIA EN FERTILIZANTES S.A.;Certificado MiPyME;;
1528622;18/08/2026;No Garantizado Calificado;NO;SI;NO;ECHEQ;NO;NO;24Hs.;16:18:02;17:00:00;54;764;34,00;34,00;764;$;1.109.876,00;2;Negociada;16:25:25;;20-27647053-2;GIANDANA RUBEN DARIO;AO;;;;;
1528623;18/08/2026;Avalado;;SI;NO;PAGARE;NO;NO;24Hs.;16:18:09;17:00:00;106;569;8,00;8,00;569;U$D;100.000,00;1;Negociada;16:20:10;ZOFI;;Zofingen S.G.R.;;;;;;
1528624;18/08/2026;No Garantizado;NO;SI;NO;ECHEQ;NO;NO;C.I.;16:18:22;17:00:00;58;;;;764;$;2.976.216,00;1;Desierta (Baja);;;20-13044578-1;NICOLINI LUIS PEDRO;AO;;;;;
1528625;18/08/2026;No Garantizado;NO;SI;NO;ECHEQ;NO;NO;24Hs.;16:18:35;17:00:00;57;764;34,00;34,00;764;$;2.976.216,00;1;Negociada;16:25:40;;20-13044578-1;NICOLINI LUIS PEDRO;AO;;;;;
1528626;18/08/2026;No Garantizado Calificado;NO;SI;NO;ECHEQ;NO;NO;24Hs.;16:18:57;17:00:00;63;764;36,00;36,00;764;$;554.938,00;1;Negociada;16:25:48;;20-27647053-2;GIANDANA RUBEN DARIO;AO;;;;;
1528627;18/08/2026;Avalado;;SI;NO;ECHEQ;NO;NO;24Hs.;16:19:12;17:00:00;93;406;26,00;26,00;406;$;20.000.000,00;4;Negociada;16:31:31;CREC;;Crecer S.G.R.;AO;;;;;
1528628;18/08/2026;Avalado;;SI;NO;ECHEQ;NO;NO;24Hs.;16:19:36;17:00:00;119;406;26,50;26,50;406;$;29.555.238,25;2;Negociada;16:31:15;CREC;;Crecer S.G.R.;AO;;;;;
1528629;18/08/2026;Avalado;;SI;NO;ECHEQ;NO;NO;24Hs.;16:20:02;17:00:00;94;406;26,00;26,00;406;$;10.000.000,00;3;Negociada;16:30:59;CREC;;Crecer S.G.R.;AO;;;;;
1528630;18/08/2026;No Garantizado;NO;SI;NO;ECHEQ;NO;NO;C.I.;16:20:20;17:00:00;50;427;37,00;37,00;427;$;28.141.374,20;1;Negociada;16:22:22;;30-64806084-6;NOAL S A;AO;;;;;
1528631;18/08/2026;Avalado;;SI;NO;ECHEQ;NO;NO;24Hs.;16:20:31;17:00:00;67;406;25,00;25,00;406;$;100.000.000,00;4;Negociada;16:30:42;CREC;;Crecer S.G.R.;AO;;;;;
1528632;18/08/2026;No Garantizado;NO;SI;NO;ECHEQ;NO;NO;C.I.;16:21:53;17:00:00;42;486;45,00;45,00;486;$;30.000.000,00;1;Negociada;16:30:52;;33-70775105-9;ECOCARNES S.A.;AO;;;;;
1528633;18/08/2026;No Garantizado;NO;SI;NO;ECHEQ;NO;NO;C.I.;16:22:56;17:00:00;53;866;36,00;36,00;866;$;3.000.000,00;2;Negociada;16:24:57;;30-61969973-0;FAEVE SOCIEDAD ANONIMA;AO;30-61969973-0;FAEVE SOCIEDAD ANONIMA;;;
1528634;18/08/2026;No Garantizado;NO;SI;NO;PAGARE;NO;NO;C.I.;16:23:35;17:00:00;366;559;6,00;6,00;559;DOL;353.415,00;1;Negociada;16:25:37;;30-51648103-6;HIDECO S.A.;;30-51648103-6;HIDECO S.A.;;;
1528635;18/08/2026;Avalado;;SI;NO;PAGARE;NO;NO;24Hs.;16:24:24;17:00:00;187;;;;567;DOL;110.000,00;5;Desierta (Baja);;PROM;;Promover S.G.R.;;;;;;
1528636;18/08/2026;Avalado;;SI;NO;ECHEQ;NO;NO;24Hs.;16:24:42;17:00:00;33;;;21,00;774;$;291.161.930,84;11;Desierta;;BCMF;;BANCO CMF S.A.;AO;;;;;
1528637;18/08/2026;Garantizado;NO;SI;NO;PAGARE;NO;NO;24Hs.;16:24:47;17:00:00;120;;;26,00;793;$;20.195.000,00;1;Desierta;;;;;;;;;;
1528638;18/08/2026;Avalado;;SI;NO;ECHEQ;NO;NO;24Hs.;16:26:26;17:00:00;73;;;24,00;852;$;109.231.566,78;8;Desierta;;ACPY;;Acindar Pymes S.G.R.;AO;;;;;
1528639;18/08/2026;Avalado;;SI;NO;ECHEQ;NO;NO;24Hs.;16:26:51;17:00:00;61;406;24,00;24,00;852;$;59.480.060,00;1;Negociada;16:28:53;ACPY;;Acindar Pymes S.G.R.;AO;;;;;
1528640;18/08/2026;No Garantizado;SI;SI;NO;ECHEQ;SI;NO;24Hs.;16:29:00;17:00:00;20;;;24,00;704;$;535.650.908,70;1;Desierta;;;30-59266547-2;TECPETROL S A;NO;;;Certificado MiPyME;;
1528641;18/08/2026;Avalado;;SI;NO;ECHEQ;NO;NO;24Hs.;16:29:34;17:00:00;49;11;23,50;23,50;11;$;55.726.644,35;3;Negociada;16:34:40;BIND;;Garantias Bind S.G.R.;AO;;;;;
1528642;18/08/2026;No Garantizado;SI;SI;NO;FCE;NO;NO;C.I.;16:33:18;17:00:00;57;;;27,00;767;$;7.493.472,00;1;Desierta;;%INC;30-68731043-4;INC S. A.;;;;;;
1528643;18/08/2026;No Garantizado Calificado;NO;SI;NO;PAGARE;NO;NO;C.I.;16:35:00;17:00:00;33;568;37,00;37,00;568;$;125.000.000,00;2;Negociada;16:37:01;;30-71332270-5;VITALCAN S.A.;;30-71332270-5;VITALCAN S.A.;;;
1528644;18/08/2026;Avalado;;SI;NO;PAGARE;NO;NO;C.I.;16:38:32;17:00:00;188;;;;567;DOL;110.000,00;5;Desierta (Baja);;PROM;;Promover S.G.R.;;;;;;
1528645;18/08/2026;No Garantizado Calificado;SI;SI;NO;FCE;NO;NO;24Hs.;16:39:39;17:00:00;15;572;28,00;28,00;754;$;346.701.171,05;3;Negociada;16:41:41;%CMQ;33-50835825-9;CERVECERIA Y MALTERIA QUILMES S.A.I.C.A. Y G.;;;;;;
1528646;18/08/2026;No Garantizado Calificado;NO;NO;NO;PAGARE;NO;NO;C.I.;16:40:26;17:00:00;8;47;12,00;12,00;503;DOL;304.750,00;1;Negociada;16:42:48;;30-71581420-6;JANOS GROUP SRL;;;;;;
1528647;18/08/2026;No Garantizado;NO;SI;NO;ECHEQ;NO;NO;C.I.;16:41:55;17:00:00;57;;;32,00;486;$;30.000.000,00;1;Desierta;;;33-70775105-9;ECOCARNES S.A.;AO;30-71911792-5;ROCAS Y PIEDRAS S. A. S.;;;
1528648;18/08/2026;No Garantizado;NO;SI;NO;ECHEQ;NO;NO;C.I.;16:42:06;17:00:00;49;;;32,00;486;$;30.000.000,00;1;Desierta;;;33-70775105-9;ECOCARNES S.A.;AO;30-71911792-5;ROCAS Y PIEDRAS S. A. S.;;;
1528649;18/08/2026;No Garantizado;NO;SI;NO;ECHEQ;NO;NO;24Hs.;16:43:23;17:00:00;43;545;28,50;28,50;545;$;500.000.000,00;1;Negociada;16:45:24;;30-65787766-9;EMPRESA DISTRIBUIDORA LA PLATA SOCIEDAD ANONIMA EDELAP S A;AO;30-65787766-9;EMPRESA DISTRIBUIDORA LA PLATA SOCIEDAD ANONIMA EDELAP S A;;;
1528650;18/08/2026;No Garantizado;SI;SI;NO;ECHEQ;NO;NO;24Hs.;16:43:41;17:00:00;19;545;24,50;24,50;545;$;69.324.556,12;1;Negociada;16:45:42;;30-63945373-8;TELECOM ARGENTINA SOCIEDAD ANONIMA;AO;;;Certificado MiPyME;;
1528651;18/08/2026;No Garantizado;SI;SI;NO;FCE;NO;NO;C.I.;16:43:51;17:00:00;28;569;29,50;29,50;569;$;9.926.444,30;1;Negociada;16:48:35;%YAC;30-63679858-0;YACIMIENTO LINDERO ATRAVESADO;;;;;;
1528652;18/08/2026;Avalado;;SI;NO;PAGARE;NO;NO;C.I.;16:44:22;17:00:00;190;569;9,00;9,00;569;DOL;16.000,00;1;Negociada;16:48:43;ZOFI;;Zofingen S.G.R.;;;;;;
1528653;18/08/2026;Avalado;;SI;NO;ECHEQ;NO;NO;24Hs.;16:44:28;17:00:00;71;;;22,00;720;$;16.000.000,00;4;Desierta;;BAIN;;BANCO INDUSTRIAL SA;AO;;;;;
1528654;18/08/2026;No Garantizado Calificado;SI;SI;NO;ECHEQ;NO;NO;C.I.;16:44:30;17:00:00;52;486;58,00;58,00;486;$;37.200.000,00;1;Negociada;16:46:31;;33-71922926-9;HIGHEST SOLUTIONS S. R. L.;AO;33-71922926-9;HIGHEST SOLUTIONS S. R. L.;Certificado MiPyME;;
1528655;18/08/2026;No Garantizado;NO;SI;NO;ECHEQ;NO;NO;C.I.;16:44:41;17:00:00;16;524;42,00;42,00;524;$;85.447.260,40;2;Negociada;16:46:43;;30-71608798-7;URBACORDOBA SA;AO;30-71483661-3;VANESIN S.A.;;;
1528656;18/08/2026;Avalado;;SI;NO;ECHEQ;NO;NO;24Hs.;16:44:47;17:00:00;49;;;21,00;502;$;49.306.757,50;1;Desierta;;GARA;;Garantizar S.G.R.;AO;;;;;
1528657;18/08/2026;No Garantizado;SI;SI;NO;ECHEQ;NO;NO;24Hs.;16:44:53;17:00:00;55;559;40,00;40,00;559;$;200.000.000,00;2;Negociada;16:46:55;;30-69007604-3;SION S. A.;AO;30-69007604-3;SION S. A.;Certificado MiPyME;;
1528658;18/08/2026;Avalado;;SI;NO;ECHEQ;NO;NO;24Hs.;16:44:59;17:00:00;21;523;22,00;22,00;502;$;49.306.757,50;1;Negociada;16:47:01;GARA;;Garantizar S.G.R.;AO;;;;;
1528659;18/08/2026;Garantizado;SI;SI;NO;ECHEQ;NO;NO;24Hs.;16:45:13;17:00:00;27;;;25,50;767;$;3.963.962,03;1;Desierta;;;;;AO;;;Certificado MiPyME;;
1528660;18/08/2026;No Garantizado;SI;SI;NO;ECHEQ;NO;NO;C.I.;16:45:41;17:00:00;37;569;34,00;34,00;569;$;12.728.512,41;1;Negociada;16:47:42;;30-50673003-8;S A IMPORTADORA Y EXPORTADORA DE LA PATAGONIA;AO;;;Certificado MiPyME;;
1528661;18/08/2026;No Garantizado;SI;SI;NO;ECHEQ;SI;NO;C.I.;16:46:09;17:00:00;85;569;35,00;35,00;569;$;6.850.150,00;3;Negociada;16:48:10;;30-69847147-2;DINOSAURIO S.A.;NO;;;Certificado MiPyME;;
1528662;18/08/2026;Avalado;;SI;NO;ECHEQ;NO;NO;C.I.;16:46:19;17:00:00;126;832;26,00;26,00;832;$;82.359.826,53;10;Negociada;16:48:20;POTE;;Potenciar S.G.R.;AO;;;;;
1528663;18/08/2026;No Garantizado;SI;SI;NO;FCE;NO;NO;C.I.;16:46:23;17:00:00;76;569;29,50;29,50;569;$;264.237.759,64;1;Negociada;16:48:33;%SWI;30-65485516-8;SWISS MEDICAL S A;;;;;;
1528664;18/08/2026;Avalado;;SI;NO;ECHEQ;NO;NO;24Hs.;16:46:34;17:00:00;107;;;25,00;11;$;12.000.000,00;6;Desierta;;CAMP;;Campo Aval S.G.R.;AO;;;;;
1528665;18/08/2026;No Garantizado;SI;SI;NO;FCE;NO;NO;C.I.;16:46:39;17:00:00;21;569;29,50;29,50;569;$;223.676.667,69;1;Negociada;16:48:59;%HAL;30-50361098-8;HALLIBURTON ARGENTINA SOCIEDAD DE RESPONSABILIDAD LIMITADA;;;;;;
1528666;18/08/2026;No Garantizado;NO;SI;NO;PAGARE;NO;NO;24Hs.;16:46:47;17:00:00;89;545;24,00;24,00;808;$;1.207.000.001,00;1;Negociada;16:48:49;;33-70927609-9;COOPERATIVA DE CREDITO, CONSUMO  Y VIVIENDA MASELE LTDA.;;33-70927609-9;COOPERATIVA DE CREDITO, CONSUMO  Y VIVIENDA MASELE LTDA.;;;
1528668;18/08/2026;No Garantizado;SI;SI;NO;FCE;NO;NO;C.I.;16:47:01;17:00:00;13;569;32,50;32,50;569;$;140.757.291,73;1;Negociada;16:49:30;%RAI;30-50672680-4;RAIZEN ARGENTINA S.A.U.;;;;;;
1528669;18/08/2026;No Garantizado Calificado;SI;SI;NO;FCE;NO;NO;C.I.;16:47:20;17:00:00;28;569;25,00;25,00;569;$;162.085.270,19;1;Negociada;16:49:54;%YFP;30-54668997-9;YPF SOCIEDAD ANONIMA;;;;;;
1528670;18/08/2026;No Garantizado;NO;SI;NO;PAGARE;NO;NO;24Hs.;16:47:26;17:00:00;89;545;24,00;24,00;808;$;1.210.000.002,00;1;Negociada;16:49:27;;30-71640610-1;S&S SOLUTIONS S.A;;30-71640610-1;S&S SOLUTIONS S.A;;;
1528671;18/08/2026;No Garantizado;SI;SI;NO;FCE;NO;NO;C.I.;16:47:31;17:00:00;21;569;33,00;33,00;569;$;9.432.494,67;1;Negociada;16:50:14;%CAL;30-71037152-7;CALFRAC WELL SERVICES (ARGENTINA) SA;;;;;;
1528672;18/08/2026;No Garantizado;NO;SI;NO;ECHEQ;NO;NO;24Hs.;16:47:45;17:00:00;140;526;28,00;28,00;767;$;75.000.000,00;3;Negociada;16:49:46;;30-71930526-8;ENTRE ACTOS GOURMET S.A.;AO;30-71704334-7;MANOS LIMPIAS S.A.S.;;;
1528673;18/08/2026;No Garantizado;SI;SI;NO;ECHEQ;NO;NO;C.I.;16:47:45;17:00:00;14;569;34,00;34,00;569;$;7.207.405,05;1;Negociada;16:50:36;;30-50054804-1;GRUPO PEÑAFLOR S. A. U.;AO;;;Certificado MiPyME;;
1528674;18/08/2026;No Garantizado;NO;SI;NO;PAGARE;NO;NO;24Hs.;16:47:56;17:00:00;89;545;24,00;24,00;808;$;1.207.000.003,00;1;Negociada;16:49:58;;30-71927261-0;M&C SOLUTIONS;;30-71927261-0;M&C SOLUTIONS;;;
1528675;18/08/2026;No Garantizado;SI;SI;NO;FCE;NO;NO;C.I.;16:48:00;17:00:00;7;569;28,00;28,00;569;$;243.681.853,91;1;Negociada;16:51:03;%PLT;30-71515437-0;PLUSPETROL S.A.YSUR ENERGIA ARGENTINA S.R.L.- AREA CNQ-26 LA CALERA- UNION TRANSITORIA DE EMPRESAS;;;;;;
1528676;18/08/2026;No Garantizado;SI;SI;NO;ECHEQ;NO;NO;C.I.;16:48:15;17:00:00;23;569;37,00;37,00;569;$;7.980.201,90;1;Negociada;16:51:23;;30-64556835-0;CODESIN S.A.;AO;;;MiPyME FCE - Art. 7 Ley 27.440, Res. SEPYME 340/17, Art. 2 RG 4367/18 y RG 1019/24;;
1528677;18/08/2026;No Garantizado;NO;SI;NO;ECHEQ;NO;NO;24Hs.;16:48:36;17:00:00;44;;;34,00;767;$;22.331.597,12;1;Desierta;;;30-71224706-8;MACIZO DEL DESEADO PERFORACIONES S. A.;AO;30-71781546-3;SUPPLY SOLUTIONS ARGENTINA  S. R. L.;;;
1528678;18/08/2026;No Garantizado;NO;SI;NO;PAGARE;NO;NO;24Hs.;16:48:39;17:00:00;97;754;8,25;8,25;754;DOL;75.000,00;3;Negociada;16:50:40;;30-50064577-2;MERANOL SACI;;30-50064577-2;MERANOL SACI;;;
1528679;18/08/2026;No Garantizado;SI;SI;NO;ECHEQ;SI;NO;C.I.;16:48:39;17:00:00;9;569;29,00;29,00;569;$;25.758.202,03;1;Negociada;16:51:43;;30-59266547-2;TECPETROL S A;NO;;;MiPyME FCE - Art. 7 Ley 27.440, Res. SEPYME 340/17, Art. 2 RG 4367/18 y RG 1019/24;;
1528680;18/08/2026;No Garantizado;SI;SI;NO;FCE;NO;NO;C.I.;16:48:51;17:00:00;29;569;26,50;26,50;569;$;57.486.988,07;1;Negociada;16:52:06;%EVA;30-68521819-0;A EVANGELISTA S A;;;;;;
1528681;18/08/2026;Avalado;;SI;NO;ECHEQ;NO;NO;24Hs.;16:48:54;17:00:00;32;502;23,00;23,00;770;$;16.430.125,95;9;Negociada;16:50:55;POTE;;Potenciar S.G.R.;AO;;;;;
1528682;18/08/2026;No Garantizado;SI;SI;NO;FCE;NO;NO;C.I.;16:49:04;17:00:00;39;569;15,00;15,00;569;U$S;76.989,84;9;Negociada;16:52:30;%UH1;30-52659878-0;SCHLUMBERGER ARGENTINA S. A.;;;;;;
1528683;18/08/2026;No Garantizado;SI;SI;NO;FCE;NO;NO;24Hs.;16:49:08;17:00:00;22;;;25,50;767;$;16.915.102,00;1;Desierta;;%ARC;30-50279317-5;ARCOR S A I C;;;;;;
1528684;18/08/2026;No Garantizado;NO;SI;NO;PAGARE;NO;NO;24Hs.;16:49:11;17:00:00;92;754;8,25;8,25;754;DOL;25.000,00;1;Negociada;16:51:13;;30-50064577-2;MERANOL SACI;;30-50064577-2;MERANOL SACI;;;
1528685;18/08/2026;No Garantizado;SI;SI;NO;FCE;NO;NO;24Hs.;16:49:40;17:00:00;28;;;;754;$;11.429.984,28;1;Desierta;;%PRG;30-61526545-0;NEW PGA S. R. L.;;;;;;
1528686;18/08/2026;Avalado;;SI;NO;ECHEQ;NO;NO;24Hs.;16:49:51;17:00:00;57;406;25,00;25,00;754;$;150.000.000,00;1;Negociada;16:51:54;CREC;;Crecer S.G.R.;AO;;;;;
1528687;18/08/2026;Avalado;;SI;NO;ECHEQ;NO;NO;24Hs.;16:50:10;17:00:00;75;;;22,00;754;$;8.440.000,00;2;Desierta;;ACPY;;Acindar Pymes S.G.R.;AO;;;;;
1528688;18/08/2026;No Garantizado Calificado;NO;SI;NO;PAGARE;NO;NO;C.I.;16:52:00;17:00:00;139;503;12,00;12,00;47;DOL;313.000,00;1;Negociada;16:54:01;;30-71581420-6;JANOS GROUP SRL;;30-71581420-6;JANOS GROUP SRL;;;
1528689;18/08/2026;Avalado;;SI;NO;PAGARE;NO;NO;24Hs.;16:52:11;17:00:00;187;567;7,00;7,00;567;DOL;110.000,00;5;Negociada;16:56:44;PROM;;Promover S.G.R.;;;;;;
1528690;18/08/2026;Avalado;;SI;NO;PAGARE;NO;NO;24Hs.;16:54:12;17:00:00;162;;;5,00;449;U$S;59.000,00;1;Desierta;;FAEC;;FIDEICOM.DE AFECT. ESPEC.;;;;;;
