SUBASTA;FEC.SUB.;SEGMENTO;PYME;1-NEG;SELLO;TIPO INSTRUMENTO;NALO;SIN RECURSO;PLZ.;T.MIN.;CIERRE;PPV;AG.CPR.;TASA C.;TASA V.;AG.VDR.;MONEDA;MONTO;CANT. INSTRUMENTOS;ESTADO;HORA CONC.;CODIGO RESPONSABLE;CUIT RESPONSABLE;NOMBRE RESPONSABLE;CARACTER;CUIT BENEF.;RAZÓN BENEF.;COND. PYME;V.N. C.;V.N. V.
1541211;02/09/2026;Avalado;;SI;NO;PAGARE;NO;NO;24Hs.;10:45:10;17:00:00;168;34;8,00;8,00;569;U$S;25.000,00;2;Negociada;11:33:01;ZOFI;;Zofingen S.G.R.;;;;;;
1541212;02/09/2026;Avalado;;SI;NO;ECHEQ;NO;NO;24Hs.;10:45:19;17:00:00;161;;;29,00;545;$;5.000.000,00;1;Desierta;;AFBG;;AFB AVALES S.G.R;AO;;;;;
1541213;02/09/2026;Avalado;;SI;NO;PAGARE;NO;NO;24Hs.;10:45:20;17:00:00;132;;;7,50;406;U$D;5.000,00;1;Desierta;;AFFI;;Affidavit S.G.R.;;;;;;
1541214;02/09/2026;No Garantizado;NO;SI;NO;ECHEQ;NO;NO;C.I.;10:45:29;17:00:00;15;545;39,00;39,00;545;$;73.661.578,61;3;Negociada;10:55:13;;30-59425940-4;SERVIPET SOCIEDAD ANONIMA;AO;;;;;
1541216;02/09/2026;Avalado;;SI;NO;ECHEQ;NO;NO;24Hs.;10:45:32;17:00:00;201;;;29,00;545;$;15.000.000,00;1;Desierta;;FIDE;;Fidem S.G.R.;AO;;;;;
1541217;02/09/2026;Avalado;;SI;NO;ECHEQ;NO;NO;24Hs.;10:45:39;17:00:00;106;15;24,00;24,00;406;$;300.000.000,00;3;Negociada;15:26:34;CREC;;Crecer S.G.R.;AO;;;;;
1541218;02/09/2026;Avalado;;SI;NO;ECHEQ;NO;NO;24Hs.;10:45:43;17:00:00;23;442;25,00;25,00;502;$;5.105.408,73;3;Negociada;14:53:54;UNIO;;Union S.G.R.;AO;;;;;
1541219;02/09/2026;Avalado;;SI;NO;ECHEQ;NO;NO;24Hs.;10:45:45;17:00:00;91;;;0,00;545;$;25.000.000,00;7;Desierta (Baja);;AFBG;;AFB AVALES S.G.R;AO;;;;;
1541220;02/09/2026;No Garantizado;NO;SI;NO;ECHEQ;NO;NO;C.I.;10:45:52;17:00:00;36;;;39,00;571;$;7.800.000,00;1;Desierta;;;30-70925025-2;FARMANOR SRL;AO;33-71250477-9;GLOBAL MEDICA S. A.;;;
1541221;02/09/2026;Avalado;;SI;NO;ECHEQ;NO;NO;24Hs.;10:45:56;17:00:00;79;;;24,00;523;$;25.000.000,00;5;Desierta;;RESI;;Resiliencia S.G.R.;AO;;;;;
1541222;02/09/2026;Avalado;;SI;NO;PAGARE;NO;NO;24Hs.;10:45:56;17:00:00;162;;;7,50;406;U$D;5.000,00;1;Desierta;;AFFI;;Affidavit S.G.R.;;;;;;
1541223;02/09/2026;Avalado;;SI;NO;PAGARE;NO;NO;24Hs.;10:46:02;17:00:00;383;;;7,50;773;U$D;53.000,00;4;Desierta;;CONV;;CONAVAL S.G.R.;;;;;;
1541224;02/09/2026;Avalado;;SI;NO;ECHEQ;NO;NO;24Hs.;10:46:05;17:00:00;49;442;25,00;25,00;502;$;22.005.798,32;8;Negociada;14:54:00;UNIO;;Union S.G.R.;AO;;;;;
1541225;02/09/2026;Avalado;;SI;NO;ECHEQ;NO;NO;C.I.;10:46:14;17:00:00;88;406;26,00;26,00;406;$;48.209.659,98;32;Negociada;11:15:44;ACPY;;Acindar Pymes S.G.R.;AO;;;;;
1541226;02/09/2026;No Garantizado;NO;SI;NO;ECHEQ;SI;NO;24Hs.;10:46:15;17:00:00;56;569;27,00;27,00;502;$;114.303.200,00;2;Negociada;15:19:28;;30-68584975-1;DIA ARGENTINA S A;NO;;;;;
1541227;02/09/2026;No Garantizado;NO;SI;NO;ECHEQ;NO;NO;C.I.;10:46:30;17:00:00;69;;;39,00;571;$;7.800.000,00;1;Desierta;;;30-70925025-2;FARMANOR SRL;AO;33-71250477-9;GLOBAL MEDICA S. A.;;;
1541228;02/09/2026;Avalado;;SI;NO;ECHEQ;NO;NO;24Hs.;10:46:31;17:00:00;216;545;30,00;30,00;545;$;5.136.517,30;2;Negociada;13:04:05;ACPY;;Acindar Pymes S.G.R.;AO;;;;;
1541229;02/09/2026;Avalado;;SI;NO;ECHEQ;NO;NO;C.I.;10:46:37;17:00:00;88;406;26,00;26,00;406;$;154.367.774,41;66;Negociada;11:16:40;ACPY;;Acindar Pymes S.G.R.;AO;;;;;
1541230;02/09/2026;No Garantizado;NO;SI;NO;ECHEQ;NO;NO;C.I.;10:46:40;17:00:00;69;;;39,00;571;$;9.680.000,00;1;Desierta;;;30-71840510-2;HERZA S. A. U.;AO;33-71250477-9;GLOBAL MEDICA S. A.;;;
1541231;02/09/2026;Avalado;;SI;NO;ECHEQ;NO;NO;C.I.;10:46:45;17:00:00;111;;;;406;$;29.099.975,49;4;Desierta (Baja);;ARPY;;Argenpymes S.G.R.;AO;;;;;
1541232;02/09/2026;Avalado;;SI;NO;ECHEQ;NO;NO;24Hs.;10:46:47;17:00:00;118;;;29,00;545;$;36.000.000,00;6;Desierta;;FGLR;;Fdo.de Gtia.Pub. La Rioja;AO;;;;;
1541233;02/09/2026;No Garantizado Calificado;NO;SI;NO;PAGARE;NO;NO;24Hs.;10:46:48;17:00:00;46;106;10,00;10,00;106;U$D;640.000,00;30;Negociada;10:48:49;;30-69369508-9;ALZ MERCADOS S A;;30-69369508-9;ALZ MERCADOS S A;;;
1541234;02/09/2026;No Garantizado;NO;SI;NO;ECHEQ;NO;NO;C.I.;10:46:49;17:00:00;67;;;39,00;571;$;12.945.300,50;2;Desierta;;;30-71843340-8;ORTHOPEDICS S.A.S.;AO;33-71250477-9;GLOBAL MEDICA S. A.;;;
1541235;02/09/2026;Avalado;;SI;NO;ECHEQ;NO;NO;24Hs.;10:46:49;17:00:00;69;442;25,50;25,50;502;$;30.000.000,00;1;Negociada;14:03:14;AVAL;;Avaluar S.G.R.;AO;;;;;
1541236;02/09/2026;No Garantizado;NO;SI;NO;ECHEQ;NO;NO;C.I.;10:46:56;17:00:00;74;;;39,00;571;$;17.000.000,00;2;Desierta;;;30-71843340-8;ORTHOPEDICS S.A.S.;AO;33-71250477-9;GLOBAL MEDICA S. A.;;;
1541237;02/09/2026;Avalado;;SI;NO;ECHEQ;NO;NO;24Hs.;10:46:58;17:00:00;107;502;28,00;28,00;502;$;130.000.000,00;2;Negociada;16:04:00;UNIO;;Union S.G.R.;AO;;;;;
1541238;02/09/2026;No Garantizado Calificado;NO;SI;NO;ECHEQ;NO;NO;24Hs.;10:47:04;17:00:00;18;431;31,00;31,00;834;$;2.000.000,00;1;Negociada;11:14:17;;30-71778672-2;MORADA S. A. S.;AO;30-71778672-2;MORADA S. A. S.;;;
1541239;02/09/2026;Avalado;;SI;NO;ECHEQ;NO;NO;24Hs.;10:47:05;17:00:00;105;406;27,00;27,00;406;$;52.000.000,00;1;Negociada;12:21:56;ARPY;;Argenpymes S.G.R.;AO;;;;;
1541240;02/09/2026;Avalado;;SI;NO;PAGARE;NO;NO;24Hs.;10:47:09;17:00:00;348;;;10,00;502;U$S;100.000,00;1;Desierta;;AVAL;;Avaluar S.G.R.;;;;;;
1541241;02/09/2026;Avalado;;SI;NO;ECHEQ;NO;NO;24Hs.;10:47:10;17:00:00;80;;;25,50;545;$;9.500.000,00;3;Desierta;;FAEC;;FIDEICOM.DE AFECT. ESPEC.;AO;;;;;
1541242;02/09/2026;No Garantizado Calificado;SI;SI;NO;ECHEQ;NO;NO;C.I.;10:47:13;17:00:00;55;572;44,00;44,00;572;$;2.500.000,00;1;Negociada;11:13:16;;30-69954702-2;TRANSVALORES S A;AO;30-69954702-2;TRANSVALORES S A;MiPyME FCE - Art. 7 Ley 27.440, Res. SEPYME 340/17, Art. 2 RG 4367/18 y RG 1019/24;;
1541243;02/09/2026;No Garantizado;NO;SI;NO;ECHEQ;NO;NO;24Hs.;10:47:18;17:00:00;20;;;31,00;834;$;2.000.000,00;1;Desierta;;;30-71601116-6;FIDEICOMISO FIDETERRA;AO;30-71601116-6;FIDEICOMISO FIDETERRA;;;
1541244;02/09/2026;No Garantizado;NO;SI;NO;ECHEQ;NO;NO;24Hs.;10:47:30;17:00:00;41;;;31,00;834;$;2.500.000,00;1;Desierta;;;30-62371441-8;LUIS G  POZOBON E HIJOS S R L;AO;30-62371441-8;LUIS G  POZOBON E HIJOS S R L;;;
1541245;02/09/2026;No Garantizado;NO;SI;NO;ECHEQ;NO;NO;24Hs.;10:47:42;17:00:00;41;;;31,00;834;$;2.500.000,00;1;Desierta;;;30-62371441-8;LUIS G  POZOBON E HIJOS S R L;AO;30-62371441-8;LUIS G  POZOBON E HIJOS S R L;;;
1541246;02/09/2026;Avalado;;SI;NO;ECHEQ;NO;NO;24Hs.;10:47:47;17:00:00;79;501;25,00;25,00;545;$;4.000.000,00;2;Negociada;10:56:29;FGLR;;Fdo.de Gtia.Pub. La Rioja;AO;;;;;
1541247;02/09/2026;No Garantizado;NO;SI;NO;ECHEQ;NO;NO;24Hs.;10:47:52;17:00:00;41;;;31,00;834;$;2.500.000,00;1;Desierta;;;30-62371441-8;LUIS G  POZOBON E HIJOS S R L;AO;30-62371441-8;LUIS G  POZOBON E HIJOS S R L;;;
1541248;02/09/2026;No Garantizado;NO;SI;NO;ECHEQ;NO;NO;24Hs.;10:48:06;17:00:00;41;;;31,00;834;$;2.500.000,00;1;Desierta;;;30-62371441-8;LUIS G  POZOBON E HIJOS S R L;AO;30-62371441-8;LUIS G  POZOBON E HIJOS S R L;;;
1541249;02/09/2026;No Garantizado Calificado;NO;SI;NO;ECHEQ;NO;NO;24Hs.;10:48:23;17:00:00;20;;;31,00;834;$;2.000.000,00;1;Desierta;;;30-71778677-3;AMONA S. A. S.;AO;30-71778677-3;AMONA S. A. S.;;;
1541250;02/09/2026;Avalado;;SI;NO;ECHEQ;NO;NO;24Hs.;10:48:34;17:00:00;65;406;26,00;26,00;545;$;10.000.000,00;2;Negociada;11:50:09;ARPY;;Argenpymes S.G.R.;AO;;;;;
1541251;02/09/2026;Avalado;;SI;NO;ECHEQ;NO;NO;24Hs.;10:48:35;17:00:00;90;767;30,00;30,00;767;$;20.000.000,00;1;Negociada;13:10:25;RESI;;Resiliencia S.G.R.;AO;;;;;
1541252;02/09/2026;No Garantizado;NO;SI;NO;ECHEQ;NO;NO;24Hs.;10:48:35;17:00:00;19;;;31,00;834;$;2.000.000,00;1;Desierta;;;30-71505924-6;LEGER S.A.;AO;30-71505924-6;LEGER S.A.;;;
1541253;02/09/2026;No Garantizado;NO;SI;NO;ECHEQ;NO;NO;C.I.;10:49:25;17:00:00;68;767;24,00;24,00;767;$;2.050.252,41;2;Negociada;10:51:26;;30-71393200-7;DIVERFIESTAS S.A.;AO;;;;;
1541254;02/09/2026;Avalado;;SI;NO;ECHEQ;NO;NO;24Hs.;10:50:03;17:00:00;105;502;26,00;26,00;442;$;26.100.000,00;3;Negociada;10:52:04;TRND;;Trend S.G.R.;AO;;;;;
1541255;02/09/2026;No Garantizado Calificado;NO;SI;NO;ECHEQ;SI;NO;C.I.;10:50:05;17:00:00;72;767;24,00;24,00;767;$;3.053.065,79;1;Negociada;10:52:06;;30-68731043-4;INC S. A.;NO;;;;;
1541256;02/09/2026;Avalado;;SI;NO;ECHEQ;NO;NO;24Hs.;10:50:20;17:00:00;209;;;0,00;716;$;10.000.000,00;1;Desierta (Baja);;MILL;;MILLS S.G.R.;AO;;;;;
1541257;02/09/2026;Avalado;;SI;NO;ECHEQ;NO;NO;24Hs.;10:50:22;17:00:00;49;502;27,00;27,00;442;$;10.000.000,00;1;Negociada;14:37:23;ACEN;;Avales del Centro S.G.R.;AO;;;;;
1541258;02/09/2026;No Garantizado;NO;SI;NO;ECHEQ;NO;NO;C.I.;10:50:26;17:00:00;64;767;24,00;24,00;767;$;9.605.605,60;1;Negociada;10:52:28;;30-50673003-8;S A IMPORTADORA Y EXPORTADORA DE LA PATAGONIA;AO;;;;;
1541259;02/09/2026;Avalado;;SI;NO;ECHEQ;NO;NO;24Hs.;10:50:33;17:00:00;201;;;0,00;716;$;10.000.000,00;1;Desierta (Baja);;MILL;;MILLS S.G.R.;AO;;;;;
1541260;02/09/2026;Avalado;;SI;NO;PAGARE;NO;NO;24Hs.;10:50:34;17:00:00;263;;;6,00;442;U$D;30.000,00;2;Desierta;;AVAL;;Avaluar S.G.R.;;;;;;
1541261;02/09/2026;Garantizado;SI;SI;NO;ECHEQ;NO;NO;24Hs.;10:50:39;17:00:00;20;520;22,00;22,00;598;$;26.369.473,12;1;Negociada;12:00:32;;;;AO;;;Certificado MiPyME;;
1541262;02/09/2026;Avalado;;SI;NO;ECHEQ;NO;NO;24Hs.;10:50:41;17:00:00;194;716;30,00;30,00;716;$;10.000.000,00;1;Negociada;14:20:39;MILL;;MILLS S.G.R.;AO;;;;;
1541263;02/09/2026;Avalado;;SI;NO;PAGARE;NO;NO;24Hs.;10:50:41;17:00:00;102;442;26,00;26,00;442;$;2.200.000,00;1;Negociada;14:35:45;AVAL;;Avaluar S.G.R.;;;;;;
1541264;02/09/2026;Avalado;;SI;NO;ECHEQ;NO;NO;24Hs.;10:50:54;17:00:00;67;;;25,00;598;$;45.000.000,00;7;Desierta;;UNIO;;Union S.G.R.;AO;;;;;
1541266;02/09/2026;Garantizado Calificado;SI;SI;NO;ECHEQ;NO;NO;24Hs.;10:51:08;17:00:00;17;520;23,00;23,00;598;$;31.427.827,20;4;Negociada;12:22:36;;;;AO;;;Certificado MiPyME;;
1541267;02/09/2026;Avalado;;SI;NO;ECHEQ;NO;NO;C.I.;10:51:12;17:00:00;54;501;24,00;24,00;767;$;8.645.029,28;1;Negociada;10:58:24;FGJY;;FOGAJUY;AO;;;;;
1541268;02/09/2026;Avalado;;SI;NO;ECHEQ;NO;NO;24Hs.;10:51:24;17:00:00;83;442;26,00;26,00;525;$;16.000.000,00;10;Negociada;12:15:31;CREC;;Crecer S.G.R.;AO;;;;;
1541269;02/09/2026;Avalado;;SI;NO;ECHEQ;NO;NO;24Hs.;10:51:42;17:00:00;42;442;25,00;25,00;598;$;300.877,63;1;Negociada;13:00:23;ACPY;;Acindar Pymes S.G.R.;AO;;;;;
1541270;02/09/2026;Avalado;;SI;NO;ECHEQ;NO;NO;C.I.;10:52:07;17:00:00;155;567;24,00;24,00;525;$;75.932.086,77;24;Negociada;10:54:09;GARA;;Garantizar S.G.R.;AO;;;;;
1541271;02/09/2026;No Garantizado;SI;SI;NO;FCE;NO;NO;C.I.;10:52:13;17:00:00;98;793;26,00;26,00;572;$;26.561.960,00;3;Negociada;12:22:52;%ARC;30-50279317-5;ARCOR S A I C;;;;;;
1541272;02/09/2026;Avalado;;SI;NO;PAGARE;NO;NO;24Hs.;10:52:27;17:00:00;331;;;8,00;11;U$D;30.000,00;3;Desierta;;INPY;;Integra Pymes S.G.R.;;;;;;
1541273;02/09/2026;Avalado;;SI;NO;ECHEQ;NO;NO;24Hs.;10:52:29;17:00:00;171;;;26,00;852;$;10.000.000,00;4;Desierta;;AFBG;;AFB AVALES S.G.R;AO;;;;;
1541274;02/09/2026;No Garantizado;NO;SI;NO;ECHEQ;NO;NO;C.I.;10:52:36;17:00:00;9;;;50,00;525;$;10.000.000,00;1;Desierta;;;30-71711978-5;ELOG S.R.L.;AO;30-71428320-7;TRANSPORTE LAPIRU S.R.L.;;;
1541275;02/09/2026;No Garantizado Calificado;NO;SI;NO;CPD;NO;NO;24Hs.;10:52:41;17:00:00;144;;;50,00;852;$;300.000.000,00;1;Desierta;;;30-52745070-1;ASOCIACION DEL FUTBOL ARGENTINO;;30-53397676-6;ASOCIACION ATLETICA ARGENTINOS JUNIORS;;;
1541276;02/09/2026;Avalado;;SI;NO;ECHEQ;NO;NO;24Hs.;10:52:44;17:00:00;104;442;26,50;26,50;442;$;12.000.000,00;2;Negociada;12:31:19;ARPY;;Argenpymes S.G.R.;AO;;;;;
1541277;02/09/2026;Avalado;;SI;NO;PAGARE;NO;NO;24Hs.;10:52:53;17:00:00;276;;;0,00;11;U$D;40.000,00;2;Desierta (Baja);;INPY;;Integra Pymes S.G.R.;;;;;;
1541278;02/09/2026;Avalado;;SI;NO;PAGARE;NO;NO;24Hs.;10:53:11;17:00:00;263;;;0,00;11;U$D;100.000,00;3;Desierta (Baja);;INPY;;Integra Pymes S.G.R.;;;;;;
1541279;02/09/2026;Avalado;;SI;NO;ECHEQ;NO;NO;C.I.;10:53:37;17:00:00;64;764;29,00;29,00;764;$;10.000.000,00;1;Negociada;11:22:08;FEDE;;Aval Federal S.G.R.;AO;;;;;
1541280;02/09/2026;Avalado;;SI;NO;ECHEQ;NO;NO;24Hs.;10:53:37;17:00:00;64;567;23,83;24,00;852;$;160.118.672,22;3;Negociada;12:01:39;BIND;;Garantias Bind S.G.R.;AO;;;;;
1541281;02/09/2026;Garantizado;NO;SI;NO;ECHEQ;NO;NO;24Hs.;10:53:43;17:00:00;63;;;24,50;565;$;110.000.000,00;1;Desierta;;;;;AO;;;;;
1541282;02/09/2026;No Garantizado;SI;SI;NO;ECHEQ;NO;NO;24Hs.;10:54:09;17:00:00;76;406;25,50;25,50;427;$;172.632.637,50;1;Negociada;13:53:41;;30-63945373-8;TELECOM ARGENTINA SOCIEDAD ANONIMA;AO;30-69539233-4;STRADA S A;Certificado MiPyME;;
1541283;02/09/2026;No Garantizado;NO;SI;NO;ECHEQ;NO;NO;C.I.;10:54:19;17:00:00;20;;;35,00;560;$;30.891.609,50;1;Desierta;;;33-70775105-9;ECOCARNES S.A.;AO;30-70054770-8;RINDER S A;;;
1541284;02/09/2026;Avalado;;SI;NO;ECHEQ;NO;NO;24Hs.;10:54:26;17:00:00;163;287;26,00;26,00;764;$;40.000.000,00;2;Negociada;11:00:08;ACPY;;Acindar Pymes S.G.R.;AO;;;;;
1541285;02/09/2026;No Garantizado;SI;SI;NO;FCE;NO;NO;24Hs.;10:54:29;17:00:00;25;569;20,00;20,00;767;U$S;24.765,96;1;Negociada;11:21:00;%UAE;30-69617058-0;AEROPUERTOS ARGENTINA 2000 S A;;;;;;
1541286;02/09/2026;Avalado;;SI;NO;ECHEQ;SI;NO;24Hs.;10:54:29;17:00:00;40;;;;567;$;333.901.124,30;1;Desierta (Baja);;PROM;;Promover S.G.R.;NO;;;;;
1541287;02/09/2026;No Garantizado;SI;SI;NO;ECHEQ;SI;NO;C.I.;10:54:32;17:00:00;13;15;30,00;30,00;486;$;13.877.933,40;1;Negociada;11:15:11;;30-71207232-2;TETRA DE ARGENTINA S.R.L.;NO;;;Certificado MiPyME;;
1541288;02/09/2026;Avalado;;SI;NO;ECHEQ;NO;NO;24Hs.;10:54:40;17:00:00;266;20;29,00;29,00;764;$;30.000.000,00;1;Negociada;13:01:42;ACPY;;Acindar Pymes S.G.R.;AO;;;;;
1541289;02/09/2026;Avalado;;SI;NO;ECHEQ;SI;NO;24Hs.;10:54:55;17:00:00;118;287;25,00;25,00;764;$;28.500.000,00;1;Negociada;11:09:37;ACPY;;Acindar Pymes S.G.R.;NO;;;;;
1541290;02/09/2026;No Garantizado;NO;SI;NO;ECHEQ;NO;NO;24Hs.;10:55:07;17:00:00;19;;;32,00;598;$;32.662.130,00;1;Desierta;;;30-50405268-7;MOÑO AZUL SOCIEDAD ANONIMA COMERCIAL INDUSTRIAL Y AGROPECUARIA S. A.;AO;33-71488846-9;AGROFRESH ARGENTINA S.R.L.;;;
1541291;02/09/2026;Avalado;;SI;NO;ECHEQ;NO;NO;24Hs.;10:55:11;17:00:00;57;287;24,00;24,00;852;$;86.879.920,00;2;Negociada;11:09:01;ACPY;;Acindar Pymes S.G.R.;AO;;;;;
1541292;02/09/2026;Avalado;;SI;NO;ECHEQ;NO;NO;C.I.;10:55:12;17:00:00;145;813;32,00;32,00;764;$;12.968.258,63;3;Negociada;12:07:34;AVLR;;Aval Ar S.G.R.;AO;;;;;
1541293;02/09/2026;No Garantizado;NO;SI;NO;ECHEQ;NO;NO;24Hs.;10:55:24;17:00:00;47;;;32,00;598;$;32.662.130,00;1;Desierta;;;30-50405268-7;MOÑO AZUL SOCIEDAD ANONIMA COMERCIAL INDUSTRIAL Y AGROPECUARIA S. A.;AO;33-71488846-9;AGROFRESH ARGENTINA S.R.L.;;;
1541294;02/09/2026;No Garantizado;NO;SI;NO;ECHEQ;NO;NO;24Hs.;10:55:46;17:00:00;47;;;32,00;598;$;23.314.214,00;1;Desierta;;;30-69096754-1;PATAGONIAN FRUITS S. A.;AO;33-71488846-9;AGROFRESH ARGENTINA S.R.L.;;;
1541295;02/09/2026;No Garantizado Calificado;NO;NO;NO;PAGARE;NO;NO;C.I.;10:55:51;17:00:00;8;559;12,00;12,00;559;DOL;75.425,00;1;Negociada;11:07:00;;30-52213045-8;QUINTILIO CHESI E HIJOS SRL;;;;;;
1541296;02/09/2026;Avalado;;SI;NO;PAGARE;NO;NO;24Hs.;10:55:58;17:00:00;284;;;0,00;529;U$D;100.000,00;1;Desierta (Baja);;AVLR;;Aval Ar S.G.R.;;;;;;
1541297;02/09/2026;Avalado;;SI;NO;PAGARE;NO;NO;24Hs.;10:56:10;17:00:00;284;;;0,00;529;U$D;170.000,00;1;Desierta (Baja);;AVLR;;Aval Ar S.G.R.;;;;;;
1541298;02/09/2026;Avalado;;SI;NO;PAGARE;NO;NO;24Hs.;10:56:19;17:00:00;369;;;7,75;529;U$S;142.200,00;1;Desierta;;AVLR;;Aval Ar S.G.R.;;;;;;
1541299;02/09/2026;No Garantizado;SI;NO;NO;ECHEQ;NO;NO;24Hs.;10:56:22;17:00:00;41;;;37,00;486;$;30.000.000,00;1;Desierta;;;33-70775105-9;ECOCARNES S.A.;AO;;;Certificado MiPyME;;
1541300;02/09/2026;Avalado;;SI;NO;ECHEQ;NO;NO;24Hs.;10:56:28;17:00:00;103;852;28,00;28,00;852;$;50.000.000,00;1;Negociada;14:37:25;ACEN;;Avales del Centro S.G.R.;AO;;;;;
1541301;02/09/2026;Avalado;;SI;NO;ECHEQ;NO;NO;24Hs.;10:56:29;17:00:00;139;406;27,00;27,00;442;$;28.200.000,00;6;Negociada;11:00:32;ACPY;;Acindar Pymes S.G.R.;AO;;;;;
1541302;02/09/2026;Avalado;;SI;NO;ECHEQ;NO;NO;24Hs.;10:56:47;17:00:00;42;287;24,00;24,00;852;$;16.007.367,37;1;Negociada;11:09:15;ACPY;;Acindar Pymes S.G.R.;AO;;;;;
1541303;02/09/2026;Avalado;;SI;NO;ECHEQ;NO;NO;24Hs.;10:57:23;17:00:00;41;449;25,00;25,00;553;$;44.173.749,74;15;Negociada;12:54:07;BSTR;;Banco de Serv. y Trans. S.A.;AO;;;;;
1541304;02/09/2026;No Garantizado;NO;SI;NO;ECHEQ;NO;NO;C.I.;10:57:58;17:00:00;28;841;28,00;28,00;767;$;350.173,63;1;Negociada;13:19:09;;30-59177346-8;CAFE AMERICA MAYORISTA S.A.;AO;30-70925678-1;MAT SRL;;;
1541305;02/09/2026;No Garantizado;NO;SI;NO;ECHEQ;NO;NO;C.I.;10:58:09;17:00:00;28;572;35,00;35,00;572;$;93.000.712,57;1;Negociada;11:13:41;;33-71936339-9;FONTANA NICASTRO S.A. DE CONSTRUCCIONES - SACH S.A. - UNION TRANSITORIA - PASO BAJO NIVEL HORNOS;AO;;;;;
1541306;02/09/2026;No Garantizado;NO;SI;NO;ECHEQ;NO;NO;C.I.;10:58:20;17:00:00;50;572;29,00;29,00;572;$;12.500.000,00;1;Negociada;13:05:32;;30-50121458-9;BONAFIDE S.A.U.;AO;;;;;
1541307;02/09/2026;No Garantizado;NO;SI;NO;PAGARE;NO;NO;24Hs.;10:58:23;17:00:00;126;526;12,00;12,00;526;DOL;200.000,00;1;Negociada;11:03:05;;30-71847106-7;FIDEICOMISO SENDEROS;;30-71847106-7;FIDEICOMISO SENDEROS;;;
1541308;02/09/2026;No Garantizado;NO;SI;NO;ECHEQ;NO;NO;24Hs.;10:58:30;17:00:00;41;;;36,00;767;$;3.854.130,00;2;Desierta;;;30-71600911-0;MSC S.R.L.;AO;20-42163961-3;DEL BONO WISZNIOVSKI BRUNO;;;
1541309;02/09/2026;Avalado;;SI;NO;ECHEQ;NO;NO;24Hs.;10:58:36;17:00:00;62;;;0,00;832;$;7.000.000,00;1;Desierta (Baja);;INPY;;Integra Pymes S.G.R.;AO;;;;;
1541310;02/09/2026;No Garantizado;NO;NO;NO;ECHEQ;NO;NO;C.I.;10:58:52;17:00:00;29;546;25,25;25,25;795;$;625.927.168,79;1;Negociada;16:34:23;;30-50673003-8;S A IMPORTADORA Y EXPORTADORA DE LA PATAGONIA;AO;30-50577985-8;CIA INDUSTRIAL CERVECERA S A;;;
1541311;02/09/2026;Avalado;;SI;NO;ECHEQ;NO;NO;C.I.;10:58:57;17:00:00;70;;;;422;$;36.070.425,47;25;Desierta (Baja);;CMFI;;BANCO COMAFI S.A.;AO;;;;;
1541312;02/09/2026;No Garantizado;NO;SI;NO;ECHEQ;NO;NO;24Hs.;10:59:09;17:00:00;73;;;36,00;767;$;859.786,66;2;Desierta;;;30-71721643-8;SIC S.A.S.;AO;20-42163961-3;DEL BONO WISZNIOVSKI BRUNO;;;
1541313;02/09/2026;Avalado;;SI;NO;ECHEQ;NO;NO;24Hs.;10:59:16;17:00:00;82;;;0,00;897;$;199.054.340,00;8;Desierta (Baja);;MILL;;MILLS S.G.R.;AO;;;;;
1541314;02/09/2026;No Garantizado;NO;SI;NO;ECHEQ;NO;NO;C.I.;10:59:16;17:00:00;43;;;;828;$;2.500.000,00;1;Desierta;;;30-70791371-8;PAVETTI GUSTAVO ALBERTO Y GUERRERO RODOLFO GUSTAVO;AO;30-70791371-8;PAVETTI GUSTAVO ALBERTO Y GUERRERO RODOLFO GUSTAVO;;;
1541315;02/09/2026;Avalado;;SI;NO;ECHEQ;NO;NO;24Hs.;10:59:30;17:00:00;54;15;27,00;27,00;897;$;11.618.229,72;1;Negociada;15:46:02;CONV;;CONAVAL S.G.R.;AO;;;;;
1541316;02/09/2026;No Garantizado;NO;SI;NO;ECHEQ;NO;NO;C.I.;10:59:43;17:00:00;58;;;;828;$;3.725.000,00;1;Desierta;;;30-70791371-8;PAVETTI GUSTAVO ALBERTO Y GUERRERO RODOLFO GUSTAVO;AO;30-70791371-8;PAVETTI GUSTAVO ALBERTO Y GUERRERO RODOLFO GUSTAVO;;;
1541317;02/09/2026;No Garantizado;NO;NO;NO;ECHEQ;NO;NO;C.I.;10:59:46;17:00:00;57;;;25,00;795;$;47.465.943,23;1;Desierta;;;30-50673003-8;S A IMPORTADORA Y EXPORTADORA DE LA PATAGONIA;AO;30-50577985-8;CIA INDUSTRIAL CERVECERA S A;;;
1541318;02/09/2026;No Garantizado;NO;SI;NO;ECHEQ;NO;NO;C.I.;11:00:13;17:00:00;35;;;;828;$;2.500.000,00;1;Desierta;;;30-70791371-8;PAVETTI GUSTAVO ALBERTO Y GUERRERO RODOLFO GUSTAVO;AO;30-70791371-8;PAVETTI GUSTAVO ALBERTO Y GUERRERO RODOLFO GUSTAVO;;;
1541319;02/09/2026;Avalado;;SI;NO;ECHEQ;NO;NO;24Hs.;11:00:18;17:00:00;39;727;26,00;26,00;526;$;63.649.974,74;32;Negociada;13:27:04;MOVI;;MOVIL S.G.R.;AO;;;;;
1541320;02/09/2026;Avalado;;SI;NO;ECHEQ;NO;NO;24Hs.;11:00:28;17:00:00;334;;;25,00;526;$;8.549.209,91;1;Desierta;;ACPY;;Acindar Pymes S.G.R.;AO;;;;;
1541321;02/09/2026;No Garantizado;NO;SI;NO;ECHEQ;NO;NO;C.I.;11:00:31;17:00:00;29;;;50,00;828;$;2.500.000,00;1;Desierta;;;30-70791371-8;PAVETTI GUSTAVO ALBERTO Y GUERRERO RODOLFO GUSTAVO;AO;30-70791371-8;PAVETTI GUSTAVO ALBERTO Y GUERRERO RODOLFO GUSTAVO;;;
1541322;02/09/2026;No Garantizado;SI;NO;NO;ECHEQ;NO;NO;C.I.;11:00:35;17:00:00;8;;;23,00;795;$;27.707.398,07;1;Desierta;;;30-50119925-3;ACINDAR INDUSTRIA ARGENTINA DE ACEROS S A;AO;33-71584704-9;ABC SERVICES S.R.L.;Certificado MiPyME;;
1541323;02/09/2026;Avalado;;SI;NO;ECHEQ;NO;NO;24Hs.;11:00:38;17:00:00;62;287;24,00;24,00;439;$;15.122.166,27;4;Negociada;11:09:25;ACPY;;Acindar Pymes S.G.R.;AO;;;;;
1541324;02/09/2026;Avalado;;SI;NO;ECHEQ;NO;NO;24Hs.;11:00:38;17:00:00;101;15;27,00;27,00;526;$;36.200.000,00;4;Negociada;15:15:20;NOVA;;INNOVA S.G.R.;AO;;;;;
1541325;02/09/2026;No Garantizado;NO;NO;NO;PAGARE;NO;NO;C.I.;11:01:02;17:00:00;28;;;0,00;795;$;1.000.000.000,00;1;Desierta (Baja);;;30-70308853-4;MERCADOLIBRE S.R.L.;;;;;;
1541326;02/09/2026;Avalado;;SI;NO;ECHEQ;NO;NO;24Hs.;11:02:22;17:00:00;139;439;28,00;28,00;439;$;30.000.000,00;3;Negociada;11:49:41;NEUQ;;Neuquen Pymes S.G.R.;AO;;;;;
1541327;02/09/2026;Avalado;;SI;NO;ECHEQ;NO;NO;24Hs.;11:02:40;17:00:00;29;439;25,50;25,50;439;$;119.975.141,18;1;Negociada;14:55:44;NEUQ;;Neuquen Pymes S.G.R.;AO;;;;;
1541328;02/09/2026;Avalado;;SI;NO;ECHEQ;NO;NO;24Hs.;11:02:51;17:00:00;97;;;27,00;529;$;60.000.000,00;5;Desierta;;AVLR;;Aval Ar S.G.R.;AO;;;;;
1541329;02/09/2026;Avalado;;SI;NO;ECHEQ;NO;NO;24Hs.;11:03:00;17:00:00;95;832;27,00;27,00;529;$;60.000.000,00;5;Negociada;15:10:36;AVLR;;Aval Ar S.G.R.;AO;;;;;
1541330;02/09/2026;Avalado;;SI;NO;ECHEQ;NO;NO;C.I.;11:03:22;17:00:00;61;449;24,40;24,50;559;$;76.432.433,22;9;Negociada;11:35:50;ACPY;;Acindar Pymes S.G.R.;AO;;;;;
1541331;02/09/2026;Avalado;;SI;NO;ECHEQ;NO;NO;24Hs.;11:03:36;17:00:00;99;813;30,00;30,00;537;$;10.000.000,00;1;Negociada;12:02:11;INPY;;Integra Pymes S.G.R.;AO;;;;;
1541332;02/09/2026;Avalado;;SI;NO;ECHEQ;NO;NO;24Hs.;11:03:45;17:00:00;107;;;0,00;401;$;193.000.000,00;11;Desierta (Baja);;CREC;;Crecer S.G.R.;AO;;;;;
1541333;02/09/2026;No Garantizado Calificado;NO;SI;NO;ECHEQ;NO;NO;C.I.;11:03:51;17:00:00;43;554;33,00;33,00;827;$;24.000.000,00;2;Negociada;11:05:52;;30-70846648-0;LOS COIRONES S.A.;AO;30-70846648-0;LOS COIRONES S.A.;;;
1541334;02/09/2026;Avalado;;SI;NO;ECHEQ;NO;NO;24Hs.;11:04:02;17:00:00;76;567;25,00;25,00;559;$;29.820.396,50;2;Negociada;11:33:53;FINT;;Fintech S.G.R.;AO;;;;;
1541335;02/09/2026;Avalado;;SI;NO;ECHEQ;NO;NO;24Hs.;11:04:11;17:00:00;34;755;27,00;27,00;558;$;5.000.000,00;1;Negociada;11:38:10;FOGA;;Fdo. de Gtias. del Chaco;AO;;;;;
1541336;02/09/2026;Avalado;;SI;NO;ECHEQ;NO;NO;C.I.;11:04:11;17:00:00;8;406;25,00;25,00;401;$;1.823.149,86;1;Negociada;12:42:51;CREC;;Crecer S.G.R.;AO;;;;;
1541337;02/09/2026;No Garantizado;SI;SI;NO;FCE;NO;NO;24Hs.;11:04:36;17:00:00;15;;;5,00;526;U$S;20.812,00;1;Desierta;;%UAY;30-70956507-5;AGUA Y SANEAMIENTOS ARGENTINOS SOCIEDAD ANONIMA;;;;;;
1541338;02/09/2026;Avalado;;SI;NO;ECHEQ;NO;NO;C.I.;11:04:40;17:00:00;86;529;31,00;31,00;559;$;52.235.652,00;7;Negociada;14:25:50;AVAL;;Avaluar S.G.R.;AO;;;;;
1541339;02/09/2026;No Garantizado;SI;SI;NO;FCE;NO;NO;24Hs.;11:04:44;17:00:00;27;;;25,00;526;$;37.787.622,40;1;Desierta;;%AYS;30-70956507-5;AGUA Y SANEAMIENTOS ARGENTINOS SOCIEDAD ANONIMA;;;;;;
1541340;02/09/2026;No Garantizado;NO;NO;NO;ECHEQ;SI;NO;C.I.;11:04:44;17:00:00;43;;;0,00;795;$;5.897.331.244,80;1;Desierta (Baja);;;30-68537634-9;TARJETA NARANJA S.A.U.;NO;30-59036076-3;CENCOSUD S A;;;
1541341;02/09/2026;Avalado;;SI;NO;ECHEQ;NO;NO;24Hs.;11:05:02;17:00:00;114;11;28,50;28,50;558;$;2.000.000,00;2;Negociada;15:34:57;FOGA;;Fdo. de Gtias. del Chaco;AO;;;;;
1541342;02/09/2026;Avalado;;SI;NO;ECHEQ;NO;NO;C.I.;11:05:20;17:00:00;53;406;26,00;26,00;559;$;71.164.755,03;3;Negociada;14:07:27;CREC;;Crecer S.G.R.;AO;;;;;
1541343;02/09/2026;Avalado;;SI;NO;ECHEQ;NO;NO;24Hs.;11:05:20;17:00:00;99;502;27,00;27,00;502;$;15.653.144,92;14;Negociada;14:33:27;UNIO;;Union S.G.R.;AO;;;;;
1541344;02/09/2026;Avalado;;SI;NO;ECHEQ;NO;NO;24Hs.;11:05:35;17:00:00;99;754;26,00;27,00;526;$;7.000.000,00;1;Negociada;15:57:07;FIDE;;Fidem S.G.R.;AO;;;;;
1541345;02/09/2026;No Garantizado;NO;SI;NO;ECHEQ;NO;NO;24Hs.;11:05:36;17:00:00;49;;;45,00;529;$;3.000.000,00;1;Desierta;;;30-71703334-1;GRUPO PAMPEANO S.R.L.;AO;;;;;
1541346;02/09/2026;Avalado;;SI;NO;ECHEQ;NO;NO;24Hs.;11:05:44;17:00:00;126;;;27,00;526;$;8.750.000,00;7;Desierta;;FIDE;;Fidem S.G.R.;AO;;;;;
1541347;02/09/2026;No Garantizado;NO;SI;NO;ECHEQ;NO;NO;C.I.;11:05:45;17:00:00;37;;;39,00;571;$;9.680.000,00;1;Desierta;;;30-71840510-2;HERZA S. A. U.;AO;33-71250477-9;GLOBAL MEDICA S. A.;;;
1541348;02/09/2026;Garantizado;SI;SI;NO;ECHEQ;NO;NO;C.I.;11:06:03;17:00:00;33;;;24,00;767;$;378.550.730,56;70;Desierta;;;;;AO;;;Certificado MiPyME;;
1541349;02/09/2026;Avalado;;SI;NO;ECHEQ;NO;NO;24Hs.;11:06:12;17:00:00;23;449;24,00;24,00;449;$;27.264.978,48;11;Negociada;11:40:28;BIND;;Garantias Bind S.G.R.;AO;;;;;
1541350;02/09/2026;Avalado;;SI;NO;PAGARE;NO;NO;24Hs.;11:06:21;17:00:00;406;;;6,50;20;U$D;50.000,00;1;Desierta;;ACPY;;Acindar Pymes S.G.R.;;;;;;
1541351;02/09/2026;Garantizado Calificado;SI;SI;NO;ECHEQ;NO;NO;24Hs.;11:06:23;17:00:00;32;520;23,00;23,00;767;$;20.650.784,81;7;Negociada;12:24:25;;;;AO;;;Certificado MiPyME;;
1541352;02/09/2026;Avalado;;SI;NO;PAGARE;NO;NO;24Hs.;11:06:29;17:00:00;376;;;6,50;20;U$D;100.000,00;1;Desierta;;ACPY;;Acindar Pymes S.G.R.;;;;;;
1541353;02/09/2026;Avalado;;SI;NO;PAGARE;NO;NO;24Hs.;11:06:42;17:00:00;252;;;7,25;20;U$D;130.000,00;5;Desierta;;INPY;;Integra Pymes S.G.R.;;;;;;
1541354;02/09/2026;Avalado;;SI;NO;ECHEQ;NO;NO;C.I.;11:06:54;17:00:00;50;449;24,00;24,00;767;$;122.193.606,00;2;Negociada;11:36:15;ACPY;;Acindar Pymes S.G.R.;AO;;;;;
1541355;02/09/2026;No Garantizado;SI;SI;NO;FCE;NO;NO;24Hs.;11:06:54;17:00:00;18;114;26,00;26,00;11;$;62.476.757,94;2;Negociada;11:20:32;%PPB;30-56025419-5;PBBPOLISUR SOCIEDAD DE RESPONSABILIDAD LIMITADA;;;;;;
1541356;02/09/2026;Avalado;;SI;NO;ECHEQ;NO;NO;24Hs.;11:06:58;17:00:00;74;20;30,00;30,00;20;$;20.000.000,00;2;Negociada;14:48:34;INPY;;Integra Pymes S.G.R.;AO;;;;;
1541357;02/09/2026;No Garantizado;NO;NO;NO;ECHEQ;SI;NO;C.I.;11:07:08;13:40:00;43;;;25,00;795;$;1.924.638.021,93;1;Desierta;;;30-68537634-9;TARJETA NARANJA S.A.U.;NO;30-59036076-3;CENCOSUD S A;;;
1541358;02/09/2026;Avalado;;SI;NO;ECHEQ;NO;NO;24Hs.;11:07:33;17:00:00;56;716;26,00;26,00;716;$;2.600.000,00;1;Negociada;11:31:20;FOGA;;Fdo. de Gtias. del Chaco;AO;;;;;
1541359;02/09/2026;Avalado;;SI;NO;ECHEQ;NO;NO;C.I.;11:07:34;17:00:00;98;20;26,00;26,00;767;$;50.000.000,00;4;Negociada;12:44:28;ACPY;;Acindar Pymes S.G.R.;AO;;;;;
1541360;02/09/2026;No Garantizado;NO;SI;NO;ECHEQ;NO;NO;C.I.;11:07:53;17:00:00;56;764;30,00;30,00;764;$;100.000.000,00;5;Negociada;11:22:17;;30-70858741-5;HECTOR A. BERTONE S.A;AO;;;;;
1541361;02/09/2026;Avalado;;SI;NO;ECHEQ;NO;NO;C.I.;11:08:05;17:00:00;134;;;25,00;767;$;8.500.000,00;2;Desierta;;ACPY;;Acindar Pymes S.G.R.;AO;;;;;
1541362;02/09/2026;Avalado;;SI;NO;ECHEQ;NO;NO;24Hs.;11:08:13;17:00:00;92;501;25,00;25,00;716;$;32.000.000,00;1;Negociada;13:42:37;FOGA;;Fdo. de Gtias. del Chaco;AO;;;;;
1541363;02/09/2026;Avalado;;SI;NO;ECHEQ;NO;NO;24Hs.;11:08:22;17:00:00;139;;;27,00;767;$;15.000.000,00;2;Desierta;;AVAL;;Avaluar S.G.R.;AO;;;;;
1541364;02/09/2026;No Garantizado;NO;NO;NO;ECHEQ;SI;NO;C.I.;11:08:37;17:00:00;43;;;25,05;795;$;384.175.186,04;4;Desierta;;;30-68537634-9;TARJETA NARANJA S.A.U.;NO;30-59036076-3;CENCOSUD S A;;;
1541365;02/09/2026;Avalado;;SI;NO;ECHEQ;NO;NO;24Hs.;11:08:41;17:00:00;92;501;25,00;25,00;716;$;16.000.000,00;1;Negociada;13:43:15;FOGA;;Fdo. de Gtias. del Chaco;AO;;;;;
1541366;02/09/2026;No Garantizado;NO;NO;NO;ECHEQ;SI;NO;C.I.;11:08:52;17:00:00;43;546;25,00;25,00;795;$;1.924.638.021,93;1;Negociada;13:15:34;;30-68537634-9;TARJETA NARANJA S.A.U.;NO;30-59036076-3;CENCOSUD S A;;;
1541367;02/09/2026;Avalado;;SI;NO;PAGARE;NO;NO;24Hs.;11:08:55;17:00:00;105;767;7,00;7,00;702;U$S;7.000,00;1;Negociada;15:20:17;AVLR;;Aval Ar S.G.R.;;;;;;
1541368;02/09/2026;Avalado;;SI;NO;ECHEQ;NO;NO;24Hs.;11:08:57;17:00:00;75;287;27,00;27,00;767;$;188.000.000,00;1;Negociada;13:08:44;FEDE;;Aval Federal S.G.R.;AO;;;;;
1541369;02/09/2026;Avalado;;SI;NO;PAGARE;NO;NO;24Hs.;11:09:07;17:00:00;160;528;8,00;8,00;702;U$S;64.790,00;1;Negociada;12:11:18;AVLR;;Aval Ar S.G.R.;;;;;;
1541370;02/09/2026;No Garantizado;NO;NO;NO;ECHEQ;SI;NO;C.I.;11:09:09;17:00:00;43;;;25,05;795;$;335.778.558,08;1;Desierta;;;30-68537634-9;TARJETA NARANJA S.A.U.;NO;30-59036076-3;CENCOSUD S A;;;
1541371;02/09/2026;No Garantizado;NO;NO;NO;ECHEQ;SI;NO;C.I.;11:09:25;17:00:00;43;;;25,05;795;$;237.465.893,42;2;Desierta;;;30-68537634-9;TARJETA NARANJA S.A.U.;NO;30-59036076-3;CENCOSUD S A;;;
1541372;02/09/2026;Avalado;;SI;NO;PAGARE;NO;NO;C.I.;11:09:26;17:00:00;344;;;0,00;702;U$S;125.000,00;3;Desierta (Baja);;AVLR;;Aval Ar S.G.R.;;;;;;
1541373;02/09/2026;No Garantizado;NO;SI;NO;ECHEQ;NO;NO;24Hs.;11:09:33;17:00:00;32;;;45,00;20;$;10.000.000,00;2;Desierta;;;30-71548397-8;FORESTAL SAN MIGUEL S.R.L.;AO;30-71502181-8;COMPAÑIA LAS ISLAS S.A.;;;
1541374;02/09/2026;Avalado;;SI;NO;ECHEQ;SI;NO;24Hs.;11:09:34;17:00:00;40;;;;567;$;333.901.124,30;1;Desierta (Baja);;PROM;;Promover S.G.R.;NO;;;;;
1541375;02/09/2026;No Garantizado;NO;NO;NO;ECHEQ;SI;NO;C.I.;11:09:37;17:00:00;43;;;0,00;795;$;1.319.779.862,82;1;Desierta (Baja);;;30-68537634-9;TARJETA NARANJA S.A.U.;NO;30-59036076-3;CENCOSUD S A;;;
1541376;02/09/2026;Avalado;;SI;NO;ECHEQ;NO;NO;24Hs.;11:09:50;17:00:00;25;502;24,00;24,00;20;$;267.421.692,21;3;Negociada;12:05:39;BIND;;Garantias Bind S.G.R.;AO;;;;;
1541377;02/09/2026;No Garantizado;NO;NO;NO;ECHEQ;SI;NO;C.I.;11:09:50;17:00:00;43;;;0,00;795;$;5.897.331.244,80;1;Desierta (Baja);;;30-68537634-9;TARJETA NARANJA S.A.U.;NO;30-59036076-3;CENCOSUD S A;;;
1541378;02/09/2026;Avalado;;SI;NO;ECHEQ;SI;NO;24Hs.;11:09:50;17:00:00;40;773;28,00;28,00;567;$;333.901.124,30;1;Negociada;11:11:52;PROM;;Promover S.G.R.;NO;;;;;
1541379;02/09/2026;Avalado;;SI;NO;ECHEQ;NO;NO;24Hs.;11:10:06;17:00:00;16;439;25,00;25,00;20;$;13.076.892,49;3;Negociada;11:27:20;ACPY;;Acindar Pymes S.G.R.;AO;;;;;
1541380;02/09/2026;No Garantizado Calificado;NO;NO;NO;ECHEQ;SI;NO;C.I.;11:10:08;17:00:00;53;;;25,00;795;$;8.197.015,21;3;Desierta;;;30-68731043-4;INC S. A.;NO;30-71605346-2;PIRAMIDE FOOD COMPANY S. A. S.;;;
1541381;02/09/2026;Avalado;;SI;NO;ECHEQ;NO;NO;24Hs.;11:10:12;17:00:00;134;439;27,50;27,50;767;$;50.000.000,00;1;Negociada;11:38:18;NEUQ;;Neuquen Pymes S.G.R.;AO;;;;;
1541382;02/09/2026;Garantizado Calificado;SI;SI;NO;ECHEQ;NO;NO;24Hs.;11:10:14;17:00:00;33;520;20,00;20,00;754;$;15.234.060,94;1;Negociada;12:25:34;;;;AO;;;Certificado MiPyME;;
1541383;02/09/2026;Avalado;;SI;NO;ECHEQ;NO;NO;C.I.;11:10:24;17:00:00;233;569;30,00;30,00;716;$;23.500.000,00;10;Negociada;15:01:59;ACPY;;Acindar Pymes S.G.R.;AO;;;;;
1541384;02/09/2026;No Garantizado;NO;NO;NO;ECHEQ;SI;NO;C.I.;11:10:26;17:00:00;75;;;26,00;795;$;311.718.998,70;6;Desierta;;;30-68537634-9;TARJETA NARANJA S.A.U.;NO;30-59036076-3;CENCOSUD S A;;;
1541385;02/09/2026;Avalado;;SI;NO;ECHEQ;NO;NO;24Hs.;11:10:30;17:00:00;139;501;27,00;27,00;439;$;24.000.000,00;3;Negociada;11:58:29;FGLR;;Fdo.de Gtia.Pub. La Rioja;AO;;;;;
1541386;02/09/2026;No Garantizado;NO;NO;NO;ECHEQ;NO;NO;24Hs.;11:10:37;17:00:00;41;;;26,50;506;$;2.000.000.000,00;1;Desierta;;;30-65511651-2;EDESUR S A;AO;30-65537309-4;COMPA#IA ADMINIST DEL MERCADO MAYORISTA ELECTRICO SOC ANONIMA;;;
1541387;02/09/2026;No Garantizado;NO;NO;NO;ECHEQ;SI;NO;C.I.;11:10:42;17:00:00;75;;;26,00;795;$;1.913.085.657,25;1;Desierta;;;30-68537634-9;TARJETA NARANJA S.A.U.;NO;30-59036076-3;CENCOSUD S A;;;
1541388;02/09/2026;Avalado;;SI;NO;ECHEQ;NO;NO;24Hs.;11:10:43;17:00:00;164;;;30,00;754;$;18.000.000,00;3;Desierta;;ACEN;;Avales del Centro S.G.R.;AO;;;;;
1541389;02/09/2026;Avalado;;SI;NO;PAGARE;NO;NO;24Hs.;11:10:43;17:00:00;350;;;7,00;543;U$D;35.000,00;3;Desierta;;RIGA;;RIG Avales S.G.R.;;;;;;
1541390;02/09/2026;Avalado;;SI;NO;ECHEQ;NO;NO;24Hs.;11:10:50;17:00:00;138;439;27,50;27,50;767;$;50.000.000,00;1;Negociada;11:38:38;NEUQ;;Neuquen Pymes S.G.R.;AO;;;;;
1541391;02/09/2026;Avalado;;SI;NO;ECHEQ;NO;NO;24Hs.;11:10:54;17:00:00;35;804;25,00;25,00;543;$;4.500.000,00;1;Negociada;16:38:00;RIGA;;RIG Avales S.G.R.;AO;;;;;
1541392;02/09/2026;Avalado;;SI;NO;ECHEQ;NO;NO;24Hs.;11:11:24;17:00:00;175;;;30,00;754;$;12.000.000,00;2;Desierta;;ACEN;;Avales del Centro S.G.R.;AO;;;;;
1541393;02/09/2026;No Garantizado;SI;SI;NO;ECHEQ;NO;NO;C.I.;11:12:21;17:00:00;21;569;26,90;27,00;767;$;28.212.525,87;2;Negociada;11:16:12;;30-69554247-6;PAN AMERICAN ENERGY, S.L., SUCURSAL ARGENTINA;AO;30-71556412-9;GONZALO HOURCADE COMUNICACIONES SRL;Certificado MiPyME;;
1541394;02/09/2026;Avalado;;SI;NO;ECHEQ;NO;NO;24Hs.;11:12:45;17:00:00;33;442;25,00;25,00;754;$;10.000.000,00;1;Negociada;12:09:27;CREC;;Crecer S.G.R.;AO;;;;;
1541395;02/09/2026;Garantizado Calificado;NO;SI;NO;ECHEQ;NO;NO;24Hs.;11:12:58;17:00:00;93;;;26,00;34;$;5.248.346,00;2;Desierta;;;;;AO;;;;;
1541396;02/09/2026;Garantizado;NO;SI;NO;ECHEQ;NO;NO;24Hs.;11:13:02;17:00:00;141;;;28,00;34;$;33.351.499,95;22;Desierta;;;;;AO;;;;;
1541397;02/09/2026;No Garantizado Calificado;NO;SI;NO;ECHEQ;NO;NO;C.I.;11:13:08;17:00:00;37;20;36,00;36,00;20;$;1.750.000,00;5;Negociada;11:38:54;;20-94029672-3;WANG GUANGYUAN;AO;30-62387327-3;ASOCIACION MUTUAL GUSTAVO COCHET;;;
1541398;02/09/2026;Avalado;;SI;NO;PAGARE;NO;NO;24Hs.;11:13:18;17:00:00;383;;;6,50;754;U$D;15.000,00;3;Desierta;;INPY;;Integra Pymes S.G.R.;;;;;;
1541399;02/09/2026;No Garantizado;NO;SI;NO;ECHEQ;NO;NO;C.I.;11:13:26;17:00:00;58;20;36,00;36,00;20;$;100.000.000,00;4;Negociada;11:39:08;;30-70873689-5;TRADICION GANADERA S. A.;AO;30-62387327-3;ASOCIACION MUTUAL GUSTAVO COCHET;;;
1541400;02/09/2026;Garantizado;NO;SI;NO;ECHEQ;NO;NO;24Hs.;11:13:30;17:00:00;121;;;27,50;34;$;69.809.090,25;5;Desierta;;;;;AO;;;;;
1541401;02/09/2026;Avalado;;SI;NO;PAGARE;NO;NO;24Hs.;11:13:38;17:00:00;369;;;6,50;754;U$D;5.000,00;1;Desierta;;AFBG;;AFB AVALES S.G.R;;;;;;
1541402;02/09/2026;Garantizado Calificado;NO;SI;NO;ECHEQ;NO;NO;24Hs.;11:13:39;17:00:00;89;;;26,00;34;$;20.012.941,35;3;Desierta;;;;;AO;;;;;
1541403;02/09/2026;No Garantizado Calificado;NO;SI;NO;ECHEQ;NO;NO;C.I.;11:13:43;17:00:00;36;20;36,00;36,00;20;$;4.213.000,00;2;Negociada;11:39:20;;23-38408584-9;SANCHEZ RUSSO ALVARO;AO;30-62387327-3;ASOCIACION MUTUAL GUSTAVO COCHET;;;
1541404;02/09/2026;No Garantizado;NO;SI;NO;PAGARE;NO;NO;C.I.;11:13:56;17:00:00;28;512;32,00;32,00;512;$;2.195.157.469,00;1;Negociada;11:15:58;;30-71753557-6;HIDROCARBUROS DEL NORTE S.A.;;30-71753557-6;HIDROCARBUROS DEL NORTE S.A.;;;
1541405;02/09/2026;No Garantizado;NO;SI;NO;ECHEQ;NO;NO;C.I.;11:14:25;17:00:00;29;512;32,00;32,00;512;$;3.538.035.177,00;3;Negociada;11:16:26;;30-50054484-4;COMPAÑIA MINERA AGUILAR S.A.;AO;30-50054484-4;COMPAÑIA MINERA AGUILAR S.A.;;;
1541406;02/09/2026;Avalado;;SI;NO;ECHEQ;NO;NO;24Hs.;11:14:33;17:00:00;95;;;0,00;567;$;212.000.000,00;5;Desierta (Baja);;PROM;;Promover S.G.R.;AO;;;;;
1541407;02/09/2026;Avalado;;SI;NO;ECHEQ;NO;NO;24Hs.;11:14:44;17:00:00;65;;;;567;$;212.000.000,00;5;Desierta (Baja);;PROM;;Promover S.G.R.;AO;;;;;
1541408;02/09/2026;No Garantizado Calificado;NO;SI;NO;ECHEQ;NO;NO;C.I.;11:14:53;17:00:00;23;406;25,00;25,00;767;$;45.000.000,00;9;Negociada;11:56:18;;30-68731043-4;INC S. A.;AO;20-36380225-8;EBERLE ALEJANDRO EZEQUIEL;;;
1541409;02/09/2026;Avalado;;SI;NO;ECHEQ;NO;NO;24Hs.;11:14:55;17:00:00;78;523;25,00;25,00;770;$;22.781.105,08;10;Negociada;12:25:30;POTE;;Potenciar S.G.R.;AO;;;;;
1541410;02/09/2026;No Garantizado;NO;NO;NO;PAGARE;NO;NO;C.I.;11:15:03;17:00:00;26;512;30,00;30,00;512;$;1.381.586.986,00;1;Negociada;11:17:05;;30-71675213-1;INTEROIL ARGENTINA S A;;;;;;
1541411;02/09/2026;No Garantizado;NO;SI;NO;ECHEQ;NO;NO;C.I.;11:15:24;17:00:00;23;20;36,00;36,00;20;$;5.108.854,10;2;Negociada;11:39:36;;30-70700989-2;PROSEIND S A;AO;30-62387327-3;ASOCIACION MUTUAL GUSTAVO COCHET;;;
1541412;02/09/2026;Avalado;;SI;NO;ECHEQ;NO;NO;24Hs.;11:15:26;17:00:00;141;;;;754;$;5.000.000,00;1;Desierta;;TRND;;Trend S.G.R.;AO;;;;;
1541413;02/09/2026;No Garantizado;NO;SI;NO;ECHEQ;NO;NO;C.I.;11:15:29;17:00:00;35;572;29,50;29,50;526;$;19.000.000,00;1;Negociada;11:38:08;;30-66495349-4;NUEVAS MUEBLERIAS AVENIDA S A;AO;;;;;
1541414;02/09/2026;Avalado;;SI;NO;ECHEQ;NO;NO;24Hs.;11:16:58;17:00:00;29;;;25,00;754;$;3.000.000,00;1;Desierta;;MOVI;;MOVIL S.G.R.;AO;;;;;
1541415;02/09/2026;Avalado;;SI;NO;ECHEQ;NO;NO;24Hs.;11:17:11;17:00:00;128;501;27,00;27,00;525;$;1.200.000,00;2;Negociada;11:19:12;FGLR;;Fdo.de Gtia.Pub. La Rioja;AO;;;;;
1541416;02/09/2026;Avalado;;SI;NO;ECHEQ;NO;NO;C.I.;11:17:59;17:00:00;50;406;25,00;25,00;754;$;8.190.000,00;3;Negociada;13:34:36;ACPY;;Acindar Pymes S.G.R.;AO;;;;;
1541417;02/09/2026;Avalado;;SI;NO;ECHEQ;NO;NO;24Hs.;11:18:12;17:00:00;68;502;25,00;25,00;527;$;170.000.000,00;3;Negociada;11:47:42;AVRU;;Aval Rural S.G.R.;AO;;;;;
1541418;02/09/2026;Avalado;;SI;NO;ECHEQ;NO;NO;C.I.;11:18:23;17:00:00;106;406;27,00;27,00;754;$;21.930.000,00;13;Negociada;14:50:07;ACPY;;Acindar Pymes S.G.R.;AO;;;;;
1541419;02/09/2026;No Garantizado;NO;SI;NO;ECHEQ;NO;NO;C.I.;11:18:34;17:00:00;76;20;36,00;36,00;20;$;4.751.285,00;1;Negociada;11:39:59;;30-71767167-4;GROSSO ADRIAN Y GERMAN S.R.L.;AO;30-62387327-3;ASOCIACION MUTUAL GUSTAVO COCHET;;;
1541420;02/09/2026;Avalado;;SI;NO;PAGARE;NO;NO;24Hs.;11:18:56;17:00:00;244;20;29,00;29,00;832;$;50.000.000,00;1;Negociada;12:24:09;POTE;;Potenciar S.G.R.;;;;;;
1541421;02/09/2026;No Garantizado;NO;SI;NO;ECHEQ;NO;NO;C.I.;11:19:03;17:00:00;49;20;36,00;36,00;20;$;2.341.722,20;1;Negociada;11:40:15;;30-65995505-5;EMSA SA;AO;30-62387327-3;ASOCIACION MUTUAL GUSTAVO COCHET;;;
1541422;02/09/2026;Avalado;;SI;NO;PAGARE;NO;NO;24Hs.;11:19:06;17:00:00;231;764;7,50;7,50;832;U$D;80.000,00;1;Negociada;16:14:45;POTE;;Potenciar S.G.R.;;;;;;
1541423;02/09/2026;Avalado;;SI;NO;PAGARE;NO;NO;24Hs.;11:19:13;17:00:00;355;764;7,50;7,50;832;U$D;120.000,00;1;Negociada;15:38:18;POTE;;Potenciar S.G.R.;;;;;;
1541424;02/09/2026;Avalado;;SI;NO;ECHEQ;NO;NO;24Hs.;11:19:38;17:00:00;258;832;28,00;28,00;832;$;20.000.000,00;2;Negociada;13:51:50;POTE;;Potenciar S.G.R.;AO;;;;;
1541425;02/09/2026;No Garantizado Calificado;NO;NO;NO;ECHEQ;SI;NO;C.I.;11:21:05;17:00:00;30;;;24,50;795;$;11.867.949,57;2;Desierta;;;30-68731043-4;INC S. A.;NO;30-71719150-8;PRICEMET SRL;;;
1541426;02/09/2026;Avalado;;SI;NO;ECHEQ;NO;NO;24Hs.;11:21:31;17:00:00;84;755;28,00;28,00;513;$;5.000.000,00;2;Negociada;16:40:24;ACEN;;Avales del Centro S.G.R.;AO;;;;;
1541427;02/09/2026;No Garantizado;NO;NO;NO;ECHEQ;SI;NO;C.I.;11:21:39;17:00:00;75;;;26,00;795;$;491.808.500,84;1;Desierta;;;30-68537634-9;TARJETA NARANJA S.A.U.;NO;30-59036076-3;CENCOSUD S A;;;
1541428;02/09/2026;No Garantizado;NO;SI;NO;ECHEQ;NO;NO;C.I.;11:21:55;17:00:00;19;20;36,00;36,00;20;$;189.600.474,05;13;Negociada;11:42:30;;33-50052990-9;RAFAELA ALIMENTOS  S. A.;AO;30-62387327-3;ASOCIACION MUTUAL GUSTAVO COCHET;;;
1541429;02/09/2026;No Garantizado;NO;SI;NO;ECHEQ;NO;NO;C.I.;11:22:04;17:00:00;20;20;36,00;36,00;20;$;11.904.331,22;1;Negociada;11:43:46;;20-25173024-6;PATT MARCELO ALBERTO;AO;30-62387327-3;ASOCIACION MUTUAL GUSTAVO COCHET;;;
1541430;02/09/2026;No Garantizado Calificado;NO;SI;NO;ECHEQ;SI;NO;C.I.;11:22:14;17:00:00;30;20;36,00;36,00;20;$;3.079.913,58;1;Negociada;11:43:58;;30-68731043-4;INC S. A.;NO;30-62387327-3;ASOCIACION MUTUAL GUSTAVO COCHET;;;
1541431;02/09/2026;No Garantizado;NO;SI;NO;ECHEQ;NO;NO;C.I.;11:22:24;17:00:00;22;20;36,00;36,00;20;$;1.082.286,76;1;Negociada;11:44:10;;30-57670311-9;SAENZ VALIENTE BULLRICH Y CIA SA;AO;30-62387327-3;ASOCIACION MUTUAL GUSTAVO COCHET;;;
1541432;02/09/2026;Avalado;;SI;NO;ECHEQ;NO;NO;24Hs.;11:22:26;17:00:00;103;523;25,00;25,00;513;$;2.500.000,00;1;Negociada;15:10:12;FINT;;Fintech S.G.R.;AO;;;;;
1541433;02/09/2026;Avalado;;SI;NO;ECHEQ;NO;NO;24Hs.;11:22:57;17:00:00;98;501;25,00;25,00;716;$;10.000.000,00;2;Negociada;13:43:49;FOGA;;Fdo. de Gtias. del Chaco;AO;;;;;
1541434;02/09/2026;Avalado;;SI;NO;ECHEQ;NO;NO;24Hs.;11:23:06;17:00:00;50;287;24,00;24,00;537;$;50.000.000,00;10;Negociada;11:25:07;ACPY;;Acindar Pymes S.G.R.;AO;;;;;
1541435;02/09/2026;No Garantizado;NO;NO;NO;ECHEQ;NO;NO;C.I.;11:23:35;17:00:00;36;;;0,00;15;$;500.000.000,00;1;Desierta (Baja);;;30-61398599-5;LARTIRIGOYEN Y CIA S A;AO;30-61398599-5;LARTIRIGOYEN Y CIA S A;;;
1541436;02/09/2026;No Garantizado;SI;SI;NO;ECHEQ;NO;NO;C.I.;11:24:11;17:00:00;29;423;39,00;39,00;423;$;6.072.921,10;1;Negociada;11:26:12;;30-54567614-8;SANATORIO GARAY SA;AO;30-71494675-3;ORTOPEDIA PIERO S.R.L.;Certificado MiPyME;;
1541437;02/09/2026;Avalado;;SI;NO;ECHEQ;NO;NO;24Hs.;11:24:40;17:00:00;54;501;24,00;24,00;716;$;15.000.000,00;1;Negociada;13:40:42;FOGA;;Fdo. de Gtias. del Chaco;AO;;;;;
1541438;02/09/2026;Avalado;;SI;NO;ECHEQ;NO;NO;24Hs.;11:25:35;17:00:00;54;501;24,00;24,00;716;$;11.000.000,00;2;Negociada;13:41:12;FOGA;;Fdo. de Gtias. del Chaco;AO;;;;;
1541439;02/09/2026;Avalado;;SI;NO;ECHEQ;NO;NO;24Hs.;11:25:42;17:00:00;107;406;27,00;27,00;401;$;193.000.000,00;11;Negociada;11:27:44;CREC;;Crecer S.G.R.;AO;;;;;
1541440;02/09/2026;No Garantizado Calificado;NO;SI;NO;PAGARE;NO;NO;C.I.;11:25:43;17:00:00;133;591;9,00;9,00;591;DOL;54.500,00;1;Negociada;11:27:44;;30-71736777-0;DIARADO S. A. S.;;30-71736777-0;DIARADO S. A. S.;;;
1541441;02/09/2026;No Garantizado;NO;SI;NO;ECHEQ;NO;NO;C.I.;11:25:52;17:00:00;77;;;67,00;767;$;2.285.493,33;1;Desierta;;;30-71564998-1;ACCESORIOS TOP AUTO S.A.;AO;20-33964111-1;GUTIERREZ MARTIN OSVALDO;;;
1541442;02/09/2026;No Garantizado;SI;SI;NO;ECHEQ;NO;NO;C.I.;11:26:13;17:00:00;21;423;39,00;39,00;423;$;2.929.714,16;1;Negociada;11:28:15;;30-54610660-4;SANATORIO PRIVADO SAN ROQUE S R L;AO;30-71494675-3;ORTOPEDIA PIERO S.R.L.;Certificado MiPyME;;
1541443;02/09/2026;Garantizado Calificado;NO;SI;NO;ECHEQ;NO;NO;24Hs.;11:26:43;17:00:00;19;449;27,00;27,00;754;$;337.034,81;1;Negociada;13:18:51;;;;AO;;;;;
1541444;02/09/2026;Avalado;;SI;NO;ECHEQ;NO;NO;24Hs.;11:27:04;17:00:00;99;15;28,00;28,00;754;$;50.000.000,00;2;Negociada;14:53:30;AFBG;;AFB AVALES S.G.R;AO;;;;;
1541445;02/09/2026;Avalado;;SI;NO;PAGARE;NO;NO;24Hs.;11:27:09;17:00:00;364;;;7,00;543;U$D;9.000,00;1;Desierta;;RIGA;;RIG Avales S.G.R.;;;;;;
1541446;02/09/2026;Avalado;;SI;NO;ECHEQ;NO;NO;C.I.;11:27:10;17:00:00;35;839;24,00;24,00;839;$;6.734.901,65;1;Negociada;11:29:11;MOVI;;MOVIL S.G.R.;AO;;;;;
1541447;02/09/2026;Avalado;;SI;NO;ECHEQ;NO;NO;C.I.;11:28:25;17:00:00;91;501;25,00;25,00;839;$;18.000.000,00;1;Negociada;11:46:03;FGCT;;Fondo de Garantia Catamarca SAPEM;AO;;;;;
1541448;02/09/2026;No Garantizado;SI;SI;NO;ECHEQ;NO;NO;C.I.;11:28:31;17:00:00;30;718;29,00;29,00;718;$;10.327.029,86;5;Negociada;11:36:33;;30-71063766-7;DON VICENTE S.R.L.;AO;;;Certificado MiPyME;;
1541449;02/09/2026;No Garantizado Calificado;SI;SI;NO;ECHEQ;NO;NO;C.I.;11:28:44;17:00:00;41;718;29,00;29,00;718;$;3.500.000,00;1;Negociada;11:36:45;;30-52543681-7;JOSE MINETTI Y CIA LTDA SACI;AO;;;Certificado MiPyME;;
1541450;02/09/2026;No Garantizado;SI;SI;NO;ECHEQ;NO;NO;C.I.;11:28:53;17:00:00;28;718;30,00;30,00;718;$;6.175.000,00;1;Negociada;11:37:37;;30-66806754-5;MAFAP SOCIEDAD ANONIMA;AO;;;Certificado MiPyME;;
1541451;02/09/2026;No Garantizado;SI;SI;NO;ECHEQ;NO;NO;C.I.;11:29:04;17:00:00;16;718;30,00;30,00;718;$;5.000.000,00;1;Negociada;11:37:56;;30-71405671-5;BABASAL S.R.L.;AO;;;Certificado MiPyME;;
1541452;02/09/2026;No Garantizado Calificado;NO;SI;NO;ECHEQ;SI;NO;C.I.;11:30:00;17:00:00;84;767;27,00;27,00;767;$;904.534,51;1;Negociada;11:46:21;;30-68731043-4;INC S. A.;NO;;;;;
1541453;02/09/2026;No Garantizado;NO;SI;NO;ECHEQ;SI;NO;C.I.;11:30:43;17:00:00;21;767;24,00;24,00;767;$;21.257.201,95;1;Negociada;11:32:45;;30-50415535-4;FRATELLI BRANCA DESTILERIAS SOCIEDAD ANONIMA;NO;;;;;
1541454;02/09/2026;No Garantizado;NO;SI;NO;ECHEQ;NO;NO;C.I.;11:31:17;17:00:00;13;767;24,00;24,00;767;$;7.254.292,50;1;Negociada;11:33:19;;30-50228166-2;RAYEN CURA SOCIEDAD ANONIMA, INDUSTRIAL Y COMERCIAL S. A.;AO;;;;;
1541455;02/09/2026;No Garantizado;NO;SI;NO;PAGARE;NO;NO;C.I.;11:31:19;17:00:00;365;507;9,00;9,00;507;DOL;101.000,00;1;Negociada;11:33:21;;20-31895088-2;GOMEZ BARANOFF MAXIMILIANO ALBERTO;;20-31895088-2;GOMEZ BARANOFF MAXIMILIANO ALBERTO;;;
1541456;02/09/2026;Avalado;;SI;NO;ECHEQ;SI;NO;24Hs.;11:35:07;17:00:00;20;442;24,00;24,00;483;$;100.273.749,83;1;Negociada;12:53:11;BIND;;Garantias Bind S.G.R.;NO;;;;;
1541457;02/09/2026;Garantizado;SI;SI;NO;ECHEQ;NO;NO;24Hs.;11:37:00;17:00:00;76;526;23,00;23,00;526;$;150.000.000,00;5;Negociada;12:02:15;;;;AO;;;Certificado MiPyME;;
1541458;02/09/2026;Avalado;;SI;NO;ECHEQ;NO;NO;24Hs.;11:37:39;17:00:00;26;804;26,00;26,00;897;$;12.945.259,68;1;Negociada;14:16:14;MOVI;;MOVIL S.G.R.;AO;;;;;
1541459;02/09/2026;Avalado;;SI;NO;ECHEQ;NO;NO;24Hs.;11:38:13;17:00:00;74;406;27,00;27,00;34;$;1.000.000,00;1;Negociada;11:46:29;ACPY;;Acindar Pymes S.G.R.;AO;;;;;
1541460;02/09/2026;Avalado;;SI;NO;ECHEQ;NO;NO;24Hs.;11:38:48;17:00:00;116;;;26,50;34;$;6.720.000,00;1;Desierta;;SOLI;;Solidum S.G.R.;AO;;;;;
1541461;02/09/2026;Avalado;;SI;NO;ECHEQ;NO;NO;24Hs.;11:39:01;17:00:00;125;;;26,50;34;$;7.000.000,00;1;Desierta;;SOLI;;Solidum S.G.R.;AO;;;;;
1541462;02/09/2026;Garantizado;SI;SI;NO;ECHEQ;NO;NO;24Hs.;11:40:00;17:00:00;72;523;24,00;24,00;449;$;300.000.000,00;20;Negociada;11:42:01;;;;AO;;;Certificado MiPyME;;
1541463;02/09/2026;Avalado;;SI;NO;ECHEQ;NO;NO;24Hs.;11:40:07;17:00:00;164;;;25,00;11;$;60.000.000,00;6;Desierta;;INPY;;Integra Pymes S.G.R.;AO;;;;;
1541464;02/09/2026;Avalado;;SI;NO;ECHEQ;NO;NO;24Hs.;11:40:55;17:00:00;68;;;23,00;11;$;5.000.000,00;1;Desierta;;INPY;;Integra Pymes S.G.R.;AO;;;;;
1541465;02/09/2026;No Garantizado;NO;SI;NO;ECHEQ;NO;NO;C.I.;11:41:00;17:00:00;64;;;0,00;591;$;2.152.000,00;1;Desierta (Baja);;;30-65713200-0;TOMKINSON Y ASOCIADOS S R L;AO;30-63300877-5;DONN S. A.;;;
1541466;02/09/2026;Avalado;;SI;NO;CPD;NO;NO;24Hs.;11:41:02;17:00:00;57;287;23,00;23,00;809;$;155.000.000,00;1;Negociada;12:14:46;BMAR;;BANCO MARIVA S.A.;;;;;;
1541467;02/09/2026;No Garantizado;NO;SI;NO;ECHEQ;NO;NO;C.I.;11:41:09;17:00:00;77;;;0,00;591;$;1.500.000,00;1;Desierta (Baja);;;30-71532144-7;MAJASS S.R.L.;AO;30-63300877-5;DONN S. A.;;;
1541468;02/09/2026;No Garantizado;NO;SI;NO;ECHEQ;NO;NO;C.I.;11:41:18;17:00:00;78;;;0,00;591;$;1.000.000,00;1;Desierta (Baja);;;30-71831916-8;LIBRERIAS IMPULSO S. A. S.;AO;30-63300877-5;DONN S. A.;;;
1541469;02/09/2026;No Garantizado;NO;SI;NO;ECHEQ;NO;NO;24Hs.;11:41:24;17:00:00;69;;;40,00;767;$;2.753.578,94;2;Desierta;;;30-67323898-6;HG PERFORACIONES S.R.L.;AO;30-71781546-3;SUPPLY SOLUTIONS ARGENTINA  S. R. L.;;;
1541470;02/09/2026;No Garantizado;NO;SI;NO;ECHEQ;NO;NO;C.I.;11:41:27;17:00:00;75;;;0,00;591;$;8.704.944,00;4;Desierta (Baja);;;33-70816221-9;EDITORIAL GUADAL SA;AO;30-63300877-5;DONN S. A.;;;
1541471;02/09/2026;No Garantizado;NO;SI;NO;ECHEQ;NO;NO;C.I.;11:41:36;17:00:00;66;;;0,00;591;$;55.715.326,93;11;Desierta (Baja);;;30-70817145-6;LIER S A;AO;30-63300877-5;DONN S. A.;;;
1541472;02/09/2026;Avalado;;SI;NO;ECHEQ;NO;NO;24Hs.;11:41:47;17:00:00;118;;;23,00;11;$;45.000.000,00;7;Desierta;;UNIO;;Union S.G.R.;AO;;;;;
1541473;02/09/2026;No Garantizado;SI;SI;NO;ECHEQ;NO;NO;24Hs.;11:41:52;17:00:00;27;;;20,00;32;$;50.000.000,00;1;Desierta;;;30-66192578-3;HIDROCARBUROS ARGENTINOS S A;AO;30-71489988-7;DEVELOPMENT CORP S.A.;MiPyME FCE - Art. 7 Ley 27.440, Res. SEPYME 340/17, Art. 2 RG 4367/18 y RG 1019/24;;
1541474;02/09/2026;Avalado;;SI;NO;ECHEQ;NO;NO;24Hs.;11:42:42;17:00:00;106;11;27,00;27,00;11;$;60.000.000,00;5;Negociada;11:44:43;FEDE;;Aval Federal S.G.R.;AO;;;;;
1541475;02/09/2026;No Garantizado;NO;SI;NO;ECHEQ;NO;NO;C.I.;11:42:50;17:00:00;52;559;35,00;35,00;559;$;200.000.000,00;10;Negociada;12:52:48;;30-71022068-5;JOSE MORETTA S.A.;AO;30-71022068-5;JOSE MORETTA S.A.;;;
1541476;02/09/2026;Avalado;;SI;NO;ECHEQ;NO;NO;C.I.;11:43:16;17:00:00;24;433;27,00;27,00;433;$;32.611.689,18;3;Negociada;13:14:34;FEDE;;Aval Federal S.G.R.;AO;;;;;
1541477;02/09/2026;Avalado;;SI;NO;ECHEQ;NO;NO;24Hs.;11:43:22;17:00:00;122;11;27,00;27,00;11;$;25.000.000,00;2;Negociada;11:45:23;FEDE;;Aval Federal S.G.R.;AO;;;;;
1541478;02/09/2026;Avalado;;SI;NO;ECHEQ;NO;NO;24Hs.;11:43:42;17:00:00;55;567;24,90;24,90;559;$;10.000.000,00;1;Negociada;12:06:40;FINT;;Fintech S.G.R.;AO;;;;;
1541479;02/09/2026;Avalado;;SI;NO;ECHEQ;NO;NO;24Hs.;11:43:53;17:00:00;134;11;27,00;27,00;11;$;30.000.000,00;4;Negociada;11:45:55;FEDE;;Aval Federal S.G.R.;AO;;;;;
1541480;02/09/2026;Avalado;;SI;NO;ECHEQ;NO;NO;24Hs.;11:43:56;17:00:00;146;523;27,00;27,00;523;$;7.500.000,00;3;Negociada;14:05:46;FIDU;;Fid Aval S.G.R.;AO;;;;;
1541481;02/09/2026;No Garantizado;SI;SI;NO;FCE;NO;NO;24Hs.;11:44:19;17:00:00;44;;;45,00;433;$;53.801.652,90;3;Desierta;;%FEI;30-71357520-4;FIDEICOMISO DE ADMINISTRACION E INMOBILIARIO EL SALVAJE;;;;;;
1541482;02/09/2026;Garantizado;NO;SI;NO;ECHEQ;NO;NO;C.I.;11:44:19;17:00:00;96;;;28,00;559;$;16.000.000,00;2;Desierta;;;;;AO;;;;;
1541483;02/09/2026;Avalado;;SI;NO;ECHEQ;NO;NO;24Hs.;11:44:47;17:00:00;161;11;26,00;26,00;11;$;20.000.000,00;2;Negociada;11:48:08;ARPY;;Argenpymes S.G.R.;AO;;;;;
1541484;02/09/2026;No Garantizado;NO;SI;NO;ECHEQ;NO;NO;24Hs.;11:45:08;17:00:00;38;;;40,00;559;$;20.000.000,00;4;Desierta;;;30-71536419-7;NAUTILUS COM SRL;AO;30-71536419-7;NAUTILUS COM SRL;;;
1541485;02/09/2026;Avalado;;SI;NO;ECHEQ;NO;NO;24Hs.;11:45:17;17:00:00;143;11;26,00;26,00;11;$;30.000.000,00;5;Negociada;11:48:24;ARPY;;Argenpymes S.G.R.;AO;;;;;
1541486;02/09/2026;No Garantizado;SI;SI;NO;FCE;NO;NO;C.I.;11:45:28;17:00:00;61;598;23,90;24,00;791;$;166.963.457,94;2;Negociada;11:49:11;%VII;33-51595089-9;VISTA ENERGY ARGENTINA S.A.U;;;;;;
1541487;02/09/2026;Avalado;;SI;NO;ECHEQ;NO;NO;24Hs.;11:45:48;17:00:00;64;;;0,00;567;$;162.000.000,00;4;Desierta (Baja);;PROM;;Promover S.G.R.;AO;;;;;
1541488;02/09/2026;Avalado;;SI;NO;ECHEQ;NO;NO;24Hs.;11:46:00;17:00:00;68;567;27,00;27,00;567;$;50.000.000,00;1;Negociada;11:48:02;PROM;;Promover S.G.R.;AO;;;;;
1541489;02/09/2026;Avalado;;SI;NO;ECHEQ;NO;NO;24Hs.;11:46:00;17:00:00;83;439;27,50;27,50;767;$;10.000.000,00;1;Negociada;11:48:02;NEUQ;;Neuquen Pymes S.G.R.;AO;;;;;
1541490;02/09/2026;No Garantizado;NO;NO;NO;PAGARE;NO;NO;C.I.;11:46:03;17:00:00;8;724;26,00;26,00;724;$;429.000.000,00;1;Negociada;11:48:04;;30-50054484-4;COMPAÑIA MINERA AGUILAR S.A.;;;;;;
1541491;02/09/2026;No Garantizado;NO;NO;NO;PAGARE;NO;NO;C.I.;11:46:16;17:00:00;72;704;3,75;3,75;704;U$D;1.000.000,00;1;Negociada;11:48:18;;30-50617627-8;VILUCO SOCIEDAD ANONIMA;;;;;;
1541492;02/09/2026;Avalado;;NO;NO;ECHEQ;NO;NO;24Hs.;11:46:38;17:00:00;97;;;25,00;813;$;20.000.000,00;1;Desierta;;INPY;;Integra Pymes S.G.R.;AO;;;;;
1541493;02/09/2026;No Garantizado;NO;NO;NO;PAGARE;NO;NO;C.I.;11:46:50;17:00:00;9;724;8,00;8,00;724;DOL;208.000,00;1;Negociada;11:48:51;;33-71601839-9;INTEGRA RECURSOS NATURALES S.A.;;;;;;
1541494;02/09/2026;No Garantizado;SI;SI;NO;FCE;NO;NO;C.I.;11:47:23;17:00:00;20;791;23,40;23,40;791;$;111.985.070,01;8;Negociada;13:59:14;%BAG;30-70889578-0;BAGLEY ARGENTINA S. A.;;;;;;
1541495;02/09/2026;No Garantizado;NO;NO;NO;PAGARE;NO;NO;C.I.;11:47:47;17:00:00;8;724;26,00;26,00;724;$;684.000.000,00;1;Negociada;11:49:49;;33-71601839-9;INTEGRA RECURSOS NATURALES S.A.;;;;;;
1541496;02/09/2026;No Garantizado;NO;SI;NO;ECHEQ;NO;NO;C.I.;11:47:53;17:00:00;43;545;41,00;41,00;545;$;6.461.400,00;1;Negociada;11:51:30;;30-71841253-2;PETROL MILLER S. A. S.;AO;;;;;
1541497;02/09/2026;No Garantizado;SI;SI;NO;ECHEQ;NO;NO;C.I.;11:47:55;17:00:00;43;727;25,00;25,25;770;$;46.488.158,02;1;Negociada;12:11:55;;30-68537634-9;TARJETA NARANJA S.A.U.;AO;30-70862989-4;BARRILETE S.A.;Certificado MiPyME;;
1541498;02/09/2026;No Garantizado Calificado;NO;SI;NO;ECHEQ;NO;NO;24Hs.;11:48:14;17:00:00;49;546;35,00;35,00;546;$;45.267.588,05;1;Negociada;12:06:50;;30-50157947-1;JOSE CARTELLONE CONSTRUCCIONES CIVILES S. A.;AO;30-62669582-1;PROBIAR PRODUCTOS BITUMINOSOS DE ARGENTINA SOCIEDAD ANONIMA;;;
1541499;02/09/2026;No Garantizado;NO;SI;NO;ECHEQ;NO;NO;C.I.;11:49:08;17:00:00;47;571;38,00;38,00;571;$;44.638.867,71;1;Negociada;11:51:10;;30-61445509-4;OSPECON OBRA SOCIAL DEL PERSONAL DE LA CONSTRUCCION;AO;30-70702142-6;COMERCIAL DE TURISMO S.A;;;
1541500;02/09/2026;No Garantizado;SI;SI;NO;ECHEQ;NO;NO;C.I.;11:49:30;17:00:00;13;41;38,00;38,00;41;$;4.525.553,76;1;Negociada;11:51:32;;30-61608546-4;GALILEO TECHNOLOGIES S. A.;AO;;;MiPyME FCE - Art. 7 Ley 27.440, Res. SEPYME 340/17, Art. 2 RG 4367/18 y RG 1019/24;;
1541501;02/09/2026;No Garantizado;SI;SI;NO;ECHEQ;NO;NO;24Hs.;11:49:38;17:00:00;33;526;35,00;35,00;526;$;26.666.666,64;8;Negociada;11:53:01;;30-71871999-9;SOMOS PUEBLO S.A.;AO;;;Certificado MiPyME;;
1541502;02/09/2026;No Garantizado;NO;SI;NO;ECHEQ;SI;NO;24Hs.;11:49:49;17:00:00;57;841;26,00;26,00;841;$;1.238.298.918,98;1;Negociada;11:52:32;;30-68537634-9;TARJETA NARANJA S.A.U.;NO;;;;;
1541503;02/09/2026;Avalado;;SI;NO;ECHEQ;NO;NO;C.I.;11:49:57;17:00:00;63;501;25,00;25,00;716;$;2.400.000,00;1;Negociada;11:51:58;FGCT;;Fondo de Garantia Catamarca SAPEM;AO;;;;;
1541504;02/09/2026;No Garantizado;NO;SI;NO;ECHEQ;NO;NO;24Hs.;11:50:41;17:00:00;89;572;30,00;30,00;47;$;2.425.054,24;1;Negociada;15:25:04;;33-67813397-9;BENITO ROGGIO E HIJOS SA -TECSAN INGENIERIA AMBIENTAL S.A. U.T.E.;AO;30-71561189-5;METAL MECANIZADOS S.R.L.;;;
1541505;02/09/2026;No Garantizado;SI;SI;NO;ECHEQ;NO;NO;24Hs.;11:51:41;17:00:00;29;526;35,00;35,00;526;$;15.000.000,00;2;Negociada;11:53:43;;30-71691698-3;CARNES SELECCIONADAS LA MARY S.R.L.;AO;;;Certificado MiPyME;;
1541506;02/09/2026;No Garantizado;NO;SI;NO;ECHEQ;NO;NO;C.I.;11:51:57;17:00:00;100;433;36,00;36,00;433;$;20.750.000,00;5;Negociada;11:53:59;;30-71812787-0;SECUAZ S.R.L;AO;30-71543690-2;HARJUICE S.R.L.;;;
1541507;02/09/2026;No Garantizado;SI;SI;NO;ECHEQ;NO;NO;24Hs.;11:52:13;17:00:00;41;526;35,00;35,00;526;$;15.000.000,00;1;Negociada;11:54:15;;30-71189374-8;GEDEON  S. R. L.;AO;;;Certificado MiPyME;;
1541508;02/09/2026;No Garantizado;NO;SI;NO;ECHEQ;NO;NO;C.I.;11:52:19;17:00:00;102;433;36,00;36,00;433;$;10.636.587,56;3;Negociada;11:54:21;;30-71572000-7;PAMPA VIDA S.R.L.;AO;30-71543690-2;HARJUICE S.R.L.;;;
1541509;02/09/2026;Avalado;;SI;NO;ECHEQ;SI;NO;24Hs.;11:52:41;17:00:00;138;501;27,00;27,00;525;$;10.000.000,00;1;Negociada;11:54:43;FGLR;;Fdo.de Gtia.Pub. La Rioja;NO;;;;;
1541510;02/09/2026;Avalado;;SI;NO;ECHEQ;SI;NO;C.I.;11:53:39;17:00:00;33;449;22,00;22,00;559;$;698.087.149,00;20;Negociada;12:53:39;GARA;;Garantizar S.G.R.;NO;;;;;
1541511;02/09/2026;No Garantizado;NO;SI;NO;ECHEQ;NO;NO;C.I.;11:54:45;17:00:00;73;406;35,00;35,00;406;$;49.750.386,87;3;Negociada;11:57:09;;33-71583133-9;KEULIAN S.R.L.;AO;;;;;
1541512;02/09/2026;No Garantizado Calificado;NO;SI;NO;ECHEQ;NO;NO;C.I.;11:54:50;17:00:00;54;825;49,50;49,50;825;$;26.000.000,00;2;Negociada;11:56:52;;30-71545177-4;FIDEICOMISO INMOBILIARIO POLO 52;AO;30-71545177-4;FIDEICOMISO INMOBILIARIO POLO 52;;;
1541513;02/09/2026;No Garantizado;NO;NO;NO;ECHEQ;NO;NO;24Hs.;11:55:56;17:00:00;35;15;26,50;26,50;15;$;500.000.000,00;1;Negociada;12:10:22;;30-61398599-5;LARTIRIGOYEN Y CIA S A;AO;30-61398599-5;LARTIRIGOYEN Y CIA S A;;;
1541514;02/09/2026;Avalado;;SI;NO;ECHEQ;NO;NO;C.I.;11:56:26;17:00:00;123;;;25,00;767;$;20.000.000,00;2;Desierta;;CREC;;Crecer S.G.R.;AO;;;;;
1541515;02/09/2026;No Garantizado;SI;SI;NO;ECHEQ;NO;NO;C.I.;11:57:40;17:00:00;107;433;33,00;33,00;433;$;50.000.000,00;1;Negociada;11:59:42;;30-69007604-3;SION S. A.;AO;30-69007604-3;SION S. A.;Certificado MiPyME;;
1541516;02/09/2026;No Garantizado;NO;SI;NO;ECHEQ;NO;NO;C.I.;11:57:42;17:00:00;30;545;50,00;50,00;545;$;5.000.000,00;1;Negociada;12:07:16;;30-71407977-4;EURO PHARMA S.A.;AO;;;;;
1541517;02/09/2026;Avalado;;SI;NO;ECHEQ;NO;NO;C.I.;11:58:05;17:00:00;63;433;29,00;29,00;832;$;7.000.000,00;1;Negociada;12:00:06;INPY;;Integra Pymes S.G.R.;AO;;;;;
1541518;02/09/2026;Garantizado Calificado;SI;SI;NO;ECHEQ;NO;NO;24Hs.;11:58:09;17:00:00;27;;;25,00;754;$;7.729.727,15;3;Desierta;;;;;AO;;;Certificado MiPyME;;
1541519;02/09/2026;No Garantizado;SI;SI;NO;FCE;NO;NO;C.I.;11:58:11;17:00:00;16;449;25,40;26,00;791;$;268.217.080,32;2;Negociada;12:09:17;%PLT;30-71515437-0;PLUSPETROL S.A.YSUR ENERGIA ARGENTINA S.R.L.- AREA CNQ-26 LA CALERA- UNION TRANSITORIA DE EMPRESAS;;;;;;
1541520;02/09/2026;No Garantizado;NO;SI;NO;ECHEQ;NO;NO;C.I.;11:58:15;17:00:00;48;545;65,00;65,00;545;$;18.000.000,00;1;Negociada;12:07:08;;30-71422026-4;RACING EXPERIENCE S. A.;AO;;;;;
1541521;02/09/2026;No Garantizado;NO;SI;NO;ECHEQ;NO;NO;C.I.;11:58:43;17:00:00;43;545;65,00;65,00;545;$;18.000.000,00;1;Negociada;12:06:21;;30-71603945-1;DIGIPAGOS SRL;AO;30-71603945-1;DIGIPAGOS SRL;;;
1541522;02/09/2026;No Garantizado;NO;SI;NO;ECHEQ;NO;NO;C.I.;11:58:56;17:00:00;13;767;40,00;40,00;767;$;659.736,00;1;Negociada;12:00:57;;30-71648947-3;POLDITOS SAS;AO;;;;;
1541523;02/09/2026;No Garantizado;NO;SI;NO;ECHEQ;NO;NO;C.I.;11:59:46;17:00:00;8;767;38,00;38,00;767;$;24.282.776,83;1;Negociada;12:01:47;;30-71052805-1;F4 CONSTRUCCIONES SRL;AO;;;;;
1541524;02/09/2026;No Garantizado;NO;SI;NO;ECHEQ;NO;NO;C.I.;12:00:17;17:00:00;27;;;40,00;525;$;4.196.230,43;2;Desierta;;;30-70811758-3;WORLD SECURITY S. A.;AO;30-71428320-7;TRANSPORTE LAPIRU S.R.L.;;;
1541525;02/09/2026;Garantizado Calificado;NO;SI;NO;ECHEQ;NO;NO;24Hs.;12:00:38;17:00:00;13;449;26,00;26,00;754;$;56.008.769,12;10;Negociada;13:19:03;;;;AO;;;;;
1541526;02/09/2026;Garantizado;NO;SI;NO;ECHEQ;NO;NO;C.I.;12:00:57;17:00:00;33;523;26,00;26,00;767;$;2.977.142,00;1;Negociada;12:02:58;;;;AO;;;;;
1541527;02/09/2026;No Garantizado;SI;SI;NO;ECHEQ;NO;NO;24Hs.;12:02:40;17:00:00;19;754;35,00;35,00;754;$;20.600.000,00;1;Negociada;12:04:42;;30-71481196-3;ENJOY NIGHT PRODUCCION S.A.;AO;30-71481196-3;ENJOY NIGHT PRODUCCION S.A.;Certificado MiPyME;;
1541528;02/09/2026;Avalado;;SI;NO;PAGARE;NO;NO;24Hs.;12:03:02;17:00:00;91;42;28,00;28,00;42;$;700.000,00;1;Negociada;12:39:03;CONV;;CONAVAL S.G.R.;;;;;;
1541529;02/09/2026;No Garantizado Calificado;SI;SI;NO;ECHEQ;SI;NO;C.I.;12:03:04;17:00:00;90;572;29,00;29,00;427;$;2.235.730,62;1;Negociada;13:35:34;;30-68731043-4;INC S. A.;NO;30-50557655-8;ANCERS S A;Certificado MiPyME;;
1541530;02/09/2026;No Garantizado;NO;SI;NO;ECHEQ;NO;NO;C.I.;12:03:10;17:00:00;35;754;34,00;34,00;754;$;1.450.000,00;2;Negociada;12:05:11;;20-18465063-1;STEVENS JORGE GERMAN;AO;30-71409422-6;ASOCIACION MUTUAL 23 DE SETIEMBRE;;;
1541531;02/09/2026;No Garantizado;NO;SI;NO;ECHEQ;NO;NO;C.I.;12:03:26;17:00:00;20;754;34,00;34,00;754;$;9.394.802,86;1;Negociada;12:05:27;;30-50159813-1;INDUSTRIAS JUAN F SECCO S A;AO;30-71409422-6;ASOCIACION MUTUAL 23 DE SETIEMBRE;;;
1541532;02/09/2026;No Garantizado;NO;SI;NO;PAGARE;NO;NO;C.I.;12:03:32;17:00:00;125;;;9,00;591;DOL;64.000,00;1;Desierta;;;30-68417444-0;LA MARCHI S.R.L.;;30-68417444-0;LA MARCHI S.R.L.;;;
1541533;02/09/2026;No Garantizado;NO;SI;NO;ECHEQ;NO;NO;C.I.;12:03:40;17:00:00;28;572;36,00;36,00;572;$;15.000.000,00;1;Negociada;12:15:03;;30-50351035-5;HECTOR CODINI S.A.;AO;30-50351035-5;HECTOR CODINI S.A.;;;
1541534;02/09/2026;No Garantizado;NO;SI;NO;ECHEQ;NO;NO;C.I.;12:03:42;17:00:00;56;537;33,99;34,00;754;$;1.383.153,70;1;Negociada;12:06:05;;30-70896924-5;CACHAY S.A.;AO;30-71409422-6;ASOCIACION MUTUAL 23 DE SETIEMBRE;;;
1541535;02/09/2026;No Garantizado;NO;SI;NO;ECHEQ;NO;NO;C.I.;12:03:49;17:00:00;47;572;41,00;41,00;572;$;77.000.000,00;5;Negociada;12:15:13;;30-50351035-5;HECTOR CODINI S.A.;AO;30-50351035-5;HECTOR CODINI S.A.;;;
1541536;02/09/2026;No Garantizado Calificado;NO;SI;NO;ECHEQ;NO;NO;C.I.;12:03:57;17:00:00;35;754;34,00;34,00;754;$;9.923.302,67;1;Negociada;12:05:59;;30-71503453-7;BIO-LIMP SOLUCIONES DE CALIDAD S.A;AO;30-71409422-6;ASOCIACION MUTUAL 23 DE SETIEMBRE;;;
1541537;02/09/2026;No Garantizado Calificado;SI;SI;NO;FCE;NO;NO;C.I.;12:04:21;17:00:00;48;754;26,50;26,50;754;$;19.563.918,60;2;Negociada;12:09:55;%INC;30-68731043-4;INC S. A.;;;;;;
1541538;02/09/2026;No Garantizado;NO;SI;NO;ECHEQ;NO;NO;C.I.;12:04:44;17:00:00;12;754;35,00;35,00;754;$;2.238.500,00;1;Negociada;12:06:46;;30-71664364-2;ISECO S.A.S.;AO;;;;;
1541539;02/09/2026;No Garantizado;NO;SI;NO;ECHEQ;NO;NO;C.I.;12:05:02;17:00:00;47;566;40,00;40,00;566;$;15.000.000,00;1;Negociada;13:01:32;;30-71678776-8;FIDEICOMISO COWFUNDING;AO;30-71020570-8;PKS INVESTMENTS S.A.;;;
1541540;02/09/2026;No Garantizado;NO;SI;NO;ECHEQ;NO;NO;C.I.;12:05:09;17:00:00;27;754;30,00;30,00;754;$;10.772.314,00;1;Negociada;12:07:10;;30-71120954-5;MUNDO HELADO S.A.;AO;;;;;
1541541;02/09/2026;No Garantizado;SI;SI;NO;ECHEQ;NO;NO;24Hs.;12:05:20;17:00:00;81;11;25,00;25,00;11;$;33.335.888,74;3;Negociada;12:07:40;;30-68537634-9;TARJETA NARANJA S.A.U.;AO;;;Certificado MiPyME;;
1541542;02/09/2026;No Garantizado;NO;SI;NO;ECHEQ;NO;NO;C.I.;12:05:55;17:00:00;34;526;28,00;28,00;767;$;118.800.000,00;1;Negociada;12:11:36;;30-71537734-5;FARMACIA ALVEAR SRL;AO;30-71537734-5;FARMACIA ALVEAR SRL;;;
1541543;02/09/2026;No Garantizado;NO;SI;NO;ECHEQ;NO;NO;C.I.;12:06:36;17:00:00;61;406;40,00;40,00;785;$;201.104.250,00;12;Negociada;12:08:37;;30-70729176-8;BROADBANDTECH S.A.;AO;;;;;
1541544;02/09/2026;No Garantizado;NO;SI;NO;ECHEQ;NO;NO;C.I.;12:06:46;17:00:00;34;526;28,00;28,00;767;$;118.800.000,00;1;Negociada;12:11:51;;30-71139040-1;FARMACIA ALVEAR SA;AO;30-71139040-1;FARMACIA ALVEAR SA;;;
1541545;02/09/2026;No Garantizado;SI;SI;NO;ECHEQ;NO;NO;24Hs.;12:07:18;17:00:00;34;569;27,00;27,00;43;$;117.408.534,72;1;Negociada;12:15:31;;30-50119925-3;ACINDAR INDUSTRIA ARGENTINA DE ACEROS S A;AO;30-70801561-6;MEDICINA PARA EMPRESAS S.A.;Certificado MiPyME;;
1541546;02/09/2026;No Garantizado Calificado;NO;SI;NO;ECHEQ;NO;NO;C.I.;12:07:46;17:00:00;70;433;36,00;36,00;433;$;21.983.923,15;7;Negociada;12:09:47;;30-71198769-6;DROG SRL;AO;;;;;
1541547;02/09/2026;No Garantizado Calificado;NO;SI;NO;PAGARE;NO;NO;C.I.;12:07:46;17:00:00;62;526;9,00;9,00;767;DOL;113.000,00;3;Negociada;12:12:17;;30-63408380-0;DYCSA DISEÑO Y CONSTRUCCION S A;;30-63408380-0;DYCSA DISEÑO Y CONSTRUCCION S A;;;
1541548;02/09/2026;Garantizado Calificado;NO;SI;NO;ECHEQ;NO;NO;24Hs.;12:07:47;17:00:00;62;;;26,00;559;$;9.000.000,00;4;Desierta;;;;;AO;;;;;
1541549;02/09/2026;No Garantizado;NO;SI;NO;ECHEQ;NO;NO;C.I.;12:08:11;17:00:00;71;433;36,00;36,00;433;$;9.316.920,84;3;Negociada;12:10:12;;30-71572000-7;PAMPA VIDA S.R.L.;AO;;;;;
1541550;02/09/2026;No Garantizado;NO;SI;NO;ECHEQ;NO;NO;C.I.;12:08:21;17:00:00;103;785;33,00;33,00;785;$;45.000.000,00;3;Negociada;12:10:22;;30-71705591-4;CIA GANADERA MEDITERRANEA S.A.;AO;30-71705591-4;CIA GANADERA MEDITERRANEA S.A.;;;
1541551;02/09/2026;No Garantizado Calificado;NO;SI;NO;ECHEQ;NO;NO;C.I.;12:08:46;17:00:00;81;433;33,00;33,00;433;$;250.000.000,00;10;Negociada;12:10:48;;30-71418752-6;TEXTUM S.A.;AO;30-71418752-6;TEXTUM S.A.;;;
1541552;02/09/2026;No Garantizado;SI;SI;NO;ECHEQ;NO;NO;C.I.;12:09:10;17:00:00;25;41;28,00;28,00;41;$;53.245.489,04;2;Negociada;12:12:07;;30-62215921-6;CLEAR PETROLEUM S.A.;AO;;;Certificado MiPyME;;
1541553;02/09/2026;Avalado;;SI;NO;ECHEQ;NO;NO;24Hs.;12:09:15;17:00:00;132;406;25,00;26,00;11;$;104.740.000,00;4;Negociada;12:19:47;ARPY;;Argenpymes S.G.R.;AO;;;;;
1541554;02/09/2026;No Garantizado;NO;SI;NO;ECHEQ;NO;NO;C.I.;12:09:26;17:00:00;74;785;33,00;33,00;785;$;48.000.000,00;3;Negociada;12:11:28;;30-71004488-7;SOCIEDAD INVERSORA FIDUCIARIA SA;AO;30-71004488-7;SOCIEDAD INVERSORA FIDUCIARIA SA;;;
1541555;02/09/2026;Avalado;;SI;NO;PAGARE;NO;NO;24Hs.;12:09:57;17:00:00;348;;;7,00;767;U$S;99.831,57;12;Desierta;;DOMA;;Don Mario S.G.R.;;;;;;
1541556;02/09/2026;Avalado;;SI;NO;ECHEQ;NO;NO;24Hs.;12:10:46;17:00:00;41;449;24,00;24,00;767;$;10.000.000,00;1;Negociada;13:48:04;CUAV;;Cuyo Aval S.G.R.;AO;;;;;
1541557;02/09/2026;No Garantizado;NO;SI;NO;ECHEQ;NO;NO;C.I.;12:11:25;17:00:00;21;764;29,00;29,00;764;$;2.745.344,38;1;Negociada;12:22:38;;30-71425258-1;MOSAICOS MC S.R.L.;AO;;;;;
1541558;02/09/2026;No Garantizado Calificado;NO;SI;NO;ECHEQ;SI;NO;C.I.;12:12:59;17:00:00;41;802;27,00;27,00;802;$;61.480.108,51;2;Negociada;12:41:38;;30-68731043-4;INC S. A.;NO;;;;;
1541559;02/09/2026;Avalado;;SI;NO;ECHEQ;NO;NO;24Hs.;12:13:16;17:00:00;166;449;27,00;27,00;502;$;40.000.000,00;2;Negociada;13:41:08;AFFI;;Affidavit S.G.R.;AO;;;;;
1541560;02/09/2026;Avalado;;SI;NO;ECHEQ;NO;NO;24Hs.;12:13:26;17:00:00;90;15;25,90;25,90;502;$;10.000.000,00;1;Negociada;13:53:29;CAMP;;Campo Aval S.G.R.;AO;;;;;
1541561;02/09/2026;No Garantizado;SI;SI;NO;ECHEQ;NO;NO;C.I.;12:13:32;17:00:00;28;718;35,00;35,00;718;$;871.483,00;1;Negociada;13:06:12;;20-34051945-1;VALLOZZI MARCELO ALEJANDRO;AO;;;Certificado MiPyME;;
1541562;02/09/2026;Avalado;;SI;NO;ECHEQ;SI;NO;24Hs.;12:13:55;17:00:00;132;754;31,00;31,00;754;$;6.000.000,00;1;Negociada;16:46:06;ACEN;;Avales del Centro S.G.R.;NO;;;;;
1541563;02/09/2026;Avalado;;SI;NO;ECHEQ;NO;NO;24Hs.;12:13:59;17:00:00;104;406;27,00;27,00;401;$;21.000.000,00;1;Negociada;12:35:13;CREC;;Crecer S.G.R.;AO;;;;;
1541564;02/09/2026;No Garantizado;NO;SI;NO;ECHEQ;NO;NO;C.I.;12:14:31;17:00:00;14;449;26,25;26,50;767;$;176.185.967,94;12;Negociada;12:17:56;;30-68537634-9;TARJETA NARANJA S.A.U.;AO;30-64969536-5;ROSSO HNOS.   S.A.;;;
1541565;02/09/2026;Avalado;;SI;NO;ECHEQ;NO;NO;24Hs.;12:15:22;17:00:00;41;287;24,00;24,00;287;$;57.894.477,89;13;Negociada;12:19:37;POTE;;Potenciar S.G.R.;AO;;;;;
1541566;02/09/2026;Avalado;;SI;NO;ECHEQ;SI;NO;24Hs.;12:15:38;17:00:00;48;287;24,00;24,00;287;$;8.206.564,22;2;Negociada;12:19:47;POTE;;Potenciar S.G.R.;NO;;;;;
1541567;02/09/2026;Avalado;;NO;NO;ECHEQ;NO;NO;24Hs.;12:16:16;17:00:00;21;;;24,00;813;$;174.111.532,48;3;Desierta;;AFBG;;AFB AVALES S.G.R;AO;;;;;
1541568;02/09/2026;No Garantizado;NO;SI;NO;PAGARE;NO;NO;C.I.;12:17:05;17:00:00;125;42;30,00;30,00;42;$;4.000.000,00;1;Negociada;12:39:15;;20-18193612-7;MILITO JORGE RAUL;;20-18193612-7;MILITO JORGE RAUL;;;
1541569;02/09/2026;Avalado;;SI;NO;ECHEQ;NO;NO;24Hs.;12:17:44;17:00:00;90;442;26,00;26,00;545;$;50.000.000,00;1;Negociada;13:28:15;CREC;;Crecer S.G.R.;AO;;;;;
1541570;02/09/2026;Avalado;;SI;NO;ECHEQ;NO;NO;24Hs.;12:18:50;17:00:00;69;442;25,50;25,50;449;$;35.000.000,00;1;Negociada;12:27:54;CREC;;Crecer S.G.R.;AO;;;;;
1541571;02/09/2026;Avalado;;SI;NO;ECHEQ;NO;NO;24Hs.;12:18:59;17:00:00;168;406;28,50;28,50;406;$;5.000.000,00;1;Negociada;13:52:20;CREC;;Crecer S.G.R.;AO;;;;;
1541572;02/09/2026;Avalado;;SI;NO;ECHEQ;NO;NO;24Hs.;12:19:05;17:00:00;28;567;25,00;25,00;553;$;13.455.911,61;9;Negociada;14:58:13;FIDU;;Fid Aval S.G.R.;AO;;;;;
1541573;02/09/2026;Avalado;;SI;NO;ECHEQ;NO;NO;24Hs.;12:19:30;17:00:00;155;;;30,00;864;$;4.000.000,00;4;Desierta;;MILL;;MILLS S.G.R.;AO;;;;;
1541574;02/09/2026;No Garantizado;SI;SI;NO;ECHEQ;SI;NO;C.I.;12:19:30;17:00:00;70;767;28,00;28,00;15;$;71.999.970,58;1;Negociada;12:22:25;;30-54676404-0;NESTLE ARGENTINA S A;NO;;;Certificado MiPyME;;
1541575;02/09/2026;Avalado;;SI;NO;ECHEQ;NO;NO;24Hs.;12:20:02;17:00:00;111;;;27,00;864;$;10.000.000,00;1;Desierta;;MILL;;MILLS S.G.R.;AO;;;;;
1541576;02/09/2026;Avalado;;SI;NO;ECHEQ;NO;NO;24Hs.;12:20:12;17:00:00;111;;;27,00;864;$;36.000.000,00;4;Desierta;;MILL;;MILLS S.G.R.;AO;;;;;
1541577;02/09/2026;Avalado;;SI;NO;ECHEQ;NO;NO;24Hs.;12:20:21;17:00:00;105;;;27,00;864;$;15.500.000,00;5;Desierta;;MILL;;MILLS S.G.R.;AO;;;;;
1541578;02/09/2026;Avalado;;SI;NO;ECHEQ;NO;NO;24Hs.;12:20:30;17:00:00;108;;;27,00;864;$;55.000.000,00;10;Desierta;;MILL;;MILLS S.G.R.;AO;;;;;
1541579;02/09/2026;Avalado;;SI;NO;ECHEQ;NO;NO;24Hs.;12:20:40;17:00:00;105;;;27,00;864;$;15.000.000,00;1;Desierta;;MILL;;MILLS S.G.R.;AO;;;;;
1541580;02/09/2026;Avalado;;SI;NO;ECHEQ;NO;NO;24Hs.;12:20:49;17:00:00;113;;;27,00;864;$;20.000.000,00;4;Desierta;;MILL;;MILLS S.G.R.;AO;;;;;
1541581;02/09/2026;Avalado;;SI;NO;ECHEQ;NO;NO;24Hs.;12:21:01;17:00:00;103;;;27,00;864;$;30.000.000,00;3;Desierta;;MILL;;MILLS S.G.R.;AO;;;;;
1541582;02/09/2026;Avalado;;SI;NO;ECHEQ;NO;NO;24Hs.;12:21:10;17:00:00;118;;;27,00;864;$;85.000.000,00;7;Desierta;;MILL;;MILLS S.G.R.;AO;;;;;
1541583;02/09/2026;Avalado;;SI;NO;ECHEQ;NO;NO;24Hs.;12:21:18;17:00:00;77;;;25,00;864;$;12.000.000,00;2;Desierta;;MILL;;MILLS S.G.R.;AO;;;;;
1541584;02/09/2026;Avalado;;SI;NO;ECHEQ;NO;NO;24Hs.;12:21:27;17:00:00;70;;;25,00;864;$;9.000.000,00;1;Desierta;;MILL;;MILLS S.G.R.;AO;;;;;
1541585;02/09/2026;Avalado;;SI;NO;ECHEQ;NO;NO;24Hs.;12:21:36;17:00:00;50;;;24,00;864;$;18.400.000,00;1;Desierta;;MILL;;MILLS S.G.R.;AO;;;;;
1541586;02/09/2026;Avalado;;SI;NO;ECHEQ;NO;NO;24Hs.;12:21:45;17:00:00;71;;;25,00;864;$;9.000.000,00;1;Desierta;;MILL;;MILLS S.G.R.;AO;;;;;
1541587;02/09/2026;Avalado;;SI;NO;ECHEQ;SI;NO;24Hs.;12:21:54;17:00:00;42;;;24,00;864;$;6.000.000,00;1;Desierta;;MILL;;MILLS S.G.R.;NO;;;;;
1541588;02/09/2026;Avalado;;SI;NO;PAGARE;NO;NO;24Hs.;12:24:24;17:00:00;361;567;6,99;6,99;559;U$D;30.000,00;1;Negociada;15:35:57;ARPY;;Argenpymes S.G.R.;;;;;;
1541589;02/09/2026;Avalado;;SI;NO;ECHEQ;NO;NO;24Hs.;12:25:20;17:00:00;61;793;24,00;24,00;793;$;16.052.177,86;1;Negociada;12:27:21;GARA;;Garantizar S.G.R.;AO;;;;;
1541590;02/09/2026;Avalado;;SI;NO;ECHEQ;SI;NO;24Hs.;12:25:36;17:00:00;75;793;24,00;24,00;793;$;9.841.913,19;1;Negociada;12:27:37;GARA;;Garantizar S.G.R.;NO;;;;;
1541591;02/09/2026;Avalado;;SI;NO;ECHEQ;NO;NO;24Hs.;12:25:42;17:00:00;196;;;30,00;876;$;292.582.391,23;25;Desierta;;MOVI;;MOVIL S.G.R.;AO;;;;;
1541592;02/09/2026;Avalado;;SI;NO;ECHEQ;NO;NO;24Hs.;12:25:57;17:00:00;202;20;31,00;31,00;876;$;50.000.000,00;3;Negociada;13:12:20;MOVI;;MOVIL S.G.R.;AO;;;;;
1541593;02/09/2026;Garantizado;SI;SI;NO;ECHEQ;NO;NO;24Hs.;12:26:22;17:00:00;39;406;26,00;26,00;754;$;20.000.000,00;2;Negociada;16:04:06;;;;AO;;;Certificado MiPyME;;
1541594;02/09/2026;Avalado;;SI;NO;ECHEQ;NO;NO;24Hs.;12:26:35;17:00:00;68;501;25,00;25,00;558;$;8.000.000,00;1;Negociada;13:42:06;FOGA;;Fdo. de Gtias. del Chaco;AO;;;;;
1541595;02/09/2026;Avalado;;SI;NO;ECHEQ;NO;NO;24Hs.;12:26:53;17:00:00;235;523;27,50;27,50;720;$;150.000.000,00;6;Negociada;12:28:55;BAIN;;BANCO INDUSTRIAL SA;AO;;;;;
1541596;02/09/2026;Avalado;;SI;NO;ECHEQ;NO;NO;24Hs.;12:27:23;17:00:00;67;502;25,00;25,00;539;$;34.800.000,00;1;Negociada;12:49:24;TRND;;Trend S.G.R.;AO;;;;;
1541597;02/09/2026;No Garantizado;SI;SI;NO;PAGARE;NO;NO;C.I.;12:28:19;17:00:00;63;449;7,00;7,00;449;DOL;300.000,00;1;Negociada;12:35:25;;30-70721194-2;ROLCAR S.A.;;30-70721194-2;ROLCAR S.A.;Certificado MiPyME;;
1541598;02/09/2026;No Garantizado;SI;SI;NO;PAGARE;NO;NO;C.I.;12:28:38;17:00:00;63;449;7,00;7,00;449;DOL;200.000,00;1;Negociada;12:35:29;;30-70721194-2;ROLCAR S.A.;;30-70721194-2;ROLCAR S.A.;Certificado MiPyME;;
1541599;02/09/2026;Avalado;;NO;NO;ECHEQ;NO;NO;24Hs.;12:28:59;17:00:00;161;287;26,00;26,00;813;$;14.280.000,00;1;Negociada;12:31:01;ACPY;;Acindar Pymes S.G.R.;AO;;;;;
1541600;02/09/2026;No Garantizado;NO;SI;NO;ECHEQ;NO;NO;C.I.;12:30:37;17:00:00;60;545;65,00;65,00;545;$;45.000.000,00;2;Negociada;12:52:28;;30-71422026-4;RACING EXPERIENCE S. A.;AO;30-71422026-4;RACING EXPERIENCE S. A.;;;
1541601;02/09/2026;No Garantizado;SI;SI;NO;ECHEQ;NO;NO;C.I.;12:30:40;17:00:00;9;41;25,82;26,99;41;$;48.354.099,99;1;Negociada;12:47:54;;30-63945373-8;TELECOM ARGENTINA SOCIEDAD ANONIMA;AO;;;Certificado MiPyME;;
1541602;02/09/2026;No Garantizado Calificado;SI;SI;NO;FCE;NO;NO;C.I.;12:31:52;17:00:00;76;;;0,00;754;$;49.305.620,94;1;Desierta (Baja);;%INC;30-68731043-4;INC S. A.;;;;;;
1541603;02/09/2026;Avalado;;SI;NO;ECHEQ;NO;NO;24Hs.;12:32:19;17:00:00;90;;;27,00;559;$;20.000.000,00;1;Desierta;;AVAL;;Avaluar S.G.R.;AO;;;;;
1541604;02/09/2026;Avalado;;SI;NO;ECHEQ;NO;NO;24Hs.;12:33:08;17:00:00;99;;;0,00;537;$;40.000.000,00;1;Desierta (Baja);;INPY;;Integra Pymes S.G.R.;AO;;;;;
1541605;02/09/2026;No Garantizado Calificado;NO;SI;NO;ECHEQ;SI;NO;C.I.;12:33:48;17:00:00;40;545;50,00;50,00;545;$;26.424.000,00;8;Negociada;12:52:12;;30-71007968-0;BE ENTERPRISES S.A.;NO;30-71007968-0;BE ENTERPRISES S.A.;;;
1541606;02/09/2026;Avalado;;SI;NO;ECHEQ;NO;NO;24Hs.;12:33:49;17:00:00;110;406;27,00;27,00;406;$;29.099.975,49;4;Negociada;12:36:17;ARPY;;Argenpymes S.G.R.;AO;;;;;
1541607;02/09/2026;Avalado;;SI;NO;ECHEQ;NO;NO;24Hs.;12:33:50;17:00:00;219;;;28,00;401;$;20.506.038,00;6;Desierta;;FIDU;;Fid Aval S.G.R.;AO;;;;;
1541608;02/09/2026;Avalado;;SI;NO;ECHEQ;NO;NO;24Hs.;12:34:07;17:00:00;22;804;26,00;26,00;401;$;11.070.483,92;20;Negociada;14:16:50;MOVI;;MOVIL S.G.R.;AO;;;;;
1541609;02/09/2026;Avalado;;SI;NO;ECHEQ;NO;NO;C.I.;12:34:19;17:00:00;100;537;31,00;31,00;537;$;40.000.000,00;1;Negociada;12:36:36;INPY;;Integra Pymes S.G.R.;AO;;;;;
1541610;02/09/2026;Avalado;;SI;NO;ECHEQ;NO;NO;24Hs.;12:34:19;17:00:00;28;804;26,00;26,00;401;$;8.307.113,67;5;Negociada;14:16:58;MOVI;;MOVIL S.G.R.;AO;;;;;
1541611;02/09/2026;Avalado;;SI;NO;ECHEQ;NO;NO;24Hs.;12:34:35;17:00:00;55;;;26,00;401;$;1.249.627,50;1;Desierta;;MOVI;;MOVIL S.G.R.;AO;;;;;
1541612;02/09/2026;Avalado;;SI;NO;ECHEQ;NO;NO;24Hs.;12:34:52;17:00:00;77;;;23,50;401;$;6.186.964,76;6;Desierta;;MOVI;;MOVIL S.G.R.;AO;;;;;
1541613;02/09/2026;Avalado;;SI;NO;ECHEQ;NO;NO;24Hs.;12:35:07;17:00:00;82;;;24,00;401;$;5.005.845,36;5;Desierta;;MOVI;;MOVIL S.G.R.;AO;;;;;
1541614;02/09/2026;No Garantizado;NO;SI;NO;ECHEQ;NO;NO;24Hs.;12:35:11;17:00:00;48;764;37,00;37,00;764;$;32.000.000,00;1;Negociada;12:44:49;;30-71458636-6;FED AND VEL S. A.;AO;30-71458636-6;FED AND VEL S. A.;;;
1541615;02/09/2026;Avalado;;SI;NO;ECHEQ;NO;NO;24Hs.;12:35:30;17:00:00;117;;;24,00;401;$;2.118.597,54;3;Desierta;;MOVI;;MOVIL S.G.R.;AO;;;;;
1541616;02/09/2026;Avalado;;SI;NO;ECHEQ;NO;NO;24Hs.;12:35:40;17:00:00;168;;;26,00;401;$;15.965.606,87;4;Desierta;;MOVI;;MOVIL S.G.R.;AO;;;;;
1541617;02/09/2026;Avalado;;SI;NO;ECHEQ;NO;NO;24Hs.;12:35:51;17:00:00;224;;;27,00;401;$;4.244.228,00;2;Desierta;;MOVI;;MOVIL S.G.R.;AO;;;;;
1541618;02/09/2026;No Garantizado;SI;SI;NO;FCE;NO;NO;24Hs.;12:35:54;17:00:00;26;;;0,00;767;$;3.293.315.056,84;2;Desierta (Baja);;%AUU;30-57487647-4;AUTOPISTAS URBANAS S. A.;;;;;;
1541619;02/09/2026;Avalado;;SI;NO;ECHEQ;NO;NO;24Hs.;12:36:02;17:00:00;295;;;27,00;401;$;887.601,00;1;Desierta;;MOVI;;MOVIL S.G.R.;AO;;;;;
1541620;02/09/2026;Avalado;;SI;NO;ECHEQ;NO;NO;24Hs.;12:36:53;17:00:00;87;;;27,00;434;$;50.000.000,00;2;Desierta;;AFBG;;AFB AVALES S.G.R;AO;;;;;
1541621;02/09/2026;Avalado;;SI;NO;ECHEQ;NO;NO;24Hs.;12:37:16;17:00:00;78;501;25,00;25,00;559;$;6.000.000,00;3;Negociada;13:20:00;CUAV;;Cuyo Aval S.G.R.;AO;;;;;
1541622;02/09/2026;No Garantizado;NO;SI;NO;PAGARE;NO;NO;C.I.;12:37:38;17:00:00;210;767;15,00;15,00;767;DOL;583.200,00;1;Negociada;14:18:59;;30-71224223-6;MEDPHARMA S.A.;;30-71224223-6;MEDPHARMA S.A.;;;
1541623;02/09/2026;Avalado;;SI;NO;ECHEQ;NO;NO;24Hs.;12:37:42;17:00:00;168;501;27,00;27,00;559;$;6.000.000,00;3;Negociada;13:20:48;CUAV;;Cuyo Aval S.G.R.;AO;;;;;
1541624;02/09/2026;Avalado;;SI;NO;ECHEQ;NO;NO;24Hs.;12:37:58;17:00:00;199;501;28,00;28,00;559;$;4.000.000,00;2;Negociada;13:21:43;CUAV;;Cuyo Aval S.G.R.;AO;;;;;
1541625;02/09/2026;Avalado;;SI;NO;ECHEQ;NO;NO;24Hs.;12:38:49;17:00:00;21;449;24,00;24,00;449;$;110.077.337,72;5;Negociada;13:02:30;AVRU;;Aval Rural S.G.R.;AO;;;;;
1541626;02/09/2026;Avalado;;SI;NO;ECHEQ;NO;NO;24Hs.;12:38:55;17:00:00;51;449;24,00;24,00;449;$;115.127.213,93;4;Negociada;13:02:36;AVRU;;Aval Rural S.G.R.;AO;;;;;
1541627;02/09/2026;Avalado;;SI;NO;ECHEQ;NO;NO;24Hs.;12:39:10;17:00:00;90;754;24,00;24,00;754;$;75.000.000,00;1;Negociada;13:13:37;FINT;;Fintech S.G.R.;AO;;;;;
1541628;02/09/2026;Avalado;;SI;NO;ECHEQ;NO;NO;24Hs.;12:39:50;17:00:00;77;406;26,00;26,00;536;$;15.000.000,00;1;Negociada;12:41:52;AFFI;;Affidavit S.G.R.;AO;;;;;
1541629;02/09/2026;Avalado;;NO;NO;ECHEQ;NO;NO;24Hs.;12:40:50;17:00:00;70;572;27,00;27,00;569;$;271.500.000,00;12;Negociada;12:44:04;ZOFI;;Zofingen S.G.R.;AO;;;;;
1541631;02/09/2026;Garantizado;NO;SI;NO;ECHEQ;NO;NO;24Hs.;12:43:50;17:00:00;75;;;23,00;767;$;519.819.058,68;44;Desierta;;;;;AO;;;;;
1541632;02/09/2026;No Garantizado;NO;SI;NO;ECHEQ;NO;NO;C.I.;12:44:19;17:00:00;27;754;34,00;34,00;754;$;412.985,00;1;Negociada;12:46:21;;30-64405502-3;MOVIMEC SA;AO;;;;;
1541633;02/09/2026;No Garantizado;NO;SI;NO;ECHEQ;NO;NO;C.I.;12:44:38;17:00:00;28;754;34,00;34,00;754;$;576.790,63;1;Negociada;12:46:39;;30-70853750-7;EMPRESA DAMIANI HNOS. SRL;AO;;;;;
1541634;02/09/2026;No Garantizado Calificado;NO;SI;NO;ECHEQ;NO;NO;C.I.;12:44:44;17:00:00;64;;;0,00;792;$;16.000.000,00;4;Desierta (Baja);;;30-70987846-4;DELTA TRADING S.R.L.;AO;20-31273524-6;HEGOUABURU GUILLERMO;;;
1541635;02/09/2026;No Garantizado;NO;SI;NO;ECHEQ;NO;NO;C.I.;12:45:02;17:00:00;61;754;44,00;44,00;754;$;4.343.900,00;6;Negociada;13:21:55;;30-71739490-5;G&P S. A. S.;AO;;;;;
1541636;02/09/2026;Avalado;;SI;NO;PAGARE;NO;NO;24Hs.;12:45:12;17:00:00;102;507;7,00;7,00;507;U$D;30.500,00;1;Negociada;15:32:29;AGAV;;Agroaval S.G.R.;;;;;;
1541637;02/09/2026;No Garantizado;NO;SI;NO;ECHEQ;NO;NO;C.I.;12:45:19;17:00:00;35;754;44,00;44,00;754;$;508.200,00;1;Negociada;13:21:59;;30-71938347-1;GRUPO INVERSOR RAPSAN S.A.;AO;;;;;
1541638;02/09/2026;Avalado;;SI;NO;PAGARE;NO;NO;24Hs.;12:45:21;17:00:00;231;507;7,00;7,00;507;U$D;12.500,00;1;Negociada;15:32:59;AGAV;;Agroaval S.G.R.;;;;;;
1541639;02/09/2026;No Garantizado;NO;SI;NO;ECHEQ;NO;NO;C.I.;12:45:44;17:00:00;63;754;44,00;44,00;754;$;508.200,00;1;Negociada;13:22:03;;30-71938347-1;GRUPO INVERSOR RAPSAN S.A.;AO;;;;;
1541640;02/09/2026;No Garantizado;SI;SI;NO;ECHEQ;NO;NO;C.I.;12:46:08;17:00:00;21;449;27,50;28,00;767;$;11.416.717,84;1;Negociada;12:48:09;;30-69554247-6;PAN AMERICAN ENERGY, S.L., SUCURSAL ARGENTINA;AO;30-71556412-9;GONZALO HOURCADE COMUNICACIONES SRL;Certificado MiPyME;;
1541641;02/09/2026;No Garantizado;NO;SI;NO;ECHEQ;NO;NO;C.I.;12:46:40;17:00:00;99;526;31,00;31,00;767;$;600.000,00;2;Negociada;12:48:42;;30-71849421-0;LEX MAYORISTA S. R. L.;AO;30-71850791-6;RUBI LATAM S. R. L.;;;
1541642;02/09/2026;Avalado;;SI;NO;ECHEQ;NO;NO;C.I.;12:46:41;17:00:00;93;406;26,00;26,00;546;$;30.000.000,00;1;Negociada;13:12:34;ARPY;;Argenpymes S.G.R.;AO;;;;;
1541643;02/09/2026;No Garantizado;NO;SI;NO;PAGARE;NO;NO;C.I.;12:46:45;17:00:00;152;704;10,00;10,00;704;DOL;50.000,00;1;Negociada;14:23:51;;30-71188440-4;LATCOMEX S. A.;;30-71188440-4;LATCOMEX S. A.;;;
1541644;02/09/2026;No Garantizado;SI;NO;NO;FCE;NO;NO;24Hs.;12:46:46;17:00:00;18;572;27,00;27,00;569;$;35.213.270,14;1;Negociada;12:48:48;%BAK;30-50447541-3;BAKER HUGHES ARGENTINA S. R. L.;;;;;;
1541645;02/09/2026;No Garantizado;SI;SI;NO;ECHEQ;NO;NO;C.I.;12:46:47;17:00:00;104;572;28,00;28,00;572;$;90.000.000,00;2;Negociada;12:48:48;;30-68517342-1;PRO ENTERTAINMENT SA;AO;;;MiPyME FCE - Art. 7 Ley 27.440, Res. SEPYME 340/17, Art. 2 RG 4367/18 y RG 1019/24;;
1541646;02/09/2026;No Garantizado Calificado;NO;SI;NO;ECHEQ;NO;NO;24Hs.;12:47:24;17:00:00;25;;;65,00;767;$;10.000.000,00;1;Desierta;;;30-71492605-1;REGGIO DI CALABRIA SRL;AO;30-71492605-1;REGGIO DI CALABRIA SRL;;;
1541647;02/09/2026;No Garantizado;NO;SI;NO;ECHEQ;NO;NO;C.I.;12:47:33;17:00:00;112;754;38,00;38,00;754;$;18.000.000,00;1;Negociada;12:49:34;;30-57333629-8;PETIT MUEBLES GACELA S R L;AO;30-57333629-8;PETIT MUEBLES GACELA S R L;;;
1541648;02/09/2026;No Garantizado;NO;SI;NO;ECHEQ;NO;NO;24Hs.;12:47:52;17:00:00;33;;;62,00;767;$;10.000.000,00;1;Desierta;;;30-71837282-4;SUIDEN MULTIASISTENCIAS S. R. L.;AO;30-71837282-4;SUIDEN MULTIASISTENCIAS S. R. L.;;;
1541649;02/09/2026;No Garantizado;NO;SI;NO;ECHEQ;NO;NO;C.I.;12:48:06;17:00:00;56;754;35,00;35,00;754;$;16.000.000,00;1;Negociada;12:50:07;;30-57333629-8;PETIT MUEBLES GACELA S R L;AO;30-57333629-8;PETIT MUEBLES GACELA S R L;;;
1541650;02/09/2026;No Garantizado;NO;SI;NO;PAGARE;NO;NO;24Hs.;12:48:10;17:00:00;335;;;15,00;767;U$D;40.000,00;1;Desierta;;;30-71668436-5;SOLUCIONES GASTRONOMICAS S.A.S.;;30-71668436-5;SOLUCIONES GASTRONOMICAS S.A.S.;;;
1541651;02/09/2026;No Garantizado;NO;SI;NO;ECHEQ;NO;NO;C.I.;12:48:24;17:00:00;85;754;37,00;37,00;754;$;16.000.000,00;1;Negociada;12:50:25;;30-57333629-8;PETIT MUEBLES GACELA S R L;AO;30-57333629-8;PETIT MUEBLES GACELA S R L;;;
1541652;02/09/2026;No Garantizado;NO;SI;NO;PAGARE;NO;NO;24Hs.;12:48:36;17:00:00;56;;;9,00;767;U$S;80.000,00;8;Desierta;;;30-70938526-3;INDO S.A.;;30-70938526-3;INDO S.A.;;;
1541653;02/09/2026;No Garantizado;NO;SI;NO;ECHEQ;NO;NO;24Hs.;12:49:08;17:00:00;78;;;40,00;767;$;35.000.000,00;7;Desierta;;;30-71784617-2;LOGSER S. A. S.;AO;30-71784617-2;LOGSER S. A. S.;;;
1541654;02/09/2026;No Garantizado;NO;SI;NO;PAGARE;NO;NO;C.I.;12:49:16;17:00:00;237;422;5,00;5,00;422;U$D;110.000,00;1;Negociada;13:24:41;;33-71528827-9;TADEMAQ EQUIPOS PESADOS S.R.L.;;33-71528827-9;TADEMAQ EQUIPOS PESADOS S.R.L.;;;
1541655;02/09/2026;No Garantizado Calificado;NO;SI;NO;ECHEQ;NO;NO;24Hs.;12:49:27;17:00:00;41;;;45,00;767;$;3.800.000,00;1;Desierta;;;30-71829967-1;SAN LUIS RECUPERAR ASEGURADORA ART S. A.;AO;33-69399891-9;LUMMA S.A.;;;
1541656;02/09/2026;No Garantizado;NO;NO;NO;ECHEQ;NO;NO;24Hs.;12:49:28;17:00:00;29;;;;406;$;1.560.539.440,73;1;Desierta;;;30-67150911-7;TESORERIA DE LA PCIA DE JUJUY O. P.;AO;;;;;
1541658;02/09/2026;Avalado;;SI;NO;ECHEQ;NO;NO;24Hs.;12:50:09;17:00:00;53;523;23,80;24,00;720;$;81.680.968,50;10;Negociada;12:55:48;BAIN;;BANCO INDUSTRIAL SA;AO;;;;;
1541659;02/09/2026;Avalado;;SI;NO;ECHEQ;SI;NO;24Hs.;12:50:20;17:00:00;108;523;24,80;25,00;720;$;4.000.000,00;2;Negociada;12:56:02;BAIN;;BANCO INDUSTRIAL SA;NO;;;;;
1541660;02/09/2026;Avalado;;SI;NO;ECHEQ;NO;NO;24Hs.;12:50:59;17:00:00;83;523;23,80;24,00;720;$;12.000.000,00;4;Negociada;12:56:11;BAIN;;BANCO INDUSTRIAL SA;AO;;;;;
1541661;02/09/2026;Avalado;;SI;NO;ECHEQ;NO;NO;24Hs.;12:51:22;17:00:00;118;406;25,99;26,00;839;$;40.000.000,00;1;Negociada;12:53:23;ARPY;;Argenpymes S.G.R.;AO;;;;;
1541662;02/09/2026;Avalado;;NO;NO;ECHEQ;NO;NO;C.I.;12:51:53;17:00:00;23;;;0,00;15;$;800.000.000,00;3;Desierta (Baja);;POTE;;Potenciar S.G.R.;AO;;;;;
1541663;02/09/2026;No Garantizado;NO;SI;NO;PAGARE;NO;NO;24Hs.;12:52:07;17:00:00;43;15;32,00;32,00;15;$;750.000.606,27;3;Negociada;12:54:09;;30-70828643-1;URBANO EXPRESS ARGENTINA S.A.;;30-70828643-1;URBANO EXPRESS ARGENTINA S.A.;;;
1541664;02/09/2026;No Garantizado;SI;SI;NO;ECHEQ;NO;NO;C.I.;12:52:20;17:00:00;62;545;42,00;42,00;545;$;4.941.469,12;1;Negociada;12:56:29;;30-70781092-7;COMPAÑIA TSB S. A.;AO;;;Certificado MiPyME;;
1541665;02/09/2026;No Garantizado;SI;SI;NO;PAGARE;NO;NO;C.I.;12:52:24;17:00:00;78;15;30,00;30,00;15;$;232.000.000,00;1;Negociada;12:54:25;;30-70222959-2;GENERAC TECHNOLOGY MANAGEMENT S A;;30-70222959-2;GENERAC TECHNOLOGY MANAGEMENT S A;Certificado MiPyME;;
1541666;02/09/2026;Avalado;;SI;NO;ECHEQ;NO;NO;C.I.;12:52:27;17:00:00;122;406;26,00;26,00;406;$;45.000.000,00;2;Negociada;13:13:27;ARPY;;Argenpymes S.G.R.;AO;;;;;
1541667;02/09/2026;Avalado;;SI;NO;ECHEQ;NO;NO;C.I.;12:52:57;17:00:00;119;501;25,00;25,00;716;$;15.000.000,00;1;Negociada;13:14:05;FGCT;;Fondo de Garantia Catamarca SAPEM;AO;;;;;
1541668;02/09/2026;No Garantizado;NO;SI;NO;PAGARE;NO;NO;C.I.;12:53:38;17:00:00;50;545;35,00;35,00;598;$;100.000.000,00;3;Negociada;12:55:40;;30-71038812-8;INVOINET S.A.U;;30-71038812-8;INVOINET S.A.U;;;
1541669;02/09/2026;Avalado;;SI;NO;ECHEQ;NO;NO;C.I.;12:54:40;17:00:00;35;501;24,00;25,00;716;$;10.000.000,00;1;Negociada;13:15:22;FGCT;;Fondo de Garantia Catamarca SAPEM;AO;;;;;
1541670;02/09/2026;No Garantizado;SI;NO;NO;ECHEQ;NO;NO;24Hs.;12:54:43;17:00:00;42;;;37,00;486;$;17.500.000,00;1;Desierta;;;30-71189374-8;GEDEON  S. R. L.;AO;;;Certificado MiPyME;;
1541671;02/09/2026;Avalado;;SI;NO;ECHEQ;NO;NO;C.I.;12:54:52;17:00:00;98;501;25,00;25,00;716;$;10.000.000,00;1;Negociada;14:21:11;FGCT;;Fondo de Garantia Catamarca SAPEM;AO;;;;;
1541672;02/09/2026;Avalado;;SI;NO;ECHEQ;SI;NO;24Hs.;12:55:17;17:00:00;70;406;26,00;26,00;406;$;100.072.150,30;1;Negociada;13:29:08;CREC;;Crecer S.G.R.;NO;;;;;
1541673;02/09/2026;Avalado;;SI;NO;ECHEQ;NO;NO;24Hs.;12:56:09;17:00:00;69;716;26,00;26,00;716;$;10.000.000,00;1;Negociada;13:02:38;FOGA;;Fdo. de Gtias. del Chaco;AO;;;;;
1541674;02/09/2026;No Garantizado;NO;SI;NO;PAGARE;NO;NO;C.I.;12:56:55;17:00:00;99;571;36,00;36,00;571;$;70.000.000,00;1;Negociada;12:58:56;;30-65649785-4;COOPERATIVA DE VIVIENDA CREDITO Y CONSUMO AMIGAL LIMITADA;;30-65649785-4;COOPERATIVA DE VIVIENDA CREDITO Y CONSUMO AMIGAL LIMITADA;;;
1541675;02/09/2026;No Garantizado;NO;SI;NO;ECHEQ;NO;NO;C.I.;12:57:13;17:00:00;61;571;35,00;35,00;714;$;12.000.000,00;2;Negociada;12:59:14;;30-71103277-7;ARAUNEOS DEL SUD S.A.;AO;30-71732529-6;FINLATINA S. A.;;;
1541676;02/09/2026;No Garantizado;NO;SI;NO;ECHEQ;NO;NO;24Hs.;12:57:14;17:00:00;77;782;56,00;56,00;687;$;20.000.000,00;8;Negociada;12:59:16;;30-71720353-0;ARBANIT FELLOW SAS;AO;30-71720353-0;ARBANIT FELLOW SAS;;;
1541677;02/09/2026;No Garantizado;SI;SI;NO;ECHEQ;SI;NO;C.I.;12:57:36;17:00:00;12;569;25,00;25,00;523;$;881.852.195,05;1;Negociada;13:09:31;;30-52655265-9;PAMPA ENERGIA S A;NO;30-70849238-4;TRANSPORTE PEDUZZI S. A.;Certificado MiPyME;;
1541678;02/09/2026;Avalado;;NO;NO;ECHEQ;NO;NO;24Hs.;12:57:48;17:00:00;19;;;24,00;813;$;6.452.855,69;1;Desierta;;MOVI;;MOVIL S.G.R.;AO;;;;;
1541679;02/09/2026;Avalado;;SI;NO;ECHEQ;NO;NO;24Hs.;12:58:01;17:00:00;155;;;10,00;770;$;15.000.000,00;1;Desierta;;PATG;;Patagonia S.G.R.;AO;;;;;
1541680;02/09/2026;No Garantizado;SI;SI;NO;PAGARE;NO;NO;C.I.;12:58:29;17:00:00;63;572;44,00;44,00;572;$;70.000.000,00;1;Negociada;13:00:31;;33-70927609-9;COOPERATIVA DE CREDITO, CONSUMO  Y VIVIENDA MASELE LTDA.;;33-70927609-9;COOPERATIVA DE CREDITO, CONSUMO  Y VIVIENDA MASELE LTDA.;MiPyME FCE - Art. 7 Ley 27.440, Res. SEPYME 340/17, Art. 2 RG 4367/18 y RG 1019/24;;
1541681;02/09/2026;No Garantizado;NO;SI;NO;ECHEQ;NO;NO;C.I.;12:58:44;17:00:00;19;526;27,50;27,50;767;$;9.831.031,33;2;Negociada;13:00:45;;30-67403282-6;FERRERO Y CIA S A;AO;30-71171365-0;NUTRIFARMS S.R.L.;;;
1541682;02/09/2026;No Garantizado;NO;SI;NO;ECHEQ;SI;NO;C.I.;12:59:02;17:00:00;100;526;27,50;27,50;767;$;22.308.452,84;1;Negociada;13:01:03;;30-50334872-8;PALADINI  S.A.;NO;30-71171365-0;NUTRIFARMS S.R.L.;;;
1541683;02/09/2026;No Garantizado;NO;SI;NO;PAGARE;NO;NO;C.I.;12:59:11;17:00:00;175;769;12,00;12,00;769;DOL;53.000,00;1;Negociada;13:03:47;;30-64255442-1;COLGAS S. A.;;30-64255442-1;COLGAS S. A.;;;
1541684;02/09/2026;No Garantizado;NO;SI;NO;ECHEQ;NO;NO;C.I.;12:59:24;17:00:00;59;526;27,50;27,50;767;$;22.350.876,78;4;Negociada;13:05:38;;30-70951650-3;GRANJA LOS ALELIES S. A.;AO;30-71171365-0;NUTRIFARMS S.R.L.;;;
1541685;02/09/2026;No Garantizado;NO;SI;NO;ECHEQ;NO;NO;C.I.;12:59:45;17:00:00;34;526;27,50;27,50;767;$;10.908.249,22;4;Negociada;13:05:54;;30-71171328-6;EL PADRILLO DE CAÑUELAS SOCIEDAD DE RESPONSABILIDAD LIMITADA;AO;30-71171365-0;NUTRIFARMS S.R.L.;;;
1541686;02/09/2026;No Garantizado;NO;SI;NO;PAGARE;NO;NO;C.I.;12:59:49;17:00:00;192;704;10,00;10,00;704;DOL;100.000,00;2;Negociada;14:24:07;;30-71188440-4;LATCOMEX S. A.;;30-71188440-4;LATCOMEX S. A.;;;
1541687;02/09/2026;Avalado;;SI;NO;ECHEQ;NO;NO;C.I.;13:00:03;17:00:00;93;406;26,00;26,00;406;$;40.000.000,00;10;Negociada;13:04:38;ARPY;;Argenpymes S.G.R.;AO;;;;;
1541688;02/09/2026;No Garantizado;NO;SI;NO;ECHEQ;NO;NO;C.I.;13:00:07;17:00:00;49;526;27,50;27,50;767;$;5.496.392,33;1;Negociada;13:02:08;;30-71491955-1;PEPE ANNIBALI S.A.;AO;30-71171365-0;NUTRIFARMS S.R.L.;;;
1541689;02/09/2026;No Garantizado;NO;SI;NO;ECHEQ;NO;NO;C.I.;13:00:22;17:00:00;20;526;27,50;27,50;767;$;4.416.690,00;1;Negociada;13:02:24;;33-70838543-9;LA LAGUNITA S.A.;AO;30-71171365-0;NUTRIFARMS S.R.L.;;;
1541690;02/09/2026;No Garantizado;NO;SI;NO;ECHEQ;NO;NO;C.I.;13:00:37;17:00:00;19;526;27,50;27,50;767;$;16.310.000,00;1;Negociada;13:02:38;;33-71193567-9;CERDO DE LOS LLANOS S.A.U;AO;30-71171365-0;NUTRIFARMS S.R.L.;;;
1541691;02/09/2026;No Garantizado;NO;NO;NO;PAGARE;NO;NO;C.I.;13:01:35;17:00:00;7;587;35,00;35,00;587;$;1.311.942.190,00;2;Negociada;13:03:37;;30-71506007-4;PROLIP SRL;;;;;;
1541692;02/09/2026;No Garantizado;NO;SI;NO;ECHEQ;NO;NO;C.I.;13:01:37;17:00:00;116;465;38,00;38,00;465;$;7.500.000,00;3;Negociada;13:03:39;;27-14244718-0;CARRIZO ANA MARIA;AO;30-71605346-2;PIRAMIDE FOOD COMPANY S. A. S.;;;
1541693;02/09/2026;Avalado;;NO;NO;ECHEQ;NO;NO;24Hs.;13:01:54;17:00:00;22;;;20,00;15;$;800.000.000,00;3;Desierta;;POTE;;Potenciar S.G.R.;AO;;;;;
1541694;02/09/2026;Avalado;;SI;NO;ECHEQ;NO;NO;C.I.;13:02:12;17:00:00;86;406;26,00;26,00;537;$;6.000.000,00;2;Negociada;13:04:13;ARPY;;Argenpymes S.G.R.;AO;;;;;
1541695;02/09/2026;Avalado;;SI;NO;ECHEQ;SI;NO;24Hs.;13:02:13;17:00:00;69;15;26,00;26,00;545;$;18.600.000,00;5;Negociada;15:58:45;MOVI;;MOVIL S.G.R.;NO;;;;;
1541696;02/09/2026;No Garantizado;NO;SI;NO;ECHEQ;NO;NO;C.I.;13:02:38;17:00:00;35;465;38,00;38,00;465;$;3.000.000,00;1;Negociada;13:04:40;;20-25608310-9;HIDALGO CRISTIAN DARIO;AO;30-71048420-8;ALIMENTARIA SAN FRANCISCO S.A.;;;
1541697;02/09/2026;No Garantizado;NO;SI;NO;PAGARE;NO;NO;C.I.;13:02:42;17:00:00;63;422;26,25;26,25;422;$;10.000.000.000,00;1;Negociada;13:09:00;;30-70308853-4;MERCADOLIBRE S.R.L.;;30-70308853-4;MERCADOLIBRE S.R.L.;;;
1541698;02/09/2026;Avalado;;SI;NO;ECHEQ;NO;NO;24Hs.;13:03:30;17:00:00;47;727;26,00;26,00;526;$;39.310.574,31;1;Negociada;13:53:55;NOVA;;INNOVA S.G.R.;AO;;;;;
1541699;02/09/2026;Avalado;;SI;NO;ECHEQ;NO;NO;24Hs.;13:03:34;17:00:00;40;;;27,00;545;$;12.000.000,00;3;Desierta;;AFBG;;AFB AVALES S.G.R;AO;;;;;
1541700;02/09/2026;No Garantizado;SI;SI;NO;ECHEQ;NO;NO;C.I.;13:03:54;17:00:00;48;718;33,00;33,00;718;$;40.000.000,00;1;Negociada;13:06:31;;30-69846335-6;CONSIGNACIONES CORDOBA S. A.;AO;;;Certificado MiPyME;;
1541701;02/09/2026;No Garantizado;NO;SI;NO;PAGARE;NO;NO;C.I.;13:04:17;17:00:00;47;;;28,00;47;$;79.313.141,00;1;Desierta;;;30-71263870-9;FLASH ARGENTINA S. A.;;30-71263870-9;FLASH ARGENTINA S. A.;;;
1541702;02/09/2026;Avalado;;SI;NO;ECHEQ;NO;NO;24Hs.;13:04:19;17:00:00;138;;;29,00;545;$;13.000.000,00;4;Desierta;;AFBG;;AFB AVALES S.G.R;AO;;;;;
1541703;02/09/2026;No Garantizado;NO;SI;NO;PAGARE;NO;NO;C.I.;13:04:29;17:00:00;47;;;28,00;47;$;35.308.000,00;1;Desierta;;;30-71263870-9;FLASH ARGENTINA S. A.;;30-71263870-9;FLASH ARGENTINA S. A.;;;
1541704;02/09/2026;No Garantizado;NO;SI;NO;ECHEQ;NO;NO;C.I.;13:04:36;17:00:00;61;767;50,00;50,00;767;$;18.730.000,00;3;Negociada;13:06:37;;30-71572008-2;MOTO SPORT CAÑADA S.R.L.;AO;30-71572008-2;MOTO SPORT CAÑADA S.R.L.;;;
1541705;02/09/2026;Avalado;;SI;NO;ECHEQ;NO;NO;24Hs.;13:04:39;17:00:00;75;406;26,00;26,00;406;$;177.305.495,93;1;Negociada;13:12:41;ARPY;;Argenpymes S.G.R.;AO;;;;;
1541706;02/09/2026;No Garantizado;NO;SI;NO;PAGARE;NO;NO;C.I.;13:04:40;17:00:00;47;;;28,00;47;$;45.274.000,00;1;Desierta;;;30-71263870-9;FLASH ARGENTINA S. A.;;30-71263870-9;FLASH ARGENTINA S. A.;;;
1541707;02/09/2026;No Garantizado;NO;SI;NO;PAGARE;NO;NO;C.I.;13:05:06;17:00:00;47;;;28,00;47;$;40.185.000,00;1;Desierta;;;30-71263870-9;FLASH ARGENTINA S. A.;;30-71263870-9;FLASH ARGENTINA S. A.;;;
1541708;02/09/2026;Avalado;;SI;NO;ECHEQ;NO;NO;24Hs.;13:06:58;17:00:00;220;20;29,00;29,00;734;$;90.000.000,00;2;Negociada;13:19:34;CONV;;CONAVAL S.G.R.;AO;;;;;
1541709;02/09/2026;No Garantizado Calificado;SI;SI;NO;PAGARE;NO;NO;C.I.;13:07:52;17:00:00;356;;;0,00;565;DOL;12.650,00;1;Desierta (Baja);;;30-64343404-7;BUENOS AIRES CREDITOS SA;;30-64343404-7;BUENOS AIRES CREDITOS SA;MiPyME FCE - Art. 7 Ley 27.440, Res. SEPYME 340/17, Art. 2 RG 4367/18 y RG 1019/24;;
1541710;02/09/2026;No Garantizado;SI;SI;NO;FCE;NO;NO;C.I.;13:07:55;17:00:00;24;791;23,40;23,40;791;$;80.998.232,21;6;Negociada;14:00:11;%BAG;30-70889578-0;BAGLEY ARGENTINA S. A.;;;;;;
1541711;02/09/2026;No Garantizado;NO;SI;NO;ECHEQ;NO;NO;C.I.;13:09:15;17:00:00;138;34;35,00;35,00;34;$;15.231.822,10;1;Negociada;13:11:16;;30-71043662-9;INDUSTRIAS MARCELINI S.A.;AO;30-71901511-1;METALTUBO S. A.;;;
1541712;02/09/2026;Avalado;;SI;NO;ECHEQ;NO;NO;24Hs.;13:09:32;17:00:00;27;449;24,00;24,00;559;$;28.554.169,38;1;Negociada;13:11:34;CUAV;;Cuyo Aval S.G.R.;AO;;;;;
1541713;02/09/2026;No Garantizado;NO;SI;NO;ECHEQ;NO;NO;C.I.;13:09:53;17:00:00;104;34;35,00;35,00;34;$;11.661.540,48;1;Negociada;13:11:54;;30-71043662-9;INDUSTRIAS MARCELINI S.A.;AO;30-71901511-1;METALTUBO S. A.;;;
1541714;02/09/2026;No Garantizado;NO;SI;NO;ECHEQ;NO;NO;C.I.;13:10:32;17:00:00;100;34;35,00;35,00;34;$;11.384.763,66;1;Negociada;13:12:34;;30-71043662-9;INDUSTRIAS MARCELINI S.A.;AO;30-71901511-1;METALTUBO S. A.;;;
1541715;02/09/2026;Avalado;;SI;NO;ECHEQ;NO;NO;24Hs.;13:12:36;17:00:00;26;442;24,00;24,00;785;$;21.493.217,85;1;Negociada;13:28:48;POTE;;Potenciar S.G.R.;AO;;;;;
1541716;02/09/2026;No Garantizado;SI;SI;NO;ECHEQ;NO;NO;24Hs.;13:12:44;17:00:00;49;;;;793;$;19.138.896,68;1;Desierta (Baja);;;30-50673003-8;S A IMPORTADORA Y EXPORTADORA DE LA PATAGONIA;AO;30-71022363-3;LASFOR SRL;Certificado MiPyME;;
1541717;02/09/2026;No Garantizado;NO;SI;NO;ECHEQ;NO;NO;C.I.;13:13:39;17:00:00;85;537;35,00;35,00;537;$;3.000.000,00;1;Negociada;13:23:02;;23-32156912-9;VIOTTI CESAR FEDERICO;AO;30-56913095-2;AUTOMOVIL CLUB RIO CUARTO;;;
1541718;02/09/2026;Avalado;;SI;NO;PAGARE;NO;NO;24Hs.;13:14:04;17:00:00;385;406;6,50;7,00;406;DOL;40.000,00;2;Negociada;14:07:43;ARPY;;Argenpymes S.G.R.;;;;;;
1541719;02/09/2026;No Garantizado;SI;SI;NO;ECHEQ;NO;NO;C.I.;13:15:00;17:00:00;70;572;30,00;30,00;598;$;9.463.488,89;1;Negociada;13:17:39;;30-52534126-3;FERRUM SA DE CERAMICA Y METALURGIA;AO;30-71893497-0;GRUPO LOGISTICO HCG S.A.S.;Certificado MiPyME;;
1541720;02/09/2026;Avalado;;SI;NO;ECHEQ;NO;NO;24Hs.;13:15:41;17:00:00;74;449;22,95;24,00;720;$;342.845.933,01;9;Negociada;13:27:49;BAIN;;BANCO INDUSTRIAL SA;AO;;;;;
1541721;02/09/2026;No Garantizado;NO;SI;NO;ECHEQ;NO;NO;24Hs.;13:15:50;17:00:00;120;;;0,00;525;$;73.779.739,55;6;Desierta (Baja);;;30-68537634-9;TARJETA NARANJA S.A.U.;AO;30-70972635-4;ALCOSUR S.A.;;;
1541722;02/09/2026;Avalado;;SI;NO;ECHEQ;NO;NO;C.I.;13:16:24;17:00:00;36;406;25,00;25,00;406;$;18.913.295,65;3;Negociada;13:19:52;ACPY;;Acindar Pymes S.G.R.;AO;;;;;
1541723;02/09/2026;No Garantizado;NO;SI;NO;ECHEQ;NO;NO;C.I.;13:16:31;17:00:00;130;537;35,00;35,00;537;$;6.000.000,00;2;Negociada;13:23:32;;23-32156912-9;VIOTTI CESAR FEDERICO;AO;30-56913095-2;AUTOMOVIL CLUB RIO CUARTO;;;
1541724;02/09/2026;Avalado;;SI;NO;ECHEQ;SI;NO;24Hs.;13:16:39;17:00:00;15;523;24,00;24,00;720;$;4.805.988,73;4;Negociada;13:18:40;BAIN;;BANCO INDUSTRIAL SA;NO;;;;;
1541725;02/09/2026;No Garantizado;SI;SI;NO;ECHEQ;SI;NO;C.I.;13:17:11;17:00:00;20;572;29,00;29,00;785;$;103.696.600,01;1;Negociada;13:19:13;;30-71207232-2;TETRA DE ARGENTINA S.R.L.;NO;;;Certificado MiPyME;;
1541726;02/09/2026;Avalado;;SI;NO;ECHEQ;NO;NO;24Hs.;13:18:09;17:00:00;47;727;26,00;26,00;526;$;39.310.574,31;1;Negociada;14:31:40;FIDE;;Fidem S.G.R.;AO;;;;;
1541727;02/09/2026;Avalado;;SI;NO;ECHEQ;NO;NO;C.I.;13:19:34;17:00:00;65;572;27,50;27,50;567;$;162.000.000,00;4;Negociada;13:21:35;PROM;;Promover S.G.R.;AO;;;;;
1541728;02/09/2026;Avalado;;SI;NO;ECHEQ;NO;NO;C.I.;13:19:40;17:00:00;95;406;26,00;26,00;568;$;60.000.000,00;2;Negociada;13:21:41;ARPY;;Argenpymes S.G.R.;AO;;;;;
1541729;02/09/2026;No Garantizado Calificado;SI;SI;NO;FCE;NO;NO;24Hs.;13:20:51;17:00:00;47;114;26,00;26,00;449;$;7.493.472,00;1;Negociada;13:43:37;%INC;30-68731043-4;INC S. A.;;;;;;
1541730;02/09/2026;Avalado;;SI;NO;ECHEQ;NO;NO;24Hs.;13:23:17;17:00:00;74;567;24,00;24,00;716;$;14.658.582,72;12;Negociada;13:25:19;GARA;;Garantizar S.G.R.;AO;;;;;
1541731;02/09/2026;No Garantizado;NO;SI;NO;PAGARE;NO;NO;C.I.;13:23:56;17:00:00;66;545;40,00;40,00;545;$;400.000.000,00;2;Negociada;13:28:03;;30-57839578-0;LA MORALEJA SOCIEDAD ANONIMA;;30-57839578-0;LA MORALEJA SOCIEDAD ANONIMA;;;
1541732;02/09/2026;No Garantizado;SI;SI;NO;PAGARE;NO;NO;24Hs.;13:24:11;17:00:00;61;15;30,00;30,00;15;$;500.000.000,00;1;Negociada;13:26:12;;30-57803607-1;MIRGOR SA C I F I A;;30-57803607-1;MIRGOR SA C I F I A;MiPyME FCE - Art. 7 Ley 27.440, Res. SEPYME 340/17, Art. 2 RG 4367/18 y RG 1019/24;;
1541733;02/09/2026;No Garantizado;NO;SI;NO;ECHEQ;NO;NO;C.I.;13:24:21;17:00:00;69;785;43,00;43,00;785;$;4.043.733,00;1;Negociada;13:26:22;;30-70757802-1;JURY & ASOCIADOS S.A.;AO;;;;;
1541734;02/09/2026;Avalado;;SI;NO;ECHEQ;NO;NO;24Hs.;13:24:28;17:00:00;142;406;26,49;26,50;832;$;33.606.980,00;8;Negociada;13:41:22;POTE;;Potenciar S.G.R.;AO;;;;;
1541735;02/09/2026;Avalado;;SI;NO;ECHEQ;SI;NO;24Hs.;13:25:00;17:00:00;33;716;30,00;30,00;545;$;1.000.000,00;1;Negociada;13:48:34;FGLR;;Fdo.de Gtia.Pub. La Rioja;NO;;;;;
1541736;02/09/2026;No Garantizado;NO;SI;NO;ECHEQ;NO;NO;C.I.;13:25:30;17:00:00;47;785;43,00;43,00;785;$;7.273.019,72;1;Negociada;13:27:31;;30-52614381-3;OSCAR BARBIERI S A;AO;;;;;
1541737;02/09/2026;No Garantizado;NO;SI;NO;PAGARE;NO;NO;24Hs.;13:27:22;17:00:00;228;701;10,00;10,00;701;U$D;10.000,00;1;Negociada;13:29:24;;30-71312990-5;SANTA FELICITAS S. R. L.;;30-71312990-5;SANTA FELICITAS S. R. L.;;;
1541738;02/09/2026;No Garantizado;NO;SI;NO;ECHEQ;NO;NO;C.I.;13:27:29;17:00:00;59;572;41,00;41,00;572;$;50.000.000,00;2;Negociada;13:29:30;;30-51662138-5;FRIGORIFICO ENTRERRIANO DE PRODUCTORES AVICOLAS S A;AO;30-51662138-5;FRIGORIFICO ENTRERRIANO DE PRODUCTORES AVICOLAS S A;;;
1541739;02/09/2026;No Garantizado;NO;SI;NO;ECHEQ;NO;NO;24Hs.;13:28:33;17:00:00;34;545;27,00;27,00;545;$;500.000.000,00;1;Negociada;13:39:37;;30-65511651-2;EDESUR S A;AO;30-65511651-2;EDESUR S A;;;
1541740;02/09/2026;No Garantizado;SI;SI;NO;PAGARE;NO;NO;24Hs.;13:29:00;17:00:00;76;568;30,00;30,00;545;$;500.000.000,00;1;Negociada;14:10:30;;30-57803607-1;MIRGOR SA C I F I A;;30-57803607-1;MIRGOR SA C I F I A;MiPyME FCE - Art. 7 Ley 27.440, Res. SEPYME 340/17, Art. 2 RG 4367/18 y RG 1019/24;;
1541741;02/09/2026;No Garantizado;NO;SI;NO;ECHEQ;NO;NO;24Hs.;13:29:00;17:00:00;34;;;0,00;502;$;1.000.000.000,00;1;Desierta (Baja);;;30-65511651-2;EDESUR S A;AO;30-65511651-2;EDESUR S A;;;
1541742;02/09/2026;Avalado;;SI;NO;ECHEQ;NO;NO;24Hs.;13:29:46;17:00:00;33;567;25,00;25,00;754;$;10.000.000,00;1;Negociada;14:50:30;MOVI;;MOVIL S.G.R.;AO;;;;;
1541743;02/09/2026;No Garantizado;NO;SI;NO;ECHEQ;NO;NO;C.I.;13:30:41;17:00:00;160;465;35,00;35,00;465;$;22.500.000,00;3;Negociada;13:32:42;;30-71062775-0;ADJ S. R. L.;AO;30-56685578-6;ARGEO S.R.L.;;;
1541744;02/09/2026;Avalado;;SI;NO;ECHEQ;NO;NO;24Hs.;13:33:09;17:00:00;112;523;26,00;26,00;545;$;45.840.626,00;4;Negociada;13:42:53;ACPY;;Acindar Pymes S.G.R.;AO;;;;;
1541745;02/09/2026;Garantizado Calificado;SI;SI;NO;ECHEQ;NO;NO;24Hs.;13:33:10;17:00:00;41;;;17,00;43;$;80.183.171,77;8;Desierta;;;;;AO;;;Certificado MiPyME;;
1541746;02/09/2026;Garantizado Calificado;SI;SI;NO;ECHEQ;NO;NO;24Hs.;13:33:18;17:00:00;43;;;17,00;43;$;12.600.000,00;6;Desierta;;;;;AO;;;Certificado MiPyME;;
1541747;02/09/2026;Garantizado;SI;SI;NO;ECHEQ;NO;NO;24Hs.;13:33:27;17:00:00;86;;;17,00;43;$;51.537.079,38;17;Desierta;;;;;AO;;;Certificado MiPyME;;
1541748;02/09/2026;Garantizado Calificado;SI;SI;NO;ECHEQ;NO;NO;24Hs.;13:33:39;17:00:00;100;;;17,00;43;$;118.805.814,95;4;Desierta;;;;;AO;;;Certificado MiPyME;;
1541749;02/09/2026;Garantizado;SI;SI;NO;ECHEQ;NO;NO;24Hs.;13:33:49;17:00:00;69;;;17,00;43;$;124.070.377,73;20;Desierta;;;;;AO;;;Certificado MiPyME;;
1541750;02/09/2026;Avalado;;SI;NO;ECHEQ;NO;NO;C.I.;13:34:21;17:00:00;82;406;25,89;26,00;406;$;80.000.000,00;8;Negociada;13:46:05;ARPY;;Argenpymes S.G.R.;AO;;;;;
1541751;02/09/2026;Avalado;;SI;NO;ECHEQ;NO;NO;24Hs.;13:34:24;17:00:00;215;439;27,00;27,00;852;$;55.000.000,00;5;Negociada;14:13:35;ACPY;;Acindar Pymes S.G.R.;AO;;;;;
1541752;02/09/2026;Avalado;;SI;NO;ECHEQ;NO;NO;24Hs.;13:36:12;17:00:00;88;716;30,00;30,00;876;$;16.536.000,00;1;Negociada;14:50:34;AFBG;;AFB AVALES S.G.R;AO;;;;;
1541753;02/09/2026;No Garantizado;NO;NO;NO;PAGARE;NO;NO;C.I.;13:36:23;17:00:00;9;553;11,00;11,00;553;DOL;103.677,00;1;Negociada;13:44:12;;30-70898777-4;CLODINET S.A.;;;;;;
1541754;02/09/2026;Avalado;;SI;NO;PAGARE;NO;NO;24Hs.;13:38:22;17:00:00;131;754;7,00;7,00;754;DOL;15.000,00;1;Negociada;14:07:27;ACEN;;Avales del Centro S.G.R.;;;;;;
1541755;02/09/2026;Avalado;;SI;NO;ECHEQ;NO;NO;24Hs.;13:38:39;17:00:00;34;754;26,00;26,00;754;$;30.000.000,00;2;Negociada;16:04:38;INPY;;Integra Pymes S.G.R.;AO;;;;;
1541756;02/09/2026;No Garantizado;SI;SI;NO;FCE;NO;NO;24Hs.;13:41:40;17:00:00;28;598;23,70;24,00;559;$;406.892.208,38;2;Negociada;13:49:55;%VII;33-51595089-9;VISTA ENERGY ARGENTINA S.A.U;;;;;;
1541757;02/09/2026;No Garantizado;NO;SI;NO;ECHEQ;NO;NO;C.I.;13:43:37;17:00:00;69;433;38,00;38,00;433;$;60.000.000,00;1;Negociada;13:45:38;;30-68271370-0;MUTUAL A M F A Y S ASOCIACION MUTUAL;AO;;;;;
1541758;02/09/2026;Garantizado;NO;SI;NO;ECHEQ;NO;NO;24Hs.;13:43:37;17:00:00;47;839;25,00;25,00;839;$;57.182.938,76;25;Negociada;15:50:09;;;;AO;;;;;
1541759;02/09/2026;No Garantizado;SI;SI;NO;ECHEQ;SI;NO;C.I.;13:43:38;17:00:00;42;572;26,50;26,50;572;$;377.481.202,86;1;Negociada;13:54:29;;30-67881435-7;TELEFONICA MOVILES ARGENTINA SOCIEDAD ANONIMA;NO;;;MiPyME FCE - Art. 7 Ley 27.440, Res. SEPYME 340/17, Art. 2 RG 4367/18 y RG 1019/24;;
1541760;02/09/2026;No Garantizado;NO;SI;NO;PAGARE;NO;NO;C.I.;13:43:41;17:00:00;182;724;8,00;8,00;724;DOL;216.300,00;1;Negociada;13:45:42;;33-71601839-9;INTEGRA RECURSOS NATURALES S.A.;;33-71601839-9;INTEGRA RECURSOS NATURALES S.A.;;;
1541761;02/09/2026;No Garantizado;SI;SI;NO;ECHEQ;NO;NO;C.I.;13:43:43;17:00:00;19;;;0,00;502;$;661.863.077,46;1;Desierta (Baja);;;30-69554247-6;PAN AMERICAN ENERGY, S.L., SUCURSAL ARGENTINA;AO;;;Certificado MiPyME;;
1541762;02/09/2026;Garantizado;NO;SI;NO;ECHEQ;SI;NO;24Hs.;13:43:50;17:00:00;48;839;25,00;25,00;839;$;10.721.000,00;1;Negociada;15:50:17;;;;NO;;;;;
1541763;02/09/2026;Garantizado Calificado;NO;SI;NO;ECHEQ;NO;NO;24Hs.;13:44:15;17:00:00;50;839;25,00;25,00;839;$;9.363.817,52;6;Negociada;15:50:29;;;;AO;;;;;
1541764;02/09/2026;No Garantizado;NO;SI;NO;PAGARE;NO;NO;C.I.;13:44:20;17:00:00;181;724;26,00;26,00;724;$;772.000.000,00;1;Negociada;13:46:21;;33-71601839-9;INTEGRA RECURSOS NATURALES S.A.;;33-71601839-9;INTEGRA RECURSOS NATURALES S.A.;;;
1541765;02/09/2026;Garantizado Calificado;NO;SI;NO;ECHEQ;SI;NO;24Hs.;13:44:25;17:00:00;47;839;25,00;25,00;839;$;2.190.184,50;1;Negociada;15:50:39;;;;NO;;;;;
1541766;02/09/2026;Avalado;;SI;NO;ECHEQ;NO;NO;24Hs.;13:44:51;17:00:00;136;406;27,00;27,00;406;$;10.000.000,00;2;Negociada;14:15:45;ARPY;;Argenpymes S.G.R.;AO;;;;;
1541767;02/09/2026;No Garantizado;NO;SI;NO;ECHEQ;NO;NO;24Hs.;13:45:18;17:00:00;34;502;27,00;27,00;502;$;1.000.000.000,00;1;Negociada;13:47:56;;30-65511651-2;EDESUR S A;AO;30-65511651-2;EDESUR S A;;;
1541768;02/09/2026;No Garantizado;SI;SI;NO;ECHEQ;NO;NO;C.I.;13:46:49;17:00:00;60;433;37,00;37,00;433;$;40.000.000,00;4;Negociada;13:48:50;;30-59143556-2;DOSAM SOCIEDAD DE RESPONSABILIDAD LIMITADA;AO;30-59143556-2;DOSAM SOCIEDAD DE RESPONSABILIDAD LIMITADA;Certificado MiPyME;;
1541769;02/09/2026;No Garantizado;SI;SI;NO;ECHEQ;NO;NO;C.I.;13:46:51;17:00:00;31;287;26,45;26,50;572;$;123.068.400,04;2;Negociada;13:55:36;;30-65511620-2;EMPRESA DISTRIBUIDORA Y COMERCIALIZADORA NORTE SOCIEDAD ANONIMA (EDENOR S A);AO;;;MiPyME FCE - Art. 7 Ley 27.440, Res. SEPYME 340/17, Art. 2 RG 4367/18 y RG 1019/24;;
1541770;02/09/2026;No Garantizado;SI;SI;NO;ECHEQ;NO;NO;C.I.;13:46:53;17:00:00;33;754;25,00;25,00;754;$;130.456.092,60;1;Negociada;13:51:36;;30-63945373-8;TELECOM ARGENTINA SOCIEDAD ANONIMA;AO;;;Certificado MiPyME;;
1541771;02/09/2026;No Garantizado;SI;SI;NO;ECHEQ;NO;NO;C.I.;13:47:01;17:00:00;37;572;26,50;26,50;572;$;33.774.838,21;1;Negociada;13:54:51;;30-67775729-5;NATURA COSMETICOS S. A.;AO;;;MiPyME FCE - Art. 7 Ley 27.440, Res. SEPYME 340/17, Art. 2 RG 4367/18 y RG 1019/24;;
1541772;02/09/2026;No Garantizado;SI;SI;NO;ECHEQ;NO;NO;24Hs.;13:47:27;17:00:00;88;523;25,00;25,00;433;$;207.004.442,54;38;Negociada;13:51:03;;30-68537634-9;TARJETA NARANJA S.A.U.;AO;;;Certificado MiPyME;;
1541773;02/09/2026;No Garantizado;SI;SI;NO;ECHEQ;NO;NO;C.I.;13:47:34;17:00:00;43;15;30,00;30,00;793;$;11.271.189,31;1;Negociada;13:49:35;;30-62964267-2;SUPERMERCADOS MAYORISTAS YAGUAR SOCIEDAD ANONIMA;AO;30-71022363-3;LASFOR SRL;Certificado MiPyME;;
1541774;02/09/2026;No Garantizado;NO;SI;NO;ECHEQ;NO;NO;24Hs.;13:47:48;17:00:00;27;767;25,50;25,50;47;$;6.804.274,88;4;Negociada;15:02:59;;30-68537634-9;TARJETA NARANJA S.A.U.;AO;30-55931221-1;CERAMICA CORTINES S A;;;
1541775;02/09/2026;Avalado;;SI;NO;ECHEQ;NO;NO;24Hs.;13:48:03;17:00:00;185;539;24,00;24,00;720;$;149.223.493,95;5;Negociada;13:58:22;BAIN;;BANCO INDUSTRIAL SA;AO;;;;;
1541776;02/09/2026;No Garantizado Calificado;SI;SI;NO;PAGARE;NO;NO;C.I.;13:48:06;17:00:00;68;;;50,00;486;$;10.000.000,00;1;Desierta;;;30-71682909-6;FULLCREDIT S.A.;;30-71682909-6;FULLCREDIT S.A.;Certificado MiPyME;;
1541777;02/09/2026;No Garantizado Calificado;SI;SI;NO;PAGARE;NO;NO;C.I.;13:48:17;17:00:00;69;;;50,00;486;$;10.000.000,00;1;Desierta;;;30-71682909-6;FULLCREDIT S.A.;;30-71682909-6;FULLCREDIT S.A.;Certificado MiPyME;;
1541778;02/09/2026;No Garantizado Calificado;SI;SI;NO;PAGARE;NO;NO;C.I.;13:48:28;17:00:00;69;486;55,00;55,00;486;$;10.000.000,00;1;Negociada;14:26:34;;30-71682909-6;FULLCREDIT S.A.;;30-71682909-6;FULLCREDIT S.A.;Certificado MiPyME;;
1541779;02/09/2026;No Garantizado Calificado;NO;SI;NO;ECHEQ;NO;NO;C.I.;13:48:30;17:00:00;27;554;33,00;33,00;827;$;12.000.000,00;1;Negociada;13:50:31;;30-70846648-0;LOS COIRONES S.A.;AO;30-70846648-0;LOS COIRONES S.A.;;;
1541780;02/09/2026;Avalado;;SI;NO;ECHEQ;NO;NO;24Hs.;13:48:40;17:00:00;137;406;27,00;27,00;406;$;5.000.000,00;1;Negociada;14:16:05;ARPY;;Argenpymes S.G.R.;AO;;;;;
1541781;02/09/2026;No Garantizado Calificado;SI;SI;NO;PAGARE;NO;NO;C.I.;13:48:41;17:00:00;61;;;50,00;486;$;10.000.000,00;1;Desierta;;;30-71682909-6;FULLCREDIT S.A.;;30-71682909-6;FULLCREDIT S.A.;Certificado MiPyME;;
1541782;02/09/2026;No Garantizado;NO;SI;NO;ECHEQ;NO;NO;C.I.;13:49:07;17:00:00;79;433;31,00;31,00;433;$;1.447.200,00;3;Negociada;13:51:08;;30-55184502-4;AGRO CHACO SRL;AO;;;;;
1541783;02/09/2026;No Garantizado Calificado;SI;SI;NO;ECHEQ;NO;NO;24Hs.;13:49:19;17:00:00;139;812;32,00;32,00;702;$;50.400.000,00;7;Negociada;14:43:56;;30-71121463-8;SIEMBRAS Y SILAJES SRL;AO;30-71121463-8;SIEMBRAS Y SILAJES SRL;Certificado MiPyME;;
1541784;02/09/2026;No Garantizado;NO;SI;NO;ECHEQ;NO;NO;C.I.;13:49:21;17:00:00;57;433;31,00;31,00;433;$;1.234.401,02;1;Negociada;13:51:22;;30-71469338-3;DEL CERRO S.R.L.;AO;;;;;
1541785;02/09/2026;Avalado;;SI;NO;ECHEQ;NO;NO;24Hs.;13:49:31;17:00:00;73;442;26,00;26,00;442;$;4.000.000,00;2;Negociada;13:54:29;ARPY;;Argenpymes S.G.R.;AO;;;;;
1541787;02/09/2026;No Garantizado;NO;SI;NO;ECHEQ;NO;NO;C.I.;13:49:48;17:00:00;90;433;31,00;31,00;433;$;985.744,00;1;Negociada;13:51:50;;30-71127885-7;MAQUINARIAS H Y M S.A.;AO;;;;;
1541788;02/09/2026;Avalado;;SI;NO;ECHEQ;NO;NO;24Hs.;13:49:52;17:00:00;98;406;24,00;25,00;423;$;200.000.000,00;8;Negociada;13:53:14;ARPY;;Argenpymes S.G.R.;AO;;;;;
1541789;02/09/2026;No Garantizado Calificado;NO;NO;NO;PAGARE;NO;NO;24Hs.;13:50:00;17:00:00;8;;;0,00;439;$;166.000.000,00;1;Desierta (Baja);;;30-71229973-4;GAFER S.A.;;;;;;
1541790;02/09/2026;Avalado;;SI;NO;ECHEQ;NO;NO;24Hs.;13:50:00;17:00:00;67;545;27,00;27,00;529;$;50.000.000,00;1;Negociada;15:14:50;AVLR;;Aval Ar S.G.R.;AO;;;;;
1541791;02/09/2026;No Garantizado;NO;SI;NO;ECHEQ;NO;NO;C.I.;13:50:05;17:00:00;66;433;31,00;31,00;433;$;4.794.744,00;3;Negociada;13:52:06;;30-71499317-4;SECAR SRL;AO;;;;;
1541792;02/09/2026;No Garantizado;NO;SI;NO;PAGARE;NO;NO;C.I.;13:50:08;17:00:00;76;724;26,00;26,00;724;$;452.000.000,00;1;Negociada;13:52:10;;30-50054484-4;COMPAÑIA MINERA AGUILAR S.A.;;30-50054484-4;COMPAÑIA MINERA AGUILAR S.A.;;;
1541793;02/09/2026;Avalado;;SI;NO;ECHEQ;NO;NO;24Hs.;13:50:17;17:00:00;67;545;27,00;27,00;529;$;20.000.000,00;1;Negociada;15:46:26;AVLR;;Aval Ar S.G.R.;AO;;;;;
1541794;02/09/2026;No Garantizado;NO;SI;NO;ECHEQ;NO;NO;C.I.;13:50:21;17:00:00;79;433;31,00;31,00;433;$;34.093.243,00;4;Negociada;13:52:22;;30-71678096-8;SRB OBRAS Y SERVICIOS S.R.L.;AO;;;;;
1541795;02/09/2026;No Garantizado;NO;NO;NO;PAGARE;NO;NO;24Hs.;13:50:24;17:00:00;8;;;0,00;439;$;86.600.074,00;1;Desierta (Baja);;;30-71242568-3;ELARGAS S.A.P.E.M.;;;;;;
1541796;02/09/2026;No Garantizado;NO;SI;NO;PAGARE;NO;NO;C.I.;13:50:26;17:00:00;148;553;11,00;11,00;553;DOL;116.890,00;1;Negociada;13:53:33;;30-70898777-4;CLODINET S.A.;;30-70898777-4;CLODINET S.A.;;;
1541797;02/09/2026;Avalado;;SI;NO;ECHEQ;NO;NO;24Hs.;13:50:29;17:00:00;117;;;28,00;529;$;30.000.000,00;2;Desierta;;AVLR;;Aval Ar S.G.R.;AO;;;;;
1541798;02/09/2026;No Garantizado;SI;SI;NO;FCE;NO;NO;C.I.;13:50:49;17:00:00;42;15;26,00;26,00;15;$;575.240.450,60;3;Negociada;14:28:18;%PLT;30-71515437-0;PLUSPETROL S.A.YSUR ENERGIA ARGENTINA S.R.L.- AREA CNQ-26 LA CALERA- UNION TRANSITORIA DE EMPRESAS;;;;;;
1541799;02/09/2026;Garantizado;SI;SI;NO;ECHEQ;NO;NO;24Hs.;13:51:37;17:00:00;47;523;24,00;24,00;598;$;23.164.990,69;3;Negociada;14:49:35;;;;AO;;;Certificado MiPyME;;
1541800;02/09/2026;Garantizado Calificado;SI;SI;NO;ECHEQ;NO;NO;24Hs.;13:51:47;17:00:00;34;406;25,00;25,00;598;$;8.526.777,61;1;Negociada;15:05:04;;;;AO;;;Certificado MiPyME;;
1541801;02/09/2026;Avalado;;SI;NO;ECHEQ;SI;NO;24Hs.;13:52:08;17:00:00;58;442;23,70;24,00;720;$;24.428.413,03;22;Negociada;13:56:42;BAIN;;BANCO INDUSTRIAL SA;NO;;;;;
1541802;02/09/2026;Avalado;;NO;NO;ECHEQ;SI;NO;24Hs.;13:52:32;17:00:00;68;422;23,99;24,00;422;$;40.000.000,00;4;Negociada;15:21:09;CMFI;;BANCO COMAFI S.A.;NO;;;;;
1541803;02/09/2026;No Garantizado;NO;SI;NO;ECHEQ;NO;NO;24Hs.;13:53:03;17:00:00;87;;;36,00;767;$;150.000.000,00;20;Desierta;;;30-71511397-6;JET OIL TECHNOLOGY SA;AO;30-71511397-6;JET OIL TECHNOLOGY SA;;;
1541804;02/09/2026;No Garantizado;SI;SI;NO;ECHEQ;NO;NO;C.I.;13:53:10;17:00:00;30;569;32,00;32,00;569;$;140.000.000,00;1;Negociada;13:55:12;;30-69717277-3;PARAMERICA S A;AO;30-71616665-8;ZADAR S.A.;Certificado MiPyME;;
1541805;02/09/2026;No Garantizado Calificado;SI;SI;NO;ECHEQ;NO;NO;C.I.;13:53:56;17:00:00;103;572;47,00;47,00;572;$;25.000.000,00;1;Negociada;13:55:58;;30-70844240-9;MAXIMIA SA;AO;30-70844240-9;MAXIMIA SA;MiPyME FCE - Art. 7 Ley 27.440, Res. SEPYME 340/17, Art. 2 RG 4367/18 y RG 1019/24;;
1541806;02/09/2026;Avalado;;SI;NO;ECHEQ;NO;NO;24Hs.;13:55:57;17:00:00;41;;;20,00;449;$;18.000.000,00;1;Desierta;;FAEC;;FIDEICOM.DE AFECT. ESPEC.;AO;;;;;
1541807;02/09/2026;Avalado;;SI;NO;ECHEQ;NO;NO;24Hs.;13:56:03;17:00:00;29;;;20,00;449;$;18.750.000,00;1;Desierta;;FAEC;;FIDEICOM.DE AFECT. ESPEC.;AO;;;;;
1541808;02/09/2026;Avalado;;SI;NO;ECHEQ;NO;NO;C.I.;13:56:33;17:00:00;70;422;24,00;24,00;422;$;36.070.425,47;25;Negociada;15:21:30;CMFI;;BANCO COMAFI S.A.;AO;;;;;
1541809;02/09/2026;Avalado;;SI;NO;ECHEQ;NO;NO;24Hs.;13:59:24;17:00:00;72;15;24,00;24,00;15;$;44.363.044,87;3;Negociada;14:05:12;GARA;;Garantizar S.G.R.;AO;;;;;
1541810;02/09/2026;Avalado;;SI;NO;ECHEQ;SI;NO;24Hs.;13:59:35;17:00:00;109;406;23,00;24,00;15;$;111.713.505,12;5;Negociada;14:12:44;GARA;;Garantizar S.G.R.;NO;;;;;
1541811;02/09/2026;Avalado;;SI;NO;ECHEQ;NO;NO;24Hs.;13:59:43;17:00:00;36;15;25,00;25,00;839;$;50.000.000,00;5;Negociada;14:48:52;MOVI;;MOVIL S.G.R.;AO;;;;;
1541812;02/09/2026;Avalado;;SI;NO;ECHEQ;NO;NO;C.I.;14:01:24;17:00:00;20;852;24,00;24,00;422;$;53.824.394,64;5;Negociada;14:54:19;CMFI;;BANCO COMAFI S.A.;AO;;;;;
1541813;02/09/2026;No Garantizado;NO;SI;NO;ECHEQ;NO;NO;24Hs.;14:01:36;17:00:00;104;569;28,00;28,00;525;$;34.128.925,39;3;Negociada;16:36:57;;30-68537634-9;TARJETA NARANJA S.A.U.;AO;30-70972635-4;ALCOSUR S.A.;;;
1541814;02/09/2026;Avalado;;SI;NO;ECHEQ;NO;NO;24Hs.;14:01:38;17:00:00;62;442;24,00;24,00;422;$;3.000.000,00;3;Negociada;14:54:27;CMFI;;BANCO COMAFI S.A.;AO;;;;;
1541816;02/09/2026;Avalado;;SI;NO;ECHEQ;NO;NO;24Hs.;14:01:40;17:00:00;47;442;25,00;25,00;517;$;119.320.271,27;1;Negociada;14:22:20;AVAL;;Avaluar S.G.R.;AO;;;;;
1541817;02/09/2026;Avalado;;SI;NO;ECHEQ;NO;NO;24Hs.;14:01:59;17:00:00;28;442;24,00;24,00;422;$;2.180.177,06;2;Negociada;15:17:09;CMFI;;BANCO COMAFI S.A.;AO;;;;;
1541818;02/09/2026;No Garantizado;NO;SI;NO;ECHEQ;NO;NO;C.I.;14:02:02;17:00:00;91;764;33,00;33,00;764;$;29.980.000,00;1;Negociada;15:47:31;;30-70715267-9;AGM ARGENTINA S. A.;AO;;;;;
1541819;02/09/2026;No Garantizado;NO;SI;NO;ECHEQ;NO;NO;24Hs.;14:02:14;17:00:00;21;841;27,00;27,00;755;$;76.434.415,08;1;Negociada;14:04:15;;30-70023835-7;ELCOR S.A;AO;;;;;
1541820;02/09/2026;No Garantizado;NO;SI;NO;ECHEQ;NO;NO;C.I.;14:02:29;17:00:00;40;767;25,50;25,50;767;$;16.094.397,10;8;Negociada;14:11:07;;30-68537634-9;TARJETA NARANJA S.A.U.;AO;;;;;
1541821;02/09/2026;Avalado;;SI;NO;ECHEQ;NO;NO;24Hs.;14:02:31;17:00:00;55;442;24,00;24,00;422;$;4.004.749,04;4;Negociada;14:04:33;CMFI;;BANCO COMAFI S.A.;AO;;;;;
1541822;02/09/2026;Avalado;;SI;NO;ECHEQ;SI;NO;24Hs.;14:02:52;17:00:00;217;502;26,00;26,00;764;$;37.935.000,00;9;Negociada;14:21:19;ACPY;;Acindar Pymes S.G.R.;NO;;;;;
1541823;02/09/2026;No Garantizado Calificado;NO;NO;NO;PAGARE;NO;NO;C.I.;14:03:18;17:00:00;9;439;20,00;20,00;439;$;166.000.000,00;1;Negociada;14:05:20;;30-71229973-4;GAFER S.A.;;;;;;
1541824;02/09/2026;No Garantizado Calificado;NO;SI;NO;ECHEQ;NO;NO;24Hs.;14:03:27;17:00:00;50;525;56,00;56,00;525;$;10.000.000,00;1;Negociada;14:05:28;;30-50560792-5;ECOSUR BAHIA SOCIEDAD ANONIMA;AO;30-50560792-5;ECOSUR BAHIA SOCIEDAD ANONIMA;;;
1541825;02/09/2026;Avalado;;SI;NO;ECHEQ;NO;NO;24Hs.;14:03:33;17:00:00;148;501;27,00;27,00;716;$;10.000.000,00;1;Negociada;14:05:34;FOGA;;Fdo. de Gtias. del Chaco;AO;;;;;
1541826;02/09/2026;No Garantizado;NO;NO;NO;PAGARE;NO;NO;C.I.;14:04:01;17:00:00;9;439;20,00;20,00;439;$;86.600.074,00;1;Negociada;14:06:02;;30-71242568-3;ELARGAS S.A.P.E.M.;;;;;;
1541827;02/09/2026;No Garantizado;NO;SI;NO;ECHEQ;NO;NO;C.I.;14:04:13;17:00:00;64;767;28,00;28,00;767;$;1.954.874,79;2;Negociada;14:06:14;;20-23343038-3;MARTINEZ EZEQUIEL;AO;;;;;
1541828;02/09/2026;No Garantizado;NO;SI;NO;PAGARE;NO;NO;C.I.;14:04:39;17:00:00;91;439;20,00;20,00;439;$;77.995.478,00;1;Negociada;14:06:41;;30-71242568-3;ELARGAS S.A.P.E.M.;;30-71242568-3;ELARGAS S.A.P.E.M.;;;
1541829;02/09/2026;No Garantizado;NO;SI;NO;ECHEQ;NO;NO;C.I.;14:04:45;17:00:00;100;767;28,00;28,00;767;$;506.748,00;2;Negociada;14:06:47;;20-93228352-3;MASSUET Y LA ORDEN JOSE MARIA;AO;;;;;
1541830;02/09/2026;No Garantizado Calificado;NO;SI;NO;PAGARE;NO;NO;C.I.;14:04:51;17:00:00;91;439;20,00;20,00;439;$;174.962.830,00;1;Negociada;14:06:53;;30-71229973-4;GAFER S.A.;;30-71229973-4;GAFER S.A.;;;
1541831;02/09/2026;Avalado;;SI;NO;PAGARE;NO;NO;24Hs.;14:04:57;17:00:00;374;767;7,50;7,50;526;DOL;45.000,00;2;Negociada;16:12:58;NOVA;;INNOVA S.G.R.;;;;;;
1541832;02/09/2026;No Garantizado;NO;SI;NO;ECHEQ;NO;NO;C.I.;14:05:30;17:00:00;28;572;34,00;34,00;793;$;20.000.000,00;1;Negociada;14:12:09;;30-56586017-4;SUMAIN SCA;AO;30-56586017-4;SUMAIN SCA;;;
1541833;02/09/2026;No Garantizado;SI;SI;NO;ECHEQ;NO;NO;C.I.;14:05:38;17:00:00;21;572;31,00;31,00;572;$;767.110,72;1;Negociada;14:14:16;;30-59102580-1;MAREUBA S A;AO;;;MiPyME FCE - Art. 7 Ley 27.440, Res. SEPYME 340/17, Art. 2 RG 4367/18 y RG 1019/24;;
1541834;02/09/2026;No Garantizado;SI;SI;NO;ECHEQ;NO;NO;C.I.;14:05:45;17:00:00;58;572;35,00;35,00;572;$;264.709,38;1;Negociada;14:14:29;;30-71132046-2;TABORRO OMAR E. Y TABORRO RAMIRO S.H.;AO;;;MiPyME FCE - Art. 7 Ley 27.440, Res. SEPYME 340/17, Art. 2 RG 4367/18 y RG 1019/24;;
1541835;02/09/2026;Avalado;;SI;NO;PAGARE;NO;NO;C.I.;14:05:51;17:00:00;153;734;5,50;5,50;755;U$S;180.000,00;1;Negociada;15:08:43;BIND;;Garantias Bind S.G.R.;;;;;;
1541836;02/09/2026;No Garantizado;SI;SI;NO;ECHEQ;NO;NO;C.I.;14:05:54;17:00:00;91;572;40,00;40,00;572;$;2.682.588,00;1;Negociada;14:14:00;;23-05065973-9;GALLO CAMILO ROBERTO;AO;;;MiPyME FCE - Art. 7 Ley 27.440, Res. SEPYME 340/17, Art. 2 RG 4367/18 y RG 1019/24;;
1541837;02/09/2026;No Garantizado;SI;SI;NO;ECHEQ;NO;NO;C.I.;14:06:02;17:00:00;55;572;35,00;35,00;572;$;162.391,07;1;Negociada;14:13:51;;30-71713160-2;AGROFERRARI S. A. S.;AO;;;MiPyME FCE - Art. 7 Ley 27.440, Res. SEPYME 340/17, Art. 2 RG 4367/18 y RG 1019/24;;
1541838;02/09/2026;No Garantizado;NO;SI;NO;ECHEQ;NO;NO;C.I.;14:06:16;17:00:00;90;718;30,00;30,00;718;$;150.000.000,00;12;Negociada;14:08:18;;30-70237832-6;LOS CARPINCHOS S R L;AO;;;;;
1541839;02/09/2026;No Garantizado;NO;SI;NO;ECHEQ;NO;NO;C.I.;14:06:29;17:00:00;42;;;0,00;718;$;20.181.534,64;2;Desierta (Baja);;;30-63730076-4;EL BOYERO S A;AO;;;;;
1541840;02/09/2026;No Garantizado;NO;SI;NO;ECHEQ;NO;NO;C.I.;14:06:30;17:00:00;52;572;34,00;34,00;755;$;40.000.000,00;4;Negociada;14:56:38;;33-71121154-9;JUAN ETCHEMAITE S.R.L;AO;;;;;
1541841;02/09/2026;No Garantizado;NO;SI;NO;ECHEQ;NO;NO;C.I.;14:06:41;17:00:00;56;;;0,00;718;$;3.367.178,21;1;Desierta (Baja);;;30-57694384-5;GRIGNON SEMILLAS SOC RESP LTA;AO;;;;;
1541842;02/09/2026;No Garantizado;SI;SI;NO;ECHEQ;NO;NO;C.I.;14:06:51;17:00:00;20;718;30,00;30,00;718;$;1.482.562,50;1;Negociada;14:08:53;;30-71499157-0;LOGISTICA CARPINO SOCIEDAD ANONIMA;AO;;;Certificado MiPyME;;
1541843;02/09/2026;Avalado;;SI;NO;ECHEQ;NO;NO;24Hs.;14:07:13;17:00:00;162;406;24,00;24,00;809;$;190.724.102,00;17;Negociada;14:09:14;BMAR;;BANCO MARIVA S.A.;AO;;;;;
1541844;02/09/2026;No Garantizado;NO;SI;NO;ECHEQ;NO;NO;24Hs.;14:07:28;17:00:00;62;804;33,00;33,00;804;$;10.000.000,00;1;Negociada;14:09:30;;30-62451743-8;AGRO-EXPORTADORA SAN CEFERINO SA;AO;30-62451743-8;AGRO-EXPORTADORA SAN CEFERINO SA;;;
1541845;02/09/2026;No Garantizado;NO;SI;NO;ECHEQ;NO;NO;C.I.;14:08:13;17:00:00;9;545;25,19;25,19;545;$;1.811.311.720,41;1;Negociada;14:20:24;;30-71199861-2;DLP CAPITAL PARTNERS S. A.;AO;30-71199861-2;DLP CAPITAL PARTNERS S. A.;;;
1541846;02/09/2026;Garantizado;NO;SI;NO;ECHEQ;NO;NO;C.I.;14:08:22;17:00:00;72;523;26,00;26,00;767;$;2.000.000,00;1;Negociada;15:08:21;;;;AO;;;;;
1541847;02/09/2026;No Garantizado;NO;SI;NO;ECHEQ;NO;NO;C.I.;14:08:31;17:00:00;32;427;37,00;37,00;427;$;2.338.349,20;2;Negociada;14:10:32;;30-71093821-7;COMERCIAL DAYPE SA;AO;;;;;
1541848;02/09/2026;No Garantizado;NO;SI;NO;ECHEQ;NO;NO;C.I.;14:09:45;17:00:00;46;465;35,00;35,00;465;$;3.416.643,40;2;Negociada;14:11:47;;33-52054574-9;SMITH S.A.;AO;30-71043111-2;PATOCO Y CIA SOCIEDAD DE RESPONSABILIDAD LIMITADA;;;
1541849;02/09/2026;No Garantizado;NO;SI;NO;PAGARE;NO;NO;C.I.;14:09:46;17:00:00;509;406;10,00;10,00;406;DOL;125.000,00;1;Negociada;14:14:43;;30-66453417-3;SAN JOAQUIN S A;;30-66453417-3;SAN JOAQUIN S A;;;
1541850;02/09/2026;No Garantizado;NO;SI;NO;ECHEQ;NO;NO;24Hs.;14:10:17;17:00:00;57;804;33,00;33,00;804;$;100.000.000,00;10;Negociada;14:12:18;;30-70824178-0;TERRANDES SA;AO;30-70824178-0;TERRANDES SA;;;
1541851;02/09/2026;No Garantizado;SI;SI;NO;FCE;NO;NO;24Hs.;14:10:25;17:00:00;26;;;32,00;767;$;182.525.858,19;1;Desierta;;%AUU;30-57487647-4;AUTOPISTAS URBANAS S. A.;;;;;;
1541852;02/09/2026;No Garantizado;SI;SI;NO;FCE;NO;NO;24Hs.;14:10:38;17:00:00;26;;;32,00;767;$;3.110.789.198,65;1;Desierta;;%AUU;30-57487647-4;AUTOPISTAS URBANAS S. A.;;;;;;
1541853;02/09/2026;Avalado;;SI;NO;ECHEQ;NO;NO;C.I.;14:11:20;17:00:00;71;433;30,00;30,00;433;$;300.000.000,00;3;Negociada;14:54:03;BINT;;Banco Interfinanzas S.A.;AO;;;;;
1541854;02/09/2026;No Garantizado;NO;SI;NO;ECHEQ;NO;NO;C.I.;14:11:22;17:00:00;19;434;29,00;29,00;434;$;170.000.000,00;1;Negociada;14:13:24;;30-59879747-8;COBENSIL S.A.;AO;30-59879747-8;COBENSIL S.A.;;;
1541855;02/09/2026;No Garantizado;NO;SI;NO;PAGARE;NO;NO;24Hs.;14:11:28;17:00:00;214;427;9,50;9,50;427;U$D;20.000,00;1;Negociada;14:13:30;;30-70850558-3;MADA S.A.;;30-70850558-3;MADA S.A.;;;
1541856;02/09/2026;Avalado;;SI;NO;ECHEQ;NO;NO;C.I.;14:11:30;17:00:00;71;524;30,00;30,50;433;$;300.000.000,00;3;Negociada;14:56:48;BINT;;Banco Interfinanzas S.A.;AO;;;;;
1541857;02/09/2026;No Garantizado;NO;SI;NO;ECHEQ;NO;NO;24Hs.;14:11:56;17:00:00;55;;;27,00;767;$;2.243.037,49;3;Desierta;;;30-71564037-2;TERRA VITA S.R.L.;AO;20-33814094-1;CAFFARATTI JOSE GUSTAVO;;;
1541858;02/09/2026;No Garantizado;NO;SI;NO;ECHEQ;NO;NO;24Hs.;14:12:08;17:00:00;52;;;27,00;767;$;10.715.960,00;4;Desierta;;;30-71209679-5;INGENIERIA ELECTRICA SA;AO;20-33814094-1;CAFFARATTI JOSE GUSTAVO;;;
1541859;02/09/2026;No Garantizado;NO;SI;NO;ECHEQ;NO;NO;24Hs.;14:12:19;17:00:00;91;;;27,00;767;$;1.750.953,00;3;Desierta;;;20-31139133-0;PASCUAL GABINO RAUL;AO;20-33814094-1;CAFFARATTI JOSE GUSTAVO;;;
1541860;02/09/2026;No Garantizado;NO;SI;NO;ECHEQ;NO;NO;24Hs.;14:12:31;17:00:00;50;;;27,00;767;$;346.629,45;1;Desierta;;;27-23218750-1;FIEGE MYRIAN CAROLINA;AO;20-33814094-1;CAFFARATTI JOSE GUSTAVO;;;
1541861;02/09/2026;No Garantizado;NO;SI;NO;ECHEQ;NO;NO;24Hs.;14:12:42;17:00:00;50;;;27,00;767;$;1.756.397,62;4;Desierta;;;30-71030416-1;SALA SA;AO;20-33814094-1;CAFFARATTI JOSE GUSTAVO;;;
1541862;02/09/2026;Avalado;;SI;NO;ECHEQ;NO;NO;24Hs.;14:13:05;17:00:00;62;406;25,00;25,00;767;$;5.000.000,00;1;Negociada;14:15:07;ARPY;;Argenpymes S.G.R.;AO;;;;;
1541863;02/09/2026;No Garantizado;NO;SI;NO;ECHEQ;NO;NO;24Hs.;14:15:28;17:00:00;49;804;33,00;33,00;804;$;50.000.000,00;5;Negociada;14:17:30;;30-70824178-0;TERRANDES SA;AO;30-70824178-0;TERRANDES SA;;;
1541864;02/09/2026;No Garantizado;SI;SI;NO;ECHEQ;NO;NO;C.I.;14:15:42;17:00:00;42;718;35,00;35,00;718;$;20.181.534,64;2;Negociada;14:17:43;;30-63730076-4;EL BOYERO S A;AO;;;Certificado MiPyME;;
1541865;02/09/2026;No Garantizado;SI;SI;NO;ECHEQ;NO;NO;C.I.;14:15:51;17:00:00;56;718;35,00;35,00;718;$;3.367.178,21;1;Negociada;14:17:53;;30-57694384-5;GRIGNON SEMILLAS SOC RESP LTA;AO;;;Certificado MiPyME;;
1541866;02/09/2026;No Garantizado;NO;SI;NO;ECHEQ;NO;NO;C.I.;14:16:31;17:00:00;40;767;28,00;28,00;767;$;1.462.339,00;18;Negociada;14:18:33;;20-13935864-4;IACONO CLAUDIO BLAS;AO;;;;;
1541867;02/09/2026;No Garantizado;NO;SI;NO;ECHEQ;NO;NO;C.I.;14:17:18;17:00:00;79;767;28,00;28,00;767;$;1.028.809,00;2;Negociada;14:19:20;;27-16264663-5;ETCHEBARNE ELISABET MARCELA;AO;;;;;
1541868;02/09/2026;No Garantizado;NO;SI;NO;ECHEQ;NO;NO;C.I.;14:17:36;17:00:00;55;554;66,00;66,00;827;$;1.500.000,00;1;Negociada;14:19:38;;20-29236763-6;MADAF GUILLERMO ALEJANDRO;AO;20-30984094-2;ELIZONDO APARICI PABLO EXEQUIEL;;;
1541869;02/09/2026;No Garantizado Calificado;NO;SI;NO;ECHEQ;NO;NO;C.I.;14:18:12;17:00:00;80;767;28,00;28,00;767;$;1.394.545,95;9;Negociada;14:20:14;;27-18161140-0;HARWICZ LAURA GISELLE;AO;;;;;
1541870;02/09/2026;No Garantizado;NO;SI;NO;ECHEQ;NO;NO;C.I.;14:18:31;17:00:00;59;804;33,00;33,00;804;$;270.000.000,00;9;Negociada;14:20:33;;30-70824546-8;AGRONEGOCIOS DEL PLATA SRL;AO;30-71332270-5;VITALCAN S.A.;;;
1541871;02/09/2026;No Garantizado;NO;SI;NO;ECHEQ;NO;NO;C.I.;14:18:50;17:00:00;61;767;28,00;28,00;767;$;13.880.890,10;5;Negociada;14:20:51;;27-35659183-1;COSTANZO MARIA CANDELARIA;AO;;;;;
1541872;02/09/2026;Avalado;;SI;NO;ECHEQ;NO;NO;24Hs.;14:18:58;17:00:00;91;287;24,00;24,00;754;$;25.000.000,00;1;Negociada;14:50:44;ACPY;;Acindar Pymes S.G.R.;AO;;;;;
1541873;02/09/2026;No Garantizado;NO;SI;NO;ECHEQ;NO;NO;C.I.;14:19:21;17:00:00;56;767;28,00;28,00;767;$;3.703.724,02;2;Negociada;14:21:23;;27-95311180-8;CHANG CHUN PING;AO;;;;;
1541874;02/09/2026;No Garantizado;NO;SI;NO;ECHEQ;NO;NO;C.I.;14:19:35;17:00:00;75;804;33,50;33,50;804;$;300.000.000,00;10;Negociada;14:21:37;;30-70824546-8;AGRONEGOCIOS DEL PLATA SRL;AO;30-71332270-5;VITALCAN S.A.;;;
1541875;02/09/2026;No Garantizado;NO;SI;NO;ECHEQ;NO;NO;C.I.;14:19:50;17:00:00;71;767;28,00;28,00;767;$;8.226.968,88;2;Negociada;14:21:52;;30-61811342-2;DON GASTON SA;AO;;;;;
1541876;02/09/2026;Avalado;;SI;NO;ECHEQ;NO;NO;C.I.;14:19:51;17:00:00;115;406;27,00;27,00;465;$;22.500.000,00;4;Negociada;14:22:36;ARPY;;Argenpymes S.G.R.;AO;;;;;
1541877;02/09/2026;Avalado;;SI;NO;ECHEQ;NO;NO;24Hs.;14:20:00;17:00:00;143;;;29,00;754;$;20.000.000,00;2;Desierta;;ACEN;;Avales del Centro S.G.R.;AO;;;;;
1541878;02/09/2026;No Garantizado Calificado;NO;SI;NO;ECHEQ;NO;NO;C.I.;14:20:17;17:00:00;80;767;28,00;28,00;767;$;16.000.000,00;2;Negociada;14:22:18;;30-69286993-8;MARTINA DI TRENTO S A;AO;;;;;
1541879;02/09/2026;No Garantizado;NO;SI;NO;PAGARE;NO;NO;24Hs.;14:20:26;17:00:00;29;15;32,00;32,00;591;$;262.700.000,00;1;Negociada;16:08:25;;30-71213675-4;RSC S.A. S. A.;;30-71213675-4;RSC S.A. S. A.;;;
1541880;02/09/2026;No Garantizado;NO;SI;NO;ECHEQ;NO;NO;C.I.;14:20:49;17:00:00;49;767;28,00;28,00;767;$;4.820.285,99;5;Negociada;14:22:50;;30-70835611-1;DISTRIBAZ S.A.;AO;;;;;
1541881;02/09/2026;No Garantizado;NO;SI;NO;ECHEQ;NO;NO;C.I.;14:21:23;17:00:00;49;767;28,00;28,00;767;$;669.818,00;2;Negociada;14:23:25;;30-71736813-0;ONDA VINTAGE S. A.;AO;;;;;
1541882;02/09/2026;No Garantizado;NO;SI;NO;ECHEQ;NO;NO;C.I.;14:21:54;17:00:00;80;767;28,00;28,00;767;$;3.442.997,50;2;Negociada;14:23:55;;33-71623159-9;BLACK S. R. L.;AO;;;;;
1541883;02/09/2026;No Garantizado;SI;SI;NO;ECHEQ;NO;NO;24Hs.;14:21:55;17:00:00;26;;;26,00;819;$;113.106.514,52;1;Desierta;;;33-65260768-9;PETROLEOS SUDAMERICANOS SA;AO;30-71915044-2;JOTA ENERGY S. A. S.;Certificado MiPyME;;
1541884;02/09/2026;No Garantizado;NO;SI;NO;ECHEQ;NO;NO;C.I.;14:22:22;17:00:00;57;767;28,00;28,00;767;$;383.316,00;2;Negociada;14:24:23;;33-71683720-9;TIENDA PEPINO;AO;;;;;
1541885;02/09/2026;No Garantizado;NO;SI;NO;ECHEQ;NO;NO;C.I.;14:22:49;17:00:00;91;767;28,00;28,00;767;$;8.441.715,00;1;Negociada;14:24:50;;30-61610741-7;ABRAHAM Y BERNARDO BRANT SOCIEDAD DE LA SECC IV LGS (ART 21 A 26);AO;;;;;
1541886;02/09/2026;No Garantizado;SI;SI;NO;PAGARE;NO;NO;C.I.;14:22:50;17:00:00;387;587;85,00;85,00;587;$;574.000.000,00;1;Negociada;14:24:52;;33-61450253-9;DON TOMAS S. A.;;33-61450253-9;DON TOMAS S. A.;Certificado MiPyME;;
1541887;02/09/2026;No Garantizado Calificado;NO;SI;NO;ECHEQ;NO;NO;C.I.;14:23:04;17:00:00;59;792;50,00;50,00;792;$;12.000.000,00;3;Negociada;14:25:28;;30-70987846-4;DELTA TRADING S.R.L.;AO;20-31273524-6;HEGOUABURU GUILLERMO;;;
1541888;02/09/2026;No Garantizado;NO;SI;NO;ECHEQ;NO;NO;C.I.;14:23:11;17:00:00;91;767;28,00;28,00;767;$;1.126.524,00;1;Negociada;14:25:28;;30-71915596-7;ESTUDIO LIMON S.A.;AO;;;;;
1541889;02/09/2026;No Garantizado;NO;SI;NO;ECHEQ;NO;NO;C.I.;14:23:31;17:00:00;48;767;28,00;28,00;767;$;1.000.000,00;1;Negociada;14:25:32;;30-71604133-2;LA SERENA S. CAP I SECC IV;AO;;;;;
1541890;02/09/2026;No Garantizado;NO;SI;NO;ECHEQ;NO;NO;C.I.;14:24:43;17:00:00;28;718;30,00;30,00;767;$;6.000.000,00;3;Negociada;14:26:45;;30-51098410-9;SUCESORES DE SALOMON JALIL S R L;AO;30-71685944-0;GRANO CAMPO SAS;;;
1541891;02/09/2026;No Garantizado;NO;SI;NO;PAGARE;NO;NO;24Hs.;14:25:12;17:00:00;362;;;7,00;832;U$D;126.922,95;1;Desierta;;;33-70745084-9;RINDES Y CULTIVOS DAS S.A.;;33-70745084-9;RINDES Y CULTIVOS DAS S.A.;;;
1541892;02/09/2026;No Garantizado Calificado;SI;SI;NO;ECHEQ;NO;NO;C.I.;14:25:22;17:00:00;71;770;44,50;44,50;770;$;46.000.000,00;1;Negociada;14:57:36;;30-50560792-5;ECOSUR BAHIA SOCIEDAD ANONIMA;AO;30-50560792-5;ECOSUR BAHIA SOCIEDAD ANONIMA;Certificado MiPyME;;
1541893;02/09/2026;No Garantizado;NO;SI;NO;ECHEQ;NO;NO;C.I.;14:26:04;17:00:00;30;545;55,00;55,00;545;$;70.000.000,00;1;Negociada;14:28:58;;30-71640610-1;S&S SOLUTIONS S.A;AO;30-71640610-1;S&S SOLUTIONS S.A;;;
1541894;02/09/2026;No Garantizado;SI;SI;NO;FCE;NO;NO;C.I.;14:26:04;17:00:00;42;791;24,00;24,00;791;$;13.830.412,75;1;Negociada;14:28:06;%PAE;30-69554247-6;PAN AMERICAN ENERGY, S.L., SUCURSAL ARGENTINA;;;;;;
1541895;02/09/2026;No Garantizado;NO;SI;NO;PAGARE;NO;NO;24Hs.;14:26:33;17:00:00;207;767;10,00;10,00;767;U$D;200.000,00;2;Negociada;14:28:34;;30-70794361-7;CLADAN SA;;30-70794361-7;CLADAN SA;;;
1541896;02/09/2026;No Garantizado;NO;SI;NO;ECHEQ;NO;NO;C.I.;14:26:35;17:00:00;30;545;55,00;55,00;545;$;30.000.000,00;1;Negociada;14:29:06;;30-71640610-1;S&S SOLUTIONS S.A;AO;30-71640610-1;S&S SOLUTIONS S.A;;;
1541897;02/09/2026;Avalado;;SI;NO;ECHEQ;NO;NO;24Hs.;14:28:32;17:00:00;26;;;22,00;11;$;30.000.000,00;1;Desierta;;FEDE;;Aval Federal S.G.R.;AO;;;;;
1541898;02/09/2026;Avalado;;SI;NO;ECHEQ;NO;NO;24Hs.;14:28:32;17:00:00;74;449;24,00;24,00;422;$;11.119.900,00;3;Negociada;14:30:33;CMFI;;BANCO COMAFI S.A.;AO;;;;;
1541899;02/09/2026;No Garantizado;NO;SI;NO;PAGARE;NO;NO;24Hs.;14:28:46;17:00:00;179;767;10,00;10,00;767;U$D;200.000,00;2;Negociada;15:07:46;;30-70794361-7;CLADAN SA;;30-70794361-7;CLADAN SA;;;
1541900;02/09/2026;Avalado;;SI;NO;ECHEQ;NO;NO;24Hs.;14:29:06;17:00:00;69;442;25,00;25,00;11;$;4.000.000,00;1;Negociada;14:53:50;UNIO;;Union S.G.R.;AO;;;;;
1541901;02/09/2026;Avalado;;SI;NO;ECHEQ;NO;NO;24Hs.;14:31:47;17:00:00;70;449;25,00;25,00;804;$;10.884.622,22;2;Negociada;14:33:48;CUAV;;Cuyo Aval S.G.R.;AO;;;;;
1541902;02/09/2026;Avalado;;SI;NO;ECHEQ;NO;NO;24Hs.;14:34:02;17:00:00;92;;;22,00;406;$;150.000.000,00;7;Desierta;;UNIO;;Union S.G.R.;AO;;;;;
1541903;02/09/2026;Avalado;;SI;NO;ECHEQ;NO;NO;24Hs.;14:36:03;17:00:00;142;;;28,00;754;$;50.000.000,00;5;Desierta;;TRND;;Trend S.G.R.;AO;;;;;
1541904;02/09/2026;Avalado;;SI;NO;PAGARE;NO;NO;24Hs.;14:36:25;17:00:00;218;430;7,50;7,50;559;DOL;17.500,00;1;Negociada;14:38:27;ACPY;;Acindar Pymes S.G.R.;;;;;;
1541905;02/09/2026;No Garantizado;NO;SI;NO;PAGARE;NO;NO;24Hs.;14:37:30;17:00:00;166;427;9,50;9,50;427;DOL;30.000,00;2;Negociada;14:39:32;;30-70850558-3;MADA S.A.;;30-70850558-3;MADA S.A.;;;
1541906;02/09/2026;No Garantizado;NO;SI;NO;ECHEQ;NO;NO;C.I.;14:37:44;17:00:00;35;841;28,00;28,00;767;$;1.187.859,04;1;Negociada;15:04:03;;30-59177346-8;CAFE AMERICA MAYORISTA S.A.;AO;30-70925678-1;MAT SRL;;;
1541907;02/09/2026;Avalado;;SI;NO;ECHEQ;NO;NO;24Hs.;14:38:11;17:00:00;205;716;31,50;31,50;716;$;20.000.000,00;2;Negociada;15:29:10;MILL;;MILLS S.G.R.;AO;;;;;
1541908;02/09/2026;Avalado;;SI;NO;ECHEQ;SI;NO;24Hs.;14:38:50;17:00:00;197;502;26,00;26,00;449;$;21.500.000,00;3;Negociada;15:08:19;AVRU;;Aval Rural S.G.R.;NO;;;;;
1541909;02/09/2026;Avalado;;SI;NO;ECHEQ;NO;NO;24Hs.;14:38:56;17:00:00;138;832;25,00;25,00;449;$;35.000.000,00;1;Negociada;14:58:43;AVRU;;Aval Rural S.G.R.;AO;;;;;
1541910;02/09/2026;No Garantizado Calificado;NO;SI;NO;PAGARE;NO;NO;C.I.;14:39:00;17:00:00;140;559;12,00;12,00;559;DOL;79.205,00;1;Negociada;14:52:07;;30-52213045-8;QUINTILIO CHESI E HIJOS SRL;;30-52213045-8;QUINTILIO CHESI E HIJOS SRL;;;
1541911;02/09/2026;Avalado;;SI;NO;ECHEQ;NO;NO;24Hs.;14:39:02;17:00:00;57;502;25,00;25,00;449;$;11.872.997,40;1;Negociada;14:58:33;AVRU;;Aval Rural S.G.R.;AO;;;;;
1541912;02/09/2026;Avalado;;SI;NO;ECHEQ;NO;NO;C.I.;14:39:41;17:00:00;40;537;27,00;27,00;537;$;30.000.000,00;2;Negociada;14:52:35;INPY;;Integra Pymes S.G.R.;AO;;;;;
1541913;02/09/2026;No Garantizado;SI;SI;NO;ECHEQ;NO;NO;C.I.;14:39:50;17:00:00;50;572;29,00;29,00;793;$;19.138.896,68;1;Negociada;14:42:06;;30-50673003-8;S A IMPORTADORA Y EXPORTADORA DE LA PATAGONIA;AO;;;Certificado MiPyME;;
1541914;02/09/2026;No Garantizado;SI;SI;NO;ECHEQ;NO;NO;24Hs.;14:39:52;17:00:00;18;546;24,25;24,25;502;$;661.863.077,46;1;Negociada;14:56:27;;30-69554247-6;PAN AMERICAN ENERGY, S.L., SUCURSAL ARGENTINA;AO;;;Certificado MiPyME;;
1541915;02/09/2026;Avalado;;SI;NO;ECHEQ;NO;NO;24Hs.;14:40:42;17:00:00;57;;;23,50;537;$;3.250.000,00;1;Desierta;;FOPA;;FO.GA.PAM SAPEM;AO;;;;;
1541916;02/09/2026;Avalado;;SI;NO;ECHEQ;NO;NO;C.I.;14:41:44;17:00:00;33;406;25,00;25,00;406;$;10.000.000,00;4;Negociada;14:44:49;ARPY;;Argenpymes S.G.R.;AO;;;;;
1541917;02/09/2026;No Garantizado;NO;SI;NO;ECHEQ;NO;NO;C.I.;14:42:53;17:00:00;42;526;29,00;29,00;767;$;2.500.000,00;1;Negociada;14:56:50;;30-50473788-4;VALFOS S A I C I F E I;AO;33-68899910-9;DEL PAIS COOPERATIVA DE CREDITO, CONSUMO Y VIVIENDA LIMITADA;;;
1541918;02/09/2026;No Garantizado;NO;SI;NO;PAGARE;NO;NO;C.I.;14:42:56;17:00:00;132;25;49,00;49,00;25;$;145.857.000,00;6;Negociada;14:44:57;;30-67856284-6;ASOCIACION MUTUAL DE PROTECCION FAMILIAR;;30-67856284-6;ASOCIACION MUTUAL DE PROTECCION FAMILIAR;;;
1541919;02/09/2026;No Garantizado;NO;SI;NO;ECHEQ;NO;NO;C.I.;14:43:10;17:00:00;34;526;29,00;29,00;767;$;5.098.055,36;1;Negociada;14:57:07;;30-52585827-4;LABORATORIO PABLO CASSARA S R L;AO;33-68899910-9;DEL PAIS COOPERATIVA DE CREDITO, CONSUMO Y VIVIENDA LIMITADA;;;
1541920;02/09/2026;No Garantizado;NO;SI;NO;ECHEQ;NO;NO;C.I.;14:43:20;17:00:00;36;754;35,00;35,00;754;$;30.000.000,00;1;Negociada;14:45:21;;30-71477643-2;PABLO FEDERICO E HIJOS S. A.;AO;;;;;
1541921;02/09/2026;No Garantizado;NO;SI;NO;ECHEQ;SI;NO;C.I.;14:43:27;17:00:00;42;569;29,00;29,00;767;$;3.178.163,40;1;Negociada;14:45:29;;30-54724233-1;MASTELLONE HNOS S A;NO;33-68899910-9;DEL PAIS COOPERATIVA DE CREDITO, CONSUMO Y VIVIENDA LIMITADA;;;
1541922;02/09/2026;No Garantizado;NO;SI;NO;ECHEQ;NO;NO;C.I.;14:43:52;17:00:00;42;526;29,00;29,00;767;$;43.274.605,75;3;Negociada;14:57:40;;30-55951124-9;TRANSPORTES RED FAIRY S. A.;AO;33-68899910-9;DEL PAIS COOPERATIVA DE CREDITO, CONSUMO Y VIVIENDA LIMITADA;;;
1541923;02/09/2026;No Garantizado;SI;SI;NO;ECHEQ;NO;NO;C.I.;14:44:07;17:00:00;56;572;35,00;35,00;572;$;2.500.000,00;1;Negociada;14:50:10;;30-71577690-8;DON EMILIO SRL;AO;;;MiPyME FCE - Art. 7 Ley 27.440, Res. SEPYME 340/17, Art. 2 RG 4367/18 y RG 1019/24;;
1541924;02/09/2026;No Garantizado;NO;SI;NO;ECHEQ;NO;NO;C.I.;14:44:13;17:00:00;35;526;29,00;29,00;767;$;2.000.000,00;1;Negociada;14:57:55;;30-56180769-4;JOYEL S R L;AO;33-68899910-9;DEL PAIS COOPERATIVA DE CREDITO, CONSUMO Y VIVIENDA LIMITADA;;;
1541925;02/09/2026;No Garantizado Calificado;SI;SI;NO;PAGARE;NO;NO;C.I.;14:44:26;17:00:00;356;;;0,00;565;DOL;12.650,00;1;Desierta (Baja);;;30-64343404-7;BUENOS AIRES CREDITOS SA;;30-64343404-7;BUENOS AIRES CREDITOS SA;MiPyME FCE - Art. 7 Ley 27.440, Res. SEPYME 340/17, Art. 2 RG 4367/18 y RG 1019/24;;
1541926;02/09/2026;No Garantizado;NO;SI;NO;ECHEQ;NO;NO;C.I.;14:44:28;17:00:00;30;526;29,00;29,00;767;$;15.000.000,00;1;Negociada;14:58:11;;30-71062180-9;VALMI S.R.L.;AO;33-68899910-9;DEL PAIS COOPERATIVA DE CREDITO, CONSUMO Y VIVIENDA LIMITADA;;;
1541927;02/09/2026;Avalado;;SI;NO;ECHEQ;NO;NO;24Hs.;14:44:29;17:00:00;148;502;24,00;25,00;502;$;30.000.000,00;3;Negociada;15:29:03;CAMP;;Campo Aval S.G.R.;AO;;;;;
1541928;02/09/2026;No Garantizado;SI;SI;NO;ECHEQ;NO;NO;C.I.;14:44:34;17:00:00;79;572;40,00;40,00;572;$;10.000.000,00;4;Negociada;14:50:30;;30-71577690-8;DON EMILIO SRL;AO;;;MiPyME FCE - Art. 7 Ley 27.440, Res. SEPYME 340/17, Art. 2 RG 4367/18 y RG 1019/24;;
1541929;02/09/2026;No Garantizado;SI;SI;NO;ECHEQ;NO;NO;C.I.;14:44:45;17:00:00;102;572;44,00;44,00;572;$;5.000.000,00;2;Negociada;14:50:46;;30-71577690-8;DON EMILIO SRL;AO;;;MiPyME FCE - Art. 7 Ley 27.440, Res. SEPYME 340/17, Art. 2 RG 4367/18 y RG 1019/24;;
1541930;02/09/2026;No Garantizado Calificado;NO;SI;NO;ECHEQ;NO;NO;C.I.;14:44:46;17:00:00;37;526;29,00;29,00;767;$;5.998.000,00;1;Negociada;14:58:27;;30-71158392-7;LOVE IN SA;AO;33-68899910-9;DEL PAIS COOPERATIVA DE CREDITO, CONSUMO Y VIVIENDA LIMITADA;;;
1541931;02/09/2026;No Garantizado;NO;SI;NO;ECHEQ;NO;NO;C.I.;14:45:01;17:00:00;36;526;29,00;29,00;767;$;8.000.000,00;1;Negociada;14:58:46;;30-71439311-8;PROYECTOUNO ILUMINACION S.A.;AO;33-68899910-9;DEL PAIS COOPERATIVA DE CREDITO, CONSUMO Y VIVIENDA LIMITADA;;;
1541932;02/09/2026;No Garantizado;SI;SI;NO;ECHEQ;SI;NO;C.I.;14:45:06;17:00:00;40;15;26,50;26,50;15;$;264.627.463,63;9;Negociada;14:56:10;;30-54808315-6;COTO CENTRO INTEGRAL DE COMERCIALIZACION SOCIEDAD ANONIMA;NO;;;Certificado MiPyME;;
1541933;02/09/2026;Avalado;;SI;NO;ECHEQ;NO;NO;24Hs.;14:45:12;17:00:00;34;442;25,00;25,00;442;$;10.588.250,00;2;Negociada;14:47:13;AVAL;;Avaluar S.G.R.;AO;;;;;
1541934;02/09/2026;No Garantizado;NO;SI;NO;ECHEQ;NO;NO;C.I.;14:45:19;17:00:00;34;526;29,00;29,00;767;$;1.021.696,60;1;Negociada;14:59:04;;30-71510200-1;MOBILARG DE LOBO ALEJANDRO EZEQUIEL Y LOBO NATALIA SOLEDAD;AO;33-68899910-9;DEL PAIS COOPERATIVA DE CREDITO, CONSUMO Y VIVIENDA LIMITADA;;;
1541935;02/09/2026;No Garantizado Calificado;SI;SI;NO;ECHEQ;NO;NO;C.I.;14:45:32;17:00:00;37;15;30,00;30,00;15;$;589.445,87;1;Negociada;14:47:33;;30-71828716-9;2015 EMAMAP S.R.L.;AO;;;Certificado MiPyME;;
1541936;02/09/2026;No Garantizado;NO;SI;NO;ECHEQ;NO;NO;C.I.;14:45:35;17:00:00;37;526;29,00;29,00;767;$;4.640.000,00;1;Negociada;14:59:18;;30-71513381-0;CAVAY  & CIA S.R.L.;AO;33-68899910-9;DEL PAIS COOPERATIVA DE CREDITO, CONSUMO Y VIVIENDA LIMITADA;;;
1541937;02/09/2026;No Garantizado;NO;NO;NO;PAGARE;NO;NO;24Hs.;14:45:42;17:00:00;131;546;39,00;39,00;769;$;952.000.000,00;1;Negociada;15:06:45;;30-71550173-9;INDUSTRIAS VERSATO S. A.;;;;;;
1541938;02/09/2026;No Garantizado;SI;SI;NO;ECHEQ;NO;NO;C.I.;14:45:44;17:00:00;56;15;30,00;30,00;15;$;507.500,00;1;Negociada;14:47:45;;20-14778144-0;CAMACHO DANIEL GINES;AO;;;Certificado MiPyME;;
1541939;02/09/2026;No Garantizado Calificado;NO;SI;NO;ECHEQ;NO;NO;C.I.;14:45:53;17:00:00;30;526;29,00;29,00;767;$;3.758.792,62;1;Negociada;14:59:33;;30-71515680-2;ZUVEL S.R.L.;AO;33-68899910-9;DEL PAIS COOPERATIVA DE CREDITO, CONSUMO Y VIVIENDA LIMITADA;;;
1541940;02/09/2026;No Garantizado;SI;SI;NO;ECHEQ;NO;NO;C.I.;14:45:55;17:00:00;21;449;29,50;30,00;15;$;516.632,04;1;Negociada;14:47:56;;30-50577985-8;CIA INDUSTRIAL CERVECERA S A;AO;;;Certificado MiPyME;;
1541941;02/09/2026;No Garantizado;SI;SI;NO;ECHEQ;NO;NO;C.I.;14:46:07;17:00:00;20;15;30,00;30,00;15;$;11.789.311,19;1;Negociada;14:48:08;;20-14457487-8;BELLOFIORE RUBEN HORACIO;AO;;;Certificado MiPyME;;
1541942;02/09/2026;No Garantizado Calificado;SI;SI;NO;ECHEQ;NO;NO;24Hs.;14:46:12;17:00:00;76;;;0,00;565;$;55.000.000,00;1;Desierta (Baja);;;30-64343404-7;BUENOS AIRES CREDITOS SA;AO;30-64343404-7;BUENOS AIRES CREDITOS SA;MiPyME FCE - Art. 7 Ley 27.440, Res. SEPYME 340/17, Art. 2 RG 4367/18 y RG 1019/24;;
1541943;02/09/2026;No Garantizado;NO;SI;NO;ECHEQ;NO;NO;C.I.;14:46:13;17:00:00;50;526;29,00;29,00;767;$;18.000.000,00;2;Negociada;14:59:51;;33-68899910-9;DEL PAIS COOPERATIVA DE CREDITO, CONSUMO Y VIVIENDA LIMITADA;AO;33-68899910-9;DEL PAIS COOPERATIVA DE CREDITO, CONSUMO Y VIVIENDA LIMITADA;;;
1541944;02/09/2026;Avalado;;SI;NO;ECHEQ;NO;NO;C.I.;14:46:24;17:00:00;35;406;25,00;25,00;406;$;46.009.799,02;7;Negociada;14:48:48;ARPY;;Argenpymes S.G.R.;AO;;;;;
1541945;02/09/2026;No Garantizado;NO;SI;NO;ECHEQ;NO;NO;C.I.;14:46:27;17:00:00;34;526;29,00;29,00;767;$;3.150.000,00;1;Negociada;15:00:05;;30-71638114-1;ZAPPLAY SAS;AO;33-68899910-9;DEL PAIS COOPERATIVA DE CREDITO, CONSUMO Y VIVIENDA LIMITADA;;;
1541946;02/09/2026;No Garantizado;NO;SI;NO;ECHEQ;NO;NO;C.I.;14:46:40;17:00:00;43;526;29,00;29,00;767;$;1.854.000,00;1;Negociada;15:00:17;;30-71836661-1;LAS DEL SUR S. R. L.;AO;33-68899910-9;DEL PAIS COOPERATIVA DE CREDITO, CONSUMO Y VIVIENDA LIMITADA;;;
1541947;02/09/2026;No Garantizado;NO;SI;NO;ECHEQ;NO;NO;24Hs.;14:47:19;17:00:00;20;;;35,00;767;$;6.010.000,00;1;Desierta;;;33-71811681-9;COMINSA COMPAÑIA MINERA S. R. L.;AO;30-71722433-3;MG SERVICIOS DE LIMPIEZA SAS;;;
1541948;02/09/2026;No Garantizado;SI;SI;NO;ECHEQ;NO;NO;C.I.;14:47:47;17:00:00;77;572;40,00;40,00;572;$;32.633.444,93;7;Negociada;14:49:49;;30-71058919-0;COMISSO HNOS TRANSPORTE S.R.L.;AO;;;MiPyME FCE - Art. 7 Ley 27.440, Res. SEPYME 340/17, Art. 2 RG 4367/18 y RG 1019/24;;
1541949;02/09/2026;Avalado;;SI;NO;ECHEQ;NO;NO;C.I.;14:47:58;17:00:00;27;406;25,00;25,00;423;$;5.282.901,53;3;Negociada;14:49:59;CREC;;Crecer S.G.R.;AO;;;;;
1541950;02/09/2026;No Garantizado Calificado;NO;SI;NO;ECHEQ;NO;NO;C.I.;14:48:49;17:00:00;78;;;0,00;792;$;4.000.000,00;1;Desierta (Baja);;;30-70987846-4;DELTA TRADING S.R.L.;AO;20-31273524-6;HEGOUABURU GUILLERMO;;;
1541951;02/09/2026;No Garantizado;NO;SI;NO;PAGARE;NO;NO;C.I.;14:49:13;17:00:00;356;565;8,50;8,50;565;DOL;12.650,00;1;Negociada;14:51:14;;33-68523174-9;COOPERATIVA DE CREDITO, CONSUMO Y VIVIENDA BAYMOR LIMITADA;;33-68523174-9;COOPERATIVA DE CREDITO, CONSUMO Y VIVIENDA BAYMOR LIMITADA;;;
1541952;02/09/2026;No Garantizado;NO;SI;NO;PAGARE;NO;NO;C.I.;14:49:14;17:00:00;71;433;38,00;38,00;433;$;85.500.000,00;2;Negociada;14:51:16;;30-68517946-2;COOPERATIVA DE VIVIENDA CREDITO Y CONSUMO PARA EL DESARROLLO LIMITADA;;30-68517946-2;COOPERATIVA DE VIVIENDA CREDITO Y CONSUMO PARA EL DESARROLLO LIMITADA;;;
1541953;02/09/2026;No Garantizado;SI;SI;NO;ECHEQ;NO;NO;C.I.;14:49:22;17:00:00;56;15;30,00;30,00;15;$;1.033.385,00;1;Negociada;14:51:23;;20-31482060-7;SORIA EMILIANO CARLOS;AO;;;Certificado MiPyME;;
1541954;02/09/2026;No Garantizado;SI;SI;NO;ECHEQ;NO;NO;C.I.;14:49:31;17:00:00;56;15;30,00;30,00;15;$;600.000,00;1;Negociada;14:51:33;;30-71359090-4;HOME DECO S. A.;AO;;;Certificado MiPyME;;
1541955;02/09/2026;No Garantizado Calificado;NO;SI;NO;PAGARE;NO;NO;C.I.;14:49:32;17:00:00;69;702;43,50;43,50;702;$;58.500.000,00;5;Negociada;14:51:33;;30-71682909-6;FULLCREDIT S.A.;;30-71682909-6;FULLCREDIT S.A.;;;
1541956;02/09/2026;No Garantizado;NO;SI;NO;ECHEQ;SI;NO;24Hs.;14:49:40;17:00:00;148;15;27,00;27,00;15;$;5.566.233.510,15;9;Negociada;14:51:41;;30-68537634-9;TARJETA NARANJA S.A.U.;NO;;;;;
1541957;02/09/2026;No Garantizado;SI;SI;NO;ECHEQ;NO;NO;C.I.;14:49:40;17:00:00;21;15;30,00;30,00;15;$;786.355,00;1;Negociada;14:51:41;;27-20043807-3;BARRAGAN MARIA ROSA;AO;;;Certificado MiPyME;;
1541958;02/09/2026;No Garantizado;SI;SI;NO;ECHEQ;NO;NO;C.I.;14:49:54;17:00:00;42;15;30,00;30,00;15;$;885.925,03;1;Negociada;14:51:55;;30-52570593-1;COOPERATIVA OBRERA LIMITADA DE CONSUMO Y VIVIENDA;AO;;;Certificado MiPyME;;
1541959;02/09/2026;No Garantizado Calificado;SI;SI;NO;ECHEQ;NO;NO;24Hs.;14:50:04;17:00:00;174;537;39,00;39,00;598;$;76.500.000,00;1;Negociada;14:59:06;;30-51829368-7;COOPERATIVA DE TABACALEROS DE JUJUY LIMITADA.-;AO;20-21102892-1;FASCIO NESTOR DANIEL;Certificado MiPyME;;
1541960;02/09/2026;No Garantizado;SI;SI;NO;ECHEQ;NO;NO;C.I.;14:50:04;17:00:00;36;15;30,00;30,00;15;$;500.000,00;1;Negociada;14:52:05;;30-71359090-4;HOME DECO S. A.;AO;;;Certificado MiPyME;;
1541961;02/09/2026;No Garantizado;SI;SI;NO;ECHEQ;NO;NO;C.I.;14:50:12;17:00:00;20;15;30,00;30,00;15;$;833.370,00;1;Negociada;14:52:13;;30-70861450-1;FARMACIAS DEL LITORAL S.A.;AO;;;Certificado MiPyME;;
1541962;02/09/2026;No Garantizado;SI;SI;NO;FCE;NO;NO;24Hs.;14:50:28;17:00:00;56;;;26,00;559;$;44.731.035,98;1;Desierta;;%ARC;30-50279317-5;ARCOR S A I C;;;;;;
1541963;02/09/2026;No Garantizado Calificado;NO;SI;NO;ECHEQ;NO;NO;C.I.;14:50:55;17:00:00;86;424;28,00;28,00;424;$;11.850.000,00;1;Negociada;14:52:56;;30-71507534-9;MANUFACTURAS PIEL S.A.;AO;30-71507534-9;MANUFACTURAS PIEL S.A.;;;
1541964;02/09/2026;No Garantizado;NO;SI;NO;PAGARE;NO;NO;C.I.;14:51:01;17:00:00;63;587;35,00;35,00;587;$;1.386.057.854,00;2;Negociada;14:53:02;;30-71506007-4;PROLIP SRL;;30-71506007-4;PROLIP SRL;;;
1541965;02/09/2026;No Garantizado;NO;SI;NO;PAGARE;NO;NO;24Hs.;14:51:06;17:00:00;159;;;0,00;704;DOL;941.184,00;10;Desierta (Baja);;;30-71903498-1;GEMS S. A.;;30-71903498-1;GEMS S. A.;;;
1541966;02/09/2026;No Garantizado Calificado;NO;SI;NO;ECHEQ;NO;NO;24Hs.;14:51:20;17:00:00;90;767;62,00;62,00;767;$;4.183.000,00;2;Negociada;15:28:30;;20-32795196-4;VAN BREEDAM EMMANUEL;AO;20-32795196-4;VAN BREEDAM EMMANUEL;;;
1541967;02/09/2026;No Garantizado;SI;SI;NO;FCE;NO;NO;C.I.;14:51:48;17:00:00;19;569;7,00;7,00;569;U$S;90.278,81;1;Negociada;14:55:14;%UVI;33-51595089-9;VISTA ENERGY ARGENTINA S.A.U;;;;;;
1541968;02/09/2026;No Garantizado;NO;SI;NO;ECHEQ;NO;NO;C.I.;14:52:11;17:00:00;77;;;0,00;714;$;300.000.000,00;2;Desierta (Baja);;;30-71432484-1;SERVICIOS L&A S.R.L.;AO;30-71432484-1;SERVICIOS L&A S.R.L.;;;
1541969;02/09/2026;No Garantizado;NO;SI;NO;ECHEQ;NO;NO;24Hs.;14:52:33;17:00:00;127;754;40,00;40,00;754;$;7.906.037,89;1;Negociada;14:54:35;;33-56842524-9;OLEGA S A C I I A Y F;AO;;;;;
1541970;02/09/2026;No Garantizado;NO;SI;NO;ECHEQ;NO;NO;C.I.;14:52:37;17:00:00;12;569;31,00;31,00;569;$;355.746,00;1;Negociada;14:54:39;;30-70898568-2;DEL NEGRO Y LA GORDA SRL;AO;30-70833232-8;ALTO CAMPO S.R.L.;;;
1541971;02/09/2026;Avalado;;SI;NO;ECHEQ;NO;NO;24Hs.;14:52:47;17:00:00;125;501;27,00;27,00;545;$;445.000,00;1;Negociada;14:54:49;FGLR;;Fdo.de Gtia.Pub. La Rioja;AO;;;;;
1541972;02/09/2026;Avalado;;SI;NO;ECHEQ;NO;NO;24Hs.;14:53:03;17:00:00;181;501;28,00;28,00;545;$;475.000,00;1;Negociada;14:55:05;FGLR;;Fdo.de Gtia.Pub. La Rioja;AO;;;;;
1541973;02/09/2026;Avalado;;SI;NO;ECHEQ;NO;NO;24Hs.;14:53:13;17:00:00;76;523;24,00;24,00;422;$;5.000.000,00;1;Negociada;14:55:14;CMFI;;BANCO COMAFI S.A.;AO;;;;;
1541974;02/09/2026;Avalado;;SI;NO;ECHEQ;NO;NO;24Hs.;14:53:14;17:00:00;243;501;28,50;28,50;545;$;500.000,00;1;Negociada;14:55:16;FGLR;;Fdo.de Gtia.Pub. La Rioja;AO;;;;;
1541975;02/09/2026;No Garantizado;NO;SI;NO;ECHEQ;NO;NO;C.I.;14:53:14;17:00:00;26;569;32,00;32,00;569;$;306.270,61;1;Negociada;14:55:16;;30-71532521-3;UNIDO MARKET S.A;AO;30-70833232-8;ALTO CAMPO S.R.L.;;;
1541976;02/09/2026;No Garantizado;NO;NO;NO;ECHEQ;NO;NO;C.I.;14:53:17;17:00:00;55;406;34,00;34,00;767;$;376.044.000,00;10;Negociada;15:02:17;;30-68390857-2;ACONTEC S R L;AO;30-68390857-2;ACONTEC S R L;;;
1541977;02/09/2026;No Garantizado;NO;SI;NO;ECHEQ;NO;NO;C.I.;14:53:27;17:00:00;79;449;34,50;35,00;754;$;7.500.000,00;3;Negociada;14:55:28;;30-71231059-2;LARTIRIGOYEN & OROMI S.A.;AO;;;;;
1541978;02/09/2026;No Garantizado;NO;SI;NO;ECHEQ;NO;NO;C.I.;14:53:31;17:00:00;63;433;38,00;38,00;433;$;40.000.000,00;1;Negociada;14:55:32;;30-68271370-0;MUTUAL A M F A Y S ASOCIACION MUTUAL;AO;30-68271370-0;MUTUAL A M F A Y S ASOCIACION MUTUAL;;;
1541979;02/09/2026;No Garantizado;NO;SI;NO;PAGARE;NO;NO;C.I.;14:53:35;17:00:00;370;507;10,00;10,00;507;U$D;500.002,00;1;Negociada;14:55:36;;30-71098172-4;ARECO SEMILLAS S.A.;;30-71098172-4;ARECO SEMILLAS S.A.;;;
1541980;02/09/2026;No Garantizado;NO;SI;NO;PAGARE;NO;NO;24Hs.;14:53:45;17:00:00;156;704;9,00;9,00;704;DOL;417.271,00;5;Negociada;14:58:09;;30-71903498-1;GEMS S. A.;;30-71903498-1;GEMS S. A.;;;
1541981;02/09/2026;No Garantizado;NO;SI;NO;ECHEQ;NO;NO;C.I.;14:53:51;17:00:00;23;569;32,00;32,00;569;$;743.288,47;1;Negociada;14:55:52;;30-71623070-4;HAPPY PEOPLE S.A.;AO;30-70833232-8;ALTO CAMPO S.R.L.;;;
1541982;02/09/2026;No Garantizado;NO;SI;NO;PAGARE;NO;NO;24Hs.;14:54:00;17:00:00;161;704;9,00;9,00;704;DOL;523.913,00;5;Negociada;14:58:39;;30-71903498-1;GEMS S. A.;;30-71903498-1;GEMS S. A.;;;
1541983;02/09/2026;No Garantizado;NO;SI;NO;ECHEQ;NO;NO;C.I.;14:54:13;17:00:00;67;754;35,00;35,00;754;$;9.000.000,00;3;Negociada;14:56:15;;30-71117910-7;ETERHAUS S.R.L.;AO;;;;;
1541984;02/09/2026;No Garantizado;NO;SI;NO;ECHEQ;NO;NO;C.I.;14:54:21;17:00:00;9;569;31,00;31,00;569;$;189.915,62;1;Negociada;14:56:23;;30-71645625-7;EMPRENDIMIENTOS CULINARIOS S.A.;AO;30-70833232-8;ALTO CAMPO S.R.L.;;;
1541985;02/09/2026;No Garantizado;SI;SI;NO;ECHEQ;NO;NO;C.I.;14:54:27;17:00:00;14;718;30,00;30,00;718;$;8.439.568,41;4;Negociada;15:06:32;;30-70839880-9;CARLOS J. LANSER S.A.;AO;;;Certificado MiPyME;;
1541986;02/09/2026;No Garantizado;NO;SI;NO;ECHEQ;NO;NO;C.I.;14:54:28;17:00:00;46;433;33,00;33,00;433;$;140.000.000,00;2;Negociada;14:56:30;;30-70870107-2;DRACONIS S.A.;AO;30-70870107-2;DRACONIS S.A.;;;
1541987;02/09/2026;Avalado;;SI;NO;ECHEQ;NO;NO;24Hs.;14:54:31;17:00:00;93;11;26,00;26,00;11;$;13.300.000,00;6;Negociada;15:40:28;CAMP;;Campo Aval S.G.R.;AO;;;;;
1541988;02/09/2026;No Garantizado;NO;NO;NO;ECHEQ;NO;NO;C.I.;14:54:35;17:00:00;78;406;34,00;34,00;767;$;140.332.964,63;3;Negociada;15:02:34;;30-58145928-5;TECNOGRAFIC SOCIEDAD ANONIMA;AO;30-50106215-0;CELULOSA ARGENTINA S A;;;
1541989;02/09/2026;Avalado;;SI;NO;ECHEQ;NO;NO;24Hs.;14:54:35;17:00:00;143;502;24,00;25,00;502;$;50.000.000,00;5;Negociada;15:28:56;CAMP;;Campo Aval S.G.R.;AO;;;;;
1541990;02/09/2026;No Garantizado;SI;SI;NO;ECHEQ;NO;NO;C.I.;14:54:36;17:00:00;30;718;30,00;30,00;718;$;10.965.319,37;1;Negociada;15:06:49;;20-28158713-8;PERONE MARIANO ABEL;AO;;;Certificado MiPyME;;
1541991;02/09/2026;No Garantizado;SI;SI;NO;ECHEQ;NO;NO;C.I.;14:54:46;17:00:00;27;718;30,00;30,00;718;$;6.868.366,39;1;Negociada;15:06:59;;33-53471949-9;PEDASCOLL HERMANOS SOCIEDAD ANONIMA;AO;;;Certificado MiPyME;;
1541992;02/09/2026;No Garantizado;NO;SI;NO;ECHEQ;NO;NO;C.I.;14:54:47;17:00:00;63;754;35,00;35,00;754;$;7.668.010,07;3;Negociada;14:56:48;;30-63434534-1;JORDAN Y RIBERO S.A.;AO;;;;;
1541993;02/09/2026;No Garantizado;NO;SI;NO;ECHEQ;NO;NO;24Hs.;14:54:48;17:00:00;34;545;27,00;27,00;545;$;10.000.000.000,00;3;Negociada;15:04:25;;30-65511651-2;EDESUR S A;AO;30-65511651-2;EDESUR S A;;;
1541994;02/09/2026;Avalado;;SI;NO;ECHEQ;NO;NO;24Hs.;14:54:52;17:00:00;88;523;25,00;25,00;422;$;8.503.400,00;4;Negociada;14:56:54;CMFI;;BANCO COMAFI S.A.;AO;;;;;
1541995;02/09/2026;No Garantizado Calificado;NO;SI;NO;ECHEQ;NO;NO;C.I.;14:54:54;17:00:00;9;569;31,00;31,00;569;$;1.027.263,26;1;Negociada;14:56:56;;30-70820836-8;GON ML S.R.L.;AO;30-70833232-8;ALTO CAMPO S.R.L.;;;
1541996;02/09/2026;No Garantizado;NO;SI;NO;ECHEQ;NO;NO;C.I.;14:55:18;17:00:00;77;;;0,00;714;$;300.000.000,00;2;Desierta (Baja);;;30-71432484-1;SERVICIOS L&A S.R.L.;AO;30-71432484-1;SERVICIOS L&A S.R.L.;;;
1541997;02/09/2026;Avalado;;SI;NO;ECHEQ;NO;NO;24Hs.;14:55:21;17:00:00;89;442;28,00;28,00;559;$;13.391.127,99;6;Negociada;14:57:22;FINT;;Fintech S.G.R.;AO;;;;;
1541998;02/09/2026;No Garantizado;NO;SI;NO;ECHEQ;NO;NO;C.I.;14:55:37;17:00:00;77;754;35,00;35,00;754;$;6.000.000,00;1;Negociada;14:57:38;;20-16466922-0;CINTO PABLO BELTRAN;AO;;;;;
1541999;02/09/2026;No Garantizado;SI;SI;NO;PAGARE;NO;NO;24Hs.;14:55:42;17:00:00;125;569;9,00;9,00;569;U$D;300.000,00;1;Negociada;15:04:12;;30-50064577-2;MERANOL SACI;;30-50064577-2;MERANOL SACI;Certificado MiPyME;;
1542000;02/09/2026;Avalado;;SI;NO;ECHEQ;NO;NO;C.I.;14:55:48;17:00:00;61;;;24,00;559;$;11.000.000,00;1;Desierta;;FGJY;;FOGAJUY;AO;;;;;
1542001;02/09/2026;No Garantizado;NO;SI;NO;ECHEQ;NO;NO;C.I.;14:56:03;17:00:00;72;754;35,00;35,00;754;$;600.000,00;1;Negociada;14:58:05;;30-66127705-6;TEKNOPARKET SRL;AO;;;;;
1542002;02/09/2026;Avalado;;SI;NO;ECHEQ;NO;NO;C.I.;14:56:24;17:00:00;63;406;25,00;25,00;406;$;15.000.000,00;1;Negociada;14:58:25;ARPY;;Argenpymes S.G.R.;AO;;;;;
1542003;02/09/2026;Avalado;;SI;NO;PAGARE;NO;NO;24Hs.;14:56:25;17:00:00;263;734;7,50;7,50;529;U$D;100.000,00;1;Negociada;15:18:52;AVLR;;Aval Ar S.G.R.;;;;;;
1542004;02/09/2026;No Garantizado;NO;SI;NO;ECHEQ;NO;NO;C.I.;14:56:33;17:00:00;77;754;35,00;35,00;754;$;5.000.000,00;1;Negociada;14:58:35;;27-27184792-6;MANCHINI MARIA CECILIA;AO;30-71409422-6;ASOCIACION MUTUAL 23 DE SETIEMBRE;;;
1542005;02/09/2026;Avalado;;SI;NO;PAGARE;NO;NO;24Hs.;14:56:49;17:00:00;60;529;28,00;28,00;702;$;37.500.000,00;1;Negociada;15:58:59;AVLR;;Aval Ar S.G.R.;;;;;;
1542006;02/09/2026;Avalado;;SI;NO;ECHEQ;NO;NO;24Hs.;14:56:52;17:00:00;34;15;23,00;23,00;422;$;31.607.644,69;21;Negociada;15:00:29;CMFI;;BANCO COMAFI S.A.;AO;;;;;
1542007;02/09/2026;Avalado;;SI;NO;ECHEQ;NO;NO;C.I.;14:56:53;17:00:00;64;406;25,00;25,00;406;$;30.000.000,00;1;Negociada;14:58:54;ARPY;;Argenpymes S.G.R.;AO;;;;;
1542008;02/09/2026;No Garantizado;NO;SI;NO;ECHEQ;NO;NO;24Hs.;14:56:54;17:00:00;18;839;24,00;24,00;839;$;16.288.532,58;4;Negociada;15:50:52;;30-69554247-6;PAN AMERICAN ENERGY, S.L., SUCURSAL ARGENTINA;AO;30-71784151-0;TRAFKIN S. A. S.;;;
1542009;02/09/2026;No Garantizado;NO;SI;NO;ECHEQ;NO;NO;C.I.;14:56:57;17:00:00;70;754;35,00;35,00;754;$;11.000.000,00;1;Negociada;14:58:58;;30-71846655-1;RIANI AGRO S. R. L.;AO;;;;;
1542010;02/09/2026;Avalado;;SI;NO;ECHEQ;NO;NO;24Hs.;14:57:13;17:00:00;54;523;24,00;24,00;422;$;28.597.122,54;6;Negociada;14:59:14;CMFI;;BANCO COMAFI S.A.;AO;;;;;
1542011;02/09/2026;Avalado;;SI;NO;ECHEQ;NO;NO;24Hs.;14:57:49;17:00:00;48;15;23,00;23,00;422;$;15.000.000,00;2;Negociada;15:16:41;CMFI;;BANCO COMAFI S.A.;AO;;;;;
1542012;02/09/2026;No Garantizado;SI;SI;NO;ECHEQ;NO;NO;C.I.;14:58:03;17:00:00;72;718;30,00;30,00;718;$;35.399.542,48;1;Negociada;15:07:16;;30-71942924-2;EL BRACHO TRANSPORTES Y SERVICIOS S. A. S.;AO;30-71942924-2;EL BRACHO TRANSPORTES Y SERVICIOS S. A. S.;Certificado MiPyME;;
1542013;02/09/2026;Avalado;;SI;NO;ECHEQ;NO;NO;24Hs.;14:58:32;17:00:00;167;;;25,00;11;$;35.000.000,00;1;Desierta;;AFBG;;AFB AVALES S.G.R;AO;;;;;
1542014;02/09/2026;Avalado;;SI;NO;ECHEQ;NO;NO;24Hs.;14:58:57;17:00:00;62;522;27,00;27,00;864;$;100.000.000,00;1;Negociada;16:42:25;MILL;;MILLS S.G.R.;AO;;;;;
1542015;02/09/2026;No Garantizado;NO;SI;NO;ECHEQ;NO;NO;C.I.;14:59:59;17:00:00;70;754;35,00;35,00;754;$;6.690.394,29;1;Negociada;15:02:01;;30-71465912-6;EPAD SRL;AO;;;;;
1542016;02/09/2026;No Garantizado;NO;SI;NO;ECHEQ;NO;NO;C.I.;15:00:09;17:00:00;70;572;44,00;44,00;572;$;5.000.000,00;1;Negociada;15:02:36;;30-70961102-6;TRANSPORTES Y SERVICIOS SDF S.R.L.;AO;30-70961102-6;TRANSPORTES Y SERVICIOS SDF S.R.L.;;;
1542017;02/09/2026;No Garantizado;NO;SI;NO;ECHEQ;NO;NO;C.I.;15:00:18;17:00:00;53;572;41,00;41,00;572;$;10.000.000,00;2;Negociada;15:02:28;;30-70961102-6;TRANSPORTES Y SERVICIOS SDF S.R.L.;AO;30-70961102-6;TRANSPORTES Y SERVICIOS SDF S.R.L.;;;
1542018;02/09/2026;No Garantizado;NO;SI;NO;ECHEQ;NO;NO;C.I.;15:00:26;17:00:00;72;754;35,00;35,00;754;$;900.000,00;1;Negociada;15:02:28;;20-18465063-1;STEVENS JORGE GERMAN;AO;;;;;
1542019;02/09/2026;Avalado;;SI;NO;ECHEQ;NO;NO;24Hs.;15:00:29;17:00:00;67;523;24,00;24,00;422;$;10.000.000,00;1;Negociada;15:02:30;CMFI;;BANCO COMAFI S.A.;AO;;;;;
1542020;02/09/2026;No Garantizado;SI;SI;NO;PAGARE;NO;NO;C.I.;15:01:01;17:00:00;33;770;27,00;27,00;770;$;200.000.000,00;1;Negociada;15:17:07;;30-57986601-9;PARQUE PAMPA S.A.;;30-57986601-9;PARQUE PAMPA S.A.;Certificado MiPyME;;
1542021;02/09/2026;Garantizado Calificado;SI;SI;NO;ECHEQ;NO;NO;24Hs.;15:01:14;17:00:00;15;;;26,00;595;$;6.000.000,00;1;Desierta;;;;;AO;;;Certificado MiPyME;;
1542022;02/09/2026;No Garantizado;NO;SI;NO;ECHEQ;NO;NO;C.I.;15:01:46;17:00:00;92;465;35,00;35,00;465;$;20.000.000,00;1;Negociada;15:03:47;;30-70726420-5;PRODUCTOS BARILOCHE S. A.;AO;30-70819714-5;GOLOSINAS O.E.N.P. S.A.;;;
1542023;02/09/2026;Avalado;;SI;NO;ECHEQ;NO;NO;24Hs.;15:02:10;17:00:00;90;15;22,99;23,00;720;$;25.000.000,00;1;Negociada;15:04:12;BAIN;;BANCO INDUSTRIAL SA;AO;;;;;
1542024;02/09/2026;Avalado;;SI;NO;ECHEQ;NO;NO;24Hs.;15:02:21;17:00:00;79;15;22,85;23,00;720;$;65.000.000,00;3;Negociada;15:05:36;BAIN;;BANCO INDUSTRIAL SA;AO;;;;;
1542025;02/09/2026;Avalado;;SI;NO;ECHEQ;NO;NO;24Hs.;15:02:34;17:00:00;62;15;22,85;23,00;720;$;180.000.000,00;3;Negociada;15:05:46;BAIN;;BANCO INDUSTRIAL SA;AO;;;;;
1542026;02/09/2026;Avalado;;SI;NO;PAGARE;NO;NO;24Hs.;15:02:59;17:00:00;332;;;5,00;11;U$D;75.000,00;4;Desierta;;ACEN;;Avales del Centro S.G.R.;;;;;;
1542027;02/09/2026;Garantizado;NO;SI;NO;ECHEQ;NO;NO;24Hs.;15:03:23;17:00:00;92;;;0,00;537;$;180.000.000,00;1;Desierta (Baja);;;;;AO;;;;;
1542028;02/09/2026;Avalado;;SI;NO;ECHEQ;NO;NO;24Hs.;15:03:58;17:00:00;51;15;22,99;24,50;422;$;300.000.000,00;12;Negociada;15:06:00;CMFI;;BANCO COMAFI S.A.;AO;;;;;
1542029;02/09/2026;Avalado;;SI;NO;ECHEQ;SI;NO;24Hs.;15:04:16;17:00:00;166;501;27,00;27,00;716;$;3.000.000,00;1;Negociada;15:06:28;FOGA;;Fdo. de Gtias. del Chaco;NO;;;;;
1542030;02/09/2026;Avalado;;SI;NO;ECHEQ;NO;NO;24Hs.;15:04:24;17:00:00;48;442;25,00;25,00;442;$;8.219.899,90;2;Negociada;15:06:26;AVAL;;Avaluar S.G.R.;AO;;;;;
1542031;02/09/2026;No Garantizado Calificado;NO;NO;NO;PAGARE;NO;NO;C.I.;15:04:26;17:00:00;15;47;12,00;12,00;47;DOL;361.053,00;1;Negociada;15:06:28;;30-71581420-6;JANOS GROUP SRL;;;;;;
1542032;02/09/2026;Avalado;;SI;NO;ECHEQ;NO;NO;24Hs.;15:04:37;17:00:00;182;501;28,00;28,00;716;$;3.000.000,00;1;Negociada;15:07:09;FOGA;;Fdo. de Gtias. del Chaco;AO;;;;;
1542033;02/09/2026;No Garantizado;NO;SI;NO;ECHEQ;NO;NO;C.I.;15:04:46;17:00:00;46;20;45,00;45,00;20;$;1.866.112,00;2;Negociada;15:32:12;;20-34408601-0;BENEITO LEANDRO HUGO;AO;30-71583636-6;PLANTIUM S.A.;;;
1542034;02/09/2026;No Garantizado;SI;SI;NO;ECHEQ;NO;NO;C.I.;15:04:51;17:00:00;12;841;25,00;25,00;701;$;14.963.845,70;1;Negociada;15:06:53;;30-68584975-1;DIA ARGENTINA S A;AO;30-71923161-2;LPZ REFRIGERACION COMERCIAL E INDUSTRIAL S. A. S.;Certificado MiPyME;;
1542035;02/09/2026;No Garantizado Calificado;NO;SI;NO;ECHEQ;SI;NO;C.I.;15:04:51;17:00:00;77;406;42,00;42,00;11;$;15.000.000,00;1;Negociada;15:13:37;;20-27097835-6;GUTIERREZ CARLOS EDUARDO;NO;;;;;
1542036;02/09/2026;Avalado;;SI;NO;ECHEQ;NO;NO;24Hs.;15:04:58;17:00:00;72;523;25,00;25,00;11;$;4.250.000,00;2;Negociada;16:23:27;ACPY;;Acindar Pymes S.G.R.;AO;;;;;
1542037;02/09/2026;No Garantizado;NO;SI;NO;ECHEQ;NO;NO;C.I.;15:05:02;17:00:00;150;406;42,00;42,00;11;$;5.783.393,94;3;Negociada;15:13:45;;30-71188999-6;AGROPECUARIO S.R.L.;AO;;;;;
1542038;02/09/2026;No Garantizado;NO;SI;NO;ECHEQ;NO;NO;C.I.;15:05:12;17:00:00;78;20;45,00;45,00;20;$;3.776.129,60;4;Negociada;15:31:50;;30-71774542-2;GUSMAYA S.A.;AO;30-71583636-6;PLANTIUM S.A.;;;
1542039;02/09/2026;No Garantizado;NO;SI;NO;ECHEQ;NO;NO;C.I.;15:05:21;17:00:00;133;406;42,00;42,00;11;$;6.727.500,00;2;Negociada;15:14:03;;30-71732531-8;ZOJU  S. A. S.;AO;;;;;
1542040;02/09/2026;No Garantizado;NO;SI;NO;ECHEQ;NO;NO;C.I.;15:05:21;17:00:00;60;;;;767;$;7.400.000,00;3;Desierta (Baja);;;30-71572008-2;MOTO SPORT CAÑADA S.R.L.;AO;30-71572008-2;MOTO SPORT CAÑADA S.R.L.;;;
1542041;02/09/2026;Avalado;;SI;NO;ECHEQ;NO;NO;24Hs.;15:05:28;17:00:00;55;502;24,00;24,00;11;$;17.501.582,05;1;Negociada;15:57:44;CREC;;Crecer S.G.R.;AO;;;;;
1542042;02/09/2026;Avalado;;SI;NO;ECHEQ;NO;NO;24Hs.;15:05:42;17:00:00;96;;;30,00;524;$;5.000.000,00;2;Desierta;;BINT;;Banco Interfinanzas S.A.;AO;;;;;
1542043;02/09/2026;No Garantizado;NO;SI;NO;ECHEQ;NO;NO;C.I.;15:05:45;17:00:00;49;20;45,00;45,00;20;$;1.867.344,66;2;Negociada;15:31:22;;20-31024547-0;WALTER LEANDRO;AO;30-71583636-6;PLANTIUM S.A.;;;
1542044;02/09/2026;Avalado;;SI;NO;ECHEQ;NO;NO;24Hs.;15:05:49;17:00:00;50;523;24,00;24,00;11;$;2.000.000,00;1;Negociada;16:23:11;ACPY;;Acindar Pymes S.G.R.;AO;;;;;
1542045;02/09/2026;No Garantizado;NO;SI;NO;ECHEQ;NO;NO;C.I.;15:05:59;17:00:00;91;406;42,00;42,00;11;$;2.861.620,47;1;Negociada;15:14:09;;30-71476431-0;ARIAS DANTE, ARIAS VICTOR WALTER Y ARIAS WILLIAM RAMON SH;AO;;;;;
1542046;02/09/2026;Avalado;;SI;NO;ECHEQ;NO;NO;24Hs.;15:06:05;17:00:00;11;502;24,00;24,00;11;$;9.800.000,00;1;Negociada;15:57:30;CREC;;Crecer S.G.R.;AO;;;;;
1542047;02/09/2026;No Garantizado;NO;SI;NO;ECHEQ;NO;NO;C.I.;15:06:07;17:00:00;62;20;45,00;45,00;20;$;944.163,00;1;Negociada;15:30:23;;30-57512161-2;VICTOR CIUCCI E HIJO SOCIEDAD CIVIL;AO;30-71583636-6;PLANTIUM S.A.;;;
1542048;02/09/2026;Avalado;;SI;NO;ECHEQ;NO;NO;24Hs.;15:06:16;17:00:00;40;501;24,00;24,00;525;$;2.000.000,00;4;Negociada;15:08:17;FGLR;;Fdo.de Gtia.Pub. La Rioja;AO;;;;;
1542049;02/09/2026;Avalado;;SI;NO;ECHEQ;NO;NO;24Hs.;15:06:24;17:00:00;41;442;24,50;24,50;11;$;35.003.164,10;2;Negociada;15:11:13;ARPY;;Argenpymes S.G.R.;AO;;;;;
1542050;02/09/2026;Avalado;;SI;NO;ECHEQ;NO;NO;24Hs.;15:06:31;17:00:00;96;501;25,00;25,00;525;$;2.000.000,00;4;Negociada;15:08:33;FGLR;;Fdo.de Gtia.Pub. La Rioja;AO;;;;;
1542051;02/09/2026;No Garantizado;NO;SI;NO;ECHEQ;NO;NO;C.I.;15:06:43;17:00:00;79;20;45,00;45,00;20;$;1.888.064,80;4;Negociada;15:29:48;;20-13389946-5;TIBI JORGE ALBERTO;AO;30-71583636-6;PLANTIUM S.A.;;;
1542052;02/09/2026;No Garantizado;NO;SI;NO;ECHEQ;NO;NO;C.I.;15:06:59;17:00:00;63;20;45,00;45,00;20;$;2.094.516,00;3;Negociada;15:29:32;;30-70946141-5;SAN MIGUEL AGROPECUARIA SOCIEDAD ANONIMA;AO;30-71583636-6;PLANTIUM S.A.;;;
1542053;02/09/2026;No Garantizado;NO;SI;NO;ECHEQ;NO;NO;C.I.;15:07:19;17:00:00;76;20;45,00;45,00;20;$;1.821.186,60;2;Negociada;15:29:20;;30-70914493-2;PRODUCCIONES AGROPECUARIAS DEL SUR SRL;AO;30-71583636-6;PLANTIUM S.A.;;;
1542054;02/09/2026;No Garantizado Calificado;NO;NO;NO;ECHEQ;NO;NO;C.I.;15:08:20;17:00:00;92;767;32,00;32,00;767;$;33.600.000,00;2;Negociada;15:12:34;;30-71442439-0;CASABLANCA EVENTOS CARPAS S.R.L.;AO;30-71442439-0;CASABLANCA EVENTOS CARPAS S.R.L.;;;
1542055;02/09/2026;Avalado;;SI;NO;ECHEQ;SI;NO;24Hs.;15:08:26;17:00:00;60;501;24,00;24,00;545;$;127.000.000,00;1;Negociada;15:10:28;FGLR;;Fdo.de Gtia.Pub. La Rioja;NO;;;;;
1542056;02/09/2026;No Garantizado Calificado;NO;NO;NO;ECHEQ;NO;NO;C.I.;15:09:06;17:00:00;92;767;32,00;32,00;767;$;16.800.000,00;1;Negociada;15:13:00;;30-71442439-0;CASABLANCA EVENTOS CARPAS S.R.L.;AO;30-71442439-0;CASABLANCA EVENTOS CARPAS S.R.L.;;;
1542057;02/09/2026;Avalado;;SI;NO;ECHEQ;NO;NO;24Hs.;15:09:56;17:00:00;89;501;25,00;25,00;545;$;10.800.000,00;1;Negociada;15:11:57;FGLR;;Fdo.de Gtia.Pub. La Rioja;AO;;;;;
1542058;02/09/2026;No Garantizado Calificado;NO;NO;NO;ECHEQ;NO;NO;C.I.;15:10:07;17:00:00;92;767;32,00;32,00;767;$;16.800.000,00;1;Negociada;15:13:17;;30-71442439-0;CASABLANCA EVENTOS CARPAS S.R.L.;AO;30-71442439-0;CASABLANCA EVENTOS CARPAS S.R.L.;;;
1542059;02/09/2026;No Garantizado Calificado;NO;SI;NO;ECHEQ;NO;NO;C.I.;15:10:26;17:00:00;70;406;36,00;36,00;406;$;250.000.000,00;2;Negociada;15:16:13;;30-71040539-1;KOMPASS SRL;AO;30-71040539-1;KOMPASS SRL;;;
1542060;02/09/2026;No Garantizado;NO;SI;NO;ECHEQ;NO;NO;C.I.;15:10:26;17:00:00;50;20;45,00;45,00;20;$;1.867.344,68;2;Negociada;15:29:07;;30-71951096-1;MJ AGRO NEXUS S.A.S.;AO;30-71583636-6;PLANTIUM S.A.;;;
1542061;02/09/2026;No Garantizado;NO;SI;NO;ECHEQ;NO;NO;C.I.;15:11:30;17:00:00;49;20;45,00;45,00;20;$;1.867.344,66;2;Negociada;15:28:50;;20-11721020-1;MIGNACCO OSCAR ALBERTO;AO;30-71583636-6;PLANTIUM S.A.;;;
1542062;02/09/2026;No Garantizado;NO;SI;NO;ECHEQ;NO;NO;C.I.;15:11:43;17:00:00;34;20;45,00;45,00;20;$;608.000,00;1;Negociada;15:28:38;;20-34856600-9;NARDONE MAXIMILIANO ANDRES;AO;30-71583636-6;PLANTIUM S.A.;;;
1542063;02/09/2026;No Garantizado;NO;SI;NO;ECHEQ;NO;NO;C.I.;15:11:53;17:00:00;63;20;45,00;45,00;20;$;933.056,00;1;Negociada;15:28:26;;30-71827638-8;MACERATESI S. R. L.;AO;30-71583636-6;PLANTIUM S.A.;;;
1542064;02/09/2026;No Garantizado;NO;SI;NO;ECHEQ;NO;NO;C.I.;15:12:02;17:00:00;182;20;45,00;45,00;20;$;11.627.625,00;1;Negociada;15:28:12;;23-33135220-9;SOUVERVILLE EMILIO ESTEBAN;AO;30-71583636-6;PLANTIUM S.A.;;;
1542065;02/09/2026;Avalado;;SI;NO;ECHEQ;NO;NO;24Hs.;15:12:32;17:00:00;29;502;23,50;24,00;785;$;19.348.594,20;1;Negociada;15:14:34;POTE;;Potenciar S.G.R.;AO;;;;;
1542066;02/09/2026;No Garantizado;NO;SI;NO;ECHEQ;NO;NO;C.I.;15:14:18;17:00:00;43;;;;828;$;2.900.000,00;1;Desierta;;;30-70791371-8;PAVETTI GUSTAVO ALBERTO Y GUERRERO RODOLFO GUSTAVO;AO;30-70791371-8;PAVETTI GUSTAVO ALBERTO Y GUERRERO RODOLFO GUSTAVO;;;
1542067;02/09/2026;No Garantizado;NO;SI;NO;ECHEQ;SI;NO;C.I.;15:14:19;17:00:00;28;;;0,00;436;$;4.013.954,00;1;Desierta (Baja);;;27-23910031-2;AGUIRRE MAGDALENA;NO;30-69443703-2;SERVICIOS DE LOGISTICA S A;;;
1542068;02/09/2026;Garantizado Calificado;SI;SI;NO;ECHEQ;NO;NO;24Hs.;15:14:20;17:00:00;76;;;23,00;565;$;55.000.000,00;1;Desierta;;;;;AO;;;MiPyME FCE - Art. 7 Ley 27.440, Res. SEPYME 340/17, Art. 2 RG 4367/18 y RG 1019/24;;
1542069;02/09/2026;No Garantizado;NO;NO;NO;ECHEQ;NO;NO;C.I.;15:14:28;17:00:00;55;;;;828;$;3.725.000,00;1;Desierta;;;30-70791371-8;PAVETTI GUSTAVO ALBERTO Y GUERRERO RODOLFO GUSTAVO;AO;30-70791371-8;PAVETTI GUSTAVO ALBERTO Y GUERRERO RODOLFO GUSTAVO;;;
1542070;02/09/2026;No Garantizado Calificado;NO;SI;NO;PAGARE;NO;NO;C.I.;15:14:33;17:00:00;182;47;12,00;12,00;47;DOL;381.000,00;1;Negociada;15:16:34;;30-71581420-6;JANOS GROUP SRL;;30-71581420-6;JANOS GROUP SRL;;;
1542071;02/09/2026;Avalado;;SI;NO;PAGARE;NO;NO;24Hs.;15:14:34;17:00:00;371;767;7,50;7,50;526;DOL;45.000,00;2;Negociada;15:50:41;FIDE;;Fidem S.G.R.;;;;;;
1542072;02/09/2026;Avalado;;SI;NO;PAGARE;NO;NO;24Hs.;15:14:40;17:00:00;236;567;7,50;7,50;567;DOL;60.000,00;3;Negociada;15:22:57;PROM;;Promover S.G.R.;;;;;;
1542073;02/09/2026;No Garantizado;NO;SI;NO;ECHEQ;NO;NO;C.I.;15:14:40;17:00:00;72;;;;828;$;3.725.000,00;1;Desierta;;;30-70791371-8;PAVETTI GUSTAVO ALBERTO Y GUERRERO RODOLFO GUSTAVO;AO;30-70791371-8;PAVETTI GUSTAVO ALBERTO Y GUERRERO RODOLFO GUSTAVO;;;
1542074;02/09/2026;No Garantizado Calificado;NO;SI;NO;PAGARE;NO;NO;C.I.;15:14:43;17:00:00;182;545;12,00;12,00;47;DOL;11.500,00;1;Negociada;15:36:38;;30-71581420-6;JANOS GROUP SRL;;30-71581420-6;JANOS GROUP SRL;;;
1542075;02/09/2026;No Garantizado;NO;SI;NO;ECHEQ;NO;NO;C.I.;15:14:53;17:00:00;64;;;;828;$;3.725.000,00;1;Desierta;;;30-70791371-8;PAVETTI GUSTAVO ALBERTO Y GUERRERO RODOLFO GUSTAVO;AO;30-70791371-8;PAVETTI GUSTAVO ALBERTO Y GUERRERO RODOLFO GUSTAVO;;;
1542076;02/09/2026;No Garantizado;NO;SI;NO;ECHEQ;SI;NO;24Hs.;15:15:04;17:00:00;104;559;27,00;27,00;559;$;409.883.348,70;1;Negociada;15:25:26;;30-68537634-9;TARJETA NARANJA S.A.U.;NO;30-52687424-9;FRAVEGA SACIEI;;;
1542077;02/09/2026;No Garantizado;SI;SI;NO;ECHEQ;NO;NO;C.I.;15:15:30;17:00:00;77;406;36,00;36,00;714;$;300.000.000,00;2;Negociada;15:17:31;;30-71432484-1;SERVICIOS L&A S.R.L.;AO;30-71432484-1;SERVICIOS L&A S.R.L.;Certificado MiPyME;;
1542078;02/09/2026;No Garantizado;NO;SI;NO;ECHEQ;NO;NO;C.I.;15:15:45;17:00:00;61;433;32,00;32,00;433;$;475.000.000,00;1;Negociada;15:17:47;;30-70931850-7;COM & LOG S. A.;AO;30-70931850-7;COM & LOG S. A.;;;
1542079;02/09/2026;No Garantizado;NO;SI;NO;ECHEQ;SI;NO;24Hs.;15:15:48;17:00:00;133;559;27,50;27,50;559;$;3.850.570.242,70;5;Negociada;15:26:03;;30-68537634-9;TARJETA NARANJA S.A.U.;NO;30-52687424-9;FRAVEGA SACIEI;;;
1542080;02/09/2026;Avalado;;SI;NO;ECHEQ;NO;NO;24Hs.;15:16:15;17:00:00;68;;;25,00;559;$;27.142.357,91;17;Desierta;;AFFI;;Affidavit S.G.R.;AO;;;;;
1542081;02/09/2026;No Garantizado Calificado;SI;SI;NO;FCE;NO;NO;24Hs.;15:16:31;17:00:00;89;568;29,50;29,50;568;$;5.457.046,42;1;Negociada;15:18:32;%INC;30-68731043-4;INC S. A.;;;;;;
1542082;02/09/2026;Garantizado;SI;SI;NO;ECHEQ;NO;NO;24Hs.;15:17:32;17:00:00;14;;;22,00;449;$;14.849.500,30;7;Desierta;;;;;AO;;;Certificado MiPyME;;
1542083;02/09/2026;Avalado;;SI;NO;ECHEQ;NO;NO;24Hs.;15:19:03;17:00:00;33;442;24,50;24,50;716;$;20.000.000,00;1;Negociada;15:21:05;CREC;;Crecer S.G.R.;AO;;;;;
1542084;02/09/2026;Avalado;;NO;NO;ECHEQ;NO;NO;24Hs.;15:20:11;17:00:00;82;;;26,00;537;$;3.600.000,00;2;Desierta;;INPY;;Integra Pymes S.G.R.;AO;;;;;
1542085;02/09/2026;Garantizado;SI;SI;NO;ECHEQ;NO;NO;24Hs.;15:20:53;17:00:00;40;523;24,00;24,00;598;$;94.404.419,46;10;Negociada;15:22:55;;;;AO;;;Certificado MiPyME;;
1542086;02/09/2026;Garantizado;SI;SI;NO;ECHEQ;SI;NO;24Hs.;15:21:08;17:00:00;42;406;25,00;25,00;598;$;6.650.000,00;1;Negociada;15:24:24;;;;NO;;;Certificado MiPyME;;
1542087;02/09/2026;Garantizado Calificado;SI;SI;NO;ECHEQ;NO;NO;24Hs.;15:21:21;17:00:00;42;406;25,00;25,00;598;$;14.121.974,12;2;Negociada;15:23:23;;;;AO;;;Certificado MiPyME;;
1542088;02/09/2026;Avalado;;SI;NO;PAGARE;NO;NO;24Hs.;15:21:31;17:00:00;171;439;8,50;8,50;545;DOL;65.000,00;2;Negociada;16:45:17;AFBG;;AFB AVALES S.G.R;;;;;;
1542089;02/09/2026;Avalado;;SI;NO;PAGARE;NO;NO;24Hs.;15:21:50;17:00:00;181;;;7,00;545;DOL;32.500,00;1;Desierta;;AFBG;;AFB AVALES S.G.R;;;;;;
1542090;02/09/2026;Avalado;;SI;NO;PAGARE;NO;NO;24Hs.;15:22:06;17:00:00;168;439;8,50;8,50;545;DOL;32.500,00;1;Negociada;16:45:45;AFBG;;AFB AVALES S.G.R;;;;;;
1542091;02/09/2026;Avalado;;SI;NO;PAGARE;NO;NO;24Hs.;15:22:17;17:00:00;174;439;8,50;8,50;545;DOL;32.500,00;1;Negociada;16:45:56;AFBG;;AFB AVALES S.G.R;;;;;;
1542092;02/09/2026;Avalado;;SI;NO;PAGARE;NO;NO;24Hs.;15:22:28;17:00:00;186;;;7,00;545;DOL;32.500,00;1;Desierta;;AFBG;;AFB AVALES S.G.R;;;;;;
1542093;02/09/2026;No Garantizado;NO;SI;NO;ECHEQ;SI;NO;C.I.;15:23:12;17:00:00;28;767;27,00;27,00;436;$;4.013.954,00;1;Negociada;15:25:14;;27-23910031-2;AGUIRRE MAGDALENA;NO;30-69443703-2;SERVICIOS DE LOGISTICA S A;;;
1542094;02/09/2026;No Garantizado;NO;SI;NO;ECHEQ;NO;NO;C.I.;15:23:24;17:00:00;28;767;27,00;27,00;436;$;2.794.714,53;1;Negociada;15:25:26;;30-56729465-6;LOGICAL S A;AO;30-69443703-2;SERVICIOS DE LOGISTICA S A;;;
1542095;02/09/2026;No Garantizado;NO;SI;NO;ECHEQ;NO;NO;24Hs.;15:23:24;17:00:00;107;343;65,00;65,00;545;$;35.650.812,00;6;Negociada;16:49:08;;30-71660176-1;FRUCH PATAGONIA SAS;AO;30-71660176-1;FRUCH PATAGONIA SAS;;;
1542096;02/09/2026;No Garantizado;NO;SI;NO;ECHEQ;NO;NO;C.I.;15:23:34;17:00:00;24;767;27,00;27,00;436;$;12.368.235,75;3;Negociada;15:25:35;;30-71623011-9;SELCA DISTRIBUIDORA S.R.L.;AO;30-69443703-2;SERVICIOS DE LOGISTICA S A;;;
1542097;02/09/2026;Garantizado;SI;SI;NO;ECHEQ;NO;NO;24Hs.;15:24:52;17:00:00;92;406;23,99;25,00;537;$;180.000.000,00;1;Negociada;15:30:05;;;;AO;;;Certificado MiPyME;;
1542098;02/09/2026;No Garantizado;NO;SI;NO;ECHEQ;NO;NO;C.I.;15:25:26;17:00:00;21;465;35,00;35,00;465;$;556.600,00;1;Negociada;15:27:27;;30-71063652-0;GROUP OF PRIVATE SECURITY S.R.L.;AO;30-71043111-2;PATOCO Y CIA SOCIEDAD DE RESPONSABILIDAD LIMITADA;;;
1542099;02/09/2026;No Garantizado;NO;SI;NO;ECHEQ;SI;NO;C.I.;15:25:54;17:00:00;28;841;26,50;26,50;529;$;2.032.152,64;1;Negociada;15:27:56;;30-69847147-2;DINOSAURIO S.A.;NO;;;;;
1542100;02/09/2026;Avalado;;SI;NO;ECHEQ;NO;NO;24Hs.;15:27:03;17:00:00;67;15;22,89;22,95;720;$;200.000.000,00;2;Negociada;15:30:29;BAIN;;BANCO INDUSTRIAL SA;AO;;;;;
1542101;02/09/2026;No Garantizado;SI;SI;NO;ECHEQ;SI;NO;24Hs.;15:28:20;17:00:00;48;569;27,00;27,00;43;$;33.082.401,53;1;Negociada;15:46:52;;30-71568605-4;MELI LOG SRL;NO;30-70801561-6;MEDICINA PARA EMPRESAS S.A.;Certificado MiPyME;;
1542102;02/09/2026;Avalado;;SI;NO;ECHEQ;NO;NO;24Hs.;15:28:30;17:00:00;102;502;25,00;25,00;11;$;1.633.520,00;1;Negociada;15:39:39;ACPY;;Acindar Pymes S.G.R.;AO;;;;;
1542103;02/09/2026;No Garantizado;NO;SI;NO;ECHEQ;NO;NO;24Hs.;15:28:32;17:00:00;34;15;33,00;33,00;559;$;33.268.778,78;1;Negociada;15:30:33;;30-60072544-7;ROWING SA;AO;;;;;
1542104;02/09/2026;No Garantizado;SI;SI;NO;ECHEQ;SI;NO;24Hs.;15:28:53;17:00:00;48;795;27,00;27,00;43;$;20.886.823,79;1;Negociada;15:42:03;;30-70308853-4;MERCADOLIBRE S.R.L.;NO;30-70801561-6;MEDICINA PARA EMPRESAS S.A.;Certificado MiPyME;;
1542105;02/09/2026;Avalado;;SI;NO;ECHEQ;NO;NO;24Hs.;15:29:11;17:00:00;42;406;24,00;24,00;764;$;11.200.000,00;2;Negociada;15:31:12;ARPY;;Argenpymes S.G.R.;AO;;;;;
1542106;02/09/2026;No Garantizado;NO;SI;NO;ECHEQ;NO;NO;C.I.;15:29:32;17:00:00;14;754;40,00;40,00;754;$;3.000.000,00;2;Negociada;15:31:34;;20-30154352-3;JALIL ESTEBAN MARTIN;AO;;;;;
1542107;02/09/2026;No Garantizado;NO;SI;NO;ECHEQ;NO;NO;C.I.;15:29:56;17:00:00;12;754;40,00;40,00;754;$;1.521.313,21;1;Negociada;15:31:58;;33-70961517-9;MARCOS EDUARDO MONTORO Y GUILLERMO DAVID MONTORO S H;AO;;;;;
1542108;02/09/2026;No Garantizado;NO;SI;NO;ECHEQ;NO;NO;C.I.;15:30:34;17:00:00;26;764;29,00;29,00;764;$;17.534.173,75;2;Negociada;15:47:39;;30-71207187-3;SEDILOG S.R.L.;AO;;;;;
1542109;02/09/2026;No Garantizado;NO;SI;NO;ECHEQ;NO;NO;C.I.;15:30:48;17:00:00;70;767;28,00;28,00;767;$;2.322.133,33;1;Negociada;15:32:49;;30-71804218-2;TE PROYECTA CONSTRUCCIONES SOCIEDAD POR ACCIONES SIMPLIFICADA;AO;;;;;
1542110;02/09/2026;No Garantizado Calificado;NO;SI;NO;ECHEQ;NO;NO;24Hs.;15:31:02;17:00:00;56;702;30,00;30,00;702;$;3.850.000,00;1;Negociada;15:33:03;;30-71587199-4;B&B LOGISTICA S.R.L.;AO;30-71587199-4;B&B LOGISTICA S.R.L.;;;
1542111;02/09/2026;No Garantizado;NO;SI;NO;ECHEQ;NO;NO;C.I.;15:31:03;17:00:00;39;808;55,00;55,00;808;$;578.676.000,00;27;Negociada;15:36:58;;30-71640610-1;S&S SOLUTIONS S.A;AO;30-71640610-1;S&S SOLUTIONS S.A;;;
1542112;02/09/2026;No Garantizado;NO;SI;NO;ECHEQ;NO;NO;C.I.;15:31:28;17:00:00;59;767;28,00;28,00;767;$;23.830.875,00;3;Negociada;15:33:30;;23-30952837-9;TIBERIO EZEQUIEL ALEJANDRO;AO;;;;;
1542113;02/09/2026;Avalado;;SI;NO;ECHEQ;NO;NO;24Hs.;15:31:47;17:00:00;88;15;23,85;25,00;839;$;200.000.000,00;20;Negociada;15:33:48;FINT;;Fintech S.G.R.;AO;;;;;
1542114;02/09/2026;Avalado;;SI;NO;ECHEQ;NO;NO;24Hs.;15:32:00;17:00:00;88;406;26,00;26,00;406;$;15.000.000,00;1;Negociada;15:34:46;ARPY;;Argenpymes S.G.R.;AO;;;;;
1542115;02/09/2026;No Garantizado;NO;SI;NO;ECHEQ;NO;NO;C.I.;15:32:43;17:00:00;12;764;32,00;32,00;764;$;30.000.000,00;1;Negociada;15:47:51;;33-71682356-9;COOLMEALS S.A.S.;AO;33-71682356-9;COOLMEALS S.A.S.;;;
1542116;02/09/2026;Avalado;;SI;NO;ECHEQ;NO;NO;24Hs.;15:32:43;17:00:00;161;;;;754;$;30.000.000,00;12;Desierta;;CREC;;Crecer S.G.R.;AO;;;;;
1542117;02/09/2026;Garantizado;SI;SI;NO;ECHEQ;NO;NO;24Hs.;15:35:43;17:00:00;92;523;26,00;26,00;591;$;11.000.000,00;2;Negociada;15:37:45;;;;AO;;;Certificado MiPyME;;
1542118;02/09/2026;Avalado;;SI;NO;ECHEQ;NO;NO;24Hs.;15:36:20;17:00:00;99;406;26,00;26,00;406;$;36.000.000,00;1;Negociada;15:55:42;ARPY;;Argenpymes S.G.R.;AO;;;;;
1542119;02/09/2026;No Garantizado;NO;SI;NO;ECHEQ;NO;NO;C.I.;15:36:23;17:00:00;51;785;45,00;45,00;785;$;15.000.000,00;3;Negociada;15:38:24;;30-54589896-5;ASOCIACION ESPAÑOLA DE SOCORROS MUTUOS DE VILLA MARIA Y VILLA NUEVA;AO;;;;;
1542120;02/09/2026;Avalado;;SI;NO;PAGARE;NO;NO;24Hs.;15:38:01;17:00:00;317;406;7,00;7,00;406;U$S;50.000,00;2;Negociada;15:56:02;ARPY;;Argenpymes S.G.R.;;;;;;
1542121;02/09/2026;Avalado;;SI;NO;ECHEQ;NO;NO;24Hs.;15:38:10;17:00:00;129;567;26,00;26,00;439;$;70.000.000,00;2;Negociada;16:00:51;ACPY;;Acindar Pymes S.G.R.;AO;;;;;
1542122;02/09/2026;Avalado;;SI;NO;ECHEQ;NO;NO;24Hs.;15:38:23;17:00:00;182;20;28,00;28,00;439;$;80.000.000,00;2;Negociada;16:01:01;ACPY;;Acindar Pymes S.G.R.;AO;;;;;
1542123;02/09/2026;No Garantizado;NO;SI;NO;ECHEQ;NO;NO;C.I.;15:38:36;17:00:00;23;802;28,00;28,00;802;$;200.000.000,00;2;Negociada;15:40:38;;33-62333061-9;LA CUMBRE SAN LUIS S A;AO;33-62333061-9;LA CUMBRE SAN LUIS S A;;;
1542124;02/09/2026;No Garantizado;NO;SI;NO;ECHEQ;NO;NO;C.I.;15:40:35;17:00:00;26;754;40,00;40,00;754;$;1.169.677,40;1;Negociada;15:42:38;;30-71184145-4;SUELONIVEL S.R.L.;AO;30-71164104-8;DIAMANTE S.R.L.;;;
1542125;02/09/2026;No Garantizado;NO;SI;NO;ECHEQ;NO;NO;C.I.;15:40:58;17:00:00;30;449;39,50;40,00;754;$;1.500.000,00;1;Negociada;15:43:00;;33-70842060-9;JESUS VIANO Y SEBASTIAN VIANO SOC DE HECHO;AO;30-71164104-8;DIAMANTE S.R.L.;;;
1542126;02/09/2026;No Garantizado;NO;SI;NO;ECHEQ;NO;NO;C.I.;15:41:13;17:00:00;21;754;40,00;40,00;754;$;2.177.725,13;1;Negociada;15:43:14;;20-16306425-2;COSTA VICTOR JOSE;AO;30-71164104-8;DIAMANTE S.R.L.;;;
1542127;02/09/2026;No Garantizado Calificado;NO;SI;NO;ECHEQ;NO;NO;C.I.;15:41:28;17:00:00;15;754;40,00;40,00;754;$;1.300.000,00;1;Negociada;15:43:30;;20-11382059-5;RUFFINO MARIO LUIS;AO;30-71164104-8;DIAMANTE S.R.L.;;;
1542128;02/09/2026;No Garantizado;NO;SI;NO;ECHEQ;NO;NO;C.I.;15:41:44;17:00:00;12;754;40,00;40,00;754;$;3.625.876,00;1;Negociada;15:43:46;;30-51564236-2;INDACOR;AO;30-71164104-8;DIAMANTE S.R.L.;;;
1542129;02/09/2026;No Garantizado;NO;SI;NO;ECHEQ;NO;NO;C.I.;15:42:00;17:00:00;13;754;40,00;40,00;754;$;1.525.882,55;1;Negociada;15:44:01;;30-62829063-2;YABECO S A;AO;30-71164104-8;DIAMANTE S.R.L.;;;
1542130;02/09/2026;Avalado;;SI;NO;ECHEQ;NO;NO;24Hs.;15:42:11;17:00:00;95;567;28,00;28,00;567;$;200.000.000,00;4;Negociada;15:44:13;PROM;;Promover S.G.R.;AO;;;;;
1542131;02/09/2026;Avalado;;SI;NO;ECHEQ;NO;NO;24Hs.;15:42:20;17:00:00;99;567;26,00;26,00;567;$;12.000.000,00;1;Negociada;15:44:21;PROM;;Promover S.G.R.;AO;;;;;
1542132;02/09/2026;Avalado;;SI;NO;ECHEQ;NO;NO;24Hs.;15:42:26;17:00:00;210;;;25,00;11;$;64.776.072,87;7;Desierta;;CREC;;Crecer S.G.R.;AO;;;;;
1542133;02/09/2026;No Garantizado;NO;NO;NO;PAGARE;NO;NO;C.I.;15:42:31;17:00:00;8;767;38,00;38,00;767;$;85.100.000,00;1;Negociada;15:44:33;;30-55931030-8;LABORATORIO MANTEL S.A.;;;;;;
1542134;02/09/2026;No Garantizado;NO;SI;NO;ECHEQ;NO;NO;24Hs.;15:42:38;17:00:00;34;502;27,00;27,00;502;$;1.000.000.000,00;1;Negociada;15:44:39;;30-65511651-2;EDESUR S A;AO;30-65511651-2;EDESUR S A;;;
1542135;02/09/2026;No Garantizado;NO;SI;NO;ECHEQ;SI;NO;C.I.;15:42:42;17:00:00;21;754;40,00;40,00;754;$;3.029.175,45;1;Negociada;15:44:43;;20-26508694-3;BRUGNONI GABRIEL ALBERTO;NO;30-71164104-8;DIAMANTE S.R.L.;;;
1542136;02/09/2026;No Garantizado;SI;SI;NO;ECHEQ;NO;NO;C.I.;15:42:46;17:00:00;55;718;30,00;30,00;718;$;30.376.520,41;3;Negociada;15:44:47;;33-70820768-9;GORGERINO CESAR BARTOLOME, GORGERINO JULIO CESAR, GORGERINO DELCAR MIGUEL Y GORGERINO ADRIAN JUAN S. CAP I SECC IV;AO;;;Certificado MiPyME;;
1542137;02/09/2026;No Garantizado;NO;SI;NO;ECHEQ;NO;NO;C.I.;15:42:56;17:00:00;21;754;40,00;40,00;754;$;757.764,47;1;Negociada;15:44:57;;30-70901444-3;LA MARIA LINDA SRL;AO;30-71164104-8;DIAMANTE S.R.L.;;;
1542138;02/09/2026;No Garantizado;SI;SI;NO;ECHEQ;NO;NO;C.I.;15:42:56;17:00:00;49;;;0,00;718;$;3.500.000,00;1;Desierta (Baja);;;20-11918212-4;PEREZ PASCUA LUIS MARIO;AO;;;Certificado MiPyME;;
1542139;02/09/2026;No Garantizado;NO;SI;NO;ECHEQ;NO;NO;C.I.;15:43:11;17:00:00;29;754;40,00;40,00;754;$;340.000,00;1;Negociada;15:45:13;;30-50572577-4;FUNDARG S R L;AO;30-71164104-8;DIAMANTE S.R.L.;;;
1542140;02/09/2026;No Garantizado Calificado;NO;SI;NO;ECHEQ;NO;NO;C.I.;15:43:27;17:00:00;13;754;40,00;40,00;754;$;5.000.000,00;1;Negociada;15:45:29;;30-66864457-7;CONSTRUCCIONES SERMANTER S R L;AO;;;;;
1542141;02/09/2026;No Garantizado;NO;SI;NO;ECHEQ;NO;NO;C.I.;15:43:47;17:00:00;27;754;40,00;40,00;754;$;4.079.041,20;1;Negociada;15:45:49;;30-71715096-8;AGROPATERNAL S.A.S.;AO;;;;;
1542142;02/09/2026;Avalado;;SI;NO;ECHEQ;NO;NO;C.I.;15:44:00;17:00:00;113;;;0,00;15;$;30.172.333,40;12;Desierta (Baja);;TRND;;Trend S.G.R.;AO;;;;;
1542143;02/09/2026;No Garantizado;NO;NO;NO;PAGARE;NO;NO;C.I.;15:44:43;17:00:00;15;767;38,00;38,00;767;$;10.000.000,00;1;Negociada;15:46:44;;30-55554965-9;DIASER SOCIEDAD ANONIMA S. A.;;;;;;
1542144;02/09/2026;No Garantizado Calificado;NO;NO;NO;PAGARE;NO;NO;C.I.;15:45:23;17:00:00;13;47;12,00;12,00;545;DOL;10.885,00;1;Negociada;15:47:24;;30-71581420-6;JANOS GROUP SRL;;;;;;
1542145;02/09/2026;No Garantizado;NO;NO;NO;PAGARE;NO;NO;C.I.;15:45:43;17:00:00;15;767;38,00;38,00;767;$;2.140.000.000,00;1;Negociada;15:47:45;;30-55554965-9;DIASER SOCIEDAD ANONIMA S. A.;;;;;;
1542146;02/09/2026;Avalado;;SI;NO;ECHEQ;NO;NO;24Hs.;15:45:43;17:00:00;105;406;27,00;27,00;11;$;7.500.000,00;1;Negociada;15:59:39;CREC;;Crecer S.G.R.;AO;;;;;
1542147;02/09/2026;Avalado;;SI;NO;ECHEQ;NO;NO;24Hs.;15:46:03;17:00:00;90;502;25,00;25,00;11;$;27.132.624,82;1;Negociada;15:58:24;CREC;;Crecer S.G.R.;AO;;;;;
1542148;02/09/2026;Avalado;;SI;NO;ECHEQ;NO;NO;24Hs.;15:46:05;17:00:00;60;406;24,49;25,00;406;$;12.521.436,19;12;Negociada;15:59:19;ARPY;;Argenpymes S.G.R.;AO;;;;;
1542149;02/09/2026;Avalado;;SI;NO;ECHEQ;NO;NO;24Hs.;15:46:37;17:00:00;102;406;24,50;25,00;11;$;6.160.000,00;4;Negociada;15:55:18;ARPY;;Argenpymes S.G.R.;AO;;;;;
1542150;02/09/2026;Avalado;;SI;NO;ECHEQ;NO;NO;24Hs.;15:46:39;17:00:00;102;406;26,00;26,00;406;$;105.074.540,80;6;Negociada;16:13:32;ARPY;;Argenpymes S.G.R.;AO;;;;;
1542151;02/09/2026;Avalado;;SI;NO;ECHEQ;NO;NO;24Hs.;15:47:05;17:00:00;272;;;23,00;11;$;178.000.000,00;2;Desierta;;ACPY;;Acindar Pymes S.G.R.;AO;;;;;
1542152;02/09/2026;Avalado;;SI;NO;ECHEQ;NO;NO;24Hs.;15:47:41;17:00:00;211;502;26,00;26,00;545;$;42.400.000,00;15;Negociada;15:49:42;ARPY;;Argenpymes S.G.R.;AO;;;;;
1542153;02/09/2026;Avalado;;SI;NO;ECHEQ;NO;NO;24Hs.;15:47:55;17:00:00;174;;;23,00;11;$;30.000.000,00;1;Desierta;;CREC;;Crecer S.G.R.;AO;;;;;
1542154;02/09/2026;Avalado;;SI;NO;ECHEQ;NO;NO;24Hs.;15:48:11;17:00:00;47;406;23,00;25,00;11;$;300.000.000,00;2;Negociada;16:04:30;ARPY;;Argenpymes S.G.R.;AO;;;;;
1542155;02/09/2026;No Garantizado;NO;NO;NO;PAGARE;NO;NO;C.I.;15:48:21;17:00:00;9;767;0,00;0,00;767;U$D;11.500,00;1;Negociada;15:50:23;;30-71719531-7;EXUD SA;;;;;;
1542156;02/09/2026;Avalado;;SI;NO;ECHEQ;NO;NO;24Hs.;15:48:32;17:00:00;33;15;23,00;23,00;720;$;79.412.477,00;34;Negociada;15:50:33;BAIN;;BANCO INDUSTRIAL SA;AO;;;;;
1542157;02/09/2026;Avalado;;SI;NO;ECHEQ;SI;NO;24Hs.;15:48:43;17:00:00;40;15;23,00;23,00;720;$;9.447.782,40;1;Negociada;15:50:44;BAIN;;BANCO INDUSTRIAL SA;NO;;;;;
1542158;02/09/2026;No Garantizado;NO;SI;NO;PAGARE;NO;NO;C.I.;15:49:04;17:00:00;92;406;10,00;10,00;406;U$D;160.000,00;1;Negociada;15:52:14;;33-69126594-9;PLASTIFERRO TUBOS SA;;33-69126594-9;PLASTIFERRO TUBOS SA;;;
1542159;02/09/2026;No Garantizado;SI;SI;NO;ECHEQ;NO;NO;C.I.;15:49:27;17:00:00;15;569;30,00;30,00;569;$;272.567.450,83;1;Negociada;16:07:07;;30-69206322-4;OCSA SA;AO;;;MiPyME FCE - Art. 7 Ley 27.440, Res. SEPYME 340/17, Art. 2 RG 4367/18 y RG 1019/24;;
1542160;02/09/2026;No Garantizado;NO;SI;NO;PAGARE;NO;NO;C.I.;15:50:52;17:00:00;177;767;0,00;0,00;767;U$D;11.500,00;1;Negociada;15:52:53;;30-71719531-7;EXUD SA;;30-71719531-7;EXUD SA;;;
1542161;02/09/2026;No Garantizado;SI;SI;NO;ECHEQ;SI;NO;C.I.;15:51:41;17:00:00;30;287;28,00;29,00;723;$;223.189.067,81;1;Negociada;15:59:27;;30-50401884-5;VOLKSWAGEN ARGENTINA S A;NO;30-55608105-7;CIA REGIONAL ACEROS FORJADOS MERCEDES S A  C R A F M S A;Certificado MiPyME;;
1542162;02/09/2026;No Garantizado;SI;SI;NO;ECHEQ;NO;NO;C.I.;15:51:59;17:00:00;85;718;33,00;34,00;718;$;11.227.828,40;2;Negociada;15:54:37;;30-50108624-6;BENITO ROGGIO E HIJOS SA;AO;;;Certificado MiPyME;;
1542163;02/09/2026;No Garantizado;NO;SI;NO;ECHEQ;NO;NO;C.I.;15:52:11;17:00:00;51;559;30,00;30,00;559;$;500.000.000,00;4;Negociada;15:54:12;;33-68299758-9;FORCAM SA;AO;33-68299758-9;FORCAM SA;;;
1542164;02/09/2026;Avalado;;SI;NO;ECHEQ;NO;NO;24Hs.;15:52:38;17:00:00;63;567;27,00;27,00;839;$;40.000.000,00;1;Negociada;15:54:39;MOVI;;MOVIL S.G.R.;AO;;;;;
1542165;02/09/2026;No Garantizado;NO;SI;NO;ECHEQ;NO;NO;24Hs.;15:52:55;17:00:00;34;546;27,00;27,00;546;$;2.000.000.000,00;1;Negociada;15:54:57;;30-65511651-2;EDESUR S A;AO;30-65511651-2;EDESUR S A;;;
1542166;02/09/2026;Avalado;;SI;NO;ECHEQ;NO;NO;24Hs.;15:53:02;17:00:00;131;406;26,50;26,50;406;$;22.500.000,00;1;Negociada;16:08:11;ARPY;;Argenpymes S.G.R.;AO;;;;;
1542167;02/09/2026;Garantizado;SI;SI;NO;ECHEQ;NO;NO;24Hs.;15:53:09;17:00:00;91;406;23,99;24,00;513;$;32.000.000,00;1;Negociada;16:10:41;;;;AO;;;Certificado MiPyME;;
1542168;02/09/2026;Avalado;;SI;NO;ECHEQ;NO;NO;24Hs.;15:54:22;17:00:00;71;406;25,00;25,00;406;$;2.639.673,94;3;Negociada;15:57:07;CREC;;Crecer S.G.R.;AO;;;;;
1542169;02/09/2026;Avalado;;SI;NO;ECHEQ;SI;NO;24Hs.;15:54:28;17:00:00;155;406;27,00;27,00;406;$;25.410.782,03;31;Negociada;15:56:49;CREC;;Crecer S.G.R.;NO;;;;;
1542170;02/09/2026;Avalado;;SI;NO;ECHEQ;NO;NO;24Hs.;15:54:49;17:00:00;55;406;24,00;24,00;406;$;68.133.986,30;2;Negociada;15:57:22;CREC;;Crecer S.G.R.;AO;;;;;
1542171;02/09/2026;Avalado;;SI;NO;ECHEQ;SI;NO;24Hs.;15:54:52;17:00:00;94;406;26,00;26,00;406;$;18.084.000,00;22;Negociada;15:57:34;CREC;;Crecer S.G.R.;NO;;;;;
1542172;02/09/2026;No Garantizado;NO;SI;NO;ECHEQ;NO;NO;24Hs.;15:56:10;17:00:00;56;767;50,00;50,00;767;$;2.100.000,00;1;Negociada;15:58:12;;30-71572008-2;MOTO SPORT CAÑADA S.R.L.;AO;30-71572008-2;MOTO SPORT CAÑADA S.R.L.;;;
1542173;02/09/2026;Garantizado;SI;SI;NO;PAGARE;NO;NO;24Hs.;15:56:24;17:00:00;57;;;20,00;534;$;10.000.000,00;1;Desierta;;;;;;;;Certificado MiPyME;;
1542174;02/09/2026;Garantizado;SI;SI;NO;PAGARE;NO;NO;24Hs.;15:56:41;17:00:00;67;;;20,00;534;$;10.000.000,00;1;Desierta;;;;;;;;Certificado MiPyME;;
1542175;02/09/2026;No Garantizado;NO;SI;NO;ECHEQ;NO;NO;C.I.;15:56:46;17:00:00;61;767;50,00;50,00;767;$;5.300.000,00;2;Negociada;15:58:47;;30-71572008-2;MOTO SPORT CAÑADA S.R.L.;AO;30-71572008-2;MOTO SPORT CAÑADA S.R.L.;;;
1542176;02/09/2026;Avalado;;SI;NO;ECHEQ;NO;NO;24Hs.;15:56:54;17:00:00;112;502;26,00;26,00;15;$;30.172.333,40;12;Negociada;15:58:55;TRND;;Trend S.G.R.;AO;;;;;
1542177;02/09/2026;Avalado;;SI;NO;ECHEQ;NO;NO;24Hs.;15:57:07;17:00:00;66;;;24,00;11;$;349.964,67;2;Desierta;;CUAV;;Cuyo Aval S.G.R.;AO;;;;;
1542178;02/09/2026;Garantizado;SI;SI;NO;ECHEQ;NO;NO;24Hs.;15:58:43;17:00:00;49;406;23,99;24,00;545;$;32.103.317,32;8;Negociada;16:01:24;;;;AO;;;Certificado MiPyME;;
1542179;02/09/2026;Garantizado;SI;SI;NO;ECHEQ;SI;NO;24Hs.;15:58:59;17:00:00;54;406;23,99;24,00;545;$;10.000.000,00;1;Negociada;16:01:39;;;;NO;;;Certificado MiPyME;;
1542180;02/09/2026;Garantizado Calificado;SI;SI;NO;ECHEQ;NO;NO;24Hs.;15:59:07;17:00:00;50;406;26,00;26,00;545;$;8.000.000,00;1;Negociada;16:48:09;;;;AO;;;Certificado MiPyME;;
1542181;02/09/2026;Avalado;;SI;NO;ECHEQ;NO;NO;24Hs.;15:59:32;17:00:00;67;442;25,00;25,00;754;$;15.000.000,00;1;Negociada;16:13:22;FINT;;Fintech S.G.R.;AO;;;;;
1542182;02/09/2026;No Garantizado;NO;SI;NO;PAGARE;NO;NO;C.I.;16:00:12;17:00:00;369;507;7,00;7,00;507;U$D;114.500,00;2;Negociada;16:02:13;;30-71813572-5;FIDEICOMISO DON LUIS;;30-71813572-5;FIDEICOMISO DON LUIS;;;
1542183;02/09/2026;No Garantizado;NO;SI;NO;ECHEQ;NO;NO;C.I.;16:00:42;17:00:00;229;532;15,00;15,00;532;$;480.000.000,00;10;Negociada;16:02:43;;30-50167689-2;LABORATORIO INTERNACIONAL ARGENTINO SA;AO;30-50167689-2;LABORATORIO INTERNACIONAL ARGENTINO SA;;;
1542184;02/09/2026;No Garantizado;NO;SI;NO;PAGARE;NO;NO;24Hs.;16:00:56;17:00:00;663;;;9,50;767;DOL;17.000,00;1;Desierta;;;30-71954586-2;;;30-71954586-2;;;;
1542185;02/09/2026;No Garantizado;SI;SI;NO;ECHEQ;SI;NO;24Hs.;16:01:14;17:00:00;42;529;29,75;30,00;43;$;20.028.190,00;1;Negociada;16:34:35;;30-60520678-2;GRUPO AYUDIN ARGENTINA S. A.;NO;30-70801561-6;MEDICINA PARA EMPRESAS S.A.;Certificado MiPyME;;
1542186;02/09/2026;Avalado;;NO;NO;ECHEQ;NO;NO;24Hs.;16:01:33;17:00:00;55;852;27,00;27,00;569;$;20.000.000,00;2;Negociada;16:03:34;ZOFI;;Zofingen S.G.R.;AO;;;;;
1542187;02/09/2026;No Garantizado;SI;SI;NO;ECHEQ;NO;NO;C.I.;16:01:34;17:00:00;34;569;31,00;31,00;569;$;110.000.000,00;1;Negociada;16:03:36;;33-71106248-9;COMPANIA INVERSORA INDUSTRIAL S.A.;AO;33-71106248-9;COMPANIA INVERSORA INDUSTRIAL S.A.;Certificado MiPyME;;
1542188;02/09/2026;No Garantizado;SI;SI;NO;ECHEQ;NO;NO;C.I.;16:02:27;17:00:00;63;569;32,00;32,00;569;$;110.000.000,00;1;Negociada;16:04:28;;33-71106248-9;COMPANIA INVERSORA INDUSTRIAL S.A.;AO;33-71106248-9;COMPANIA INVERSORA INDUSTRIAL S.A.;Certificado MiPyME;;
1542189;02/09/2026;No Garantizado Calificado;NO;SI;NO;PAGARE;NO;NO;24Hs.;16:02:59;17:00:00;20;15;32,00;32,00;15;$;108.200.000,00;1;Negociada;16:05:01;;30-67661149-1;LUBRISIDER S A;;30-67661149-1;LUBRISIDER S A;;;
1542190;02/09/2026;No Garantizado;SI;SI;NO;ECHEQ;NO;NO;C.I.;16:03:33;17:00:00;92;569;33,00;33,00;569;$;110.000.000,00;1;Negociada;16:05:35;;33-71106248-9;COMPANIA INVERSORA INDUSTRIAL S.A.;AO;33-71106248-9;COMPANIA INVERSORA INDUSTRIAL S.A.;Certificado MiPyME;;
1542191;02/09/2026;No Garantizado;NO;SI;NO;ECHEQ;SI;NO;C.I.;16:03:42;16:20:00;43;795;25,90;26,45;795;$;1.319.779.862,82;1;Negociada;16:09:27;;30-68537634-9;TARJETA NARANJA S.A.U.;NO;30-59036076-3;CENCOSUD S A;;;
1542192;02/09/2026;Garantizado Calificado;NO;SI;NO;ECHEQ;NO;NO;24Hs.;16:03:43;17:00:00;48;;;30,00;559;$;5.000.000,00;1;Desierta;;;;;AO;;;;;
1542193;02/09/2026;No Garantizado;SI;SI;NO;ECHEQ;NO;NO;C.I.;16:04:47;17:00:00;33;405;38,00;38,00;405;$;14.000.000,00;2;Negociada;16:06:48;;30-71152295-2;AGROPRODUCCIONES TORRESI S.R.L.;AO;30-71152295-2;AGROPRODUCCIONES TORRESI S.R.L.;Certificado MiPyME;;
1542194;02/09/2026;No Garantizado;SI;SI;NO;ECHEQ;NO;NO;C.I.;16:04:59;17:00:00;101;405;43,00;43,00;405;$;36.000.000,00;4;Negociada;16:07:00;;30-71152295-2;AGROPRODUCCIONES TORRESI S.R.L.;AO;30-71152295-2;AGROPRODUCCIONES TORRESI S.R.L.;Certificado MiPyME;;
1542195;02/09/2026;No Garantizado Calificado;NO;SI;NO;PAGARE;NO;NO;C.I.;16:05:11;17:00:00;34;422;30,50;30,50;422;$;500.000.000,00;1;Negociada;16:09:08;;30-71542170-0;ALAU TECNOLOGIA S. A. U.;;30-71542170-0;ALAU TECNOLOGIA S. A. U.;;;
1542196;02/09/2026;No Garantizado;NO;SI;NO;ECHEQ;NO;NO;C.I.;16:05:28;17:00:00;63;866;35,00;35,00;866;$;20.000.000,00;1;Negociada;16:07:29;;30-60203995-8;POLINOA S A;AO;30-60203995-8;POLINOA S A;;;
1542197;02/09/2026;Avalado;;SI;NO;ECHEQ;NO;NO;24Hs.;16:05:51;17:00:00;22;442;24,50;24,50;526;$;332.317.467,26;1;Negociada;16:18:42;POTE;;Potenciar S.G.R.;AO;;;;;
1542198;02/09/2026;No Garantizado;SI;SI;NO;ECHEQ;NO;NO;24Hs.;16:06:13;17:00:00;31;572;32,00;32,00;42;$;16.824.072,04;2;Negociada;16:08:15;;30-54194320-6;RADIO SAPIENZA S A;AO;30-71469989-6;USMAN EQUIPAMIENTOS SRL;Certificado MiPyME;;
1542199;02/09/2026;Avalado;;SI;NO;PAGARE;NO;NO;24Hs.;16:06:24;17:00:00;102;442;26,00;26,00;442;$;265.000.000,00;1;Negociada;16:10:51;CREC;;Crecer S.G.R.;;;;;;
1542200;02/09/2026;No Garantizado;NO;SI;NO;ECHEQ;NO;NO;24Hs.;16:06:25;17:00:00;63;866;35,00;35,00;866;$;20.000.000,00;1;Negociada;16:08:27;;30-60203995-8;POLINOA S A;AO;30-60203995-8;POLINOA S A;;;
1542201;02/09/2026;Avalado;;SI;NO;ECHEQ;NO;NO;24Hs.;16:06:37;17:00:00;65;567;26,00;26,00;15;$;108.847.770,76;15;Negociada;16:08:40;FIDU;;Fid Aval S.G.R.;AO;;;;;
1542202;02/09/2026;Avalado;;SI;NO;ECHEQ;NO;NO;24Hs.;16:06:55;17:00:00;61;442;25,00;25,00;11;$;6.264.012,88;19;Negociada;16:13:46;CREC;;Crecer S.G.R.;AO;;;;;
1542203;02/09/2026;Avalado;;SI;NO;ECHEQ;NO;NO;24Hs.;16:06:56;17:00:00;96;;;0,00;15;$;262.482.147,21;21;Desierta (Baja);;FIDU;;Fid Aval S.G.R.;AO;;;;;
1542204;02/09/2026;No Garantizado Calificado;NO;SI;NO;CPD;NO;NO;C.I.;16:07:09;17:00:00;14;718;30,00;30,00;718;$;5.491.180,09;1;Negociada;16:09:10;;30-55875947-6;COOP. DE PRODUCTORES CITRICOLAS DE TAFI VIEJO, AGRICOLA, DE TRANSF. Y COMERCIALIZACION LTDA (COTA);;;;;;
1542205;02/09/2026;No Garantizado;NO;SI;NO;ECHEQ;NO;NO;24Hs.;16:07:25;17:00:00;55;568;35,00;35,00;704;$;150.000.000,00;1;Negociada;16:09:27;;30-69007604-3;SION S. A.;AO;30-69007604-3;SION S. A.;;;
1542206;02/09/2026;No Garantizado;NO;SI;NO;PAGARE;NO;NO;C.I.;16:08:00;17:00:00;29;764;32,00;32,00;764;$;78.000.000,00;1;Negociada;16:40:12;;30-71525663-7;UFINAN S.A. S. A.;;30-71525663-7;UFINAN S.A. S. A.;;;
1542207;02/09/2026;No Garantizado;NO;SI;NO;ECHEQ;NO;NO;24Hs.;16:08:22;17:00:00;34;866;36,00;36,00;866;$;416.250.000,00;1;Negociada;16:10:23;;30-70931850-7;COM & LOG S. A.;AO;30-70931850-7;COM & LOG S. A.;;;
1542208;02/09/2026;Avalado;;SI;NO;ECHEQ;NO;NO;24Hs.;16:08:24;17:00:00;155;770;30,00;30,00;770;$;10.000.000,00;2;Negociada;16:28:25;MOVI;;MOVIL S.G.R.;AO;;;;;
1542209;02/09/2026;Avalado;;SI;NO;ECHEQ;NO;NO;24Hs.;16:09:26;17:00:00;46;804;26,00;26,00;287;$;5.000.000,00;1;Negociada;16:11:28;PROM;;Promover S.G.R.;AO;;;;;
1542210;02/09/2026;No Garantizado;NO;SI;NO;PAGARE;NO;NO;24Hs.;16:09:33;17:00:00;68;559;31,00;31,00;559;$;2.000.000.000,00;1;Negociada;16:11:34;;30-57803607-1;MIRGOR SA C I F I A;;30-57803607-1;MIRGOR SA C I F I A;;;
1542211;02/09/2026;Avalado;;SI;NO;ECHEQ;NO;NO;24Hs.;16:09:37;17:00:00;44;502;25,00;25,00;767;$;178.929.804,78;70;Negociada;16:11:38;TRND;;Trend S.G.R.;AO;;;;;
1542212;02/09/2026;No Garantizado;NO;SI;NO;PAGARE;NO;NO;24Hs.;16:10:04;17:00:00;29;812;24,60;24,60;812;$;418.000.000,00;1;Negociada;16:12:05;;30-52162835-5;SAN CRISTOBAL CAJA MUTUAL ENTRE ASOCIADOS DE SAN CRISTOBAL S M S G;;30-52162835-5;SAN CRISTOBAL CAJA MUTUAL ENTRE ASOCIADOS DE SAN CRISTOBAL S M S G;;;
1542213;02/09/2026;Avalado;;SI;NO;ECHEQ;NO;NO;24Hs.;16:10:12;17:00:00;60;502;25,00;25,00;767;$;153.037.637,25;64;Negociada;16:12:13;TRND;;Trend S.G.R.;AO;;;;;
1542214;02/09/2026;Avalado;;SI;NO;ECHEQ;NO;NO;24Hs.;16:10:25;17:00:00;57;;;;767;$;33.814.666,06;16;Desierta (Baja);;TRND;;Trend S.G.R.;AO;;;;;
1542215;02/09/2026;Avalado;;SI;NO;ECHEQ;NO;NO;24Hs.;16:10:34;17:00:00;61;839;26,00;26,00;839;$;5.000.000,00;1;Negociada;16:12:36;MOVI;;MOVIL S.G.R.;AO;;;;;
1542216;02/09/2026;No Garantizado;NO;SI;NO;ECHEQ;SI;NO;C.I.;16:11:06;17:00:00;41;795;25,90;26,50;559;$;3.871.901.943,70;5;Negociada;16:29:50;;30-68537634-9;TARJETA NARANJA S.A.U.;NO;30-67813830-0;DORINKA S.R.L.;;;
1542217;02/09/2026;Avalado;;SI;NO;ECHEQ;NO;NO;24Hs.;16:11:42;17:00:00;142;;;26,00;513;$;160.070.469,26;18;Desierta;;FIDU;;Fid Aval S.G.R.;AO;;;;;
1542218;02/09/2026;No Garantizado;SI;SI;NO;ECHEQ;NO;NO;C.I.;16:12:01;17:00:00;44;569;32,00;32,00;569;$;6.968.550,00;1;Negociada;16:14:03;;20-16307284-0;ALDAZABAL RODRIGO EDMUNDO;AO;20-11943293-7;ALDAZABAL CARLOS GUILLERMO;MiPyME FCE - Art. 7 Ley 27.440, Res. SEPYME 340/17, Art. 2 RG 4367/18 y RG 1019/24;;
1542219;02/09/2026;No Garantizado;NO;SI;NO;ECHEQ;NO;NO;24Hs.;16:12:03;17:00:00;91;767;28,00;28,00;767;$;16.409.985,56;1;Negociada;16:18:18;;30-59036076-3;CENCOSUD S A;AO;30-71554719-4;GUIWI S.R.L.;;;
1542220;02/09/2026;Avalado;;SI;NO;ECHEQ;SI;NO;24Hs.;16:12:12;17:00:00;74;406;24,98;25,00;406;$;40.000.000,00;4;Negociada;16:17:51;CREC;;Crecer S.G.R.;NO;;;;;
1542221;02/09/2026;No Garantizado;SI;SI;NO;ECHEQ;NO;NO;C.I.;16:12:23;17:00:00;61;569;33,00;33,00;569;$;7.098.420,00;1;Negociada;16:14:25;;20-16307284-0;ALDAZABAL RODRIGO EDMUNDO;AO;20-11943293-7;ALDAZABAL CARLOS GUILLERMO;MiPyME FCE - Art. 7 Ley 27.440, Res. SEPYME 340/17, Art. 2 RG 4367/18 y RG 1019/24;;
1542222;02/09/2026;No Garantizado;SI;SI;NO;ECHEQ;NO;NO;C.I.;16:12:37;17:00:00;90;569;34,00;34,00;569;$;7.325.650,00;1;Negociada;16:14:39;;20-16307284-0;ALDAZABAL RODRIGO EDMUNDO;AO;20-11943293-7;ALDAZABAL CARLOS GUILLERMO;MiPyME FCE - Art. 7 Ley 27.440, Res. SEPYME 340/17, Art. 2 RG 4367/18 y RG 1019/24;;
1542223;02/09/2026;Avalado;;SI;NO;ECHEQ;SI;NO;24Hs.;16:13:12;17:00:00;172;;;26,00;764;$;12.645.000,00;3;Desierta;;ACPY;;Acindar Pymes S.G.R.;NO;;;;;
1542224;02/09/2026;No Garantizado Calificado;NO;SI;NO;PAGARE;NO;NO;24Hs.;16:13:24;17:00:00;1096;526;10,00;10,00;526;DOL;20.000,00;1;Negociada;16:15:25;;30-71660574-0;PALACE GYM S.A;;30-71660574-0;PALACE GYM S.A;;;
1542225;02/09/2026;No Garantizado;NO;SI;NO;PAGARE;NO;NO;C.I.;16:13:38;17:00:00;99;764;11,00;11,00;764;DOL;13.000,00;2;Negociada;16:19:59;;20-37172490-8;BRAVIN LUCAS MAXIMILIANO;;20-37172490-8;BRAVIN LUCAS MAXIMILIANO;;;
1542226;02/09/2026;Avalado;;SI;NO;ECHEQ;NO;NO;24Hs.;16:13:51;17:00:00;49;502;25,00;25,00;767;$;78.246.393,78;36;Negociada;16:15:52;TRND;;Trend S.G.R.;AO;;;;;
1542227;02/09/2026;Avalado;;NO;NO;ECHEQ;NO;NO;24Hs.;16:15:31;17:00:00;37;767;29,00;29,00;767;$;15.223.076,92;2;Negociada;16:19:33;NEUQ;;Neuquen Pymes S.G.R.;AO;;;;;
1542228;02/09/2026;No Garantizado;SI;SI;NO;ECHEQ;NO;NO;C.I.;16:15:33;17:00:00;34;785;33,00;33,00;785;$;25.000.000,00;1;Negociada;16:17:35;;30-70816475-1;SUPERMAX SA;AO;30-70816475-1;SUPERMAX SA;Certificado MiPyME;;
1542229;02/09/2026;Avalado;;NO;NO;ECHEQ;NO;NO;24Hs.;16:15:50;17:00:00;47;;;26,00;767;$;7.000.000,00;1;Desierta;;RIGA;;RIG Avales S.G.R.;AO;;;;;
1542230;02/09/2026;No Garantizado;SI;SI;NO;ECHEQ;NO;NO;24Hs.;16:15:52;17:00:00;75;432;28,00;28,00;432;$;2.326.886,35;2;Negociada;16:19:43;;30-55028075-9;JUAN D ERCOLE E HIJOS SRL;AO;30-71409422-6;ASOCIACION MUTUAL 23 DE SETIEMBRE;Certificado MiPyME;;
1542231;02/09/2026;No Garantizado;SI;SI;NO;ECHEQ;NO;NO;24Hs.;16:16:11;17:00:00;36;432;28,00;28,00;432;$;6.979.406,71;4;Negociada;16:20:09;;30-70828233-9;FOOD SERVICE SA;AO;30-71409422-6;ASOCIACION MUTUAL 23 DE SETIEMBRE;Certificado MiPyME;;
1542232;02/09/2026;No Garantizado;SI;SI;NO;ECHEQ;NO;NO;24Hs.;16:16:27;17:00:00;79;432;28,00;28,00;432;$;11.000.000,00;5;Negociada;16:20:43;;30-70936504-1;A. SAENZ & CIA. S. A.;AO;30-71409422-6;ASOCIACION MUTUAL 23 DE SETIEMBRE;Certificado MiPyME;;
1542233;02/09/2026;No Garantizado;SI;SI;NO;ECHEQ;NO;NO;24Hs.;16:16:39;17:00:00;55;432;28,00;28,00;432;$;6.512.682,54;1;Negociada;16:21:04;;30-71139216-1;YAKARO  S.A.;AO;30-71409422-6;ASOCIACION MUTUAL 23 DE SETIEMBRE;Certificado MiPyME;;
1542234;02/09/2026;No Garantizado;SI;SI;NO;ECHEQ;NO;NO;24Hs.;16:16:48;17:00:00;34;432;28,00;28,00;432;$;1.989.518,72;1;Negociada;16:21:28;;30-71171495-9;ICON-INGENIERIA Y CONSTRUCCIONES S. A.;AO;30-71409422-6;ASOCIACION MUTUAL 23 DE SETIEMBRE;Certificado MiPyME;;
1542235;02/09/2026;Avalado;;SI;NO;ECHEQ;NO;NO;24Hs.;16:16:54;17:00:00;97;406;25,49;26,00;16;$;1.000.000,00;1;Negociada;16:31:44;ARPY;;Argenpymes S.G.R.;AO;;;;;
1542236;02/09/2026;Avalado;;SI;NO;PAGARE;NO;NO;C.I.;16:16:59;17:00:00;370;406;6,99;7,50;764;DOL;40.000,00;1;Negociada;16:24:59;ARPY;;Argenpymes S.G.R.;;;;;;
1542237;02/09/2026;Avalado;;SI;NO;ECHEQ;NO;NO;24Hs.;16:17:20;17:00:00;81;754;26,00;26,00;897;$;59.527.170,00;3;Negociada;16:36:51;MILL;;MILLS S.G.R.;AO;;;;;
1542238;02/09/2026;Avalado;;SI;NO;PAGARE;NO;NO;24Hs.;16:17:39;17:00:00;324;;;7,00;764;DOL;50.000,00;2;Desierta;;ACEN;;Avales del Centro S.G.R.;;;;;;
1542239;02/09/2026;Avalado;;SI;NO;ECHEQ;NO;NO;24Hs.;16:17:55;17:00:00;82;;;27,00;897;$;139.527.170,00;5;Desierta;;MILL;;MILLS S.G.R.;AO;;;;;
1542240;02/09/2026;No Garantizado;SI;SI;NO;ECHEQ;NO;NO;C.I.;16:18:20;17:00:00;35;785;33,00;33,00;785;$;25.000.000,00;1;Negociada;16:20:21;;30-70816475-1;SUPERMAX SA;AO;30-70816475-1;SUPERMAX SA;Certificado MiPyME;;
1542241;02/09/2026;Avalado;;SI;NO;ECHEQ;NO;NO;24Hs.;16:19:03;17:00:00;174;;;25,00;11;$;49.000.000,00;2;Desierta;;MOVI;;MOVIL S.G.R.;AO;;;;;
1542242;02/09/2026;Avalado;;SI;NO;ECHEQ;NO;NO;C.I.;16:19:31;17:00:00;123;;;0,00;15;$;102.340.703,34;3;Desierta (Baja);;FIDU;;Fid Aval S.G.R.;AO;;;;;
1542243;02/09/2026;Avalado;;SI;NO;ECHEQ;NO;NO;24Hs.;16:19:43;17:00:00;122;567;26,00;26,00;15;$;102.340.703,34;3;Negociada;16:22:04;FIDU;;Fid Aval S.G.R.;AO;;;;;
1542244;02/09/2026;Avalado;;SI;NO;ECHEQ;NO;NO;24Hs.;16:20:13;17:00:00;79;502;26,00;26,00;15;$;160.141.443,87;18;Negociada;16:35:02;FIDU;;Fid Aval S.G.R.;AO;;;;;
1542245;02/09/2026;No Garantizado;NO;SI;NO;PAGARE;NO;NO;C.I.;16:20:40;17:00:00;176;767;38,00;38,00;767;$;100.000.000,00;1;Negociada;16:22:43;;30-55931030-8;LABORATORIO MANTEL S.A.;;30-55931030-8;LABORATORIO MANTEL S.A.;;;
1542246;02/09/2026;No Garantizado;SI;SI;NO;ECHEQ;NO;NO;C.I.;16:20:42;17:00:00;14;569;30,00;30,00;569;$;205.000.000,00;1;Negociada;16:22:43;;30-56886674-2;CARTELLONE OIL&GAS S.A.U.;AO;30-56886674-2;CARTELLONE OIL&GAS S.A.U.;MiPyME FCE - Art. 7 Ley 27.440, Res. SEPYME 340/17, Art. 2 RG 4367/18 y RG 1019/24;;
1542247;02/09/2026;Avalado;;SI;NO;PAGARE;NO;NO;24Hs.;16:20:46;17:00:00;33;;;;11;U$D;97.500,00;1;Desierta;;SOLI;;Solidum S.G.R.;;;;;;
1542248;02/09/2026;No Garantizado;NO;SI;NO;PAGARE;NO;NO;C.I.;16:22:33;17:00:00;176;767;38,00;38,00;767;$;2.514.500.000,00;2;Negociada;16:24:35;;30-55554965-9;DIASER SOCIEDAD ANONIMA S. A.;;30-55554965-9;DIASER SOCIEDAD ANONIMA S. A.;;;
1542249;02/09/2026;Avalado;;SI;NO;ECHEQ;NO;NO;24Hs.;16:22:41;17:00:00;90;406;26,00;26,00;47;$;5.000.000,00;1;Negociada;16:24:43;ARPY;;Argenpymes S.G.R.;AO;;;;;
1542250;02/09/2026;No Garantizado;NO;SI;NO;PAGARE;NO;NO;24Hs.;16:23:22;17:00:00;144;406;40,00;40,00;406;$;125.000.000,00;2;Negociada;16:37:05;;30-71448507-1;FOGGIA GROUP S.A.;;30-71448507-1;FOGGIA GROUP S.A.;;;
1542251;02/09/2026;Avalado;;SI;NO;ECHEQ;NO;NO;24Hs.;16:23:53;17:00:00;119;15;24,00;24,00;15;$;98.796.465,87;4;Negociada;16:25:54;BIND;;Garantias Bind S.G.R.;AO;;;;;
1542252;02/09/2026;Avalado;;SI;NO;ECHEQ;NO;NO;24Hs.;16:23:59;17:00:00;101;406;25,99;26,00;502;$;63.000.000,00;3;Negociada;16:34:05;CAMP;;Campo Aval S.G.R.;AO;;;;;
1542254;02/09/2026;Avalado;;SI;NO;PAGARE;NO;NO;24Hs.;16:25:11;17:00:00;343;;;7,50;702;U$S;125.000,00;3;Desierta;;AVLR;;Aval Ar S.G.R.;;;;;;
1542255;02/09/2026;Avalado;;SI;NO;ECHEQ;NO;NO;24Hs.;16:25:29;17:00:00;43;502;25,00;25,00;767;$;76.061.878,63;21;Negociada;16:27:31;TRND;;Trend S.G.R.;AO;;;;;
1542256;02/09/2026;Avalado;;SI;NO;ECHEQ;NO;NO;24Hs.;16:25:39;17:00:00;69;567;24,80;25,00;559;$;100.000.000,00;2;Negociada;16:50:06;ACPY;;Acindar Pymes S.G.R.;AO;;;;;
1542257;02/09/2026;Avalado;;SI;NO;ECHEQ;NO;NO;24Hs.;16:25:53;17:00:00;84;15;25,00;25,00;559;$;105.000.000,00;3;Negociada;16:27:55;CAMP;;Campo Aval S.G.R.;AO;;;;;
1542258;02/09/2026;Avalado;;SI;NO;ECHEQ;NO;NO;24Hs.;16:27:13;17:00:00;105;15;26,00;26,00;785;$;4.500.000,00;1;Negociada;16:37:28;CAMP;;Campo Aval S.G.R.;AO;;;;;
1542259;02/09/2026;No Garantizado;NO;NO;NO;PAGARE;NO;NO;24Hs.;16:27:16;17:00:00;22;406;40,00;40,00;653;$;702.000.000,00;4;Negociada;16:37:46;;30-71448507-1;FOGGIA GROUP S.A.;;;;;;
1542260;02/09/2026;No Garantizado Calificado;SI;SI;NO;FCE;NO;NO;24Hs.;16:27:52;17:00:00;75;;;24,00;754;$;49.305.620,94;1;Desierta;;%INC;30-68731043-4;INC S. A.;;;;;;
1542261;02/09/2026;No Garantizado;NO;SI;NO;ECHEQ;NO;NO;C.I.;16:30:46;17:00:00;43;34;34,50;34,50;34;$;20.000.000,00;1;Negociada;16:32:49;;30-50009132-7;EDITORIAL DIARIO LA CAPITAL S A;AO;30-50009132-7;EDITORIAL DIARIO LA CAPITAL S A;;;
1542262;02/09/2026;Avalado;;SI;NO;ECHEQ;NO;NO;24Hs.;16:33:16;17:00:00;37;;;24,00;526;$;399.606.337,83;51;Desierta;;FEDE;;Aval Federal S.G.R.;AO;;;;;
1542263;02/09/2026;No Garantizado;NO;SI;NO;ECHEQ;NO;NO;24Hs.;16:36:12;17:00:00;42;34;34,50;34,50;34;$;25.000.000,00;1;Negociada;16:38:14;;30-50009132-7;EDITORIAL DIARIO LA CAPITAL S A;AO;30-50009132-7;EDITORIAL DIARIO LA CAPITAL S A;;;
1542264;02/09/2026;No Garantizado;NO;SI;NO;PAGARE;NO;NO;C.I.;16:36:28;17:00:00;177;;;;767;U$D;311.900,00;2;Desierta (Baja);;;30-71719531-7;EXUD SA;;30-71719531-7;EXUD SA;;;
1542265;02/09/2026;Avalado;;SI;NO;ECHEQ;NO;NO;24Hs.;16:37:08;17:00:00;40;754;24,00;24,50;785;$;8.000.000,00;4;Negociada;16:39:09;CAMP;;Campo Aval S.G.R.;AO;;;;;
1542266;02/09/2026;No Garantizado;NO;SI;NO;ECHEQ;NO;NO;24Hs.;16:37:14;17:00:00;42;34;34,50;34,50;34;$;20.000.000,00;1;Negociada;16:39:15;;30-50009132-7;EDITORIAL DIARIO LA CAPITAL S A;AO;30-50009132-7;EDITORIAL DIARIO LA CAPITAL S A;;;
1542267;02/09/2026;No Garantizado;NO;SI;NO;ECHEQ;NO;NO;24Hs.;16:37:52;17:00:00;42;34;34,50;34,50;34;$;5.000.000,00;1;Negociada;16:39:53;;30-50009132-7;EDITORIAL DIARIO LA CAPITAL S A;AO;30-50009132-7;EDITORIAL DIARIO LA CAPITAL S A;;;
1542268;02/09/2026;No Garantizado Calificado;NO;SI;NO;ECHEQ;NO;NO;C.I.;16:37:59;17:00:00;78;559;38,00;38,00;559;$;200.000.000,00;2;Negociada;16:40:01;;30-66205186-8;ABRANTES SA;AO;30-66205186-8;ABRANTES SA;;;
1542269;02/09/2026;Garantizado Calificado;SI;SI;NO;ECHEQ;NO;NO;24Hs.;16:39:21;17:00:00;28;;;27,00;754;$;2.315.306,24;3;Desierta;;;;;AO;;;Certificado MiPyME;;
1542270;02/09/2026;Garantizado Calificado;NO;SI;NO;ECHEQ;NO;NO;24Hs.;16:39:32;17:00:00;26;;;27,00;754;$;1.051.315,90;2;Desierta;;;;;AO;;;;;
1542271;02/09/2026;No Garantizado;NO;NO;NO;ECHEQ;NO;NO;24Hs.;16:39:33;17:00:00;48;876;38,00;38,00;876;$;25.000.000,00;1;Negociada;16:41:34;;30-71546749-2;JUAN ROCCA NEUMATICOS S.R.L.;AO;30-71546749-2;JUAN ROCCA NEUMATICOS S.R.L.;;;
1542272;02/09/2026;Garantizado;SI;SI;NO;ECHEQ;NO;NO;24Hs.;16:39:42;17:00:00;14;523;26,00;27,00;754;$;8.000.000,00;1;Negociada;16:41:44;;;;AO;;;Certificado MiPyME;;
1542273;02/09/2026;Avalado;;SI;NO;ECHEQ;NO;NO;C.I.;16:40:01;17:00:00;34;569;27,00;27,00;569;$;56.700.000,00;1;Negociada;16:43:35;ZOFI;;Zofingen S.G.R.;AO;;;;;
1542274;02/09/2026;Avalado;;SI;NO;ECHEQ;NO;NO;C.I.;16:40:13;17:00:00;63;569;28,00;28,00;569;$;56.700.000,00;1;Negociada;16:43:53;ZOFI;;Zofingen S.G.R.;AO;;;;;
1542275;02/09/2026;No Garantizado;NO;SI;NO;PAGARE;NO;NO;C.I.;16:41:07;17:00:00;177;;;;767;U$D;134.700,00;1;Desierta (Baja);;;30-71719531-7;EXUD SA;;30-71719531-7;EXUD SA;;;
1542276;02/09/2026;Avalado;;SI;NO;ECHEQ;SI;NO;C.I.;16:41:56;17:00:00;19;569;28,00;28,00;569;$;86.031.371,13;3;Negociada;16:44:45;ZOFI;;Zofingen S.G.R.;NO;;;;;
1542277;02/09/2026;No Garantizado;NO;SI;NO;ECHEQ;NO;NO;C.I.;16:43:09;17:00:00;207;465;32,00;32,00;465;$;27.999.830,43;9;Negociada;16:45:10;;30-71939430-9;GAGNOTTO HNOS S.A.S.;AO;30-70884407-8;LUIS ANGEL LANCIONI S.R.L.;;;
1542278;02/09/2026;No Garantizado;SI;SI;NO;FCE;NO;NO;C.I.;16:44:43;17:00:00;28;569;27,00;27,00;569;$;62.744.688,25;3;Negociada;16:47:47;%GSP;30-71543341-5;GAS Y PETROLEO DEL NEUQUEN SA-PAN AMERICAN ENERGY, S.L. SUC. ARG-CONTINENTAL RESOURCES ARGENTINA SAU-AREA COIRON AMARGO SUR ESTE U. T. E.;;;;;;
1542279;02/09/2026;Avalado;;SI;NO;ECHEQ;NO;NO;24Hs.;16:45:39;17:00:00;58;;;;559;$;338.854.820,80;2;Desierta (Baja);;GARA;;Garantizar S.G.R.;AO;;;;;
1542280;02/09/2026;Avalado;;SI;NO;ECHEQ;NO;NO;24Hs.;16:46:03;17:00:00;62;754;25,50;25,50;716;$;2.600.000,00;1;Negociada;16:48:05;CREC;;Crecer S.G.R.;AO;;;;;
1542281;02/09/2026;No Garantizado;SI;SI;NO;PAGARE;NO;NO;24Hs.;16:46:31;17:00:00;153;559;6,00;6,00;559;U$D;150.000,00;1;Negociada;16:48:33;;30-54141654-0;RATTO HNOS SA CFIA;;30-54141654-0;RATTO HNOS SA CFIA;Certificado MiPyME;;
1542282;02/09/2026;No Garantizado Calificado;SI;SI;NO;FCE;NO;NO;C.I.;16:46:33;17:00:00;92;569;30,00;30,00;569;$;17.445.201,76;1;Negociada;16:49:06;%INC;30-68731043-4;INC S. A.;;;;;;
1542283;02/09/2026;No Garantizado Calificado;SI;SI;NO;FCE;NO;NO;C.I.;16:46:41;17:00:00;70;569;27,00;27,00;569;$;53.449.119,56;5;Negociada;16:49:30;%INC;30-68731043-4;INC S. A.;;;;;;
1542284;02/09/2026;No Garantizado;NO;SI;NO;ECHEQ;NO;NO;C.I.;16:46:46;17:00:00;15;866;33,00;33,00;866;$;35.790.308,90;1;Negociada;16:48:47;;30-69853863-1;CEREALISTA MOLDES S A;AO;30-71460521-2;FRAMEX S.R.L.;;;
1542285;02/09/2026;No Garantizado Calificado;SI;SI;NO;FCE;NO;NO;C.I.;16:46:51;17:00:00;28;569;26,50;26,50;569;$;13.438.733,18;1;Negociada;16:49:48;%INC;30-68731043-4;INC S. A.;;;;;;
1542286;02/09/2026;Avalado;;SI;NO;ECHEQ;NO;NO;24Hs.;16:46:57;17:00:00;74;754;25,50;25,50;502;$;21.500.000,00;3;Negociada;16:48:59;CAMP;;Campo Aval S.G.R.;AO;;;;;
1542287;02/09/2026;No Garantizado Calificado;SI;SI;NO;FCE;NO;NO;C.I.;16:46:59;17:00:00;20;569;24,50;24,50;569;$;262.590.267,00;1;Negociada;16:50:10;%YFP;30-54668997-9;YPF SOCIEDAD ANONIMA;;;;;;
1542288;02/09/2026;No Garantizado;SI;SI;NO;PAGARE;NO;NO;24Hs.;16:47:00;17:00:00;147;559;6,00;6,00;559;U$D;150.000,00;1;Negociada;16:49:01;;30-54141654-0;RATTO HNOS SA CFIA;;30-54141654-0;RATTO HNOS SA CFIA;Certificado MiPyME;;
1542289;02/09/2026;No Garantizado;SI;SI;NO;FCE;NO;NO;C.I.;16:47:06;17:00:00;43;569;15,00;15,00;569;U$S;225.199,12;2;Negociada;16:50:31;%UH1;30-52659878-0;SCHLUMBERGER ARGENTINA S. A.;;;;;;
1542290;02/09/2026;Avalado;;SI;NO;PAGARE;NO;NO;24Hs.;16:47:08;17:00:00;286;11;7,00;7,00;11;U$D;12.854,00;1;Negociada;16:50:15;ARPY;;Argenpymes S.G.R.;;;;;;
1542291;02/09/2026;Avalado;;SI;NO;ECHEQ;NO;NO;24Hs.;16:47:10;17:00:00;92;754;25,50;25,50;502;$;5.000.000,00;1;Negociada;16:49:12;CAMP;;Campo Aval S.G.R.;AO;;;;;
1542292;02/09/2026;No Garantizado;NO;SI;NO;ECHEQ;NO;NO;24Hs.;16:48:08;17:00:00;62;725;29,00;29,00;517;$;1.000.000.000,00;1;Negociada;16:50:10;;30-65787766-9;EMPRESA DISTRIBUIDORA LA PLATA SOCIEDAD ANONIMA EDELAP S A;AO;30-65787766-9;EMPRESA DISTRIBUIDORA LA PLATA SOCIEDAD ANONIMA EDELAP S A;;;
1542293;02/09/2026;Avalado;;SI;NO;ECHEQ;NO;NO;24Hs.;16:48:53;17:00:00;76;15;24,00;24,00;15;$;12.846.118,51;1;Negociada;16:50:55;GARA;;Garantizar S.G.R.;AO;;;;;
1542294;02/09/2026;Avalado;;SI;NO;ECHEQ;NO;NO;24Hs.;16:51:25;17:00:00;62;503;28,00;28,00;529;$;100.000.000,00;1;Negociada;16:53:26;AVLR;;Aval Ar S.G.R.;AO;;;;;
1542295;02/09/2026;Avalado;;SI;NO;ECHEQ;NO;NO;24Hs.;16:51:49;17:00:00;48;754;24,00;24,00;559;$;69.086.250,00;1;Negociada;16:53:50;GARA;;Garantizar S.G.R.;AO;;;;;
1542296;02/09/2026;Avalado;;SI;NO;ECHEQ;NO;NO;24Hs.;16:52:02;17:00:00;61;406;23,90;24,00;559;$;269.768.570,80;1;Negociada;16:59:55;GARA;;Garantizar S.G.R.;AO;;;;;
1542297;02/09/2026;Avalado;;SI;NO;ECHEQ;NO;NO;24Hs.;16:52:24;17:00:00;62;406;25,00;25,00;774;$;105.000.000,00;2;Negociada;16:54:25;BCMF;;BANCO CMF S.A.;AO;;;;;
1542298;02/09/2026;Avalado;;SI;NO;ECHEQ;NO;NO;24Hs.;16:52:58;17:00:00;83;406;25,49;25,50;764;$;70.000.000,00;7;Negociada;16:55:00;ARPY;;Argenpymes S.G.R.;AO;;;;;
1542299;02/09/2026;Avalado;;SI;NO;ECHEQ;NO;NO;24Hs.;16:53:18;17:00:00;58;522;27,00;27,00;864;$;125.000.000,00;5;Negociada;16:55:20;MILL;;MILLS S.G.R.;AO;;;;;
1542300;02/09/2026;Avalado;;SI;NO;ECHEQ;NO;NO;24Hs.;16:53:31;17:00:00;81;;;27,00;864;$;15.000.000,00;3;Desierta;;MILL;;MILLS S.G.R.;AO;;;;;
1542301;02/09/2026;Avalado;;SI;NO;ECHEQ;NO;NO;24Hs.;16:54:13;17:00:00;69;;;;545;$;438.817.628,00;1;Desierta;;CREC;;Crecer S.G.R.;AO;;;;;
1542302;02/09/2026;Avalado;;SI;NO;PAGARE;NO;NO;24Hs.;16:54:15;17:00:00;678;;;7,00;852;U$S;16.750,00;5;Desierta;;AFBG;;AFB AVALES S.G.R;;;;;;
1542303;02/09/2026;Avalado;;SI;NO;ECHEQ;NO;NO;24Hs.;16:54:32;17:00:00;98;754;25,50;27,00;423;$;60.000.000,00;2;Negociada;16:56:33;CREC;;Crecer S.G.R.;AO;;;;;
1542304;02/09/2026;Avalado;;SI;NO;ECHEQ;NO;NO;24Hs.;16:55:00;17:00:00;30;;;24,00;852;$;19.351.309,00;2;Desierta;;AFBG;;AFB AVALES S.G.R;AO;;;;;
1542305;02/09/2026;Avalado;;SI;NO;ECHEQ;NO;NO;24Hs.;16:55:41;17:00:00;70;;;25,00;804;$;4.000.000,00;4;Desierta;;CUAV;;Cuyo Aval S.G.R.;AO;;;;;
1542306;02/09/2026;Avalado;;SI;NO;ECHEQ;NO;NO;24Hs.;16:56:25;17:00:00;48;;;26,00;20;$;18.417.186,17;1;Desierta;;AFBG;;AFB AVALES S.G.R;AO;;;;;
1542307;02/09/2026;Avalado;;SI;NO;ECHEQ;NO;NO;24Hs.;16:56:28;17:00:00;19;;;24,00;483;$;1.309.969,50;1;Desierta;;BIND;;Garantias Bind S.G.R.;AO;;;;;
1542308;02/09/2026;Avalado;;SI;NO;PAGARE;NO;NO;24Hs.;16:56:51;17:00:00;210;;;;11;U$S;32.000,00;1;Desierta;;CREC;;Crecer S.G.R.;;;;;;
