SUBASTA;FEC.SUB.;SEGMENTO;PYME;1-NEG;SELLO;TIPO INSTRUMENTO;NALO;SIN RECURSO;PLZ.;T.MIN.;CIERRE;PPV;AG.CPR.;TASA C.;TASA V.;AG.VDR.;MONEDA;MONTO;CANT. INSTRUMENTOS;ESTADO;HORA CONC.;CODIGO RESPONSABLE;CUIT RESPONSABLE;NOMBRE RESPONSABLE;CARACTER;CUIT BENEF.;RAZÓN BENEF.;COND. PYME;V.N. C.;V.N. V.
1550604;14/09/2026;Avalado;;SI;NO;PAGARE;NO;NO;C.I.;10:45:34;17:00:00;31;42;25,00;25,00;42;$;33.500.000,00;1;Negociada;10:50:41;CONV;;CONAVAL S.G.R.;;;;;;
1550605;14/09/2026;Avalado;;SI;NO;ECHEQ;NO;NO;24Hs.;10:46:00;17:00:00;149;;;31,00;545;$;5.000.000,00;1;Desierta;;AFBG;;AFB AVALES S.G.R;AO;;;;;
1550606;14/09/2026;Avalado;;SI;NO;ECHEQ;NO;NO;C.I.;10:46:09;17:00:00;44;406;26,00;26,00;406;$;76.824.078,90;9;Negociada;10:48:38;ARPY;;Argenpymes S.G.R.;AO;;;;;
1550607;14/09/2026;Avalado;;SI;NO;ECHEQ;NO;NO;24Hs.;10:46:11;17:00:00;189;;;29,00;545;$;15.000.000,00;1;Desierta;;FIDE;;Fidem S.G.R.;AO;;;;;
1550608;14/09/2026;Avalado;;SI;NO;ECHEQ;NO;NO;24Hs.;10:46:21;17:00:00;106;;;0,00;545;$;36.000.000,00;6;Desierta (Baja);;FGLR;;Fdo.de Gtia.Pub. La Rioja;AO;;;;;
1550609;14/09/2026;Avalado;;SI;NO;ECHEQ;NO;NO;24Hs.;10:46:31;17:00:00;60;;;20,00;523;$;10.000.000,00;2;Desierta;;NEUQ;;Neuquen Pymes S.G.R.;AO;;;;;
1550610;14/09/2026;Avalado;;SI;NO;ECHEQ;NO;NO;24Hs.;10:46:35;17:00:00;29;442;25,00;25,00;545;$;60.000.000,00;2;Negociada;13:55:20;MOVI;;MOVIL S.G.R.;AO;;;;;
1550611;14/09/2026;Avalado;;SI;NO;ECHEQ;NO;NO;C.I.;10:46:36;17:00:00;60;406;26,00;26,00;406;$;10.000.000,00;1;Negociada;10:48:47;ARPY;;Argenpymes S.G.R.;AO;;;;;
1550612;14/09/2026;Avalado;;SI;NO;ECHEQ;NO;NO;24Hs.;10:46:47;17:00:00;233;502;27,00;27,00;545;$;25.000.000,00;5;Negociada;14:55:57;ARPY;;Argenpymes S.G.R.;AO;;;;;
1550613;14/09/2026;Avalado;;SI;NO;ECHEQ;NO;NO;24Hs.;10:46:50;17:00:00;175;;;20,00;523;$;8.201.589,00;1;Desierta;;ACPY;;Acindar Pymes S.G.R.;AO;;;;;
1550614;14/09/2026;No Garantizado;SI;SI;NO;ECHEQ;NO;NO;C.I.;10:46:59;17:00:00;44;;;0,00;718;$;132.000.000,00;4;Desierta (Baja);;;33-70932552-9;LOS CARDALES SRL;AO;33-70932552-9;LOS CARDALES SRL;Certificado MiPyME;;
1550615;14/09/2026;No Garantizado;SI;SI;NO;ECHEQ;NO;NO;C.I.;10:47:11;17:00:00;45;;;0,00;718;$;25.776.352,78;1;Desierta (Baja);;;30-65723744-9;ENOD S A;AO;;;Certificado MiPyME;;
1550616;14/09/2026;Avalado;;SI;NO;PAGARE;NO;NO;24Hs.;10:47:24;17:00:00;359;34;7,50;7,50;406;U$D;20.000,00;1;Negociada;14:57:40;ARPY;;Argenpymes S.G.R.;;;;;;
1550617;14/09/2026;No Garantizado;SI;SI;NO;ECHEQ;NO;NO;C.I.;10:47:30;17:00:00;31;15;25,00;25,00;15;$;328.645.714,13;1;Negociada;11:12:12;;30-59036076-3;CENCOSUD S A;AO;;;Certificado MiPyME;;
1550618;14/09/2026;Avalado;;SI;NO;PAGARE;NO;NO;24Hs.;10:47:45;17:00:00;251;734;9,00;9,00;442;U$D;30.000,00;2;Negociada;13:08:49;AVAL;;Avaluar S.G.R.;;;;;;
1550619;14/09/2026;Avalado;;NO;NO;ECHEQ;NO;NO;24Hs.;10:47:48;17:00:00;13;;;20,00;15;$;600.000.000,00;2;Desierta;;POTE;;Potenciar S.G.R.;AO;;;;;
1550620;14/09/2026;Avalado;;SI;NO;PAGARE;NO;NO;24Hs.;10:47:50;17:00:00;126;;;6,50;406;U$S;115.000,00;1;Desierta;;ARPY;;Argenpymes S.G.R.;;;;;;
1550621;14/09/2026;Avalado;;SI;NO;ECHEQ;NO;NO;24Hs.;10:47:54;17:00:00;114;501;25,00;25,00;545;$;1.000.000,00;1;Negociada;11:12:22;FGLR;;Fdo.de Gtia.Pub. La Rioja;AO;;;;;
1550622;14/09/2026;Avalado;;SI;NO;ECHEQ;NO;NO;24Hs.;10:47:55;17:00:00;114;;;26,00;442;$;5.000.000,00;1;Desierta;;ACEN;;Avales del Centro S.G.R.;AO;;;;;
1550623;14/09/2026;No Garantizado;NO;SI;NO;ECHEQ;NO;NO;C.I.;10:47:55;17:00:00;91;764;31,00;31,00;764;$;125.000.000,00;1;Negociada;11:16:23;;30-71587837-9;DESIGN, QUALITY AND DEVELOPMENT S. A. S.;AO;30-71587837-9;DESIGN, QUALITY AND DEVELOPMENT S. A. S.;;;
1550624;14/09/2026;Avalado;;SI;NO;PAGARE;NO;NO;24Hs.;10:48:04;17:00:00;282;553;7,50;7,50;442;U$D;50.000,00;1;Negociada;16:46:52;FIDU;;Fid Aval S.G.R.;;;;;;
1550625;14/09/2026;Avalado;;SI;NO;PAGARE;NO;NO;24Hs.;10:48:07;17:00:00;275;734;6,50;6,50;406;U$S;115.000,00;1;Negociada;12:08:01;ARPY;;Argenpymes S.G.R.;;;;;;
1550626;14/09/2026;Avalado;;SI;NO;ECHEQ;NO;NO;24Hs.;10:48:10;17:00:00;175;501;28,50;28,50;545;$;1.000.000,00;1;Negociada;11:12:54;FGLR;;Fdo.de Gtia.Pub. La Rioja;AO;;;;;
1550627;14/09/2026;Avalado;;SI;NO;PAGARE;NO;NO;24Hs.;10:48:13;17:00:00;282;553;7,50;7,50;442;U$D;50.000,00;1;Negociada;16:47:01;FIDU;;Fid Aval S.G.R.;;;;;;
1550628;14/09/2026;No Garantizado;NO;SI;NO;ECHEQ;NO;NO;C.I.;10:48:20;17:00:00;37;545;41,00;41,00;545;$;12.564.194,88;1;Negociada;10:52:25;;30-65108424-1;PEDROLGA S.A.;AO;;;;;
1550629;14/09/2026;Avalado;;SI;NO;ECHEQ;NO;NO;C.I.;10:48:24;17:00:00;19;716;25,00;25,00;406;$;1.683.504,54;2;Negociada;10:50:25;RESI;;Resiliencia S.G.R.;AO;;;;;
1550630;14/09/2026;Avalado;;SI;NO;ECHEQ;SI;NO;24Hs.;10:48:36;17:00:00;165;501;28,50;28,50;545;$;2.700.000,00;2;Negociada;11:14:37;FGLR;;Fdo.de Gtia.Pub. La Rioja;NO;;;;;
1550631;14/09/2026;No Garantizado;SI;NO;NO;ECHEQ;NO;NO;24Hs.;10:48:37;17:00:00;42;539;34,00;34,00;486;$;12.100.000,00;1;Negociada;11:09:15;;30-71523204-5;GREEN SUPPLY S. A.;AO;;;Certificado MiPyME;;
1550632;14/09/2026;Avalado;;SI;NO;ECHEQ;NO;NO;C.I.;10:48:38;17:00:00;73;755;28,00;28,00;559;$;17.507.151,56;1;Negociada;13:00:09;FOGA;;Fdo. de Gtias. del Chaco;AO;;;;;
1550633;14/09/2026;No Garantizado;SI;SI;NO;ECHEQ;NO;NO;C.I.;10:48:46;17:00:00;56;545;41,00;41,00;545;$;6.248.843,40;1;Negociada;10:52:43;;30-71401105-3;WLG SERVICIOS SA;AO;;;Certificado MiPyME;;
1550634;14/09/2026;Avalado;;SI;NO;ECHEQ;NO;NO;24Hs.;10:48:51;17:00:00;37;507;28,00;28,00;559;$;70.000.000,00;2;Negociada;16:51:48;AFFI;;Affidavit S.G.R.;AO;;;;;
1550635;14/09/2026;No Garantizado;NO;SI;NO;ECHEQ;NO;NO;C.I.;10:48:53;17:00:00;65;767;28,00;28,00;767;$;50.000.000,00;2;Negociada;10:50:55;;30-71637181-2;BRANCH S.R.L.;AO;30-71637181-2;BRANCH S.R.L.;;;
1550636;14/09/2026;Avalado;;SI;NO;ECHEQ;NO;NO;24Hs.;10:49:03;17:00:00;215;287;30,00;30,00;559;$;200.000.000,00;16;Negociada;13:41:26;ACPY;;Acindar Pymes S.G.R.;AO;;;;;
1550637;14/09/2026;No Garantizado;SI;NO;NO;ECHEQ;NO;NO;C.I.;10:49:10;17:00:00;45;;;0,00;486;$;12.100.000,00;1;Desierta (Baja);;;30-71523204-5;GREEN SUPPLY S. A.;AO;;;Certificado MiPyME;;
1550638;14/09/2026;Avalado;;SI;NO;ECHEQ;NO;NO;24Hs.;10:49:13;17:00:00;57;;;;559;$;68.687.472,55;2;Desierta (Baja);;GARA;;Garantizar S.G.R.;AO;;;;;
1550639;14/09/2026;No Garantizado;NO;SI;NO;PAGARE;NO;NO;C.I.;10:49:18;17:00:00;114;764;8,50;8,50;764;U$D;50.000,00;1;Negociada;11:16:37;;30-71587837-9;DESIGN, QUALITY AND DEVELOPMENT S. A. S.;;30-71587837-9;DESIGN, QUALITY AND DEVELOPMENT S. A. S.;;;
1550640;14/09/2026;Avalado;;SI;NO;PAGARE;NO;NO;24Hs.;10:49:30;17:00:00;666;;;9,00;852;U$S;16.750,00;5;Desierta;;AFBG;;AFB AVALES S.G.R;;;;;;
1550641;14/09/2026;Avalado;;SI;NO;ECHEQ;NO;NO;24Hs.;10:49:44;17:00:00;219;287;30,00;30,00;852;$;25.000.000,00;2;Negociada;14:04:37;ACPY;;Acindar Pymes S.G.R.;AO;;;;;
1550642;14/09/2026;No Garantizado;NO;NO;NO;ECHEQ;NO;NO;24Hs.;10:49:45;17:00:00;50;;;25,25;795;$;13.500.881,14;1;Desierta;;;30-50119925-3;ACINDAR INDUSTRIA ARGENTINA DE ACEROS S A;AO;30-70860755-6;TECMETAL S. R. L.;;;
1550643;14/09/2026;No Garantizado;NO;SI;NO;ECHEQ;SI;NO;24Hs.;10:49:53;17:00:00;87;;;30,00;701;$;23.250.000,00;1;Desierta;;;30-70912911-9;MUNICIPIO DE COLONIA AVELLANEDA;NO;20-28783647-4;GAREIS PABLO ALEJANDRO;;;
1550644;14/09/2026;No Garantizado;NO;SI;NO;ECHEQ;NO;NO;C.I.;10:50:01;17:00:00;35;764;29,00;29,00;764;$;15.000.000,00;1;Negociada;11:04:09;;30-64806084-6;NOAL S A;AO;;;;;
1550645;14/09/2026;Avalado;;SI;NO;ECHEQ;NO;NO;24Hs.;10:50:09;17:00:00;55;;;24,00;852;$;9.909.917,87;1;Desierta;;ACPY;;Acindar Pymes S.G.R.;AO;;;;;
1550646;14/09/2026;Avalado;;SI;NO;ECHEQ;SI;NO;24Hs.;10:50:14;17:00:00;59;;;24,00;513;$;2.120.000,00;1;Desierta;;AVRU;;Aval Rural S.G.R.;NO;;;;;
1550647;14/09/2026;Avalado;;SI;NO;CPD;NO;NO;24Hs.;10:50:19;17:00:00;44;442;26,00;26,00;852;$;96.437.088,09;27;Negociada;11:43:05;ACPY;;Acindar Pymes S.G.R.;;;;;;
1550648;14/09/2026;No Garantizado;SI;NO;NO;ECHEQ;NO;NO;24Hs.;10:50:21;17:00:00;17;;;24,25;795;$;66.059.469,51;2;Desierta;;;30-59036076-3;CENCOSUD S A;AO;30-70857191-8;SOLVENCIA S. A.;Certificado MiPyME;;
1550649;14/09/2026;No Garantizado;SI;SI;NO;FCE;NO;NO;C.I.;10:50:32;17:00:00;17;114;24,00;24,00;559;$;492.811.199,35;2;Negociada;11:37:01;%VII;33-51595089-9;VISTA ENERGY ARGENTINA S.A.U;;;;;;
1550650;14/09/2026;Avalado;;SI;NO;ECHEQ;NO;NO;24Hs.;10:50:33;17:00:00;62;442;26,50;26,50;852;$;52.931.940,00;1;Negociada;11:44:18;ACPY;;Acindar Pymes S.G.R.;AO;;;;;
1550651;14/09/2026;No Garantizado;NO;SI;NO;PAGARE;NO;NO;C.I.;10:50:42;17:00:00;306;764;9,50;9,50;764;U$D;15.000,00;3;Negociada;11:04:19;;27-29043560-4;ESCUDERO NOELIA SILVINA;;27-29043560-4;ESCUDERO NOELIA SILVINA;;;
1550652;14/09/2026;Avalado;;SI;NO;CPD;NO;NO;24Hs.;10:50:47;17:00:00;64;;;24,00;852;$;2.850.000,00;1;Desierta;;ACPY;;Acindar Pymes S.G.R.;;;;;;
1550653;14/09/2026;No Garantizado;NO;SI;NO;ECHEQ;NO;NO;24Hs.;10:50:51;17:00:00;13;539;35,00;35,00;34;$;1.090.000,00;1;Negociada;10:52:53;;30-53698434-4;AGROVETERINARIA EL AGROPECUARIO S. A.;AO;33-71477426-9;TUMINI S.R.L.;;;
1550654;14/09/2026;Avalado;;SI;NO;ECHEQ;NO;NO;24Hs.;10:51:03;17:00:00;88;442;27,00;27,00;852;$;10.657.838,00;2;Negociada;14:04:43;ACPY;;Acindar Pymes S.G.R.;AO;;;;;
1550655;14/09/2026;No Garantizado;NO;NO;NO;ECHEQ;SI;NO;24Hs.;10:51:07;17:00:00;20;;;24,75;795;$;30.236.674,68;1;Desierta;;;30-54808315-6;COTO CENTRO INTEGRAL DE COMERCIALIZACION SOCIEDAD ANONIMA;NO;20-95734169-2;TORO CALDERON JOSE ANDRES;;;
1550656;14/09/2026;No Garantizado;NO;SI;NO;ECHEQ;NO;NO;24Hs.;10:51:11;17:00:00;21;539;35,00;35,00;34;$;1.069.709,34;1;Negociada;10:53:13;;30-53698434-4;AGROVETERINARIA EL AGROPECUARIO S. A.;AO;33-71477426-9;TUMINI S.R.L.;;;
1550657;14/09/2026;Avalado;;SI;NO;ECHEQ;NO;NO;24Hs.;10:51:22;17:00:00;122;406;28,50;28,50;764;$;50.000.000,00;10;Negociada;14:26:39;ARPY;;Argenpymes S.G.R.;AO;;;;;
1550658;14/09/2026;No Garantizado;SI;NO;NO;ECHEQ;NO;NO;24Hs.;10:51:29;17:00:00;43;;;25,00;795;$;4.000.000,00;1;Desierta;;;30-68584975-1;DIA ARGENTINA S A;AO;30-55295701-2;PAPELERA SANTA ANGELA S.A.I.C.I.F.Y A.;Certificado MiPyME;;
1550659;14/09/2026;No Garantizado;SI;SI;NO;ECHEQ;NO;NO;C.I.;10:51:37;17:00:00;92;852;35,00;35,00;852;$;15.000.000,00;1;Negociada;15:14:08;;30-71224571-5;ACMET S.A.;AO;33-71644223-9;ECO-TRADER IMPORT-EXPORT SA;Certificado MiPyME;;
1550660;14/09/2026;Avalado;;SI;NO;ECHEQ;NO;NO;24Hs.;10:51:46;17:00:00;221;;;25,00;449;$;58.929.650,87;4;Desierta;;ACPY;;Acindar Pymes S.G.R.;AO;;;;;
1550661;14/09/2026;Avalado;;SI;NO;ECHEQ;NO;NO;24Hs.;10:52:01;17:00:00;118;449;26,00;26,00;449;$;14.300.000,00;2;Negociada;11:37:07;ARPY;;Argenpymes S.G.R.;AO;;;;;
1550662;14/09/2026;No Garantizado;NO;NO;NO;ECHEQ;NO;NO;24Hs.;10:52:08;17:00:00;8;;;24,75;795;$;22.136.487,84;1;Desierta;;;30-67813830-0;DORINKA S.R.L.;AO;30-70860387-9;GOLDMUND S. A.;;;
1550663;14/09/2026;Avalado;;SI;NO;ECHEQ;NO;NO;24Hs.;10:52:11;17:00:00;70;406;26,39;27,00;852;$;200.000.000,00;3;Negociada;11:56:01;ACPY;;Acindar Pymes S.G.R.;AO;;;;;
1550664;14/09/2026;Avalado;;SI;NO;ECHEQ;NO;NO;24Hs.;10:52:12;17:00:00;149;567;27,00;27,00;567;$;59.000.000,00;10;Negociada;14:21:10;PROM;;Promover S.G.R.;AO;;;;;
1550665;14/09/2026;Avalado;;SI;NO;ECHEQ;NO;NO;C.I.;10:52:14;17:00:00;43;;;24,00;449;$;5.840.333,05;1;Desierta;;ACPY;;Acindar Pymes S.G.R.;AO;;;;;
1550666;14/09/2026;Avalado;;SI;NO;ECHEQ;NO;NO;24Hs.;10:52:26;17:00:00;41;;;23,00;449;$;10.504.005,50;2;Desierta;;AVRU;;Aval Rural S.G.R.;AO;;;;;
1550667;14/09/2026;Avalado;;SI;NO;ECHEQ;NO;NO;24Hs.;10:52:28;17:00:00;177;567;28,00;28,00;567;$;20.000.000,00;1;Negociada;14:23:32;PROM;;Promover S.G.R.;AO;;;;;
1550668;14/09/2026;Avalado;;SI;NO;ECHEQ;NO;NO;C.I.;10:52:37;17:00:00;93;;;26,00;767;$;5.348.870,68;2;Desierta;;ACPY;;Acindar Pymes S.G.R.;AO;;;;;
1550669;14/09/2026;Avalado;;SI;NO;ECHEQ;SI;NO;24Hs.;10:52:38;17:00:00;94;449;26,00;26,00;449;$;28.500.000,00;6;Negociada;11:38:06;MOVI;;MOVIL S.G.R.;NO;;;;;
1550670;14/09/2026;No Garantizado Calificado;NO;NO;NO;ECHEQ;SI;NO;24Hs.;10:52:39;17:00:00;17;802;25,50;25,50;795;$;11.867.949,57;2;Negociada;15:54:50;;30-68731043-4;INC S. A.;NO;30-71719150-8;PRICEMET SRL;;;
1550671;14/09/2026;Avalado;;SI;NO;ECHEQ;SI;NO;24Hs.;10:52:50;17:00:00;117;449;25,00;25,00;449;$;9.000.000,00;2;Negociada;12:04:16;ACPY;;Acindar Pymes S.G.R.;NO;;;;;
1550672;14/09/2026;Avalado;;SI;NO;ECHEQ;NO;NO;C.I.;10:52:58;17:00:00;217;;;28,00;767;$;40.000.000,00;38;Desierta;;ACPY;;Acindar Pymes S.G.R.;AO;;;;;
1550673;14/09/2026;No Garantizado Calificado;NO;NO;NO;ECHEQ;SI;NO;24Hs.;10:52:59;17:00:00;40;;;25,50;795;$;8.197.015,21;3;Desierta;;;30-68731043-4;INC S. A.;NO;30-71605346-2;PIRAMIDE FOOD COMPANY S. A. S.;;;
1550674;14/09/2026;Avalado;;SI;NO;ECHEQ;NO;NO;24Hs.;10:53:02;17:00:00;69;;;27,00;449;$;50.000.000,00;4;Desierta;;AFBG;;AFB AVALES S.G.R;AO;;;;;
1550675;14/09/2026;Avalado;;SI;NO;ECHEQ;NO;NO;24Hs.;10:53:15;17:00:00;185;;;28,00;449;$;150.000.000,00;5;Desierta;;AVFE;;Aval Fertil S.G.R.;AO;;;;;
1550676;14/09/2026;No Garantizado;SI;SI;NO;ECHEQ;NO;NO;C.I.;10:53:30;17:00:00;36;;;23,00;449;$;14.053.648,73;1;Desierta;;;30-59036076-3;CENCOSUD S A;AO;;;Certificado MiPyME;;
1550677;14/09/2026;Avalado;;SI;NO;ECHEQ;NO;NO;24Hs.;10:53:34;17:00:00;78;;;26,50;502;$;100.000.000,00;15;Desierta;;INPY;;Integra Pymes S.G.R.;AO;;;;;
1550678;14/09/2026;No Garantizado;SI;NO;NO;ECHEQ;SI;NO;24Hs.;10:53:37;17:00:00;37;572;26,50;26,50;795;$;21.632.878,00;3;Negociada;12:36:25;;30-54724233-1;MASTELLONE HNOS S A;NO;30-55295701-2;PAPELERA SANTA ANGELA S.A.I.C.I.F.Y A.;Certificado MiPyME;;
1550679;14/09/2026;Avalado;;SI;NO;ECHEQ;NO;NO;24Hs.;10:53:42;17:00:00;113;502;26,00;26,00;502;$;5.000.000,00;1;Negociada;14:24:05;AVRU;;Aval Rural S.G.R.;AO;;;;;
1550680;14/09/2026;No Garantizado;NO;NO;NO;PAGARE;NO;NO;24Hs.;10:53:54;17:00:00;30;;;24,25;795;$;2.000.000.000,00;1;Desierta;;;30-70308853-4;MERCADOLIBRE S.R.L.;;;;;;
1550681;14/09/2026;Avalado;;SI;NO;ECHEQ;NO;NO;24Hs.;10:53:58;17:00:00;76;;;26,50;502;$;35.000.000,00;7;Desierta;;UNIO;;Union S.G.R.;AO;;;;;
1550682;14/09/2026;Avalado;;SI;NO;ECHEQ;NO;NO;24Hs.;10:54:07;17:00:00;110;;;25,00;502;$;60.000.000,00;6;Desierta;;CREC;;Crecer S.G.R.;AO;;;;;
1550683;14/09/2026;Avalado;;SI;NO;ECHEQ;NO;NO;24Hs.;10:54:10;17:00:00;164;;;28,00;754;$;3.000.000,00;1;Desierta;;POTE;;Potenciar S.G.R.;AO;;;;;
1550684;14/09/2026;No Garantizado;NO;NO;NO;PAGARE;NO;NO;24Hs.;10:54:15;17:00:00;57;;;25,00;795;$;3.000.000.000,00;1;Desierta;;;30-70308853-4;MERCADOLIBRE S.R.L.;;;;;;
1550685;14/09/2026;No Garantizado;SI;SI;NO;ECHEQ;NO;NO;C.I.;10:54:22;17:00:00;24;767;27,00;27,00;15;$;5.542.063,51;1;Negociada;11:02:52;;30-50673003-8;S A IMPORTADORA Y EXPORTADORA DE LA PATAGONIA;AO;;;Certificado MiPyME;;
1550686;14/09/2026;Avalado;;SI;NO;ECHEQ;NO;NO;24Hs.;10:54:27;17:00:00;8;;;23,00;406;$;962.787,05;1;Desierta;;CAMP;;Campo Aval S.G.R.;AO;;;;;
1550687;14/09/2026;Avalado;;SI;NO;ECHEQ;NO;NO;24Hs.;10:54:28;17:00:00;99;449;25,00;25,00;449;$;10.000.000,00;1;Negociada;12:04:47;CAMP;;Campo Aval S.G.R.;AO;;;;;
1550688;14/09/2026;Avalado;;SI;NO;ECHEQ;NO;NO;24Hs.;10:54:30;17:00:00;142;;;27,00;754;$;9.000.000,00;2;Desierta;;ACEN;;Avales del Centro S.G.R.;AO;;;;;
1550689;14/09/2026;Avalado;;SI;NO;ECHEQ;NO;NO;24Hs.;10:54:41;17:00:00;112;;;25,00;502;$;80.000.000,00;8;Desierta;;CREC;;Crecer S.G.R.;AO;;;;;
1550690;14/09/2026;Avalado;;SI;NO;ECHEQ;NO;NO;24Hs.;10:54:44;17:00:00;15;;;23,00;406;$;1.253.846,27;1;Desierta;;CAMP;;Campo Aval S.G.R.;AO;;;;;
1550691;14/09/2026;Avalado;;SI;NO;ECHEQ;NO;NO;24Hs.;10:54:47;17:00:00;43;754;25,00;25,00;754;$;29.000.000,00;1;Negociada;13:44:19;ACEN;;Avales del Centro S.G.R.;AO;;;;;
1550692;14/09/2026;Avalado;;SI;NO;ECHEQ;NO;NO;24Hs.;10:55:01;17:00:00;36;;;26,00;502;$;35.990.080,58;2;Desierta;;UNIO;;Union S.G.R.;AO;;;;;
1550693;14/09/2026;No Garantizado;NO;NO;NO;ECHEQ;NO;NO;24Hs.;10:55:02;17:00:00;44;;;25,25;795;$;47.465.943,23;1;Desierta;;;30-50673003-8;S A IMPORTADORA Y EXPORTADORA DE LA PATAGONIA;AO;30-50577985-8;CIA INDUSTRIAL CERVECERA S A;;;
1550694;14/09/2026;Avalado;;SI;NO;ECHEQ;NO;NO;24Hs.;10:55:04;17:00:00;89;;;0,00;754;$;7.000.000,00;2;Desierta (Baja);;ARGC;;Argentina Ciudad S.G.R.;AO;;;;;
1550695;14/09/2026;Avalado;;SI;NO;ECHEQ;NO;NO;24Hs.;10:55:09;17:00:00;134;;;25,00;502;$;170.000.000,00;12;Desierta;;ARPY;;Argenpymes S.G.R.;AO;;;;;
1550696;14/09/2026;Avalado;;SI;NO;ECHEQ;NO;NO;24Hs.;10:55:16;17:00:00;29;;;24,00;502;$;63.776.027,00;4;Desierta;;TRND;;Trend S.G.R.;AO;;;;;
1550697;14/09/2026;Avalado;;SI;NO;ECHEQ;SI;NO;C.I.;10:55:23;17:00:00;52;;;0,00;598;$;126.313.954,80;1;Desierta (Baja);;GARA;;Garantizar S.G.R.;NO;;;;;
1550698;14/09/2026;Avalado;;SI;NO;ECHEQ;NO;NO;24Hs.;10:55:27;17:00:00;135;;;26,00;502;$;3.000.000,00;2;Desierta;;UNIO;;Union S.G.R.;AO;;;;;
1550699;14/09/2026;Avalado;;SI;NO;ECHEQ;NO;NO;24Hs.;10:55:27;17:00:00;29;754;25,00;25,00;754;$;10.000.000,00;1;Negociada;15:26:35;FEDE;;Aval Federal S.G.R.;AO;;;;;
1550700;14/09/2026;No Garantizado;NO;NO;NO;ECHEQ;NO;NO;24Hs.;10:55:28;17:00:00;43;723;26,50;26,50;795;$;7.000.037,33;1;Negociada;12:43:35;;30-63945373-8;TELECOM ARGENTINA SOCIEDAD ANONIMA;AO;30-71614777-7;SET IN S.A.S.;;;
1550701;14/09/2026;Avalado;;SI;NO;ECHEQ;SI;NO;C.I.;10:55:32;17:00:00;42;598;24,00;24,00;598;$;52.695.788,50;1;Negociada;12:55:43;GARA;;Garantizar S.G.R.;NO;;;;;
1550702;14/09/2026;Avalado;;SI;NO;ECHEQ;NO;NO;24Hs.;10:55:45;17:00:00;72;754;28,00;28,00;754;$;10.458.706,37;14;Negociada;13:44:29;MOVI;;MOVIL S.G.R.;AO;;;;;
1550703;14/09/2026;No Garantizado;NO;NO;NO;ECHEQ;SI;NO;24Hs.;10:55:58;17:00:00;28;;;24,50;795;$;774.380.388,74;1;Desierta;;;30-68537634-9;TARJETA NARANJA S.A.U.;NO;30-67813830-0;DORINKA S.R.L.;;;
1550704;14/09/2026;Avalado;;SI;NO;ECHEQ;NO;NO;24Hs.;10:56:01;17:00:00;88;406;27,50;27,50;754;$;39.700.000,00;5;Negociada;15:26:49;CREC;;Crecer S.G.R.;AO;;;;;
1550705;14/09/2026;No Garantizado;NO;NO;NO;PAGARE;NO;NO;C.I.;10:56:09;17:00:00;361;512;10,50;10,50;512;DOL;1.262.911,00;1;Negociada;10:58:10;;30-50054484-4;COMPAÑIA MINERA AGUILAR S.A.;;;;;;
1550706;14/09/2026;Avalado;;SI;NO;ECHEQ;NO;NO;24Hs.;10:56:12;17:00:00;93;501;25,00;25,00;716;$;16.000.000,00;1;Negociada;13:39:54;FOGA;;Fdo. de Gtias. del Chaco;AO;;;;;
1550707;14/09/2026;No Garantizado;NO;NO;NO;ECHEQ;SI;NO;24Hs.;10:56:13;17:00:00;30;;;24,50;795;$;335.778.558,08;1;Desierta;;;30-68537634-9;TARJETA NARANJA S.A.U.;NO;30-59036076-3;CENCOSUD S A;;;
1550708;14/09/2026;Avalado;;SI;NO;CPD;NO;NO;24Hs.;10:56:15;17:00:00;60;502;27,00;27,00;502;$;6.245.000,00;5;Negociada;15:33:26;UNIO;;Union S.G.R.;;;;;;
1550709;14/09/2026;Avalado;;SI;NO;ECHEQ;NO;NO;24Hs.;10:56:21;17:00:00;73;754;27,00;27,00;754;$;5.000.000,00;1;Negociada;15:50:02;ARPY;;Argenpymes S.G.R.;AO;;;;;
1550710;14/09/2026;Avalado;;SI;NO;ECHEQ;NO;NO;24Hs.;10:56:24;17:00:00;259;502;29,00;29,00;502;$;118.000.000,02;7;Negociada;14:15:29;ACPY;;Acindar Pymes S.G.R.;AO;;;;;
1550711;14/09/2026;No Garantizado;NO;NO;NO;ECHEQ;SI;NO;24Hs.;10:56:28;17:00:00;30;;;24,50;795;$;1.319.779.862,82;1;Desierta;;;30-68537634-9;TARJETA NARANJA S.A.U.;NO;30-59036076-3;CENCOSUD S A;;;
1550712;14/09/2026;Avalado;;SI;NO;ECHEQ;NO;NO;24Hs.;10:56:30;17:00:00;178;;;24,00;449;$;40.000.000,00;4;Desierta;;AVRU;;Aval Rural S.G.R.;AO;;;;;
1550713;14/09/2026;Avalado;;SI;NO;CPD;NO;NO;24Hs.;10:56:33;17:00:00;68;502;27,00;27,00;502;$;516.660,00;2;Negociada;15:33:33;UNIO;;Union S.G.R.;;;;;;
1550714;14/09/2026;Avalado;;SI;NO;ECHEQ;NO;NO;24Hs.;10:56:38;17:00:00;176;;;28,00;406;$;30.000.000,00;1;Desierta;;FEDE;;Aval Federal S.G.R.;AO;;;;;
1550715;14/09/2026;Avalado;;SI;NO;ECHEQ;NO;NO;24Hs.;10:56:40;17:00:00;17;754;25,00;25,00;754;$;11.000.000,00;1;Negociada;14:17:35;ACPY;;Acindar Pymes S.G.R.;AO;;;;;
1550716;14/09/2026;Avalado;;SI;NO;ECHEQ;NO;NO;24Hs.;10:56:41;17:00:00;138;;;25,00;502;$;6.972.550,08;2;Desierta;;MOVI;;MOVIL S.G.R.;AO;;;;;
1550717;14/09/2026;Avalado;;SI;NO;ECHEQ;NO;NO;24Hs.;10:56:44;17:00:00;99;;;23,00;449;$;14.000.000,00;1;Desierta;;AVRU;;Aval Rural S.G.R.;AO;;;;;
1550718;14/09/2026;No Garantizado;NO;NO;NO;ECHEQ;SI;NO;24Hs.;10:56:45;17:00:00;30;;;24,50;795;$;5.897.331.244,80;1;Desierta;;;30-68537634-9;TARJETA NARANJA S.A.U.;NO;30-59036076-3;CENCOSUD S A;;;
1550719;14/09/2026;No Garantizado;NO;SI;NO;ECHEQ;NO;NO;C.I.;10:56:46;17:00:00;36;554;33,00;33,00;554;$;3.496.900,00;2;Negociada;10:58:48;;30-70800917-9;CORPORACION DEL SUR S.A.;AO;30-71677566-2;TOTALMAN-SI SOCIEDAD DE RESPONSABILIDAD LIMITADA S. R. L.;;;
1550720;14/09/2026;Avalado;;SI;NO;ECHEQ;NO;NO;24Hs.;10:56:47;17:00:00;77;716;26,00;26,00;716;$;10.000.000,00;1;Negociada;12:27:57;FOGA;;Fdo. de Gtias. del Chaco;AO;;;;;
1550721;14/09/2026;Avalado;;SI;NO;CPD;NO;NO;24Hs.;10:56:49;17:00:00;67;502;27,00;27,00;502;$;3.805.568,00;12;Negociada;15:33:45;UNIO;;Union S.G.R.;;;;;;
1550722;14/09/2026;Avalado;;SI;NO;ECHEQ;NO;NO;24Hs.;10:56:58;17:00:00;60;;;0,00;449;$;30.000.000,00;3;Desierta (Baja);;FINT;;Fintech S.G.R.;AO;;;;;
1550723;14/09/2026;No Garantizado;NO;NO;NO;ECHEQ;NO;NO;C.I.;10:56:59;17:00:00;28;512;29,00;29,00;512;$;4.064.706.639,00;3;Negociada;10:59:01;;30-50054484-4;COMPAÑIA MINERA AGUILAR S.A.;AO;30-50054484-4;COMPAÑIA MINERA AGUILAR S.A.;;;
1550724;14/09/2026;Avalado;;SI;NO;PAGARE;NO;NO;24Hs.;10:57:00;17:00:00;168;;;31,00;754;$;22.200.000,00;6;Desierta;;INPY;;Integra Pymes S.G.R.;;;;;;
1550725;14/09/2026;Avalado;;SI;NO;ECHEQ;NO;NO;24Hs.;10:57:02;17:00:00;105;;;28,00;716;$;10.000.000,00;1;Desierta;;FOGA;;Fdo. de Gtias. del Chaco;AO;;;;;
1550726;14/09/2026;No Garantizado;NO;NO;NO;ECHEQ;SI;NO;24Hs.;10:57:06;17:00:00;30;727;25,00;25,00;795;$;384.175.186,04;4;Negociada;12:42:34;;30-68537634-9;TARJETA NARANJA S.A.U.;NO;30-59036076-3;CENCOSUD S A;;;
1550727;14/09/2026;No Garantizado;NO;SI;NO;ECHEQ;NO;NO;C.I.;10:57:09;17:00:00;31;805;40,00;40,00;828;$;2.500.000,00;1;Negociada;13:25:22;;30-70791371-8;PAVETTI GUSTAVO ALBERTO Y GUERRERO RODOLFO GUSTAVO;AO;30-70791371-8;PAVETTI GUSTAVO ALBERTO Y GUERRERO RODOLFO GUSTAVO;;;
1550728;14/09/2026;Avalado;;SI;NO;ECHEQ;NO;NO;24Hs.;10:57:09;17:00:00;55;449;27,00;27,00;449;$;10.000.000,00;2;Negociada;12:13:13;FEDE;;Aval Federal S.G.R.;AO;;;;;
1550729;14/09/2026;Avalado;;SI;NO;ECHEQ;NO;NO;24Hs.;10:57:16;17:00:00;71;716;26,00;26,00;716;$;9.000.000,00;1;Negociada;12:28:22;FOGA;;Fdo. de Gtias. del Chaco;AO;;;;;
1550730;14/09/2026;No Garantizado;NO;NO;NO;ECHEQ;NO;NO;24Hs.;10:57:24;17:00:00;31;;;24,50;795;$;2.716.453,15;1;Desierta;;;30-68537634-9;TARJETA NARANJA S.A.U.;AO;30-71848456-8;GOMEZ BIGA S. A. S.;;;
1550731;14/09/2026;Avalado;;SI;NO;ECHEQ;NO;NO;24Hs.;10:57:26;17:00:00;97;716;27,00;27,00;716;$;10.000.000,00;1;Negociada;12:28:44;FOGA;;Fdo. de Gtias. del Chaco;AO;;;;;
1550732;14/09/2026;No Garantizado;NO;NO;NO;PAGARE;NO;NO;C.I.;10:57:31;17:00:00;24;512;29,00;29,00;512;$;2.083.101.260,00;1;Negociada;10:59:33;;30-70876617-4;SELVA MARIA OIL SA;;;;;;
1550733;14/09/2026;Avalado;;SI;NO;ECHEQ;NO;NO;24Hs.;10:57:33;17:00:00;114;520;25,00;25,00;897;$;60.000.000,00;2;Negociada;12:24:19;ACPY;;Acindar Pymes S.G.R.;AO;;;;;
1550734;14/09/2026;No Garantizado;NO;NO;NO;ECHEQ;NO;NO;24Hs.;10:57:37;17:00:00;31;;;24,50;795;$;9.468.642,37;4;Desierta;;;30-68537634-9;TARJETA NARANJA S.A.U.;AO;30-71848456-8;GOMEZ BIGA S. A. S.;;;
1550735;14/09/2026;Avalado;;SI;NO;ECHEQ;NO;NO;C.I.;10:57:46;17:00:00;37;287;26,00;26,00;764;$;158.274.748,06;1;Negociada;11:50:34;FINT;;Fintech S.G.R.;AO;;;;;
1550736;14/09/2026;Garantizado Calificado;SI;SI;NO;ECHEQ;NO;NO;24Hs.;10:57:48;17:00:00;70;;;0,00;565;$;50.000.000,00;1;Desierta (Baja);;;;;AO;;;MiPyME FCE - Art. 7 Ley 27.440, Res. SEPYME 340/17, Art. 2 RG 4367/18 y RG 1019/24;;
1550737;14/09/2026;No Garantizado;NO;NO;NO;PAGARE;NO;NO;C.I.;10:57:54;17:00:00;24;512;29,00;29,00;512;$;1.901.105.343,00;1;Negociada;10:59:55;;30-71672768-4;IOG RESOURCES S.A.;;;;;;
1550738;14/09/2026;No Garantizado;NO;NO;NO;ECHEQ;NO;NO;24Hs.;10:58:00;17:00:00;50;;;24,75;795;$;19.375.362,10;10;Desierta;;;30-68537634-9;TARJETA NARANJA S.A.U.;AO;30-55418898-9;ANTONIAZZI HNOS S. A.;;;
1550739;14/09/2026;Garantizado;NO;SI;NO;ECHEQ;NO;NO;24Hs.;10:58:00;17:00:00;77;;;24,00;565;$;50.000.000,00;1;Desierta;;;;;AO;;;;;
1550740;14/09/2026;Avalado;;NO;NO;ECHEQ;NO;NO;24Hs.;10:58:14;17:00:00;31;;;22,00;813;$;30.451.548,43;3;Desierta;;ACPY;;Acindar Pymes S.G.R.;AO;;;;;
1550741;14/09/2026;No Garantizado;NO;SI;NO;PAGARE;NO;NO;C.I.;10:58:16;17:00:00;93;785;25,75;25,75;785;$;2.500.000.000,00;1;Negociada;11:00:17;;30-63164260-4;PEGASO ARGENTINA SRL;;30-63164260-4;PEGASO ARGENTINA SRL;;;
1550742;14/09/2026;No Garantizado;NO;NO;NO;ECHEQ;SI;NO;24Hs.;10:58:17;17:00:00;62;;;25,00;795;$;1.913.085.657,25;1;Desierta;;;30-68537634-9;TARJETA NARANJA S.A.U.;NO;30-59036076-3;CENCOSUD S A;;;
1550743;14/09/2026;No Garantizado;NO;SI;NO;ECHEQ;SI;NO;24Hs.;10:58:26;17:00:00;119;;;30,00;701;$;23.250.000,00;1;Desierta;;;30-70912911-9;MUNICIPIO DE COLONIA AVELLANEDA;NO;20-28783647-4;GAREIS PABLO ALEJANDRO;;;
1550744;14/09/2026;Avalado;;NO;NO;ECHEQ;NO;NO;24Hs.;10:58:28;17:00:00;30;;;22,00;813;$;9.081.280,74;3;Desierta;;ACPY;;Acindar Pymes S.G.R.;AO;;;;;
1550745;14/09/2026;Avalado;;NO;NO;ECHEQ;NO;NO;24Hs.;10:58:40;17:00:00;76;;;23,00;813;$;2.073.323,08;1;Desierta;;ACPY;;Acindar Pymes S.G.R.;AO;;;;;
1550746;14/09/2026;No Garantizado;NO;NO;NO;ECHEQ;NO;NO;24Hs.;10:58:45;17:00:00;78;;;25,25;795;$;28.346.795,53;12;Desierta;;;30-68537634-9;TARJETA NARANJA S.A.U.;AO;30-55418898-9;ANTONIAZZI HNOS S. A.;;;
1550747;14/09/2026;Avalado;;NO;NO;ECHEQ;NO;NO;24Hs.;10:59:01;17:00:00;15;;;22,00;813;$;22.940.386,00;2;Desierta;;ACPY;;Acindar Pymes S.G.R.;AO;;;;;
1550748;14/09/2026;No Garantizado;NO;SI;NO;PAGARE;NO;NO;C.I.;10:59:03;17:00:00;93;785;25,75;25,75;785;$;2.500.000.000,00;1;Negociada;11:01:05;;30-71239031-6;ORANGEDATA S.A.;;30-71239031-6;ORANGEDATA S.A.;;;
1550749;14/09/2026;Avalado;;SI;NO;PAGARE;NO;NO;C.I.;10:59:14;17:00:00;368;769;7,50;7,50;20;U$S;90.000,00;1;Negociada;13:08:08;ACPY;;Acindar Pymes S.G.R.;;;;;;
1550750;14/09/2026;Avalado;;NO;NO;ECHEQ;NO;NO;24Hs.;10:59:17;17:00:00;87;;;27,00;813;$;10.000.000,00;1;Desierta;;INPY;;Integra Pymes S.G.R.;AO;;;;;
1550751;14/09/2026;Avalado;;NO;NO;ECHEQ;NO;NO;24Hs.;10:59:36;17:00:00;110;;;28,00;813;$;26.734.051,30;3;Desierta;;INPY;;Integra Pymes S.G.R.;AO;;;;;
1550752;14/09/2026;Avalado;;SI;NO;ECHEQ;NO;NO;24Hs.;10:59:44;17:00:00;54;20;28,00;28,00;20;$;21.500.000,00;2;Negociada;15:36:24;INPY;;Integra Pymes S.G.R.;AO;;;;;
1550753;14/09/2026;No Garantizado;NO;SI;NO;PAGARE;NO;NO;C.I.;10:59:59;17:00:00;121;785;26,00;26,00;785;$;2.500.000.000,00;1;Negociada;11:02:00;;30-63164260-4;PEGASO ARGENTINA SRL;;30-63164260-4;PEGASO ARGENTINA SRL;;;
1550754;14/09/2026;Avalado;;NO;NO;ECHEQ;NO;NO;24Hs.;11:00:01;17:00:00;85;503;28,80;28,80;813;$;20.000.000,00;1;Negociada;16:52:37;INPY;;Integra Pymes S.G.R.;AO;;;;;
1550755;14/09/2026;Avalado;;SI;NO;ECHEQ;NO;NO;24Hs.;11:00:08;17:00:00;72;20;29,00;29,00;20;$;12.350.000,00;1;Negociada;16:10:01;INPY;;Integra Pymes S.G.R.;AO;;;;;
1550756;14/09/2026;No Garantizado;NO;SI;NO;PAGARE;NO;NO;C.I.;11:00:36;17:00:00;121;785;26,00;26,00;785;$;2.500.000.000,00;1;Negociada;11:02:38;;30-71239031-6;ORANGEDATA S.A.;;30-71239031-6;ORANGEDATA S.A.;;;
1550757;14/09/2026;No Garantizado;NO;SI;NO;ECHEQ;NO;NO;C.I.;11:01:23;17:00:00;30;764;30,00;30,00;764;$;100.000.000,00;1;Negociada;11:04:29;;30-71514565-7;ENTE DE SERVICIOS Y OBRAS PUBLICAS O. P.;AO;;;;;
1550758;14/09/2026;Avalado;;SI;NO;ECHEQ;NO;NO;24Hs.;11:01:45;17:00:00;177;20;31,00;31,00;20;$;15.000.000,00;1;Negociada;16:06:28;INPY;;Integra Pymes S.G.R.;AO;;;;;
1550759;14/09/2026;Avalado;;SI;NO;ECHEQ;NO;NO;C.I.;11:01:50;17:00:00;9;427;25,00;25,00;460;$;10.000.000,00;1;Negociada;14:36:45;ACPY;;Acindar Pymes S.G.R.;AO;;;;;
1550760;14/09/2026;No Garantizado;NO;SI;NO;ECHEQ;NO;NO;C.I.;11:01:58;17:00:00;72;;;60,00;767;$;10.659.544,33;1;Desierta;;;33-67241019-9;BOR COM  SOCIEDAD ANONIMA;AO;27-43606640-1;YERI MARTINA;;;
1550761;14/09/2026;Avalado;;SI;NO;PAGARE;NO;NO;24Hs.;11:02:29;17:00:00;349;;;5,50;534;U$D;15.000,00;1;Desierta;;ARPY;;Argenpymes S.G.R.;;;;;;
1550762;14/09/2026;No Garantizado;SI;SI;NO;ECHEQ;NO;NO;24Hs.;11:02:33;17:00:00;43;539;33,00;33,00;701;$;35.000.000,00;1;Negociada;14:40:02;;33-71619466-9;AGROGANADERA BERPIZTU SOC. SIMPLE;AO;20-17881835-0;ESAIN JORGE EMILIO;Certificado MiPyME;;
1550763;14/09/2026;No Garantizado;SI;SI;NO;FCE;NO;NO;C.I.;11:02:34;17:00:00;43;723;26,40;26,40;791;$;27.200.298,40;2;Negociada;11:09:57;%PPB;30-56025419-5;PBBPOLISUR SOCIEDAD DE RESPONSABILIDAD LIMITADA;;;;;;
1550764;14/09/2026;No Garantizado;SI;SI;NO;ECHEQ;NO;NO;C.I.;11:02:38;17:00:00;36;598;60,00;60,00;598;$;11.500.000,00;1;Negociada;11:04:39;;30-50191240-5;UNION AGRICOLA DE AVELLANEDA COOP LTDA;AO;20-37263909-2;ZARI FABIO ANDRES;Certificado MiPyME;;
1550765;14/09/2026;Avalado;;SI;NO;ECHEQ;NO;NO;24Hs.;11:02:40;17:00:00;41;20;25,00;25,00;20;$;25.637.463,98;2;Negociada;15:22:08;ACPY;;Acindar Pymes S.G.R.;AO;;;;;
1550766;14/09/2026;No Garantizado;NO;SI;NO;ECHEQ;NO;NO;C.I.;11:02:41;17:00:00;18;529;28,33;29,00;764;$;50.000.000,00;1;Negociada;11:33:23;;30-66627755-0;ARRE BEEF S A;AO;30-70731108-4;FERIAS ROWAL S.R.L.;;;
1550767;14/09/2026;No Garantizado Calificado;SI;SI;NO;ECHEQ;NO;NO;C.I.;11:02:53;17:00:00;46;718;31,00;31,00;718;$;10.103.914,54;2;Negociada;11:04:55;;30-55875947-6;COOP. DE PRODUCTORES CITRICOLAS DE TAFI VIEJO, AGRICOLA, DE TRANSF. Y COMERCIALIZACION LTDA (COTA);AO;;;Certificado MiPyME;;
1550768;14/09/2026;No Garantizado;SI;SI;NO;ECHEQ;NO;NO;24Hs.;11:02:53;17:00:00;30;;;29,00;701;$;35.000.000,00;1;Desierta;;;33-71619466-9;AGROGANADERA BERPIZTU SOC. SIMPLE;AO;20-17881835-0;ESAIN JORGE EMILIO;Certificado MiPyME;;
1550769;14/09/2026;Avalado;;SI;NO;PAGARE;NO;NO;24Hs.;11:02:57;17:00:00;353;;;5,50;534;U$D;15.000,00;1;Desierta;;ARPY;;Argenpymes S.G.R.;;;;;;
1550770;14/09/2026;No Garantizado;SI;SI;NO;ECHEQ;NO;NO;C.I.;11:03:05;17:00:00;31;718;30,00;30,00;718;$;7.488.207,00;1;Negociada;11:05:07;;30-71925729-8;INGENIOS DE TUCUMAN S.A.;AO;;;Certificado MiPyME;;
1550771;14/09/2026;Avalado;;SI;NO;ECHEQ;SI;NO;C.I.;11:03:10;17:00:00;45;;;0,00;526;$;143.840.177,69;1;Desierta (Baja);;GARA;;Garantizar S.G.R.;NO;;;;;
1550772;14/09/2026;No Garantizado;SI;SI;NO;ECHEQ;NO;NO;C.I.;11:03:19;17:00:00;18;718;31,00;31,00;718;$;4.012.445,50;1;Negociada;11:05:21;;30-67997929-5;S.A. VERACRUZ;AO;;;Certificado MiPyME;;
1550773;14/09/2026;Avalado;;SI;NO;ECHEQ;NO;NO;C.I.;11:03:20;17:00:00;51;;;0,00;526;$;101.133.731,82;1;Desierta (Baja);;GARA;;Garantizar S.G.R.;AO;;;;;
1550774;14/09/2026;Avalado;;SI;NO;ECHEQ;NO;NO;24Hs.;11:03:26;17:00:00;172;;;26,00;429;$;100.000.000,00;3;Desierta;;POTE;;Potenciar S.G.R.;AO;;;;;
1550775;14/09/2026;No Garantizado;SI;SI;NO;FCE;NO;NO;C.I.;11:03:27;17:00:00;37;791;26,70;26,70;791;$;129.763.740,12;2;Negociada;11:31:04;%BAK;30-50447541-3;BAKER HUGHES ARGENTINA S. R. L.;;;;;;
1550776;14/09/2026;No Garantizado;SI;SI;NO;ECHEQ;SI;NO;C.I.;11:03:38;17:00:00;38;;;26,00;598;$;210.000.000,00;4;Desierta;;;30-51602484-0;LABORATORIOS BAGO S A;NO;;;Certificado MiPyME;;
1550777;14/09/2026;Avalado;;SI;NO;ECHEQ;NO;NO;24Hs.;11:03:51;17:00:00;239;287;31,00;31,00;764;$;60.000.000,00;1;Negociada;14:28:51;ACPY;;Acindar Pymes S.G.R.;AO;;;;;
1550778;14/09/2026;Avalado;;SI;NO;ECHEQ;NO;NO;24Hs.;11:04:10;17:00:00;123;20;28,00;28,00;20;$;32.000.000,00;5;Negociada;15:35:49;MOVI;;MOVIL S.G.R.;AO;;;;;
1550779;14/09/2026;Avalado;;SI;NO;ECHEQ;NO;NO;24Hs.;11:04:13;17:00:00;71;;;28,00;767;$;20.000.000,00;1;Desierta;;AFBG;;AFB AVALES S.G.R;AO;;;;;
1550780;14/09/2026;Garantizado;SI;SI;NO;ECHEQ;NO;NO;24Hs.;11:04:27;17:00:00;169;;;25,00;43;$;180.000.000,00;1;Desierta;;;;;AO;;;Certificado MiPyME;;
1550781;14/09/2026;Avalado;;SI;NO;ECHEQ;NO;NO;24Hs.;11:04:36;17:00:00;75;442;26,00;26,00;20;$;49.460.000,00;2;Negociada;13:51:09;ACPY;;Acindar Pymes S.G.R.;AO;;;;;
1550782;14/09/2026;Avalado;;SI;NO;ECHEQ;NO;NO;24Hs.;11:04:42;17:00:00;30;804;28,00;28,00;767;$;25.000.000,00;1;Negociada;13:46:27;AFBG;;AFB AVALES S.G.R;AO;;;;;
1550783;14/09/2026;Avalado;;SI;NO;ECHEQ;NO;NO;24Hs.;11:05:07;17:00:00;116;20;27,00;27,00;20;$;6.000.000,00;2;Negociada;15:35:35;FINT;;Fintech S.G.R.;AO;;;;;
1550784;14/09/2026;No Garantizado;SI;SI;NO;FCE;NO;NO;C.I.;11:05:20;17:00:00;24;;;18,00;791;U$S;41.396,52;1;Desierta;;%UAY;30-70956507-5;AGUA Y SANEAMIENTOS ARGENTINOS SOCIEDAD ANONIMA;;;;;;
1550785;14/09/2026;Avalado;;SI;NO;ECHEQ;NO;NO;24Hs.;11:05:26;17:00:00;128;;;0,00;767;$;50.000.000,00;2;Desierta (Baja);;AFFI;;Affidavit S.G.R.;AO;;;;;
1550786;14/09/2026;Garantizado;SI;SI;NO;PAGARE;NO;NO;24Hs.;11:05:37;17:00:00;59;;;;287;$;60.000.000,00;1;Desierta;;;;;;;;Certificado MiPyME;;
1550787;14/09/2026;No Garantizado;NO;SI;NO;ECHEQ;NO;NO;24Hs.;11:06:10;17:00:00;30;;;35,00;25;$;1.591.133,54;1;Desierta;;;30-70879288-4;TALLER DE MECANIZADOS PEREZ S.R.L.;AO;30-70760723-4;WELDING ALLOYS ARGENTINA S.A.;;;
1550788;14/09/2026;No Garantizado;NO;SI;NO;ECHEQ;NO;NO;24Hs.;11:08:55;17:00:00;40;;;27,00;767;$;10.715.960,00;4;Desierta;;;30-71209679-5;INGENIERIA ELECTRICA SA;AO;20-33814094-1;CAFFARATTI JOSE GUSTAVO;;;
1550789;14/09/2026;No Garantizado;NO;SI;NO;ECHEQ;NO;NO;24Hs.;11:09:08;17:00:00;79;;;27,00;767;$;1.750.953,00;3;Desierta;;;20-31139133-0;PASCUAL GABINO RAUL;AO;20-33814094-1;CAFFARATTI JOSE GUSTAVO;;;
1550790;14/09/2026;No Garantizado;NO;SI;NO;ECHEQ;NO;NO;24Hs.;11:09:25;17:00:00;38;;;27,00;767;$;346.629,45;1;Desierta;;;27-23218750-1;FIEGE MYRIAN CAROLINA;AO;20-33814094-1;CAFFARATTI JOSE GUSTAVO;;;
1550791;14/09/2026;No Garantizado;NO;SI;NO;ECHEQ;NO;NO;24Hs.;11:09:38;17:00:00;38;;;27,00;767;$;1.756.397,62;4;Desierta;;;30-71030416-1;SALA SA;AO;20-33814094-1;CAFFARATTI JOSE GUSTAVO;;;
1550792;14/09/2026;No Garantizado;NO;SI;NO;ECHEQ;NO;NO;24Hs.;11:09:50;17:00:00;43;;;27,00;767;$;2.243.037,49;3;Desierta;;;30-71564037-2;TERRA VITA S.R.L.;AO;20-33814094-1;CAFFARATTI JOSE GUSTAVO;;;
1550793;14/09/2026;Avalado;;SI;NO;ECHEQ;NO;NO;C.I.;11:10:16;17:00:00;126;406;29,00;29,00;767;$;40.000.000,00;1;Negociada;11:32:16;ACPY;;Acindar Pymes S.G.R.;AO;;;;;
1550794;14/09/2026;Avalado;;SI;NO;PAGARE;NO;NO;24Hs.;11:10:52;17:00:00;204;;;6,00;529;U$D;50.000,00;1;Desierta;;AVLR;;Aval Ar S.G.R.;;;;;;
1550795;14/09/2026;No Garantizado;NO;SI;NO;ECHEQ;NO;NO;C.I.;11:10:56;17:00:00;10;554;66,00;66,00;827;$;880.450,79;1;Negociada;11:12:58;;30-70939071-2;ALMA S.R.L.;AO;20-30984094-2;ELIZONDO APARICI PABLO EXEQUIEL;;;
1550796;14/09/2026;Avalado;;SI;NO;PAGARE;NO;NO;24Hs.;11:11:06;17:00:00;211;;;6,00;529;U$D;50.000,00;1;Desierta;;AVLR;;Aval Ar S.G.R.;;;;;;
1550797;14/09/2026;Avalado;;SI;NO;PAGARE;NO;NO;24Hs.;11:11:18;17:00:00;216;;;6,00;529;U$D;50.000,00;1;Desierta;;AVLR;;Aval Ar S.G.R.;;;;;;
1550798;14/09/2026;No Garantizado Calificado;NO;SI;NO;ECHEQ;NO;NO;C.I.;11:11:24;17:00:00;93;767;62,00;62,00;767;$;2.500.000,00;2;Negociada;11:13:26;;20-32795196-4;VAN BREEDAM EMMANUEL;AO;20-32795196-4;VAN BREEDAM EMMANUEL;;;
1550799;14/09/2026;No Garantizado Calificado;SI;SI;NO;ECHEQ;NO;NO;C.I.;11:11:25;17:00:00;32;569;32,00;32,00;569;$;26.150.000,00;1;Negociada;11:58:04;;20-16857587-5;ROTH OSCAR ROBERTO;AO;20-16857587-5;ROTH OSCAR ROBERTO;Certificado MiPyME;;
1550800;14/09/2026;Avalado;;SI;NO;ECHEQ;NO;NO;C.I.;11:11:44;12:30:00;91;;;27,00;465;$;37.863.000,00;3;Desierta;;FINT;;Fintech S.G.R.;AO;;;;;
1550801;14/09/2026;Avalado;;SI;NO;PAGARE;NO;NO;24Hs.;11:11:51;17:00:00;272;;;7,00;529;U$D;55.000,00;1;Desierta;;AVLR;;Aval Ar S.G.R.;;;;;;
1550802;14/09/2026;Avalado;;SI;NO;PAGARE;NO;NO;24Hs.;11:12:00;17:00:00;272;;;7,00;529;U$D;55.000,00;1;Desierta;;AVLR;;Aval Ar S.G.R.;;;;;;
1550803;14/09/2026;Avalado;;SI;NO;ECHEQ;NO;NO;C.I.;11:12:05;17:00:00;250;;;30,00;465;$;42.075.000,00;6;Desierta;;ACPY;;Acindar Pymes S.G.R.;AO;;;;;
1550804;14/09/2026;Avalado;;SI;NO;ECHEQ;NO;NO;24Hs.;11:12:09;17:00:00;183;;;29,00;539;$;119.378.795,16;4;Desierta;;UNIO;;Union S.G.R.;AO;;;;;
1550805;14/09/2026;No Garantizado Calificado;NO;SI;NO;ECHEQ;NO;NO;C.I.;11:12:12;17:00:00;73;406;34,00;34,00;545;$;4.840.000,00;1;Negociada;12:04:47;;20-40476243-6;CANDIA LUCIANO EZEQUIEL;AO;;;;;
1550806;14/09/2026;Avalado;;SI;NO;PAGARE;NO;NO;24Hs.;11:12:14;17:00:00;343;;;7,00;529;U$D;19.800,00;1;Desierta;;AVLR;;Aval Ar S.G.R.;;;;;;
1550807;14/09/2026;No Garantizado;NO;SI;NO;ECHEQ;NO;NO;C.I.;11:12:24;17:00:00;70;406;34,00;34,00;545;$;30.004.998,24;3;Negociada;12:04:53;;20-06049703-7;DEVIGILI OSVALDO;AO;;;;;
1550808;14/09/2026;No Garantizado;NO;SI;NO;ECHEQ;SI;NO;C.I.;11:12:37;17:00:00;68;406;34,00;34,00;545;$;4.701.576,00;4;Negociada;12:04:59;;20-20024578-5;GONZALEZ ARIEL LEONARDO;NO;;;;;
1550809;14/09/2026;Avalado;;SI;NO;ECHEQ;NO;NO;24Hs.;11:12:57;17:00:00;128;;;26,00;439;$;89.861.324,73;3;Desierta;;ACPY;;Acindar Pymes S.G.R.;AO;;;;;
1550810;14/09/2026;No Garantizado;NO;SI;NO;ECHEQ;NO;NO;C.I.;11:12:59;17:00:00;118;406;32,99;34,00;545;$;86.010.346,09;13;Negociada;12:07:11;;30-59797159-8;CELULOSA CAMPANA SOCIEDAD ANONIMA;AO;;;;;
1550811;14/09/2026;No Garantizado;NO;SI;NO;ECHEQ;NO;NO;C.I.;11:13:17;17:00:00;57;406;34,00;34,00;545;$;18.118.718,30;4;Negociada;12:05:17;;30-61584736-0;DISTGRAF S R L;AO;30-50106215-0;CELULOSA ARGENTINA S A;;;
1550812;14/09/2026;No Garantizado;NO;SI;NO;ECHEQ;NO;NO;C.I.;11:13:26;17:00:00;31;;;55,00;767;$;2.117.500,00;1;Desierta;;;30-71897385-2;PANAMAR S. R. L.;AO;20-37506135-0;CARPIO PERALTA JUAN ALFREDO JAVIER;;;
1550813;14/09/2026;No Garantizado;NO;SI;NO;ECHEQ;NO;NO;C.I.;11:13:31;17:00:00;68;406;34,00;34,00;545;$;6.000.000,00;3;Negociada;12:05:23;;30-71617819-2;VITALI CAROLINA Y TOSSO MELISA NADIA SOCIEDAD SIMPLE;AO;;;;;
1550814;14/09/2026;No Garantizado;NO;SI;NO;ECHEQ;NO;NO;C.I.;11:13:31;17:00:00;71;406;34,00;34,00;545;$;8.113.660,24;4;Negociada;12:05:29;;30-70823269-2;EDITAR SRL;AO;;;;;
1550815;14/09/2026;No Garantizado;NO;SI;NO;ECHEQ;NO;NO;C.I.;11:13:45;17:00:00;111;406;34,00;34,00;545;$;30.980.149,02;2;Negociada;12:05:37;;30-70735553-7;GRUPO GRAFICO DEL NORTE S.A.;AO;;;;;
1550816;14/09/2026;No Garantizado;NO;SI;NO;ECHEQ;NO;NO;C.I.;11:13:51;17:00:00;77;406;34,00;34,00;545;$;21.962.413,17;4;Negociada;12:05:45;;30-67328909-2;SALOMON JASON S. A.;AO;;;;;
1550817;14/09/2026;No Garantizado;NO;SI;NO;ECHEQ;NO;NO;C.I.;11:13:58;17:00:00;62;406;34,00;34,00;545;$;16.926.720,12;3;Negociada;12:05:51;;30-71452710-6;RCW S.R.L.;AO;;;;;
1550818;14/09/2026;No Garantizado;NO;SI;NO;ECHEQ;NO;NO;C.I.;11:14:14;17:00:00;65;406;34,00;34,00;545;$;2.138.922,05;1;Negociada;12:06:04;;30-69050738-9;SELPLAST SOCIEDAD ANONIMA;AO;;;;;
1550819;14/09/2026;No Garantizado;NO;SI;NO;ECHEQ;NO;NO;C.I.;11:14:16;17:00:00;70;406;34,00;34,00;545;$;6.000.000,00;3;Negociada;12:06:10;;33-71061618-9;LA RESMA DEL NORTE  S. A.;AO;;;;;
1550820;14/09/2026;No Garantizado;NO;SI;NO;ECHEQ;NO;NO;C.I.;11:14:30;17:00:00;58;406;34,00;34,00;545;$;2.894.480,00;1;Negociada;12:06:20;;30-66390033-8;AUTOSERVICIO AMERICANO DEL EMBALAJE SRL S. R. L.;AO;;;;;
1550821;14/09/2026;No Garantizado;NO;SI;NO;ECHEQ;NO;NO;C.I.;11:14:31;17:00:00;69;406;34,00;34,00;545;$;3.422.678,06;2;Negociada;12:06:26;;30-71705546-9;IDYCAL S.R.L.;AO;;;;;
1550822;14/09/2026;No Garantizado;SI;SI;NO;ECHEQ;NO;NO;24Hs.;11:14:37;17:00:00;161;432;32,00;32,00;432;$;46.782.871,20;2;Negociada;16:37:36;;30-52571862-6;AGRICULTORES FEDERADOS ARGENTINOS SOC COOP LTDA;AO;30-50342334-7;TALLERES METALURGICOS CRUCIANELLI SA;Certificado MiPyME;;
1550823;14/09/2026;No Garantizado;NO;SI;NO;ECHEQ;NO;NO;C.I.;11:14:38;17:00:00;23;406;34,00;34,00;545;$;207.865.900,00;1;Negociada;12:06:32;;30-71066508-3;ESTACION MANDIOCA S.A.;AO;;;;;
1550824;14/09/2026;No Garantizado;NO;SI;NO;ECHEQ;NO;NO;C.I.;11:14:46;17:00:00;59;406;34,00;34,00;545;$;5.823.690,79;1;Negociada;12:06:38;;30-71105240-9;TOLEDO SERVICIOS GRÁFICOS SOCIEDAD ANÓNIMA;AO;;;;;
1550825;14/09/2026;No Garantizado;NO;SI;NO;ECHEQ;NO;NO;C.I.;11:14:47;17:00:00;75;406;34,00;34,00;545;$;3.633.647,19;2;Negociada;12:06:44;;30-71078179-2;IGLESIAS LOPEZ DANIEL E IGLESIAS ANDRES SEBASTIAN S.H.;AO;;;;;
1550826;14/09/2026;Avalado;;SI;NO;ECHEQ;NO;NO;24Hs.;11:14:47;17:00:00;175;;;29,00;539;$;37.029.045,00;5;Desierta;;TRND;;Trend S.G.R.;AO;;;;;
1550827;14/09/2026;Avalado;;SI;NO;PAGARE;NO;NO;24Hs.;11:15:01;17:00:00;176;876;8,00;8,00;876;U$D;80.000,00;4;Negociada;16:11:05;MOVI;;MOVIL S.G.R.;;;;;;
1550828;14/09/2026;Avalado;;SI;NO;ECHEQ;NO;NO;24Hs.;11:15:04;17:00:00;283;;;28,00;401;$;887.601,00;1;Desierta;;MOVI;;MOVIL S.G.R.;AO;;;;;
1550829;14/09/2026;No Garantizado;NO;SI;NO;ECHEQ;NO;NO;C.I.;11:15:05;17:00:00;60;406;34,00;34,00;545;$;2.158.931,19;1;Negociada;12:06:53;;33-71698315-9;NEO-ONE SOCIEDAD ANONIMA;AO;;;;;
1550830;14/09/2026;Avalado;;SI;NO;PAGARE;NO;NO;C.I.;11:15:15;17:00:00;162;;;0,00;876;U$D;80.000,00;4;Desierta (Baja);;MOVI;;MOVIL S.G.R.;;;;;;
1550831;14/09/2026;Avalado;;SI;NO;ECHEQ;NO;NO;24Hs.;11:15:18;17:00:00;212;;;27,50;401;$;4.244.228,00;2;Desierta;;MOVI;;MOVIL S.G.R.;AO;;;;;
1550832;14/09/2026;No Garantizado;NO;SI;NO;ECHEQ;NO;NO;C.I.;11:15:20;17:00:00;56;406;34,00;34,00;545;$;2.499.328,08;1;Negociada;12:06:59;;30-71803316-7;GALLO&CASTAGNETTI S. R. L.;AO;;;;;
1550833;14/09/2026;No Garantizado Calificado;NO;SI;NO;ECHEQ;NO;NO;C.I.;11:15:39;17:00:00;59;406;34,00;34,00;545;$;1.337.020,00;1;Negociada;12:07:07;;30-71793402-0;MILOSCAN SRL;AO;;;;;
1550834;14/09/2026;Avalado;;SI;NO;ECHEQ;NO;NO;24Hs.;11:15:41;17:00:00;93;545;25,75;25,75;702;$;15.000.000,00;1;Negociada;15:28:05;AVRU;;Aval Rural S.G.R.;AO;;;;;
1550835;14/09/2026;Avalado;;SI;NO;ECHEQ;NO;NO;24Hs.;11:15:48;17:00:00;207;;;27,00;401;$;20.506.038,00;6;Desierta;;FIDU;;Fid Aval S.G.R.;AO;;;;;
1550836;14/09/2026;Garantizado;SI;SI;NO;ECHEQ;NO;NO;24Hs.;11:15:57;17:00:00;22;523;24,25;24,25;754;$;12.000.000,00;1;Negociada;13:43:38;;;;AO;;;Certificado MiPyME;;
1550837;14/09/2026;Avalado;;SI;NO;ECHEQ;NO;NO;24Hs.;11:16:02;17:00:00;156;;;26,00;401;$;15.965.606,87;4;Desierta;;MOVI;;MOVIL S.G.R.;AO;;;;;
1550838;14/09/2026;Avalado;;SI;NO;PAGARE;NO;NO;24Hs.;11:16:05;17:00:00;367;;;7,00;702;U$S;50.000,00;2;Desierta;;AVLR;;Aval Ar S.G.R.;;;;;;
1550839;14/09/2026;No Garantizado;NO;SI;NO;ECHEQ;NO;NO;C.I.;11:16:12;17:00:00;64;406;34,00;34,00;545;$;11.103.661,80;1;Negociada;12:07:13;;30-71764926-1;BRUNO TALLER;AO;;;;;
1550840;14/09/2026;Avalado;;SI;NO;ECHEQ;NO;NO;24Hs.;11:16:12;17:00:00;102;;;25,50;401;$;3.225.718,00;4;Desierta;;MOVI;;MOVIL S.G.R.;AO;;;;;
1550841;14/09/2026;No Garantizado;NO;SI;NO;ECHEQ;NO;NO;C.I.;11:16:16;17:00:00;65;406;34,00;34,00;545;$;6.164.894,72;1;Negociada;12:07:19;;27-05971666-8;FRIAS SUSANA IRMA;AO;;;;;
1550842;14/09/2026;No Garantizado;NO;SI;NO;ECHEQ;NO;NO;C.I.;11:16:25;17:00:00;71;406;34,00;34,00;545;$;5.043.696,65;1;Negociada;12:07:27;;30-71588544-8;PRIMERA CLASE IMPRESORES DE TRABUCCO CARLOS ANDRES Y TRABUCCO JORGE LGS CAP I SECC IV;AO;;;;;
1550843;14/09/2026;Avalado;;SI;NO;ECHEQ;NO;NO;24Hs.;11:16:30;17:00:00;36;;;23,00;401;$;8.179.415,02;7;Desierta;;MOVI;;MOVIL S.G.R.;AO;;;;;
1550844;14/09/2026;No Garantizado;NO;SI;NO;ECHEQ;NO;NO;C.I.;11:16:31;17:00:00;78;406;34,00;34,00;545;$;7.581.666,40;1;Negociada;12:07:33;;30-71560003-6;EMBALAJES MARPLATENSES S.A.;AO;;;;;
1550845;14/09/2026;Avalado;;SI;NO;ECHEQ;NO;NO;24Hs.;11:16:39;17:00:00;63;;;24,00;401;$;7.192.392,76;6;Desierta;;MOVI;;MOVIL S.G.R.;AO;;;;;
1550846;14/09/2026;No Garantizado;NO;SI;NO;ECHEQ;NO;NO;C.I.;11:16:43;17:00:00;57;406;34,00;34,00;545;$;1.607.090,92;1;Negociada;12:07:39;;30-52614824-6;CASA BODE S. R. L.;AO;;;;;
1550847;14/09/2026;No Garantizado;NO;SI;NO;ECHEQ;NO;NO;C.I.;11:16:44;17:00:00;73;406;34,00;34,00;545;$;7.581.662,00;1;Negociada;12:07:49;;30-71560003-6;EMBALAJES MARPLATENSES S.A.;AO;;;;;
1550848;14/09/2026;No Garantizado;NO;SI;NO;ECHEQ;NO;NO;C.I.;11:16:54;17:00:00;86;406;34,00;34,00;545;$;101.477.869,38;1;Negociada;12:07:55;;30-58145928-5;TECNOGRAFIC SOCIEDAD ANONIMA;AO;;;;;
1550849;14/09/2026;Avalado;;SI;NO;PAGARE;NO;NO;24Hs.;11:16:57;17:00:00;195;;;8,00;569;U$S;25.000,00;1;Desierta;;ZOFI;;Zofingen S.G.R.;;;;;;
1550850;14/09/2026;No Garantizado;NO;SI;NO;ECHEQ;NO;NO;C.I.;11:16:58;17:00:00;78;406;34,00;34,00;545;$;10.071.480,38;1;Negociada;12:08:01;;30-71555158-2;WATERMELON OBJETOS S.R.L.;AO;;;;;
1550851;14/09/2026;No Garantizado;NO;SI;NO;ECHEQ;NO;NO;C.I.;11:17:06;17:00:00;51;406;34,00;34,00;545;$;1.745.424,00;1;Negociada;12:08:07;;30-71233525-0;EULE GRAPHICS SRL;AO;;;;;
1550852;14/09/2026;No Garantizado;NO;SI;NO;ECHEQ;NO;NO;C.I.;11:17:11;17:00:00;60;406;34,00;34,00;545;$;1.500.000,00;1;Negociada;12:08:15;;30-71121857-9;EDITORIAL ARTEMISA S.A.;AO;;;;;
1550853;14/09/2026;No Garantizado;NO;SI;NO;ECHEQ;NO;NO;C.I.;11:17:21;17:00:00;43;723;27,50;27,50;545;$;10.414.138,04;1;Negociada;12:08:23;;30-52570593-1;COOPERATIVA OBRERA LIMITADA DE CONSUMO Y VIVIENDA;AO;;;;;
1550854;14/09/2026;No Garantizado;NO;SI;NO;ECHEQ;NO;NO;C.I.;11:17:24;17:00:00;51;406;34,00;34,00;545;$;1.597.893,19;1;Negociada;12:08:35;;30-70910259-8;TRAG S.R.L.;AO;;;;;
1550855;14/09/2026;No Garantizado;NO;SI;NO;ECHEQ;NO;NO;24Hs.;11:17:28;17:00:00;57;;;55,00;767;$;7.000.000,00;1;Desierta;;;30-64988313-7;AGROPECUARIA EL VERDE S R L;AO;30-64988313-7;AGROPECUARIA EL VERDE S R L;;;
1550856;14/09/2026;Avalado;;SI;NO;ECHEQ;NO;NO;24Hs.;11:17:31;17:00:00;64;;;25,00;483;$;2.730.000.000,00;10;Desierta;;ACPY;;Acindar Pymes S.G.R.;AO;;;;;
1550857;14/09/2026;Avalado;;SI;NO;ECHEQ;NO;NO;24Hs.;11:17:31;17:00:00;29;526;26,00;26,00;526;$;220.000.000,00;5;Negociada;11:45:44;MOVI;;MOVIL S.G.R.;AO;;;;;
1550858;14/09/2026;No Garantizado;NO;SI;NO;ECHEQ;NO;NO;C.I.;11:17:34;17:00:00;72;406;34,00;34,00;545;$;1.871.994,67;1;Negociada;12:08:39;;30-70854168-7;DISTRIBUIDORA SUSY S. R. L.;AO;;;;;
1550859;14/09/2026;No Garantizado;NO;SI;NO;ECHEQ;NO;NO;C.I.;11:17:42;17:00:00;73;406;34,00;34,00;545;$;23.190.767,68;1;Negociada;12:08:48;;30-69509759-6;FORMATO GRAFICO S R L;AO;;;;;
1550860;14/09/2026;No Garantizado;NO;SI;NO;ECHEQ;NO;NO;C.I.;11:17:49;17:00:00;80;406;34,00;34,00;545;$;2.500.000,00;1;Negociada;12:08:52;;20-31827543-3;PRADELLA PABLO EZEQUIEL;AO;;;;;
1550861;14/09/2026;No Garantizado;NO;SI;NO;ECHEQ;NO;NO;C.I.;11:17:55;17:00:00;59;406;34,00;34,00;545;$;20.000.000,00;1;Negociada;12:08:58;;30-68584975-1;DIA ARGENTINA S A;AO;;;;;
1550862;14/09/2026;No Garantizado;NO;SI;NO;ECHEQ;NO;NO;C.I.;11:17:59;17:00:00;44;406;34,00;34,00;545;$;34.087.387,12;1;Negociada;12:09:06;;30-57701116-4;SU PAPEL S.A.;AO;;;;;
1550863;14/09/2026;Avalado;;SI;NO;ECHEQ;NO;NO;24Hs.;11:18:20;17:00:00;58;442;27,00;27,00;526;$;82.938.408,60;1;Negociada;11:51:16;NOVA;;INNOVA S.G.R.;AO;;;;;
1550864;14/09/2026;No Garantizado;NO;SI;NO;ECHEQ;NO;NO;C.I.;11:18:53;17:00:00;37;;;55,00;767;$;30.000.000,00;3;Desierta;;;23-17760084-9;PUTIGNANO ENRI FERNANDO;AO;23-17760084-9;PUTIGNANO ENRI FERNANDO;;;
1550865;14/09/2026;Avalado;;SI;NO;ECHEQ;NO;NO;24Hs.;11:18:58;17:00:00;158;;;24,00;406;$;100.000.000,00;10;Desierta;;CREC;;Crecer S.G.R.;AO;;;;;
1550866;14/09/2026;Avalado;;SI;NO;ECHEQ;NO;NO;24Hs.;11:19:05;17:00:00;67;406;27,00;27,00;406;$;10.000.000,00;9;Negociada;11:55:53;CREC;;Crecer S.G.R.;AO;;;;;
1550867;14/09/2026;Avalado;;SI;NO;ECHEQ;NO;NO;24Hs.;11:19:44;17:00:00;120;;;24,00;526;$;27.900.000,00;3;Desierta;;NOVA;;INNOVA S.G.R.;AO;;;;;
1550868;14/09/2026;No Garantizado;NO;SI;NO;ECHEQ;NO;NO;24Hs.;11:19:44;17:00:00;51;;;44,00;767;$;18.000.000,00;9;Desierta;;;30-71668436-5;SOLUCIONES GASTRONOMICAS S.A.S.;AO;30-71668436-5;SOLUCIONES GASTRONOMICAS S.A.S.;;;
1550869;14/09/2026;Avalado;;SI;NO;ECHEQ;NO;NO;24Hs.;11:19:49;17:00:00;119;;;0,00;406;$;35.000.000,00;1;Desierta (Baja);;FIDU;;Fid Aval S.G.R.;AO;;;;;
1550870;14/09/2026;No Garantizado;SI;SI;NO;ECHEQ;NO;NO;C.I.;11:19:59;17:00:00;65;572;29,00;29,00;526;$;41.558.155,04;1;Negociada;11:22:58;;30-57670311-9;SAENZ VALIENTE BULLRICH Y CIA SA;AO;;;Certificado MiPyME;;
1550871;14/09/2026;Avalado;;SI;NO;ECHEQ;NO;NO;24Hs.;11:20:26;17:00:00;64;;;25,00;483;$;250.000.000,00;10;Desierta;;AVFE;;Aval Fertil S.G.R.;AO;;;;;
1550872;14/09/2026;No Garantizado;NO;SI;NO;PAGARE;NO;NO;24Hs.;11:20:30;17:00:00;323;;;15,00;767;U$D;40.000,00;1;Desierta;;;30-71668436-5;SOLUCIONES GASTRONOMICAS S.A.S.;;30-71668436-5;SOLUCIONES GASTRONOMICAS S.A.S.;;;
1550873;14/09/2026;No Garantizado Calificado;NO;SI;NO;ECHEQ;NO;NO;C.I.;11:21:19;17:00:00;44;825;40,00;40,00;825;$;10.000.000,00;2;Negociada;11:23:20;;30-70889803-8;AMADIA S.R.L.;AO;30-70889803-8;AMADIA S.R.L.;;;
1550874;14/09/2026;Avalado;;SI;NO;ECHEQ;NO;NO;C.I.;11:21:38;17:00:00;104;529;31,00;31,00;767;$;25.000.000,00;5;Negociada;12:27:19;NOVA;;INNOVA S.G.R.;AO;;;;;
1550875;14/09/2026;Avalado;;SI;NO;ECHEQ;NO;NO;24Hs.;11:21:40;17:00:00;64;;;;507;$;1.423.600,00;3;Desierta (Baja);;RESI;;Resiliencia S.G.R.;AO;;;;;
1550876;14/09/2026;Avalado;;SI;NO;ECHEQ;NO;NO;C.I.;11:21:43;17:00:00;58;559;24,00;24,00;559;$;68.687.472,55;2;Negociada;11:23:44;GARA;;Garantizar S.G.R.;AO;;;;;
1550877;14/09/2026;Avalado;;SI;NO;ECHEQ;NO;NO;C.I.;11:21:51;17:00:00;99;529;31,00;31,00;767;$;25.000.000,00;5;Negociada;12:27:29;FIDE;;Fidem S.G.R.;AO;;;;;
1550878;14/09/2026;No Garantizado;NO;SI;NO;ECHEQ;NO;NO;C.I.;11:21:54;17:00:00;60;572;35,00;35,00;572;$;44.595.000,00;4;Negociada;12:25:07;;33-71523644-9;CATYCAN S.A.;AO;;;;;
1550879;14/09/2026;No Garantizado;NO;SI;NO;ECHEQ;NO;NO;C.I.;11:22:02;17:00:00;88;572;40,00;40,00;572;$;11.148.750,00;1;Negociada;12:25:16;;33-71523644-9;CATYCAN S.A.;AO;;;;;
1550880;14/09/2026;Avalado;;SI;NO;PAGARE;NO;NO;24Hs.;11:22:07;17:00:00;141;734;7,00;7,00;507;U$D;18.000,00;1;Negociada;12:57:04;POTE;;Potenciar S.G.R.;;;;;;
1550881;14/09/2026;No Garantizado;NO;SI;NO;ECHEQ;NO;NO;C.I.;11:22:14;17:00:00;59;572;35,00;35,00;572;$;8.333.333,34;2;Negociada;12:25:30;;30-71568805-7;MASCOTAS DEL OESTE S.R.L.;AO;;;;;
1550882;14/09/2026;No Garantizado Calificado;SI;SI;NO;CPD;SI;NO;24Hs.;11:22:20;17:00:00;57;;;;507;$;22.922.757,19;1;Desierta (Baja);;;30-55027355-8;OBRA SOCIAL DE LOS EMPLEADOS DE COMERCIOY ACTIVIDADES CIVILES OSECAC;;;;Certificado MiPyME;;
1550883;14/09/2026;No Garantizado;NO;SI;NO;ECHEQ;NO;NO;C.I.;11:22:25;17:00:00;88;572;40,00;40,00;572;$;4.166.666,67;1;Negociada;12:25:40;;30-71568805-7;MASCOTAS DEL OESTE S.R.L.;AO;;;;;
1550884;14/09/2026;No Garantizado Calificado;SI;SI;NO;CPD;SI;NO;C.I.;11:22:31;17:00:00;58;507;30,50;30,50;507;$;9.072.714,48;1;Negociada;12:52:10;;30-55027355-8;OBRA SOCIAL DE LOS EMPLEADOS DE COMERCIOY ACTIVIDADES CIVILES OSECAC;;;;Certificado MiPyME;;
1550885;14/09/2026;No Garantizado;NO;SI;NO;ECHEQ;NO;NO;C.I.;11:22:36;17:00:00;60;572;35,00;35,00;572;$;30.000.000,00;4;Negociada;12:25:52;;30-71683954-7;MASCOTAS ONLINE;AO;;;;;
1550886;14/09/2026;No Garantizado;SI;SI;NO;ECHEQ;NO;NO;24Hs.;11:22:37;17:00:00;36;572;27,50;27,50;526;$;18.982.546,90;1;Negociada;12:02:39;;30-67813830-0;DORINKA S.R.L.;AO;;;Certificado MiPyME;;
1550887;14/09/2026;No Garantizado;NO;SI;NO;ECHEQ;NO;NO;C.I.;11:22:47;17:00:00;88;572;40,00;40,00;572;$;7.500.000,00;1;Negociada;12:26:02;;30-71683954-7;MASCOTAS ONLINE;AO;;;;;
1550888;14/09/2026;No Garantizado Calificado;SI;SI;NO;CPD;SI;NO;C.I.;11:22:51;17:00:00;58;507;30,50;30,50;507;$;22.922.757,19;1;Negociada;12:51:50;;30-55027355-8;OBRA SOCIAL DE LOS EMPLEADOS DE COMERCIOY ACTIVIDADES CIVILES OSECAC;;;;Certificado MiPyME;;
1550889;14/09/2026;Avalado;;SI;NO;ECHEQ;NO;NO;C.I.;11:23:18;17:00:00;114;;;0,00;839;$;25.000.000,00;1;Desierta (Baja);;FINT;;Fintech S.G.R.;AO;;;;;
1550890;14/09/2026;Avalado;;SI;NO;ECHEQ;NO;NO;24Hs.;11:23:23;17:00:00;46;;;22,00;483;$;1.209.829,71;4;Desierta;;BIND;;Garantias Bind S.G.R.;AO;;;;;
1550891;14/09/2026;No Garantizado;NO;SI;NO;PAGARE;NO;NO;24Hs.;11:23:39;17:00:00;185;537;13,50;13,50;755;U$S;10.000,00;1;Negociada;13:26:19;;33-70783270-9;MEALLA AGROPECUARIA S.A.;;33-70783270-9;MEALLA AGROPECUARIA S.A.;;;
1550892;14/09/2026;No Garantizado;NO;SI;NO;ECHEQ;NO;NO;24Hs.;11:23:55;17:00:00;66;;;0,00;767;$;35.000.000,00;7;Desierta (Baja);;;30-71784617-2;LOGSER S. A. S.;AO;30-71784617-2;LOGSER S. A. S.;;;
1550893;14/09/2026;Avalado;;SI;NO;ECHEQ;NO;NO;24Hs.;11:24:17;17:00:00;91;755;29,00;29,00;524;$;10.000.000,00;1;Negociada;14:10:09;BINT;;Banco Interfinanzas S.A.;AO;;;;;
1550894;14/09/2026;No Garantizado;NO;SI;NO;PAGARE;NO;NO;C.I.;11:24:29;17:00:00;158;546;24,00;24,00;546;$;16.580.000,00;1;Negociada;12:27:39;;33-70905058-9;KEVORK TOUFENEDJIAN SA;;33-70905058-9;KEVORK TOUFENEDJIAN SA;;;
1550895;14/09/2026;Avalado;;SI;NO;ECHEQ;NO;NO;24Hs.;11:24:44;17:00:00;118;406;28,00;28,00;546;$;30.692.105,70;7;Negociada;15:08:47;ACPY;;Acindar Pymes S.G.R.;AO;;;;;
1550896;14/09/2026;Avalado;;SI;NO;ECHEQ;NO;NO;C.I.;11:24:55;17:00:00;137;;;28,00;546;$;30.000.000,00;1;Desierta;;ARPY;;Argenpymes S.G.R.;AO;;;;;
1550897;14/09/2026;Avalado;;SI;NO;ECHEQ;NO;NO;24Hs.;11:25:05;17:00:00;179;;;24,00;526;$;50.000.000,00;6;Desierta;;FIDE;;Fidem S.G.R.;AO;;;;;
1550898;14/09/2026;No Garantizado;SI;NO;NO;ECHEQ;NO;NO;24Hs.;11:25:10;17:00:00;30;;;30,00;486;$;17.500.000,00;1;Desierta;;;30-71189374-8;GEDEON  S. R. L.;AO;;;Certificado MiPyME;;
1550899;14/09/2026;Avalado;;SI;NO;ECHEQ;NO;NO;24Hs.;11:25:41;17:00:00;169;;;27,00;764;$;58.800.000,00;1;Desierta;;ARPY;;Argenpymes S.G.R.;AO;;;;;
1550900;14/09/2026;Garantizado Calificado;NO;SI;NO;ECHEQ;NO;NO;24Hs.;11:25:47;17:00:00;61;;;28,50;559;$;20.000.000,00;5;Desierta;;;;;AO;;;;;
1550901;14/09/2026;Avalado;;SI;NO;ECHEQ;NO;NO;24Hs.;11:26:14;17:00:00;38;;;25,50;526;$;47.578.669,41;40;Desierta;;POTE;;Potenciar S.G.R.;AO;;;;;
1550902;14/09/2026;Avalado;;SI;NO;ECHEQ;NO;NO;24Hs.;11:26:54;17:00:00;163;;;28,00;449;$;60.000.000,00;2;Desierta;;SOLI;;Solidum S.G.R.;AO;;;;;
1550903;14/09/2026;Avalado;;SI;NO;ECHEQ;NO;NO;24Hs.;11:26:54;17:00:00;35;449;26,00;26,00;526;$;55.588.761,26;8;Negociada;15:55:47;MOVI;;MOVIL S.G.R.;AO;;;;;
1550904;14/09/2026;Avalado;;SI;NO;ECHEQ;NO;NO;24Hs.;11:26:58;17:00:00;43;;;26,00;442;$;39.082.940,50;2;Desierta;;ACEN;;Avales del Centro S.G.R.;AO;;;;;
1550905;14/09/2026;Avalado;;SI;NO;ECHEQ;NO;NO;24Hs.;11:27:02;17:00:00;31;;;22,00;526;$;32.000.000,00;1;Desierta;;AVRU;;Aval Rural S.G.R.;AO;;;;;
1550906;14/09/2026;No Garantizado Calificado;NO;SI;NO;ECHEQ;NO;NO;C.I.;11:27:08;17:00:00;74;568;34,00;34,00;433;$;300.000.000,00;1;Negociada;11:50:13;;30-71040539-1;KOMPASS SRL;AO;30-71040539-1;KOMPASS SRL;;;
1550907;14/09/2026;Avalado;;SI;NO;ECHEQ;NO;NO;24Hs.;11:27:09;17:00:00;164;;;28,00;449;$;80.000.000,00;3;Desierta;;SOLI;;Solidum S.G.R.;AO;;;;;
1550908;14/09/2026;No Garantizado Calificado;NO;SI;NO;ECHEQ;NO;NO;C.I.;11:27:21;17:00:00;74;568;34,00;34,00;433;$;300.000.000,00;1;Negociada;11:50:23;;30-71040539-1;KOMPASS SRL;AO;30-71040539-1;KOMPASS SRL;;;
1550909;14/09/2026;Avalado;;SI;NO;ECHEQ;NO;NO;24Hs.;11:27:25;17:00:00;118;;;24,00;526;$;27.900.000,00;3;Desierta;;FIDE;;Fidem S.G.R.;AO;;;;;
1550910;14/09/2026;No Garantizado;NO;SI;NO;PAGARE;NO;NO;C.I.;11:27:37;17:00:00;37;591;26,00;26,00;591;$;134.500.000,00;1;Negociada;11:29:39;;30-66555106-3;CLINICA CENTRO MEDICO PRIVADO S R L;;30-66555106-3;CLINICA CENTRO MEDICO PRIVADO S R L;;;
1550911;14/09/2026;No Garantizado;SI;NO;NO;ECHEQ;NO;NO;24Hs.;11:28:30;17:00:00;44;;;30,00;486;$;12.100.000,00;1;Desierta;;;30-71523204-5;GREEN SUPPLY S. A.;AO;;;Certificado MiPyME;;
1550912;14/09/2026;Avalado;;SI;NO;ECHEQ;NO;NO;C.I.;11:29:24;17:00:00;12;406;26,00;26,00;754;$;18.684.768,96;6;Negociada;12:53:09;CREC;;Crecer S.G.R.;AO;;;;;
1550913;14/09/2026;Avalado;;SI;NO;ECHEQ;NO;NO;24Hs.;11:29:42;17:00:00;119;406;28,50;28,50;545;$;90.000.000,00;9;Negociada;14:55:19;CREC;;Crecer S.G.R.;AO;;;;;
1550914;14/09/2026;Avalado;;SI;NO;ECHEQ;NO;NO;24Hs.;11:29:44;17:00:00;25;;;24,00;526;$;59.450.010,96;7;Desierta;;FIDE;;Fidem S.G.R.;AO;;;;;
1550915;14/09/2026;Avalado;;SI;NO;ECHEQ;NO;NO;24Hs.;11:30:00;17:00:00;22;;;24,00;526;$;22.632.936,86;6;Desierta;;FIDE;;Fidem S.G.R.;AO;;;;;
1550916;14/09/2026;Avalado;;SI;NO;ECHEQ;SI;NO;24Hs.;11:30:09;17:00:00;37;;;24,00;526;$;127.489.527,55;1;Desierta;;FIDE;;Fidem S.G.R.;NO;;;;;
1550917;14/09/2026;Avalado;;SI;NO;ECHEQ;NO;NO;24Hs.;11:30:31;17:00:00;30;;;24,00;526;$;126.206.397,54;14;Desierta;;NOVA;;INNOVA S.G.R.;AO;;;;;
1550918;14/09/2026;No Garantizado;SI;SI;NO;ECHEQ;NO;NO;24Hs.;11:30:45;17:00:00;29;529;30,00;30,00;526;$;1.324.226,88;1;Negociada;12:06:30;;30-53935362-0;PRITTY S A;AO;;;Certificado MiPyME;;
1550919;14/09/2026;Avalado;;SI;NO;ECHEQ;NO;NO;C.I.;11:30:46;17:00:00;61;;;0,00;449;$;30.000.000,00;3;Desierta (Baja);;FINT;;Fintech S.G.R.;AO;;;;;
1550920;14/09/2026;Avalado;;SI;NO;ECHEQ;NO;NO;24Hs.;11:30:55;17:00:00;21;526;25,00;25,00;526;$;9.570.648,57;4;Negociada;13:00:33;ACPY;;Acindar Pymes S.G.R.;AO;;;;;
1550921;14/09/2026;Avalado;;SI;NO;PAGARE;NO;NO;24Hs.;11:30:55;17:00:00;534;832;8,00;8,00;785;DOL;45.000,00;1;Negociada;14:21:56;CAMP;;Campo Aval S.G.R.;;;;;;
1550922;14/09/2026;Avalado;;SI;NO;ECHEQ;NO;NO;24Hs.;11:31:03;17:00:00;218;;;24,00;526;$;5.302.000,00;2;Desierta;;POTE;;Potenciar S.G.R.;AO;;;;;
1550923;14/09/2026;No Garantizado;NO;SI;NO;PAGARE;NO;NO;C.I.;11:31:12;17:00:00;114;764;8,50;8,50;764;DOL;100.000,00;2;Negociada;12:03:54;;30-71587837-9;DESIGN, QUALITY AND DEVELOPMENT S. A. S.;;30-71587837-9;DESIGN, QUALITY AND DEVELOPMENT S. A. S.;;;
1550924;14/09/2026;Avalado;;SI;NO;ECHEQ;NO;NO;24Hs.;11:31:28;17:00:00;322;526;31,00;31,00;526;$;8.549.209,91;1;Negociada;13:06:18;ACPY;;Acindar Pymes S.G.R.;AO;;;;;
1550925;14/09/2026;No Garantizado;NO;SI;NO;ECHEQ;NO;NO;24Hs.;11:31:32;17:00:00;49;;;48,00;834;$;5.000.000,00;1;Desierta;;;30-71798641-1;CONSORCIO DE PROPIETARIOS DE TORRE LELOIR;AO;30-71798641-1;CONSORCIO DE PROPIETARIOS DE TORRE LELOIR;;;
1550926;14/09/2026;No Garantizado;NO;SI;NO;ECHEQ;NO;NO;24Hs.;11:31:43;17:00:00;29;;;31,00;834;$;2.500.000,00;1;Desierta;;;30-62371441-8;LUIS G  POZOBON E HIJOS S R L;AO;30-62371441-8;LUIS G  POZOBON E HIJOS S R L;;;
1550927;14/09/2026;No Garantizado;NO;SI;NO;ECHEQ;NO;NO;24Hs.;11:31:53;17:00:00;29;;;31,00;834;$;2.500.000,00;1;Desierta;;;30-62371441-8;LUIS G  POZOBON E HIJOS S R L;AO;30-62371441-8;LUIS G  POZOBON E HIJOS S R L;;;
1550928;14/09/2026;No Garantizado;NO;SI;NO;ECHEQ;NO;NO;24Hs.;11:32:03;17:00:00;29;;;31,00;834;$;2.500.000,00;1;Desierta;;;30-62371441-8;LUIS G  POZOBON E HIJOS S R L;AO;30-62371441-8;LUIS G  POZOBON E HIJOS S R L;;;
1550929;14/09/2026;No Garantizado;NO;SI;NO;ECHEQ;NO;NO;24Hs.;11:32:15;17:00:00;29;;;31,00;834;$;2.500.000,00;1;Desierta;;;30-62371441-8;LUIS G  POZOBON E HIJOS S R L;AO;30-62371441-8;LUIS G  POZOBON E HIJOS S R L;;;
1550930;14/09/2026;Avalado;;SI;NO;ECHEQ;NO;NO;24Hs.;11:32:25;17:00:00;24;;;25,00;439;$;20.614.043,40;1;Desierta;;NEUQ;;Neuquen Pymes S.G.R.;AO;;;;;
1550931;14/09/2026;No Garantizado;NO;SI;NO;ECHEQ;NO;NO;24Hs.;11:33:58;17:00:00;69;;;50,00;767;$;30.000.000,00;6;Desierta;;;30-71784617-2;LOGSER S. A. S.;AO;30-71784617-2;LOGSER S. A. S.;;;
1550932;14/09/2026;No Garantizado;NO;SI;NO;ECHEQ;NO;NO;C.I.;11:34:23;17:00:00;50;;;50,00;767;$;5.000.000,00;1;Desierta;;;30-71784617-2;LOGSER S. A. S.;AO;30-71784617-2;LOGSER S. A. S.;;;
1550933;14/09/2026;Avalado;;SI;NO;ECHEQ;NO;NO;24Hs.;11:34:27;17:00:00;139;507;30,00;30,00;785;$;20.000.000,00;2;Negociada;15:19:15;AFFI;;Affidavit S.G.R.;AO;;;;;
1550934;14/09/2026;Avalado;;SI;NO;ECHEQ;NO;NO;24Hs.;11:34:51;17:00:00;142;507;30,00;30,00;785;$;30.000.000,00;3;Negociada;15:19:39;AFFI;;Affidavit S.G.R.;AO;;;;;
1550935;14/09/2026;Avalado;;SI;NO;ECHEQ;NO;NO;24Hs.;11:35:47;17:00:00;90;767;26,00;26,00;767;$;10.000.000,00;1;Negociada;12:54:32;NEUQ;;Neuquen Pymes S.G.R.;AO;;;;;
1550936;14/09/2026;No Garantizado;NO;SI;NO;ECHEQ;NO;NO;24Hs.;11:35:51;17:00:00;57;529;28,50;28,50;529;$;8.000.000.000,00;4;Negociada;11:45:28;;30-65511651-2;EDESUR S A;AO;;;;;
1550937;14/09/2026;No Garantizado Calificado;NO;SI;NO;ECHEQ;NO;NO;24Hs.;11:37:15;17:00:00;98;569;60,00;60,00;47;$;3.192.791,93;1;Negociada;11:56:35;;30-71632558-6;GO SERVICIOS DIGITALES SOCIEDAD POR ACCIONES SIMPLIFICADA S. A. S.;AO;20-36867900-4;ANDRADA NICOLAS MATIAS;;;
1550938;14/09/2026;No Garantizado;NO;NO;NO;PAGARE;NO;NO;C.I.;11:37:32;17:00:00;14;42;8,00;8,00;25;U$D;150.000,00;1;Negociada;13:12:47;;30-71490821-5;LIFE DESARROLLOS S. R. L.;;;;;;
1550939;14/09/2026;No Garantizado;NO;SI;NO;ECHEQ;NO;NO;24Hs.;11:37:52;17:00:00;72;;;38,00;47;$;10.000.000,00;1;Desierta;;;33-71121154-9;JUAN ETCHEMAITE S.R.L;AO;20-44821290-5;RUIZ ORRICO JUAN TELMO;;;
1550940;14/09/2026;Avalado;;SI;NO;ECHEQ;NO;NO;24Hs.;11:37:55;17:00:00;129;;;0,00;767;$;25.000.000,00;1;Desierta (Baja);;AFFI;;Affidavit S.G.R.;AO;;;;;
1550941;14/09/2026;Avalado;;SI;NO;ECHEQ;NO;NO;24Hs.;11:38:07;17:00:00;127;;;0,00;767;$;25.000.000,00;1;Desierta (Baja);;AFFI;;Affidavit S.G.R.;AO;;;;;
1550942;14/09/2026;No Garantizado;NO;NO;NO;ECHEQ;NO;NO;24Hs.;11:42:06;17:00:00;17;;;;406;$;1.560.539.440,73;1;Desierta (Baja);;;30-67150911-7;TESORERIA DE LA PCIA DE JUJUY O. P.;AO;;;;;
1550943;14/09/2026;No Garantizado;NO;NO;NO;PAGARE;NO;NO;C.I.;11:42:35;17:00:00;1151;406;4,00;4,00;767;DOL;256.000,00;8;Negociada;11:44:36;;30-71768513-6;HITCOWORK S. A.;;;;;;
1550944;14/09/2026;No Garantizado;SI;SI;NO;ECHEQ;NO;NO;C.I.;11:42:42;17:00:00;32;569;32,00;32,00;569;$;300.000.000,00;1;Negociada;11:44:44;;30-64078319-9;ARGENSUN  SOCIEDAD ANONIMA;AO;30-64078319-9;ARGENSUN  SOCIEDAD ANONIMA;Certificado MiPyME;;
1550945;14/09/2026;No Garantizado;NO;NO;NO;ECHEQ;NO;NO;C.I.;11:43:25;17:00:00;18;;;1,00;406;$;1.560.539.440,73;1;Desierta (Baja);;;30-67150911-7;TESORERIA DE LA PCIA DE JUJUY O. P.;AO;;;;;
1550946;14/09/2026;Avalado;;SI;NO;ECHEQ;NO;NO;24Hs.;11:43:39;17:00:00;55;525;26,00;26,00;839;$;9.500.000,00;1;Negociada;13:25:48;MOVI;;MOVIL S.G.R.;AO;;;;;
1550947;14/09/2026;Avalado;;SI;NO;ECHEQ;NO;NO;C.I.;11:44:02;17:00:00;51;529;28,50;28,50;522;$;3.542.880,00;1;Negociada;16:54:54;ACPY;;Acindar Pymes S.G.R.;AO;;;;;
1550948;14/09/2026;Avalado;;SI;NO;ECHEQ;NO;NO;24Hs.;11:44:20;17:00:00;341;;;29,00;559;$;219.552.568,73;2;Desierta;;MOVI;;MOVIL S.G.R.;AO;;;;;
1550949;14/09/2026;Avalado;;SI;NO;ECHEQ;NO;NO;24Hs.;11:44:36;17:00:00;125;525;28,50;28,50;839;$;5.000.000,00;1;Negociada;13:25:57;AFBG;;AFB AVALES S.G.R;AO;;;;;
1550950;14/09/2026;No Garantizado;SI;SI;NO;ECHEQ;NO;NO;C.I.;11:44:45;17:00:00;78;486;35,00;35,00;486;$;13.827.851,98;1;Negociada;12:24:45;;30-71523204-5;GREEN SUPPLY S. A.;AO;;;Certificado MiPyME;;
1550951;14/09/2026;No Garantizado;NO;SI;NO;ECHEQ;NO;NO;24Hs.;11:44:50;17:00:00;28;;;46,00;767;$;40.000.000,00;5;Desierta;;;30-71085666-0;D.C. INTEGRAL S.R.L.;AO;30-71085666-0;D.C. INTEGRAL S.R.L.;;;
1550952;14/09/2026;Avalado;;SI;NO;ECHEQ;NO;NO;24Hs.;11:45:35;17:00:00;164;406;29,00;29,00;537;$;10.000.000,00;2;Negociada;14:43:43;CREC;;Crecer S.G.R.;AO;;;;;
1550953;14/09/2026;No Garantizado;NO;SI;NO;ECHEQ;NO;NO;C.I.;11:45:36;17:00:00;30;572;33,00;33,00;42;$;19.043.400,00;1;Negociada;11:49:17;;33-51982094-9;REGGI Y CIA SOC.DE RESPONSABILIDAD LTDA.;AO;30-70818291-1;TRANSPORTE SAN PABLO S.R.L.;;;
1550954;14/09/2026;Avalado;;SI;NO;ECHEQ;NO;NO;24Hs.;11:45:47;17:00:00;42;;;24,00;11;$;74.700.583,94;12;Desierta;;TRND;;Trend S.G.R.;AO;;;;;
1550955;14/09/2026;Avalado;;SI;NO;ECHEQ;NO;NO;24Hs.;11:45:53;17:00:00;28;;;0,00;42;$;2.178.118,51;1;Desierta (Baja);;CONV;;CONAVAL S.G.R.;AO;;;;;
1550956;14/09/2026;Avalado;;SI;NO;ECHEQ;NO;NO;24Hs.;11:45:57;17:00:00;74;;;0,00;839;$;28.850.000,00;2;Desierta (Baja);;MOVI;;MOVIL S.G.R.;AO;;;;;
1550957;14/09/2026;Avalado;;SI;NO;ECHEQ;NO;NO;24Hs.;11:45:57;17:00:00;145;;;24,00;11;$;3.668.680,95;2;Desierta;;TRND;;Trend S.G.R.;AO;;;;;
1550958;14/09/2026;Avalado;;SI;NO;ECHEQ;NO;NO;24Hs.;11:46:06;17:00:00;85;442;29,00;29,00;11;$;86.718.500,16;24;Negociada;14:57:42;UNIO;;Union S.G.R.;AO;;;;;
1550959;14/09/2026;No Garantizado;NO;SI;NO;ECHEQ;NO;NO;C.I.;11:46:11;17:00:00;48;545;65,00;65,00;545;$;36.000.000,00;2;Negociada;12:09:50;;30-71603945-1;DIGIPAGOS SRL;AO;30-71603945-1;DIGIPAGOS SRL;;;
1550960;14/09/2026;Avalado;;SI;NO;ECHEQ;NO;NO;24Hs.;11:46:26;17:00:00;154;507;28,00;28,00;839;$;5.000.000,00;1;Negociada;12:59:08;FINT;;Fintech S.G.R.;AO;;;;;
1550961;14/09/2026;No Garantizado Calificado;SI;SI;NO;ECHEQ;NO;NO;C.I.;11:46:30;17:00:00;46;785;35,00;35,00;770;$;205.000.000,00;7;Negociada;12:32:03;;30-50560792-5;ECOSUR BAHIA SOCIEDAD ANONIMA;AO;30-71906694-8;NORVEX;Certificado MiPyME;;
1550962;14/09/2026;Avalado;;SI;NO;ECHEQ;NO;NO;24Hs.;11:46:42;17:00:00;119;;;26,00;423;$;15.000.000,00;6;Desierta;;AVLR;;Aval Ar S.G.R.;AO;;;;;
1550963;14/09/2026;No Garantizado;NO;SI;NO;ECHEQ;NO;NO;C.I.;11:46:51;17:00:00;31;545;65,00;65,00;545;$;36.000.000,00;2;Negociada;12:10:00;;30-71422026-4;RACING EXPERIENCE S. A.;AO;;;;;
1550964;14/09/2026;No Garantizado;SI;SI;NO;PAGARE;NO;NO;24Hs.;11:46:59;17:00:00;92;754;8,00;8,00;754;U$S;58.000,00;1;Negociada;11:49:01;;30-68537177-0;JUAN MARIO ESPAÑON SA;;30-68537177-0;JUAN MARIO ESPAÑON SA;Certificado MiPyME;;
1550965;14/09/2026;Avalado;;SI;NO;ECHEQ;NO;NO;24Hs.;11:47:27;17:00:00;87;754;26,00;26,00;526;$;10.000.000,00;2;Negociada;16:08:22;FIDE;;Fidem S.G.R.;AO;;;;;
1550966;14/09/2026;No Garantizado;SI;SI;NO;ECHEQ;NO;NO;C.I.;11:47:33;17:00:00;22;785;35,00;35,00;770;$;130.000.000,00;5;Negociada;12:32:42;;30-68806103-9;BAHIA PETROLEO S A;AO;30-71906694-8;NORVEX;Certificado MiPyME;;
1550967;14/09/2026;No Garantizado;NO;SI;NO;ECHEQ;NO;NO;C.I.;11:47:54;17:00:00;58;754;35,00;35,00;754;$;3.545.060,47;1;Negociada;11:49:55;;33-55356295-9;DADA SA;AO;;;;;
1550968;14/09/2026;Avalado;;SI;NO;ECHEQ;NO;NO;24Hs.;11:48:24;17:00:00;145;770;29,50;29,50;839;$;49.482.083,35;9;Negociada;13:48:08;MOVI;;MOVIL S.G.R.;AO;;;;;
1550969;14/09/2026;Avalado;;SI;NO;ECHEQ;NO;NO;24Hs.;11:49:43;17:00:00;48;525;26,00;26,00;839;$;5.867.539,60;2;Negociada;13:25:04;AFBG;;AFB AVALES S.G.R;AO;;;;;
1550970;14/09/2026;Avalado;;SI;NO;ECHEQ;NO;NO;24Hs.;11:49:57;17:00:00;120;832;27,00;27,00;545;$;41.500.000,00;1;Negociada;16:30:21;AFFI;;Affidavit S.G.R.;AO;;;;;
1550971;14/09/2026;No Garantizado;NO;SI;NO;ECHEQ;NO;NO;24Hs.;11:50:02;17:00:00;44;;;42,00;556;$;9.700.000,00;3;Desierta;;;30-71900141-2;ZAMPIERI CONSTRUCCIONES S. A. S.;AO;30-71900141-2;ZAMPIERI CONSTRUCCIONES S. A. S.;;;
1550972;14/09/2026;Avalado;;SI;NO;ECHEQ;NO;NO;24Hs.;11:51:06;17:00:00;132;839;29,50;29,50;839;$;18.833.333,33;2;Negociada;15:49:45;MOVI;;MOVIL S.G.R.;AO;;;;;
1550974;14/09/2026;No Garantizado Calificado;SI;SI;NO;ECHEQ;NO;NO;C.I.;11:51:59;17:00:00;73;770;44,50;44,50;770;$;45.000.000,00;1;Negociada;16:19:00;;30-50560792-5;ECOSUR BAHIA SOCIEDAD ANONIMA;AO;30-50560792-5;ECOSUR BAHIA SOCIEDAD ANONIMA;Certificado MiPyME;;
1550975;14/09/2026;No Garantizado;NO;SI;NO;ECHEQ;NO;NO;C.I.;11:52:11;17:00:00;44;595;36,00;37,00;427;$;4.087.346,43;1;Negociada;11:54:12;;33-69329856-9;ARG DE GRAAF S A;AO;30-71788169-5;SILBERTEX SOCIEDAD POR ACCIONES SIMPLIFICADA;;;
1550976;14/09/2026;No Garantizado;NO;SI;NO;PAGARE;NO;NO;C.I.;11:52:21;17:00:00;74;724;26,00;26,00;724;$;543.000.000,00;1;Negociada;11:54:22;;30-50054484-4;COMPAÑIA MINERA AGUILAR S.A.;;30-50054484-4;COMPAÑIA MINERA AGUILAR S.A.;;;
1550977;14/09/2026;No Garantizado;NO;SI;NO;ECHEQ;NO;NO;C.I.;11:52:29;17:00:00;118;767;37,00;37,00;767;$;20.000.000,00;2;Negociada;13:10:10;;30-71267850-6;CUMAR S.A.;AO;30-71267850-6;CUMAR S.A.;;;
1550978;14/09/2026;No Garantizado;NO;SI;NO;ECHEQ;NO;NO;C.I.;11:52:37;17:00:00;67;427;37,00;37,00;427;$;6.915.943,67;1;Negociada;11:54:38;;33-53996378-9;SOCIEDAD ALEMANA DE GIMNASIA DE VILLA BALLESTER;AO;30-71788169-5;SILBERTEX SOCIEDAD POR ACCIONES SIMPLIFICADA;;;
1550979;14/09/2026;No Garantizado;NO;SI;NO;ECHEQ;NO;NO;C.I.;11:52:38;17:00:00;77;571;38,00;38,00;571;$;10.000.000,00;10;Negociada;11:54:40;;30-71541859-9;LLAVANERES SRL;AO;30-70958525-4;LUSTRAMAX SRL;;;
1550980;14/09/2026;Avalado;;SI;NO;ECHEQ;NO;NO;24Hs.;11:52:53;17:00:00;37;;;0,00;839;$;30.000.000,00;1;Desierta (Baja);;AFBG;;AFB AVALES S.G.R;AO;;;;;
1550981;14/09/2026;Avalado;;SI;NO;ECHEQ;NO;NO;C.I.;11:53:14;17:00:00;105;727;25,00;25,00;727;$;44.989.382,28;4;Negociada;11:56:53;BIND;;Garantias Bind S.G.R.;AO;;;;;
1550982;14/09/2026;Avalado;;SI;NO;PAGARE;NO;NO;24Hs.;11:53:29;17:00:00;319;;;8,00;11;U$D;30.000,00;3;Desierta;;INPY;;Integra Pymes S.G.R.;;;;;;
1550983;14/09/2026;No Garantizado;NO;SI;NO;ECHEQ;NO;NO;C.I.;11:54:07;17:00:00;36;571;38,00;38,00;571;$;31.687.000,00;2;Negociada;11:56:09;;30-71486873-6;EIGHTBOX S. A.;AO;30-70779200-7;FANTASIA CUEROS SRL;;;
1550984;14/09/2026;Avalado;;SI;NO;PAGARE;NO;NO;24Hs.;11:54:23;17:00:00;310;;;7,00;442;U$D;100.000,00;2;Desierta;;AFFI;;Affidavit S.G.R.;;;;;;
1550985;14/09/2026;Avalado;;SI;NO;ECHEQ;NO;NO;24Hs.;11:54:37;17:00:00;114;;;26,00;442;$;5.000.000,00;1;Desierta;;ACEN;;Avales del Centro S.G.R.;AO;;;;;
1550986;14/09/2026;No Garantizado;NO;SI;NO;ECHEQ;NO;NO;C.I.;11:55:47;17:00:00;164;767;50,00;50,00;767;$;15.000.000,00;2;Negociada;11:57:48;;23-35474623-9;JAZBANI NABIL FERNANDO;AO;33-69399891-9;LUMMA S.A.;;;
1550987;14/09/2026;No Garantizado;NO;NO;NO;ECHEQ;NO;NO;24Hs.;11:56:36;17:00:00;17;767;26,00;26,00;406;$;1.560.539.440,73;1;Negociada;12:43:57;;30-67150911-7;TESORERIA DE LA PCIA DE JUJUY O. P.;AO;;;;;
1550988;14/09/2026;No Garantizado;NO;SI;NO;ECHEQ;NO;NO;24Hs.;11:56:49;17:00:00;42;;;46,00;767;$;2.753.578,94;2;Desierta;;;30-67323898-6;HG PERFORACIONES S.R.L.;AO;30-71781546-3;SUPPLY SOLUTIONS ARGENTINA  S. R. L.;;;
1550989;14/09/2026;Avalado;;SI;NO;ECHEQ;NO;NO;24Hs.;11:58:16;17:00:00;44;442;25,00;25,00;764;$;4.626.957,29;1;Negociada;13:53:56;ARPY;;Argenpymes S.G.R.;AO;;;;;
1550990;14/09/2026;Avalado;;SI;NO;ECHEQ;NO;NO;24Hs.;11:58:16;17:00:00;35;;;26,00;526;$;435.000.000,00;2;Desierta;;NOVA;;INNOVA S.G.R.;AO;;;;;
1550991;14/09/2026;Avalado;;SI;NO;PAGARE;NO;NO;24Hs.;11:58:50;17:00:00;342;727;7,00;7,00;764;U$D;75.000,00;3;Negociada;15:39:46;TRND;;Trend S.G.R.;;;;;;
1550992;14/09/2026;Avalado;;NO;NO;ECHEQ;SI;NO;24Hs.;11:59:28;17:00:00;17;429;24,00;24,00;569;$;68.223.861,24;2;Negociada;12:01:31;ZOFI;;Zofingen S.G.R.;NO;;;;;
1550993;14/09/2026;Avalado;;SI;NO;ECHEQ;NO;NO;C.I.;11:59:35;17:00:00;51;727;25,00;25,00;727;$;17.747.795,12;1;Negociada;12:29:28;BIND;;Garantias Bind S.G.R.;AO;;;;;
1550994;14/09/2026;No Garantizado;NO;SI;NO;ECHEQ;NO;NO;C.I.;12:00:26;17:00:00;31;572;32,00;32,00;427;$;30.000.000,00;3;Negociada;12:02:27;;30-71690208-7;TRANSPORTADORA LA FORTALEZA S.A.S.;AO;30-71690208-7;TRANSPORTADORA LA FORTALEZA S.A.S.;;;
1550995;14/09/2026;No Garantizado;SI;SI;NO;FCE;NO;NO;24Hs.;12:01:16;17:00:00;22;;;;526;$;29.275.369,20;2;Desierta;;%AYS;30-70956507-5;AGUA Y SANEAMIENTOS ARGENTINOS SOCIEDAD ANONIMA;;;;;;
1550996;14/09/2026;No Garantizado;NO;SI;NO;ECHEQ;NO;NO;C.I.;12:03:04;17:00:00;61;524;39,00;39,00;433;$;60.000.000,00;6;Negociada;12:26:04;;30-71099886-4;FIGHT FILMS S.A.;AO;30-71099886-4;FIGHT FILMS S.A.;;;
1550997;14/09/2026;No Garantizado;SI;NO;NO;ECHEQ;NO;NO;C.I.;12:03:09;17:00:00;8;559;25,00;25,00;767;$;101.444.576,40;1;Negociada;14:30:23;;30-50085862-8;MOLINOS RIO DE LA PLATA S A;AO;33-71546826-9;BSP LARTI SA;Certificado MiPyME;;
1550998;14/09/2026;No Garantizado Calificado;NO;NO;NO;ECHEQ;NO;NO;C.I.;12:03:30;15:22:00;8;;;0,00;767;$;26.000.000,00;26;Desierta;;;30-68731043-4;INC S. A.;AO;30-64672603-0;THE FARAWAY S. A.;;;
1550999;14/09/2026;No Garantizado;SI;NO;NO;ECHEQ;SI;NO;C.I.;12:03:47;15:22:00;9;;;0,00;767;$;277.376.064,15;1;Desierta;;;33-67913936-9;TOYOTA ARGENTINA S A;NO;30-55608105-7;CIA REGIONAL ACEROS FORJADOS MERCEDES S A  C R A F M S A;Certificado MiPyME;;
1551000;14/09/2026;Avalado;;SI;NO;ECHEQ;NO;NO;24Hs.;12:03:51;17:00:00;122;;;23,00;406;$;275.000.000,00;11;Desierta;;CREC;;Crecer S.G.R.;AO;;;;;
1551001;14/09/2026;No Garantizado;NO;NO;NO;ECHEQ;SI;NO;C.I.;12:04:01;15:22:00;9;;;0,00;767;$;263.194.313,14;1;Desierta;;;30-54676404-0;NESTLE ARGENTINA S A;NO;30-71424740-5;THINKING GREEN S. A. U.;;;
1551002;14/09/2026;Avalado;;SI;NO;ECHEQ;NO;NO;24Hs.;12:04:05;17:00:00;111;;;;406;$;225.000.000,00;9;Desierta;;CREC;;Crecer S.G.R.;AO;;;;;
1551003;14/09/2026;No Garantizado;NO;SI;NO;ECHEQ;NO;NO;C.I.;12:04:27;17:00:00;71;;;0,00;486;$;23.800.000,00;1;Desierta (Baja);;;30-71605154-0;ECO BOX INT GROUP S.A.;AO;;;;;
1551004;14/09/2026;Avalado;;SI;NO;CPD;NO;NO;24Hs.;12:04:38;17:00:00;141;;;30,50;804;$;4.025.266,66;1;Desierta;;FAEC;;FIDEICOM.DE AFECT. ESPEC.;;;;;;
1551005;14/09/2026;No Garantizado;NO;SI;NO;PAGARE;NO;NO;C.I.;12:04:40;17:00:00;56;433;38,00;38,00;433;$;25.000.000,00;1;Negociada;12:06:42;;30-68271370-0;MUTUAL A M F A Y S ASOCIACION MUTUAL;;30-68271370-0;MUTUAL A M F A Y S ASOCIACION MUTUAL;;;
1551006;14/09/2026;No Garantizado;NO;SI;NO;ECHEQ;NO;NO;C.I.;12:04:48;17:00:00;71;486;49,00;49,00;486;$;23.800.000,00;1;Negociada;12:09:18;;30-71605154-0;ECO BOX INT GROUP S.A.;AO;;;;;
1551007;14/09/2026;No Garantizado;SI;SI;NO;ECHEQ;NO;NO;C.I.;12:05:35;17:00:00;37;433;33,00;33,00;433;$;20.000.000,00;1;Negociada;12:07:37;;30-70729176-8;BROADBANDTECH S.A.;AO;;;Certificado MiPyME;;
1551008;14/09/2026;No Garantizado;SI;SI;NO;ECHEQ;NO;NO;C.I.;12:05:55;17:00:00;63;433;33,00;33,00;433;$;70.000.000,00;3;Negociada;12:07:57;;30-61515695-3;TEVECOA S R L;AO;;;Certificado MiPyME;;
1551009;14/09/2026;No Garantizado;NO;SI;NO;ECHEQ;NO;NO;C.I.;12:06:50;17:00:00;65;433;33,00;33,00;433;$;6.500.000,00;1;Negociada;12:08:52;;30-62499819-3;BUROMAHTIK SOCIEDAD ANONIMA;AO;;;;;
1551010;14/09/2026;Avalado;;SI;NO;PAGARE;NO;NO;24Hs.;12:06:50;17:00:00;338;;;8,50;804;U$S;100.000,00;1;Desierta;;CUAV;;Cuyo Aval S.G.R.;;;;;;
1551011;14/09/2026;Avalado;;SI;NO;PAGARE;NO;NO;24Hs.;12:07:03;17:00:00;307;;;8,50;804;U$S;100.000,00;1;Desierta;;CUAV;;Cuyo Aval S.G.R.;;;;;;
1551012;14/09/2026;Avalado;;SI;NO;PAGARE;NO;NO;24Hs.;12:07:14;17:00:00;275;;;8,50;804;U$S;100.000,00;1;Desierta;;CUAV;;Cuyo Aval S.G.R.;;;;;;
1551013;14/09/2026;No Garantizado;SI;SI;NO;ECHEQ;NO;NO;C.I.;12:07:42;17:00:00;16;433;33,00;33,00;433;$;437.235,00;1;Negociada;12:09:44;;30-64105617-7;CFN S. R. L.;AO;;;Certificado MiPyME;;
1551014;14/09/2026;No Garantizado Calificado;SI;SI;NO;ECHEQ;NO;NO;C.I.;12:08:06;17:00:00;74;433;33,00;33,00;433;$;95.108,76;6;Negociada;12:10:07;;30-71632558-6;GO SERVICIOS DIGITALES SOCIEDAD POR ACCIONES SIMPLIFICADA S. A. S.;AO;;;Certificado MiPyME;;
1551015;14/09/2026;Avalado;;SI;NO;ECHEQ;NO;NO;24Hs.;12:08:49;17:00:00;58;501;24,50;24,50;716;$;25.000.000,00;1;Negociada;13:39:16;FOGA;;Fdo. de Gtias. del Chaco;AO;;;;;
1551016;14/09/2026;No Garantizado;SI;SI;NO;ECHEQ;NO;NO;C.I.;12:08:55;17:00:00;59;559;27,00;27,00;433;$;170.469.364,61;4;Negociada;12:15:45;;34-99903208-9;GOBIERNO DE LA CIUDAD DE BUENOS AIRES;AO;;;Certificado MiPyME;;
1551017;14/09/2026;Avalado;;SI;NO;PAGARE;NO;NO;24Hs.;12:10:29;17:00:00;275;734;6,50;6,50;11;U$D;175.000,00;3;Negociada;12:37:44;ARPY;;Argenpymes S.G.R.;;;;;;
1551018;14/09/2026;Avalado;;SI;NO;PAGARE;NO;NO;24Hs.;12:10:39;17:00:00;321;;;6,00;11;U$D;67.000,00;3;Desierta;;ARPY;;Argenpymes S.G.R.;;;;;;
1551019;14/09/2026;Avalado;;SI;NO;ECHEQ;NO;NO;24Hs.;12:10:42;17:00:00;38;526;26,00;26,00;526;$;435.000.000,00;2;Negociada;16:29:07;FIDE;;Fidem S.G.R.;AO;;;;;
1551020;14/09/2026;Avalado;;SI;NO;ECHEQ;NO;NO;C.I.;12:10:56;17:00:00;29;42;24,00;24,00;42;$;2.178.118,51;1;Negociada;12:12:57;CONV;;CONAVAL S.G.R.;AO;;;;;
1551021;14/09/2026;No Garantizado Calificado;NO;SI;NO;ECHEQ;SI;NO;C.I.;12:12:07;17:00:00;37;545;40,00;40,00;545;$;45.360.000,00;8;Negociada;12:22:56;;30-71007968-0;BE ENTERPRISES S.A.;NO;30-71007968-0;BE ENTERPRISES S.A.;;;
1551022;14/09/2026;Avalado;;SI;NO;ECHEQ;NO;NO;24Hs.;12:12:47;17:00:00;129;;;24,00;449;$;7.000.000,00;1;Desierta;;AFFI;;Affidavit S.G.R.;AO;;;;;
1551023;14/09/2026;Avalado;;SI;NO;ECHEQ;NO;NO;24Hs.;12:13:35;17:00:00;80;;;23,00;449;$;19.010.000,00;1;Desierta;;DOMA;;Don Mario S.G.R.;AO;;;;;
1551024;14/09/2026;Avalado;;SI;NO;ECHEQ;NO;NO;24Hs.;12:16:46;17:00:00;50;526;25,00;25,00;526;$;130.919.407,36;2;Negociada;12:24:35;BIND;;Garantias Bind S.G.R.;AO;;;;;
1551025;14/09/2026;No Garantizado;SI;SI;NO;ECHEQ;NO;NO;C.I.;12:16:59;17:00:00;65;572;29,00;29,00;526;$;50.000.000,00;1;Negociada;12:20:31;;30-57670311-9;SAENZ VALIENTE BULLRICH Y CIA SA;AO;;;Certificado MiPyME;;
1551026;14/09/2026;No Garantizado;NO;NO;NO;ECHEQ;NO;NO;C.I.;12:17:19;15:22:00;9;;;0,00;767;$;93.173.831,55;1;Desierta;;;30-59036076-3;CENCOSUD S A;AO;30-71192864-9;ALBINA S.A.;;;
1551027;14/09/2026;No Garantizado;SI;NO;NO;ECHEQ;NO;NO;C.I.;12:17:40;15:22:00;8;;;0,00;767;$;43.753.895,93;1;Desierta;;;30-67813830-0;DORINKA S.R.L.;AO;30-50052693-5;RIGOLLEAU SA;Certificado MiPyME;;
1551028;14/09/2026;No Garantizado;NO;NO;NO;ECHEQ;NO;NO;C.I.;12:17:53;15:22:00;8;;;0,00;767;$;9.109.334,33;1;Desierta;;;30-67813830-0;DORINKA S.R.L.;AO;30-71222089-5;BERCAMP S.R.L.;;;
1551029;14/09/2026;No Garantizado;NO;NO;NO;ECHEQ;NO;NO;C.I.;12:17:54;12:25:00;15;811;32,00;32,00;811;$;12.000.000,00;2;Negociada;12:19:55;;30-50163984-9;RICHI S A;AO;30-50163984-9;RICHI S A;;;
1551030;14/09/2026;Avalado;;SI;NO;ECHEQ;NO;NO;24Hs.;12:17:55;17:00:00;106;523;25,50;25,50;720;$;138.876.828,20;28;Negociada;12:22:03;BAIN;;BANCO INDUSTRIAL SA;AO;;;;;
1551031;14/09/2026;Avalado;;SI;NO;ECHEQ;NO;NO;C.I.;12:17:56;17:00:00;65;507;30,00;30,00;507;$;1.423.600,00;3;Negociada;14:02:25;RESI;;Resiliencia S.G.R.;AO;;;;;
1551032;14/09/2026;Avalado;;SI;NO;ECHEQ;NO;NO;24Hs.;12:18:02;17:00:00;26;526;25,00;25,00;526;$;55.812.660,02;21;Negociada;12:21:49;BIND;;Garantias Bind S.G.R.;AO;;;;;
1551033;14/09/2026;No Garantizado Calificado;NO;SI;NO;ECHEQ;NO;NO;C.I.;12:18:37;17:00:00;23;767;38,00;38,00;767;$;533.281,31;1;Negociada;12:40:25;;30-71149850-4;NAVIGLIO S.A.;AO;30-70833232-8;ALTO CAMPO S.R.L.;;;
1551034;14/09/2026;No Garantizado;NO;SI;NO;ECHEQ;SI;NO;C.I.;12:18:41;17:00:00;58;841;26,00;26,00;841;$;196.488.714,53;1;Negociada;12:22:52;;30-68537634-9;TARJETA NARANJA S.A.U.;NO;;;;;
1551035;14/09/2026;Avalado;;SI;NO;ECHEQ;NO;NO;24Hs.;12:18:45;17:00:00;20;526;26,00;26,00;526;$;479.363.625,82;2;Negociada;16:31:28;POTE;;Potenciar S.G.R.;AO;;;;;
1551036;14/09/2026;No Garantizado Calificado;NO;SI;NO;ECHEQ;NO;NO;C.I.;12:18:52;17:00:00;23;767;38,00;38,00;767;$;502.700,46;1;Negociada;12:40:43;;30-71158946-1;FERMATE S.A.;AO;30-70833232-8;ALTO CAMPO S.R.L.;;;
1551037;14/09/2026;Avalado;;SI;NO;ECHEQ;NO;NO;C.I.;12:18:56;17:00:00;128;569;27,50;27,50;568;$;22.500.000,00;1;Negociada;13:00:48;ACPY;;Acindar Pymes S.G.R.;AO;;;;;
1551038;14/09/2026;Avalado;;SI;NO;ECHEQ;NO;NO;24Hs.;12:19:01;17:00:00;24;526;25,00;25,00;526;$;112.674.605,02;1;Negociada;12:24:41;BIND;;Garantias Bind S.G.R.;AO;;;;;
1551039;14/09/2026;No Garantizado;NO;SI;NO;ECHEQ;NO;NO;C.I.;12:19:08;17:00:00;23;767;38,00;38,00;767;$;234.489,05;1;Negociada;12:41:03;;30-71207013-3;TIRANNO S.A.;AO;30-70833232-8;ALTO CAMPO S.R.L.;;;
1551040;14/09/2026;Avalado;;SI;NO;ECHEQ;NO;NO;24Hs.;12:19:10;17:00:00;63;754;26,00;26,00;526;$;15.951.856,64;1;Negociada;16:08:40;FIDE;;Fidem S.G.R.;AO;;;;;
1551041;14/09/2026;No Garantizado;NO;SI;NO;PAGARE;NO;NO;24Hs.;12:19:11;17:00:00;57;754;6,50;6,50;754;DOL;175.143,16;1;Negociada;12:21:12;;30-71504606-3;FIDEICOMISO NAASE;;30-71504606-3;FIDEICOMISO NAASE;;;
1551042;14/09/2026;Avalado;;SI;NO;ECHEQ;NO;NO;24Hs.;12:19:19;17:00:00;189;;;26,00;11;$;100.000.000,00;2;Desierta;;FEDE;;Aval Federal S.G.R.;AO;;;;;
1551043;14/09/2026;No Garantizado;NO;SI;NO;ECHEQ;NO;NO;C.I.;12:19:23;17:00:00;23;767;38,00;38,00;767;$;1.500.605,43;1;Negociada;12:41:19;;30-71227574-6;LOS PANES S.A.;AO;30-70833232-8;ALTO CAMPO S.R.L.;;;
1551044;14/09/2026;No Garantizado;SI;SI;NO;ECHEQ;NO;NO;C.I.;12:19:25;17:00:00;29;433;30,00;30,00;433;$;20.000.000,00;4;Negociada;12:21:26;;30-71801768-4;ESPECIALIDADES AGROPECUARIAS S.A.;AO;30-71801768-4;ESPECIALIDADES AGROPECUARIAS S.A.;Certificado MiPyME;;
1551045;14/09/2026;No Garantizado;NO;SI;NO;ECHEQ;NO;NO;C.I.;12:19:39;17:00:00;23;767;38,00;38,00;767;$;119.440,74;1;Negociada;12:41:36;;30-71247390-4;ACCIARELLA S.A.;AO;30-70833232-8;ALTO CAMPO S.R.L.;;;
1551046;14/09/2026;No Garantizado Calificado;NO;SI;NO;ECHEQ;NO;NO;C.I.;12:19:59;17:00:00;23;767;38,00;38,00;767;$;926.661,94;1;Negociada;12:41:52;;30-71551742-2;BOLINOT S.A.;AO;30-70833232-8;ALTO CAMPO S.R.L.;;;
1551047;14/09/2026;Avalado;;SI;NO;ECHEQ;NO;NO;24Hs.;12:20:05;17:00:00;155;;;27,00;11;$;35.000.000,00;1;Desierta;;AFBG;;AFB AVALES S.G.R;AO;;;;;
1551048;14/09/2026;No Garantizado;NO;SI;NO;ECHEQ;NO;NO;C.I.;12:20:13;17:00:00;23;767;38,00;38,00;767;$;719.316,16;1;Negociada;12:42:12;;30-71630121-0;BRIMAFRAN S.A.;AO;30-70833232-8;ALTO CAMPO S.R.L.;;;
1551049;14/09/2026;No Garantizado;NO;SI;NO;ECHEQ;NO;NO;C.I.;12:20:28;17:00:00;23;767;38,00;38,00;767;$;316.786,32;1;Negociada;12:42:32;;30-71732072-3;CABRILLO S.A.;AO;30-70833232-8;ALTO CAMPO S.R.L.;;;
1551050;14/09/2026;Avalado;;SI;NO;ECHEQ;NO;NO;24Hs.;12:20:29;17:00:00;35;501;24,50;24,50;755;$;1.400.000,00;1;Negociada;14:01:28;FOGA;;Fdo. de Gtias. del Chaco;AO;;;;;
1551051;14/09/2026;No Garantizado;NO;SI;NO;ECHEQ;NO;NO;C.I.;12:20:42;17:00:00;23;767;38,00;38,00;767;$;225.753,11;1;Negociada;12:42:49;;30-71742014-0;COCONAT;AO;30-70833232-8;ALTO CAMPO S.R.L.;;;
1551052;14/09/2026;No Garantizado;SI;SI;NO;PAGARE;NO;NO;C.I.;12:20:49;17:00:00;1831;559;4,50;4,50;598;DOL;122.500,00;1;Negociada;15:32:50;;30-71147664-0;WATER PIPELINE S. A.;;30-71147664-0;WATER PIPELINE S. A.;Certificado MiPyME;;
1551053;14/09/2026;No Garantizado;NO;SI;NO;ECHEQ;NO;NO;C.I.;12:20:55;17:00:00;23;767;38,00;38,00;767;$;292.208,90;1;Negociada;12:43:07;;30-71768076-2;CORRENTI S.A.;AO;30-70833232-8;ALTO CAMPO S.R.L.;;;
1551054;14/09/2026;No Garantizado;NO;SI;NO;ECHEQ;NO;NO;C.I.;12:21:10;17:00:00;14;767;38,00;38,00;767;$;1.473.566,14;2;Negociada;12:43:23;;30-71801681-5;GASIBA S.A.;AO;30-70833232-8;ALTO CAMPO S.R.L.;;;
1551055;14/09/2026;No Garantizado;NO;SI;NO;ECHEQ;NO;NO;C.I.;12:21:25;17:00:00;23;767;38,00;38,00;767;$;181.651,38;1;Negociada;12:43:41;;30-71903718-2;GILDED SA;AO;30-70833232-8;ALTO CAMPO S.R.L.;;;
1551056;14/09/2026;Avalado;;SI;NO;ECHEQ;NO;NO;24Hs.;12:21:30;17:00:00;119;;;26,00;11;$;115.000.000,00;6;Desierta;;ACEN;;Avales del Centro S.G.R.;AO;;;;;
1551057;14/09/2026;No Garantizado;NO;SI;NO;ECHEQ;NO;NO;C.I.;12:21:38;17:00:00;31;767;38,00;38,00;767;$;21.246.646,40;1;Negociada;12:43:57;;33-71130498-9;PIRGUI S. R. L.;AO;30-70833232-8;ALTO CAMPO S.R.L.;;;
1551058;14/09/2026;No Garantizado;NO;SI;NO;ECHEQ;NO;NO;C.I.;12:21:50;17:00:00;23;767;38,00;38,00;767;$;244.193,50;1;Negociada;12:44:16;;33-71185842-9;CENTRALE S. A.;AO;30-70833232-8;ALTO CAMPO S.R.L.;;;
1551059;14/09/2026;No Garantizado;NO;SI;NO;ECHEQ;NO;NO;C.I.;12:22:12;17:00:00;58;554;35,00;35,00;554;$;11.045.268,97;1;Negociada;12:24:13;;30-71000185-1;RED CORDOBA S.A.;AO;33-71454891-9;ERLOMA SOCIEDAD ANONIMA;;;
1551060;14/09/2026;No Garantizado;NO;SI;NO;ECHEQ;NO;NO;C.I.;12:22:41;17:00:00;108;754;46,00;46,00;754;$;14.000.000,00;4;Negociada;12:31:13;;30-71457081-8;INGESER CONSTRUCCIONES SRL;AO;;;;;
1551061;14/09/2026;Avalado;;SI;NO;ECHEQ;NO;NO;24Hs.;12:23:24;17:00:00;111;;;26,00;11;$;30.000.000,00;3;Desierta;;INPY;;Integra Pymes S.G.R.;AO;;;;;
1551062;14/09/2026;Avalado;;SI;NO;ECHEQ;NO;NO;24Hs.;12:23:26;17:00:00;119;;;30,00;591;$;10.000.000,00;1;Desierta;;FAEC;;FIDEICOM.DE AFECT. ESPEC.;AO;;;;;
1551063;14/09/2026;Avalado;;SI;NO;ECHEQ;NO;NO;24Hs.;12:23:28;17:00:00;22;;;24,00;764;$;69.477.532,50;4;Desierta;;FINT;;Fintech S.G.R.;AO;;;;;
1551064;14/09/2026;Avalado;;SI;NO;ECHEQ;NO;NO;24Hs.;12:24:23;17:00:00;106;;;28,00;11;$;45.000.000,00;7;Desierta;;UNIO;;Union S.G.R.;AO;;;;;
1551065;14/09/2026;Garantizado;SI;SI;NO;ECHEQ;NO;NO;C.I.;12:24:32;17:00:00;111;523;28,00;28,00;767;$;287.000.000,00;6;Negociada;12:31:55;;;;AO;;;Certificado MiPyME;;
1551066;14/09/2026;Avalado;;SI;NO;ECHEQ;NO;NO;24Hs.;12:24:49;17:00:00;104;406;26,74;28,00;545;$;30.000.000,00;3;Negociada;13:32:02;ACPY;;Acindar Pymes S.G.R.;AO;;;;;
1551067;14/09/2026;No Garantizado;NO;SI;NO;ECHEQ;NO;NO;C.I.;12:25:04;17:00:00;45;767;26,50;28,00;767;$;134.641.541,51;1;Negociada;12:34:51;;30-50673003-8;S A IMPORTADORA Y EXPORTADORA DE LA PATAGONIA;AO;30-70860387-9;GOLDMUND S. A.;;;
1551068;14/09/2026;No Garantizado;NO;NO;NO;PAGARE;NO;NO;C.I.;12:25:31;17:00:00;79;767;6,00;6,00;406;DOL;160.000,00;1;Negociada;13:46:33;;30-71015052-0;AGL S.A.;;;;;;
1551069;14/09/2026;No Garantizado;NO;SI;NO;ECHEQ;NO;NO;24Hs.;12:26:04;17:00:00;33;;;54,00;767;$;50.000.000,00;5;Desierta;;;20-20123781-6;LARROSA SERGIO OSVALDO;AO;20-20123781-6;LARROSA SERGIO OSVALDO;;;
1551070;14/09/2026;Garantizado Calificado;SI;SI;NO;ECHEQ;NO;NO;24Hs.;12:26:25;17:00:00;26;;;;754;$;6.676.630,00;4;Desierta (Baja);;;;;AO;;;Certificado MiPyME;;
1551071;14/09/2026;Garantizado Calificado;NO;SI;NO;ECHEQ;NO;NO;24Hs.;12:26:39;17:00:00;25;;;;754;$;7.933.825,00;2;Desierta (Baja);;;;;AO;;;;;
1551072;14/09/2026;Garantizado;SI;SI;NO;ECHEQ;NO;NO;24Hs.;12:26:54;17:00:00;24;;;;754;$;17.727.950,00;1;Desierta (Baja);;;;;AO;;;Certificado MiPyME;;
1551073;14/09/2026;No Garantizado;NO;SI;NO;ECHEQ;NO;NO;C.I.;12:27:15;17:00:00;35;723;45,00;45,00;767;$;439.000,00;1;Negociada;12:29:16;;30-70810768-5;LA PETRA S.R.L.;AO;33-71735413-9;COMERCIALIZADORA VM S. A. S.;;;
1551074;14/09/2026;No Garantizado;NO;NO;NO;PAGARE;NO;NO;C.I.;12:27:17;17:00:00;35;767;6,00;6,00;406;DOL;53.000,01;3;Negociada;13:46:15;;20-20080591-8;BUSSO HORACIO FABIAN;;;;;;
1551075;14/09/2026;No Garantizado;SI;SI;NO;ECHEQ;NO;NO;C.I.;12:27:27;17:00:00;30;785;30,00;30,00;785;$;23.311.000,00;1;Negociada;12:29:28;;30-51999331-3;C.N. SAPAG SOCIEDAD ANONIMA;AO;;;Certificado MiPyME;;
1551076;14/09/2026;Avalado;;SI;NO;ECHEQ;NO;NO;C.I.;12:27:30;17:00:00;125;507;31,00;31,00;507;$;30.000.000,00;3;Negociada;13:46:53;RESI;;Resiliencia S.G.R.;AO;;;;;
1551077;14/09/2026;No Garantizado;SI;SI;NO;ECHEQ;NO;NO;C.I.;12:27:38;17:00:00;29;785;29,00;29,00;785;$;41.135.169,97;1;Negociada;12:29:40;;30-69354380-7;RIBEIRO S R L;AO;;;Certificado MiPyME;;
1551078;14/09/2026;No Garantizado;NO;SI;NO;ECHEQ;NO;NO;C.I.;12:27:39;17:00:00;15;723;45,00;45,00;767;$;333.215,85;1;Negociada;12:29:40;;30-71680756-4;RECTA AGRO S.A.;AO;33-71735413-9;COMERCIALIZADORA VM S. A. S.;;;
1551079;14/09/2026;Avalado;;SI;NO;ECHEQ;NO;NO;C.I.;12:27:41;17:00:00;121;507;31,00;31,00;507;$;40.000.000,00;4;Negociada;13:47:01;RESI;;Resiliencia S.G.R.;AO;;;;;
1551080;14/09/2026;No Garantizado;NO;SI;NO;ECHEQ;NO;NO;C.I.;12:27:58;17:00:00;44;539;30,00;30,00;449;$;2.758.524,10;1;Negociada;14:21:16;;30-50119062-0;DR LAZAR Y CIA S A QUIMICA E INDUSTRIAL;AO;;;;;
1551081;14/09/2026;No Garantizado;NO;SI;NO;ECHEQ;NO;NO;24Hs.;12:28:21;17:00:00;169;;;40,00;767;$;8.991.941,42;1;Desierta;;;30-62917933-6;ESTANCIA LA PAZ S. A.;AO;30-70978828-7;BERRYS DEL NOA S.R.L.;;;
1551082;14/09/2026;No Garantizado;NO;NO;NO;PAGARE;NO;NO;C.I.;12:28:35;17:00:00;67;767;6,00;6,00;406;DOL;52.800,00;1;Negociada;13:45:52;;30-58734124-3;VALVULAS FADEVA S.A.;;;;;;
1551083;14/09/2026;Avalado;;SI;NO;ECHEQ;NO;NO;24Hs.;12:28:46;17:00:00;111;;;25,00;11;$;145.000.000,00;1;Desierta;;MOVI;;MOVIL S.G.R.;AO;;;;;
1551084;14/09/2026;Avalado;;SI;NO;ECHEQ;NO;NO;24Hs.;12:29:11;17:00:00;111;;;25,00;11;$;140.000.000,00;1;Desierta;;MOVI;;MOVIL S.G.R.;AO;;;;;
1551085;14/09/2026;Avalado;;SI;NO;ECHEQ;NO;NO;24Hs.;12:29:58;17:00:00;121;406;28,50;28,50;754;$;3.750.000,00;1;Negociada;15:36:53;CREC;;Crecer S.G.R.;AO;;;;;
1551086;14/09/2026;No Garantizado;NO;SI;NO;ECHEQ;NO;NO;C.I.;12:30:01;17:00:00;76;;;;767;$;6.536.701,40;2;Desierta (Baja);;;30-59208813-0;DISTRIBUIDORA METROPOLITANA S R L;AO;20-35419719-8;SOUZA GASTON NELSON;;;
1551087;14/09/2026;No Garantizado Calificado;NO;SI;NO;PAGARE;NO;NO;C.I.;12:30:29;17:00:00;98;704;40,00;40,00;704;$;20.000.000,00;1;Negociada;12:32:31;;30-71668917-0;FINPACT SOC. POR ACCIONES SIMPLIFICADA;;30-71668917-0;FINPACT SOC. POR ACCIONES SIMPLIFICADA;;;
1551088;14/09/2026;No Garantizado;NO;SI;NO;PAGARE;NO;NO;C.I.;12:30:30;17:00:00;183;401;28,00;28,00;401;$;510.000.000,00;1;Negociada;12:42:53;;30-71710331-5;WODEN ENERGIA S.A.U;;30-71710331-5;WODEN ENERGIA S.A.U;;;
1551089;14/09/2026;Avalado;;SI;NO;ECHEQ;NO;NO;24Hs.;12:30:37;17:00:00;101;;;25,00;11;$;515.000.000,00;2;Desierta;;MOVI;;MOVIL S.G.R.;AO;;;;;
1551090;14/09/2026;Avalado;;SI;NO;ECHEQ;NO;NO;24Hs.;12:31:08;17:00:00;41;502;24,00;24,00;598;$;287.361.984,64;4;Negociada;15:40:00;GARA;;Garantizar S.G.R.;AO;;;;;
1551091;14/09/2026;No Garantizado;NO;SI;NO;PAGARE;NO;NO;24Hs.;12:31:17;17:00:00;94;529;27,00;27,00;529;$;1.178.000.000,00;1;Negociada;12:34:23;;30-71710331-5;WODEN ENERGIA S.A.U;;30-71710331-5;WODEN ENERGIA S.A.U;;;
1551092;14/09/2026;Avalado;;SI;NO;ECHEQ;SI;NO;24Hs.;12:32:53;17:00:00;44;526;23,00;23,00;526;$;143.840.177,69;1;Negociada;12:34:55;GARA;;Garantizar S.G.R.;NO;;;;;
1551093;14/09/2026;No Garantizado Calificado;NO;SI;NO;ECHEQ;SI;NO;C.I.;12:33:10;17:00:00;114;767;24,00;24,00;767;$;20.167.335,00;1;Negociada;12:35:12;;33-50835825-9;CERVECERIA Y MALTERIA QUILMES S.A.I.C.A. Y G.;NO;;;;;
1551094;14/09/2026;Avalado;;SI;NO;ECHEQ;NO;NO;24Hs.;12:33:13;17:00:00;50;526;23,00;23,00;526;$;101.133.731,82;1;Negociada;12:35:14;GARA;;Garantizar S.G.R.;AO;;;;;
1551095;14/09/2026;No Garantizado;NO;SI;NO;ECHEQ;NO;NO;C.I.;12:33:21;17:00:00;40;572;35,00;35,00;465;$;8.424.291,31;2;Negociada;12:49:54;;30-70853364-1;CHELFORO COMERCIAL S A;AO;30-71869548-8;FABJAV HNOS S.A.S.;;;
1551096;14/09/2026;No Garantizado;NO;SI;NO;ECHEQ;NO;NO;C.I.;12:34:00;17:00:00;28;465;37,00;37,00;465;$;309.194,65;2;Negociada;15:04:58;;30-71519527-1;LA RUSIMA S.R.L.;AO;30-71605346-2;PIRAMIDE FOOD COMPANY S. A. S.;;;
1551097;14/09/2026;No Garantizado;NO;SI;NO;ECHEQ;NO;NO;C.I.;12:34:14;17:00:00;19;539;35,00;35,00;465;$;1.232.689,92;2;Negociada;13:31:33;;30-71801681-5;GASIBA S.A.;AO;30-71605346-2;PIRAMIDE FOOD COMPANY S. A. S.;;;
1551098;14/09/2026;No Garantizado;NO;SI;NO;ECHEQ;NO;NO;C.I.;12:34:25;17:00:00;21;465;37,00;37,00;465;$;4.125.000,00;1;Negociada;15:04:30;;30-71854168-5;TOTOPOS S.A.S.;AO;30-71605346-2;PIRAMIDE FOOD COMPANY S. A. S.;;;
1551099;14/09/2026;No Garantizado Calificado;SI;SI;NO;ECHEQ;NO;NO;C.I.;12:37:11;17:00:00;29;569;32,00;32,00;569;$;200.000.000,00;1;Negociada;12:39:13;;30-70833232-8;ALTO CAMPO S.R.L.;AO;30-70833232-8;ALTO CAMPO S.R.L.;Certificado MiPyME;;
1551100;14/09/2026;Avalado;;SI;NO;ECHEQ;NO;NO;24Hs.;12:37:30;17:00:00;96;;;25,00;701;$;15.000.000,00;3;Desierta;;ACPY;;Acindar Pymes S.G.R.;AO;;;;;
1551101;14/09/2026;No Garantizado;NO;SI;NO;ECHEQ;NO;NO;C.I.;12:37:58;17:00:00;124;876;30,00;30,00;876;$;105.000.000,00;7;Negociada;12:40:00;;30-71787539-3;FIDEICOMISO EDIFICIO LIBERTADOR 4370;AO;30-71210666-9;DESARROLLADORA MONTEVERDI SA;;;
1551102;14/09/2026;Avalado;;SI;NO;ECHEQ;NO;NO;24Hs.;12:38:07;17:00:00;81;520;24,00;24,00;897;$;50.000.000,00;10;Negociada;12:40:08;ARPY;;Argenpymes S.G.R.;AO;;;;;
1551103;14/09/2026;No Garantizado Calificado;NO;SI;NO;ECHEQ;NO;NO;24Hs.;12:38:17;17:00:00;51;;;40,00;767;$;50.000.000,00;2;Desierta;;;33-71121610-9;HIDROMAT S.R.L.;AO;33-71121610-9;HIDROMAT S.R.L.;;;
1551104;14/09/2026;Garantizado Calificado;NO;SI;NO;ECHEQ;NO;NO;24Hs.;12:38:25;17:00:00;28;;;25,00;754;$;2.188.725,00;1;Desierta;;;;;AO;;;;;
1551105;14/09/2026;No Garantizado;NO;SI;NO;ECHEQ;SI;NO;C.I.;12:38:38;17:00:00;58;754;44,00;44,00;754;$;10.653.738,78;1;Negociada;12:43:55;;30-53214979-3;COMPAÑIA ARGENTINA DE LEVADURAS S A I C;NO;;;;;
1551106;14/09/2026;Garantizado Calificado;SI;SI;NO;ECHEQ;NO;NO;24Hs.;12:38:39;17:00:00;26;432;27,00;27,00;754;$;6.676.630,00;4;Negociada;15:40:49;;;;AO;;;Certificado MiPyME;;
1551107;14/09/2026;Garantizado;SI;SI;NO;ECHEQ;NO;NO;24Hs.;12:38:53;17:00:00;24;523;24,25;24,25;754;$;17.727.950,00;1;Negociada;13:43:48;;;;AO;;;Certificado MiPyME;;
1551108;14/09/2026;No Garantizado;NO;SI;NO;ECHEQ;NO;NO;C.I.;12:38:54;17:00:00;37;754;44,00;44,00;754;$;11.199.134,01;1;Negociada;12:44:02;;30-54784758-6;INDUSTRIAS PUGLIESE S A;AO;;;;;
1551109;14/09/2026;No Garantizado;NO;SI;NO;ECHEQ;NO;NO;C.I.;12:39:12;17:00:00;22;754;34,00;34,00;754;$;720.000,00;1;Negociada;12:41:13;;30-71710856-2;DESIGNIO HABITAR S.A.S;AO;;;;;
1551110;14/09/2026;Garantizado;NO;SI;NO;ECHEQ;NO;NO;24Hs.;12:39:18;17:00:00;30;523;24,25;24,25;754;$;1.477.400,00;1;Negociada;13:44:00;;;;AO;;;;;
1551111;14/09/2026;Garantizado;NO;SI;NO;ECHEQ;SI;NO;24Hs.;12:39:32;17:00:00;29;523;24,25;24,25;754;$;1.100.000,00;1;Negociada;13:44:10;;;;NO;;;;;
1551112;14/09/2026;No Garantizado;NO;SI;NO;ECHEQ;NO;NO;C.I.;12:39:42;17:00:00;22;754;34,00;34,00;754;$;1.449.484,87;1;Negociada;12:41:44;;30-70816561-8;SANCHEZ MARTINEZ E HIJOS S A;AO;;;;;
1551113;14/09/2026;No Garantizado;NO;SI;NO;ECHEQ;NO;NO;C.I.;12:39:43;17:00:00;31;718;27,00;27,00;718;$;1.500.000.000,00;1;Negociada;12:41:44;;30-71182832-6;COMPLEJO ALIMENTICIO SAN SALVADOR S.A.;AO;;;;;
1551114;14/09/2026;No Garantizado;NO;SI;NO;PAGARE;NO;NO;24Hs.;12:39:46;17:00:00;34;876;30,00;30,00;876;$;120.000.000,00;2;Negociada;12:41:48;;30-71085937-6;ACERTIS SOCIEDAD ANONIMA;;30-71085937-6;ACERTIS SOCIEDAD ANONIMA;;;
1551115;14/09/2026;No Garantizado;SI;SI;NO;ECHEQ;NO;NO;24Hs.;12:40:18;17:00:00;72;11;26,00;26,00;11;$;83.834.490,35;1;Negociada;12:42:22;;30-59036076-3;CENCOSUD S A;AO;;;Certificado MiPyME;;
1551116;14/09/2026;Avalado;;SI;NO;ECHEQ;NO;NO;24Hs.;12:41:05;17:00:00;101;;;20,00;770;$;30.000.000,00;3;Desierta;;AFFI;;Affidavit S.G.R.;AO;;;;;
1551117;14/09/2026;No Garantizado;NO;NO;NO;ECHEQ;NO;NO;C.I.;12:42:15;17:00:00;18;554;33,00;33,00;554;$;15.000.000,01;1;Negociada;12:44:16;;30-70936485-1;PROMOVIL S.A.;AO;30-71688021-0;MANLY S.A.;;;
1551118;14/09/2026;Avalado;;SI;NO;ECHEQ;NO;NO;24Hs.;12:43:15;17:00:00;92;11;26,00;26,00;11;$;35.000.000,00;3;Negociada;12:46:17;ARPY;;Argenpymes S.G.R.;AO;;;;;
1551119;14/09/2026;No Garantizado;NO;SI;NO;PAGARE;NO;NO;24Hs.;12:43:43;17:00:00;30;591;32,00;32,00;591;$;250.400.000,00;1;Negociada;13:45:03;;30-71213675-4;RSC S.A. S. A.;;30-71213675-4;RSC S.A. S. A.;;;
1551120;14/09/2026;Avalado;;SI;NO;CPD;NO;NO;24Hs.;12:43:55;17:00:00;66;523;25,00;25,00;809;$;85.000.000,00;1;Negociada;14:06:34;BMAR;;BANCO MARIVA S.A.;;;;;;
1551121;14/09/2026;No Garantizado;NO;SI;NO;PAGARE;NO;NO;24Hs.;12:43:59;17:00:00;30;591;32,00;32,00;591;$;167.200.000,00;1;Negociada;13:44:49;;30-60627416-1;EGESAC SOCIEDAD ANONIM;;30-60627416-1;EGESAC SOCIEDAD ANONIM;;;
1551122;14/09/2026;No Garantizado;NO;SI;NO;PAGARE;NO;NO;24Hs.;12:44:16;17:00:00;30;591;32,00;32,00;591;$;179.600.000,00;1;Negociada;13:44:29;;30-70761297-1;CENTRO MEDICO AMENABAR S. R. L.;;30-70761297-1;CENTRO MEDICO AMENABAR S. R. L.;;;
1551123;14/09/2026;Avalado;;SI;NO;CPD;NO;NO;24Hs.;12:44:16;17:00:00;71;523;25,00;25,00;809;$;43.051.801,79;1;Negociada;14:09:45;BMAR;;BANCO MARIVA S.A.;;;;;;
1551124;14/09/2026;No Garantizado;NO;SI;NO;PAGARE;NO;NO;24Hs.;12:44:30;17:00:00;30;591;32,00;32,00;591;$;296.000.000,00;1;Negociada;13:44:14;;30-71252972-1;SC PILAR S.A.;;30-71252972-1;SC PILAR S.A.;;;
1551125;14/09/2026;No Garantizado;SI;SI;NO;ECHEQ;NO;NO;C.I.;12:44:40;17:00:00;43;569;32,00;32,00;569;$;150.000.000,00;3;Negociada;12:46:42;;30-71102889-3;FRONTERITA ENERGIA S.A.;AO;30-52543681-7;JOSE MINETTI Y CIA LTDA SACI;Certificado MiPyME;;
1551126;14/09/2026;No Garantizado;SI;SI;NO;FCE;NO;NO;24Hs.;12:44:43;17:00:00;56;406;27,00;27,00;754;$;99.586.087,08;1;Negociada;12:53:33;%ARC;30-50279317-5;ARCOR S A I C;;;;;;
1551127;14/09/2026;Avalado;;SI;NO;ECHEQ;NO;NO;C.I.;12:45:58;17:00:00;94;406;28,00;28,00;465;$;12.621.000,00;1;Negociada;13:32:25;FINT;;Fintech S.G.R.;AO;;;;;
1551128;14/09/2026;Avalado;;SI;NO;ECHEQ;NO;NO;C.I.;12:46:09;17:00:00;88;406;27,99;28,00;465;$;12.621.000,00;1;Negociada;13:33:02;FINT;;Fintech S.G.R.;AO;;;;;
1551129;14/09/2026;Avalado;;SI;NO;ECHEQ;NO;NO;C.I.;12:46:20;17:00:00;92;406;28,00;28,00;465;$;12.621.000,00;1;Negociada;13:33:10;FINT;;Fintech S.G.R.;AO;;;;;
1551130;14/09/2026;No Garantizado;NO;NO;NO;PAGARE;NO;NO;24Hs.;12:46:38;13:00:00;22;;;;795;$;94.938.750,00;1;Desierta;;;30-71455415-4;MACHACO FILMS S.R.L.;;;;;;
1551131;14/09/2026;Avalado;;SI;NO;PAGARE;NO;NO;24Hs.;12:46:54;17:00:00;118;42;27,00;27,00;42;$;1.750.000,00;1;Negociada;13:39:28;CONV;;CONAVAL S.G.R.;;;;;;
1551132;14/09/2026;Avalado;;SI;NO;ECHEQ;SI;NO;24Hs.;12:47:15;17:00:00;77;501;25,00;25,00;545;$;350.000,00;1;Negociada;12:49:16;FGLR;;Fdo.de Gtia.Pub. La Rioja;NO;;;;;
1551133;14/09/2026;No Garantizado;NO;SI;NO;PAGARE;NO;NO;24Hs.;12:47:18;17:00:00;15;406;28,00;28,00;406;$;2.769.000.000,00;1;Negociada;12:50:06;;30-61622274-7;CLIBA INGENIERIA AMBIENTAL SA;;30-61622274-7;CLIBA INGENIERIA AMBIENTAL SA;;;
1551134;14/09/2026;No Garantizado;NO;SI;NO;ECHEQ;NO;NO;24Hs.;12:47:32;17:00:00;75;;;80,00;767;$;9.501.708,00;3;Desierta;;;30-71574938-2;SL MEDICAL S.A.;AO;20-31576960-5;MARINO MARTINEZ MIGUEL ANGEL;;;
1551135;14/09/2026;Avalado;;SI;NO;PAGARE;NO;NO;24Hs.;12:47:48;17:00:00;345;;;7,50;543;U$D;22.000,00;1;Desierta;;RIGA;;RIG Avales S.G.R.;;;;;;
1551136;14/09/2026;Avalado;;SI;NO;PAGARE;NO;NO;24Hs.;12:47:55;17:00:00;345;;;7,50;543;U$D;20.500,00;1;Desierta;;RIGA;;RIG Avales S.G.R.;;;;;;
1551137;14/09/2026;No Garantizado;NO;SI;NO;ECHEQ;NO;NO;C.I.;12:48:00;17:00:00;58;433;32,00;32,00;433;$;4.000.000,00;1;Negociada;12:50:02;;30-71717282-1;KUCHEN BAZAR S. R. L.;AO;30-71717282-1;KUCHEN BAZAR S. R. L.;;;
1551138;14/09/2026;Avalado;;SI;NO;PAGARE;NO;NO;24Hs.;12:48:01;17:00:00;338;;;7,50;543;U$D;35.000,00;3;Desierta;;RIGA;;RIG Avales S.G.R.;;;;;;
1551139;14/09/2026;No Garantizado;NO;SI;NO;ECHEQ;NO;NO;24Hs.;12:48:22;17:00:00;133;;;60,00;767;$;2.625.700,00;2;Desierta;;;30-70713570-7;PAPELERA DEL NOA SA;AO;33-71772624-9;TRADEFIN GLOBAL S.A;;;
1551140;14/09/2026;No Garantizado;NO;SI;NO;ECHEQ;NO;NO;C.I.;12:49:08;17:00:00;49;767;42,00;42,00;767;$;2.184.669,62;8;Negociada;12:51:09;;30-71896785-2;DILUVA GROUP S.R.L.;AO;;;;;
1551141;14/09/2026;No Garantizado;NO;SI;NO;ECHEQ;NO;NO;C.I.;12:49:48;17:00:00;22;767;42,00;42,00;767;$;612.822,69;1;Negociada;12:51:50;;30-70893242-2;Q M EQUIPMENT S A;AO;;;;;
1551142;14/09/2026;No Garantizado;NO;SI;NO;ECHEQ;NO;NO;C.I.;12:50:14;17:00:00;9;767;42,00;42,00;767;$;347.526,40;1;Negociada;12:52:16;;30-71581228-9;ZOOM RS S.A.;AO;;;;;
1551143;14/09/2026;No Garantizado;NO;SI;NO;ECHEQ;NO;NO;C.I.;12:50:36;17:00:00;9;767;42,00;42,00;767;$;491.242,86;1;Negociada;12:52:38;;33-70914486-9;WORK TECH S.R.L.;AO;;;;;
1551144;14/09/2026;No Garantizado;NO;SI;NO;ECHEQ;NO;NO;C.I.;12:50:57;17:00:00;10;767;42,00;42,00;767;$;711.000,00;1;Negociada;12:52:59;;33-71785020-9;CLIMATIZACION BAYO S. A.;AO;;;;;
1551145;14/09/2026;No Garantizado;NO;SI;NO;PAGARE;NO;NO;24Hs.;12:50:57;17:00:00;44;15;32,00;32,00;15;$;690.000.642,27;3;Negociada;12:52:59;;30-70828643-1;URBANO EXPRESS ARGENTINA S.A.;;30-70828643-1;URBANO EXPRESS ARGENTINA S.A.;;;
1551146;14/09/2026;No Garantizado Calificado;NO;SI;NO;PAGARE;NO;NO;24Hs.;12:51:24;17:00:00;24;15;32,00;32,00;15;$;166.300.000,00;1;Negociada;12:53:25;;30-67661149-1;LUBRISIDER S A;;30-67661149-1;LUBRISIDER S A;;;
1551147;14/09/2026;No Garantizado;SI;SI;NO;ECHEQ;NO;NO;C.I.;12:52:06;17:00:00;23;572;33,00;33,00;598;$;20.166.666,66;2;Negociada;12:54:07;;30-71131481-0;PROTEA S. A.;AO;33-70930915-9;WALLCOMS S A;Certificado MiPyME;;
1551148;14/09/2026;Avalado;;SI;NO;ECHEQ;NO;NO;24Hs.;12:52:36;17:00:00;155;832;28,00;28,00;287;$;8.000.000,00;1;Negociada;15:44:06;AFFI;;Affidavit S.G.R.;AO;;;;;
1551149;14/09/2026;No Garantizado;SI;SI;NO;ECHEQ;SI;NO;24Hs.;12:52:48;17:00:00;45;559;27,00;27,00;598;$;46.309.547,13;1;Negociada;14:35:34;;30-54808315-6;COTO CENTRO INTEGRAL DE COMERCIALIZACION SOCIEDAD ANONIMA;NO;;;Certificado MiPyME;;
1551150;14/09/2026;No Garantizado;SI;SI;NO;PAGARE;NO;NO;C.I.;12:53:01;17:00:00;107;598;26,00;26,00;598;$;161.700.000,00;1;Negociada;13:39:04;;30-68263948-9;TENACTA S. A.;;30-68263948-9;TENACTA S. A.;Certificado MiPyME;;
1551151;14/09/2026;No Garantizado;NO;SI;NO;PAGARE;NO;NO;C.I.;12:53:03;17:00:00;775;406;10,00;10,00;406;DOL;275.856,00;48;Negociada;12:57:10;;20-25828633-3;AGUILERA MARCELO MAXIMILIANO;CB;27-21885531-3;CZARNY SILVINA MIRIAM;;;
1551152;14/09/2026;No Garantizado;SI;SI;NO;ECHEQ;NO;NO;24Hs.;12:54:06;17:00:00;96;795;28,00;28,00;427;$;72.358.940,13;2;Negociada;15:29:56;;30-59036076-3;CENCOSUD S A;AO;30-50557655-8;ANCERS S A;Certificado MiPyME;;
1551153;14/09/2026;Avalado;;SI;NO;ECHEQ;NO;NO;24Hs.;12:54:23;17:00:00;62;559;25,00;25,00;539;$;33.000.000,00;2;Negociada;14:28:23;TRND;;Trend S.G.R.;AO;;;;;
1551154;14/09/2026;No Garantizado;NO;SI;NO;PAGARE;NO;NO;C.I.;12:55:16;17:00:00;220;422;5,00;5,00;422;U$D;200.000,00;1;Negociada;13:02:51;;30-71024143-7;AGV SERVICIOS MINEROS S.R.L.;;30-71024143-7;AGV SERVICIOS MINEROS S.R.L.;;;
1551155;14/09/2026;Avalado;;SI;NO;ECHEQ;NO;NO;24Hs.;12:55:31;17:00:00;44;15;25,00;25,00;832;$;213.170.867,25;8;Negociada;13:21:11;POTE;;Potenciar S.G.R.;AO;;;;;
1551156;14/09/2026;No Garantizado;SI;SI;NO;PAGARE;NO;NO;C.I.;12:55:52;17:00:00;92;545;28,50;28,50;545;$;500.000.000,00;1;Negociada;13:07:42;;30-57803607-1;MIRGOR SA C I F I A;;30-57803607-1;MIRGOR SA C I F I A;MiPyME FCE - Art. 7 Ley 27.440, Res. SEPYME 340/17, Art. 2 RG 4367/18 y RG 1019/24;;
1551157;14/09/2026;Avalado;;SI;NO;ECHEQ;NO;NO;24Hs.;12:56:35;17:00:00;71;767;26,00;26,00;540;$;10.000.000,00;1;Negociada;13:35:28;RESI;;Resiliencia S.G.R.;AO;;;;;
1551158;14/09/2026;No Garantizado;NO;SI;NO;ECHEQ;NO;NO;C.I.;12:57:40;17:00:00;30;764;29,00;29,00;764;$;11.333.333,33;1;Negociada;13:50:16;;30-71712804-0;MERCADOMASCOTAS SA;AO;;;;;
1551159;14/09/2026;Avalado;;SI;NO;ECHEQ;NO;NO;24Hs.;12:58:20;17:00:00;49;813;30,00;30,00;427;$;17.310.458,03;3;Negociada;16:48:15;ACPY;;Acindar Pymes S.G.R.;AO;;;;;
1551160;14/09/2026;No Garantizado;NO;SI;NO;ECHEQ;NO;NO;C.I.;12:58:46;17:00:00;59;764;32,00;32,00;764;$;22.666.666,66;2;Negociada;13:50:24;;30-71712804-0;MERCADOMASCOTAS SA;AO;;;;;
1551161;14/09/2026;No Garantizado;SI;SI;NO;ECHEQ;NO;NO;C.I.;12:59:16;17:00:00;27;572;36,00;36,00;572;$;20.000.000,00;4;Negociada;13:14:34;;30-62827432-7;AGIRA  S A;AO;30-62827432-7;AGIRA  S A;MiPyME FCE - Art. 7 Ley 27.440, Res. SEPYME 340/17, Art. 2 RG 4367/18 y RG 1019/24;;
1551162;14/09/2026;No Garantizado;SI;SI;NO;ECHEQ;NO;NO;C.I.;12:59:25;17:00:00;36;572;41,00;41,00;572;$;5.000.000,00;1;Negociada;13:14:46;;30-62827432-7;AGIRA  S A;AO;30-62827432-7;AGIRA  S A;MiPyME FCE - Art. 7 Ley 27.440, Res. SEPYME 340/17, Art. 2 RG 4367/18 y RG 1019/24;;
1551163;14/09/2026;No Garantizado Calificado;SI;SI;NO;FCE;NO;NO;C.I.;12:59:27;17:00:00;38;406;26,00;26,00;569;$;104.630.585,13;6;Negociada;13:01:28;%INC;30-68731043-4;INC S. A.;;;;;;
1551164;14/09/2026;No Garantizado;NO;SI;NO;ECHEQ;NO;NO;C.I.;12:59:28;17:00:00;106;;;41,00;767;$;10.000.000,00;1;Desierta;;;30-57839578-0;LA MORALEJA SOCIEDAD ANONIMA;AO;20-30232621-6;BELMONTE JORGE;;;
1551165;14/09/2026;No Garantizado Calificado;SI;SI;NO;ECHEQ;NO;NO;C.I.;12:59:40;17:00:00;18;572;36,00;36,00;572;$;28.000.000,00;6;Negociada;13:15:01;;30-68242998-0;AGIRENT S A;AO;30-68242998-0;AGIRENT S A;MiPyME FCE - Art. 7 Ley 27.440, Res. SEPYME 340/17, Art. 2 RG 4367/18 y RG 1019/24;;
1551166;14/09/2026;Avalado;;SI;NO;PAGARE;NO;NO;24Hs.;12:59:41;17:00:00;336;;;7,00;832;U$D;250.000,00;1;Desierta;;POTE;;Potenciar S.G.R.;;;;;;
1551167;14/09/2026;No Garantizado;NO;SI;NO;ECHEQ;NO;NO;C.I.;12:59:41;17:00:00;59;764;32,00;32,00;764;$;4.166.666,67;1;Negociada;13:50:34;;30-71652531-3;MASCOTAS DE ITUZAINGO S.A.;AO;;;;;
1551168;14/09/2026;Avalado;;SI;NO;ECHEQ;NO;NO;24Hs.;12:59:51;17:00:00;58;15;25,00;25,00;832;$;34.499.322,90;1;Negociada;15:17:46;POTE;;Potenciar S.G.R.;AO;;;;;
1551169;14/09/2026;Avalado;;SI;NO;ECHEQ;NO;NO;24Hs.;13:00:08;17:00:00;96;501;25,00;25,00;525;$;3.000.000,00;2;Negociada;14:00:38;FGLR;;Fdo.de Gtia.Pub. La Rioja;AO;;;;;
1551170;14/09/2026;No Garantizado;NO;SI;NO;ECHEQ;NO;NO;C.I.;13:00:30;17:00:00;88;764;34,00;34,00;764;$;5.000.000,00;1;Negociada;13:50:42;;30-71652159-8;EMPRESA DE MASCOTAS SA;AO;;;;;
1551171;14/09/2026;No Garantizado;NO;SI;NO;ECHEQ;NO;NO;C.I.;13:00:53;17:00:00;88;764;34,00;34,00;764;$;4.166.666,67;1;Negociada;13:50:50;;30-71652531-3;MASCOTAS DE ITUZAINGO S.A.;AO;;;;;
1551172;14/09/2026;No Garantizado;NO;SI;NO;ECHEQ;NO;NO;C.I.;13:01:41;17:00:00;117;764;36,00;36,00;764;$;22.500.000,00;3;Negociada;13:50:57;;30-71683954-7;MASCOTAS ONLINE;AO;;;;;
1551173;14/09/2026;No Garantizado;SI;SI;NO;PAGARE;NO;NO;C.I.;13:01:55;17:00:00;64;545;30,00;30,00;545;$;100.000.000,00;1;Negociada;13:08:45;;30-71742398-0;DERENTAS SRL;;30-71742398-0;DERENTAS SRL;Certificado MiPyME;;
1551174;14/09/2026;No Garantizado;SI;SI;NO;ECHEQ;NO;NO;C.I.;13:02:06;17:00:00;26;718;29,00;29,00;718;$;20.615.721,27;10;Negociada;13:04:08;;30-71063766-7;DON VICENTE S.R.L.;AO;;;Certificado MiPyME;;
1551175;14/09/2026;Avalado;;SI;NO;ECHEQ;NO;NO;24Hs.;13:02:10;17:00:00;92;501;25,00;25,00;525;$;4.865.158,82;1;Negociada;14:01:54;FGLR;;Fdo.de Gtia.Pub. La Rioja;AO;;;;;
1551176;14/09/2026;No Garantizado;NO;SI;NO;ECHEQ;NO;NO;C.I.;13:02:10;17:00:00;136;764;36,00;36,00;764;$;8.333.333,34;2;Negociada;13:51:05;;30-71568805-7;MASCOTAS DEL OESTE S.R.L.;AO;;;;;
1551177;14/09/2026;No Garantizado;SI;SI;NO;ECHEQ;NO;NO;C.I.;13:02:24;17:00:00;40;718;29,00;29,00;718;$;30.000.000,00;2;Negociada;13:04:26;;30-71621651-5;CARNES ARGENTINAS SRL;AO;30-71621651-5;CARNES ARGENTINAS SRL;Certificado MiPyME;;
1551178;14/09/2026;No Garantizado;NO;NO;NO;PAGARE;NO;NO;C.I.;13:02:28;17:00:00;8;724;26,00;26,00;724;$;516.000.000,00;1;Negociada;13:04:29;;30-50054484-4;COMPAÑIA MINERA AGUILAR S.A.;;;;;;
1551179;14/09/2026;No Garantizado;NO;SI;NO;ECHEQ;NO;NO;C.I.;13:02:50;17:00:00;116;764;36,00;36,00;764;$;22.297.500,00;2;Negociada;13:51:15;;33-71523644-9;CATYCAN S.A.;AO;;;;;
1551180;14/09/2026;No Garantizado;NO;SI;NO;ECHEQ;NO;NO;C.I.;13:03:11;17:00:00;119;764;36,00;36,00;764;$;5.000.000,00;1;Negociada;13:51:23;;30-71652159-8;EMPRESA DE MASCOTAS SA;AO;;;;;
1551181;14/09/2026;No Garantizado;NO;SI;NO;ECHEQ;NO;NO;C.I.;13:04:00;17:00:00;22;537;30,00;30,00;718;$;1.500.000.000,00;1;Negociada;13:16:54;;30-71182832-6;COMPLEJO ALIMENTICIO SAN SALVADOR S.A.;AO;;;;;
1551182;14/09/2026;No Garantizado;SI;SI;NO;ECHEQ;SI;NO;C.I.;13:06:08;17:00:00;8;529;24,50;24,50;545;$;110.188.791,13;1;Negociada;13:08:10;;30-59266547-2;TECPETROL S A;NO;;;MiPyME FCE - Art. 7 Ley 27.440, Res. SEPYME 340/17, Art. 2 RG 4367/18 y RG 1019/24;;
1551183;14/09/2026;No Garantizado Calificado;SI;SI;NO;ECHEQ;NO;NO;C.I.;13:08:11;17:00:00;11;572;36,00;36,00;572;$;50.000.000,00;1;Negociada;13:19:56;;30-70844240-9;MAXIMIA SA;AO;30-70844240-9;MAXIMIA SA;MiPyME FCE - Art. 7 Ley 27.440, Res. SEPYME 340/17, Art. 2 RG 4367/18 y RG 1019/24;;
1551184;14/09/2026;No Garantizado;NO;SI;NO;ECHEQ;NO;NO;C.I.;13:08:21;17:00:00;50;572;40,00;40,00;572;$;966.645,50;1;Negociada;13:16:54;;30-62504478-9;LASA MARTIN OSCAR Y LASA ISMAEL ORLANDO SH;AO;;;;;
1551185;14/09/2026;No Garantizado;SI;SI;NO;PAGARE;NO;NO;C.I.;13:08:30;17:00:00;80;433;8,00;8,00;433;U$D;150.000,00;1;Negociada;13:10:32;;30-71801768-4;ESPECIALIDADES AGROPECUARIAS S.A.;;30-71801768-4;ESPECIALIDADES AGROPECUARIAS S.A.;Certificado MiPyME;;
1551186;14/09/2026;No Garantizado Calificado;NO;SI;NO;ECHEQ;NO;NO;C.I.;13:08:32;17:00:00;22;572;35,00;35,00;572;$;95.703,74;1;Negociada;13:16:44;;30-69229460-9;GRAFICOS OFFSET S.A.;AO;;;;;
1551187;14/09/2026;No Garantizado;NO;SI;NO;ECHEQ;NO;NO;C.I.;13:08:41;17:00:00;58;572;40,00;40,00;572;$;900.000,00;1;Negociada;13:17:16;;33-71229452-9;OS5 S.A.;AO;;;;;
1551188;14/09/2026;No Garantizado;NO;SI;NO;ECHEQ;NO;NO;C.I.;13:08:50;17:00:00;58;572;40,00;40,00;572;$;270.314,00;1;Negociada;13:16:34;;30-67764589-6;F P IMPRESORA SA;AO;;;;;
1551189;14/09/2026;Avalado;;SI;NO;ECHEQ;NO;NO;24Hs.;13:09:43;17:00:00;57;501;24,50;24,50;545;$;3.000.000,00;1;Negociada;13:11:45;FGLR;;Fdo.de Gtia.Pub. La Rioja;AO;;;;;
1551190;14/09/2026;No Garantizado;SI;SI;NO;FCE;NO;NO;24Hs.;13:09:55;17:00:00;27;791;25,00;25,00;791;$;1.178.330.699,54;9;Negociada;13:11:56;%ARC;30-50279317-5;ARCOR S A I C;;;;;;
1551191;14/09/2026;Avalado;;SI;NO;ECHEQ;NO;NO;24Hs.;13:10:13;17:00:00;163;;;24,00;422;$;1.495.000,00;2;Desierta;;CMFI;;BANCO COMAFI S.A.;AO;;;;;
1551192;14/09/2026;No Garantizado;NO;SI;NO;ECHEQ;NO;NO;C.I.;13:10:16;17:00:00;93;767;29,00;29,00;767;$;216.485.000,00;1;Negociada;13:12:18;;30-52555824-6;ANTONIO LUQUIN S A C I F E I;AO;;;;;
1551193;14/09/2026;Avalado;;SI;NO;ECHEQ;NO;NO;24Hs.;13:10:22;17:00:00;152;501;28,50;28,50;545;$;2.000.000,00;2;Negociada;13:12:24;FGLR;;Fdo.de Gtia.Pub. La Rioja;AO;;;;;
1551194;14/09/2026;Avalado;;SI;NO;ECHEQ;NO;NO;C.I.;13:10:28;17:00:00;38;572;28,00;28,00;839;$;30.000.000,00;1;Negociada;13:12:30;AFBG;;AFB AVALES S.G.R;AO;;;;;
1551195;14/09/2026;Avalado;;SI;NO;ECHEQ;SI;NO;C.I.;13:10:31;17:00:00;156;;;0,00;422;$;5.681.250,00;2;Desierta (Baja);;CMFI;;BANCO COMAFI S.A.;NO;;;;;
1551196;14/09/2026;Avalado;;SI;NO;ECHEQ;NO;NO;24Hs.;13:10:38;17:00:00;89;;;;754;$;7.340.000,00;2;Desierta;;ACEN;;Avales del Centro S.G.R.;AO;;;;;
1551197;14/09/2026;Avalado;;SI;NO;ECHEQ;NO;NO;C.I.;13:10:42;17:00:00;75;572;29,50;29,50;839;$;28.850.000,00;2;Negociada;13:12:43;MOVI;;MOVIL S.G.R.;AO;;;;;
1551198;14/09/2026;Avalado;;SI;NO;ECHEQ;NO;NO;24Hs.;13:10:49;17:00:00;80;;;;754;$;5.000.000,00;1;Desierta;;ACEN;;Avales del Centro S.G.R.;AO;;;;;
1551199;14/09/2026;Avalado;;SI;NO;ECHEQ;NO;NO;C.I.;13:11:00;17:00:00;18;;;0,00;422;$;9.219.244,51;3;Desierta (Baja);;CMFI;;BANCO COMAFI S.A.;AO;;;;;
1551200;14/09/2026;Avalado;;SI;NO;ECHEQ;NO;NO;24Hs.;13:11:09;17:00:00;45;501;24,50;24,50;545;$;5.770.000,00;4;Negociada;13:13:11;FGLR;;Fdo.de Gtia.Pub. La Rioja;AO;;;;;
1551201;14/09/2026;Avalado;;SI;NO;ECHEQ;NO;NO;C.I.;13:11:21;17:00:00;24;598;26,00;26,00;422;$;2.315.352,20;1;Negociada;16:34:03;CMFI;;BANCO COMAFI S.A.;AO;;;;;
1551202;14/09/2026;Garantizado;SI;SI;NO;ECHEQ;NO;NO;C.I.;13:11:35;17:00:00;31;;;0,00;559;$;11.591.069,77;2;Desierta (Baja);;;;;AO;;;Certificado MiPyME;;
1551203;14/09/2026;Avalado;;SI;NO;ECHEQ;NO;NO;24Hs.;13:11:42;17:00:00;69;501;25,00;25,00;545;$;4.830.000,00;3;Negociada;13:13:43;FGLR;;Fdo.de Gtia.Pub. La Rioja;AO;;;;;
1551204;14/09/2026;No Garantizado;NO;SI;NO;ECHEQ;NO;NO;C.I.;13:11:47;17:00:00;18;764;30,00;30,00;427;$;50.887.640,00;2;Negociada;13:13:49;;30-71502221-0;VLB NEGOCIOS GANADEROS SRL;AO;;;;;
1551205;14/09/2026;Avalado;;SI;NO;ECHEQ;NO;NO;C.I.;13:12:06;14:10:00;99;;;25,00;422;$;100.000.000,00;1;Desierta;;CMFI;;BANCO COMAFI S.A.;AO;;;;;
1551206;14/09/2026;No Garantizado;NO;SI;NO;ECHEQ;NO;NO;C.I.;13:12:13;17:00:00;78;767;72,00;72,00;767;$;3.268.350,70;1;Negociada;13:14:14;;30-59208813-0;DISTRIBUIDORA METROPOLITANA S R L;AO;20-35419719-8;SOUZA GASTON NELSON;;;
1551207;14/09/2026;Avalado;;SI;NO;ECHEQ;NO;NO;C.I.;13:12:23;17:00:00;136;;;0,00;422;$;6.000.000,00;2;Desierta (Baja);;CMFI;;BANCO COMAFI S.A.;AO;;;;;
1551208;14/09/2026;Avalado;;SI;NO;ECHEQ;NO;NO;24Hs.;13:12:56;17:00:00;178;;;26,00;422;$;4.000.000,00;2;Desierta;;CMFI;;BANCO COMAFI S.A.;AO;;;;;
1551209;14/09/2026;No Garantizado Calificado;NO;SI;NO;PAGARE;NO;NO;C.I.;13:12:56;17:00:00;63;754;15,00;15,00;754;U$D;18.000,00;1;Negociada;13:14:58;;30-56522248-8;QUIMVAR SRL;;30-56522248-8;QUIMVAR SRL;;;
1551210;14/09/2026;No Garantizado;NO;SI;NO;ECHEQ;NO;NO;24Hs.;13:12:56;17:00:00;30;539;30,00;30,00;524;$;10.178.732,98;1;Negociada;13:39:34;;30-71217783-3;GANADERA DON RAUL SRL;AO;20-27592432-7;LANZANI FEDERICO;;;
1551211;14/09/2026;Avalado;;SI;NO;ECHEQ;NO;NO;C.I.;13:13:11;17:00:00;45;;;0,00;422;$;1.103.859,65;2;Desierta (Baja);;CMFI;;BANCO COMAFI S.A.;AO;;;;;
1551212;14/09/2026;Avalado;;SI;NO;ECHEQ;NO;NO;C.I.;13:13:26;17:00:00;146;;;0,00;422;$;14.000.000,00;5;Desierta (Baja);;CMFI;;BANCO COMAFI S.A.;AO;;;;;
1551213;14/09/2026;No Garantizado;NO;SI;NO;ECHEQ;NO;NO;24Hs.;13:13:33;17:00:00;20;841;24,90;25,00;559;$;40.742.304,36;1;Negociada;13:17:49;;30-59036076-3;CENCOSUD S A;AO;30-71794785-8;HEALTHY LIFE TRADE S. R. L.;;;
1551214;14/09/2026;Avalado;;SI;NO;ECHEQ;NO;NO;C.I.;13:13:38;17:00:00;23;;;0,00;422;$;15.390.466,49;1;Desierta (Baja);;CMFI;;BANCO COMAFI S.A.;AO;;;;;
1551215;14/09/2026;Avalado;;SI;NO;ECHEQ;NO;NO;24Hs.;13:13:52;17:00:00;112;287;26,00;26,00;422;$;16.260.000,00;1;Negociada;15:22:18;CMFI;;BANCO COMAFI S.A.;AO;;;;;
1551216;14/09/2026;Avalado;;SI;NO;ECHEQ;NO;NO;24Hs.;13:14:24;17:00:00;90;523;25,00;25,00;809;$;100.000.000,00;2;Negociada;14:09:57;BMAR;;BANCO MARIVA S.A.;AO;;;;;
1551217;14/09/2026;No Garantizado;NO;SI;NO;ECHEQ;NO;NO;C.I.;13:14:38;17:00:00;74;;;;767;$;3.268.350,70;1;Desierta (Baja);;;30-59208813-0;DISTRIBUIDORA METROPOLITANA S R L;AO;20-35419719-8;SOUZA GASTON NELSON;;;
1551218;14/09/2026;No Garantizado;NO;SI;NO;PAGARE;NO;NO;C.I.;13:16:13;17:00:00;29;512;31,00;31,00;512;$;4.572.887.325,00;2;Negociada;13:18:15;;30-71675213-1;INTEROIL ARGENTINA S A;;30-71675213-1;INTEROIL ARGENTINA S A;;;
1551219;14/09/2026;No Garantizado;NO;SI;NO;ECHEQ;NO;NO;C.I.;13:16:53;17:00:00;30;512;31,00;31,00;512;$;3.198.899.021,00;4;Negociada;13:18:55;;30-50054484-4;COMPAÑIA MINERA AGUILAR S.A.;AO;30-50054484-4;COMPAÑIA MINERA AGUILAR S.A.;;;
1551220;14/09/2026;Avalado;;SI;NO;ECHEQ;NO;NO;C.I.;13:17:30;17:00:00;90;716;29,00;29,00;754;$;7.000.000,00;2;Negociada;15:37:02;ARGC;;Argentina Ciudad S.G.R.;AO;;;;;
1551221;14/09/2026;No Garantizado Calificado;NO;SI;NO;ECHEQ;SI;NO;24Hs.;13:17:32;17:00:00;141;569;28,50;28,50;559;$;7.777.737,52;1;Negociada;16:40:20;;33-50835825-9;CERVECERIA Y MALTERIA QUILMES S.A.I.C.A. Y G.;NO;;;;;
1551222;14/09/2026;No Garantizado;NO;SI;NO;PAGARE;NO;NO;C.I.;13:18:34;17:00:00;31;42;34,00;34,00;42;$;60.000.000,00;2;Negociada;13:20:35;;30-64629647-8;MUTUALIDAD FARO DEL PERSONAL DE CORREO Y TELECOMUNICACIONES ROSARIO;;30-64629647-8;MUTUALIDAD FARO DEL PERSONAL DE CORREO Y TELECOMUNICACIONES ROSARIO;;;
1551223;14/09/2026;No Garantizado;SI;SI;NO;FCE;NO;NO;C.I.;13:18:38;17:00:00;8;;;0,00;839;$;11.346.765,18;1;Desierta (Baja);;%TEH;30-54798102-9;TECHINT COMPAÑIA TECNICA INTERNACIONAL SOCIEDAD ANONIMA COMERCIAL E INDUSTRIAL;;;;;;
1551224;14/09/2026;No Garantizado;SI;SI;NO;FCE;NO;NO;24Hs.;13:18:52;17:00:00;37;572;29,50;29,50;839;$;5.246.560,00;1;Negociada;13:42:49;%CAL;30-71037152-7;CALFRAC WELL SERVICES (ARGENTINA) SA;;;;;;
1551225;14/09/2026;No Garantizado;SI;SI;NO;ECHEQ;NO;NO;C.I.;13:20:01;17:00:00;77;770;29,00;29,00;770;$;1.500.000,00;2;Negociada;14:52:22;;30-70983431-9;GALINDEZ HECTOR Y GALINDEZ SEBASTIAN S.H.;AO;33-70898340-9;TEXTILES DEL SUR SA;Certificado MiPyME;;
1551226;14/09/2026;Avalado;;SI;NO;ECHEQ;NO;NO;24Hs.;13:20:22;17:00:00;79;501;25,00;25,00;876;$;10.000.000,00;1;Negociada;15:13:01;FAEC;;FIDEICOM.DE AFECT. ESPEC.;AO;;;;;
1551227;14/09/2026;Avalado;;SI;NO;ECHEQ;NO;NO;24Hs.;13:21:13;17:00:00;55;501;24,50;25,00;876;$;104.720.000,00;7;Negociada;15:12:31;CUAV;;Cuyo Aval S.G.R.;AO;;;;;
1551228;14/09/2026;No Garantizado;SI;SI;NO;ECHEQ;NO;NO;C.I.;13:21:33;17:00:00;42;41;48,00;48,00;41;$;38.600.000,00;1;Negociada;13:26:11;;30-68271301-8;VIREYES AGROPECUARIA SA;AO;;;Certificado MiPyME;;
1551229;14/09/2026;No Garantizado;NO;SI;NO;ECHEQ;NO;NO;C.I.;13:22:56;17:00:00;86;764;31,00;31,00;764;$;125.000.000,00;2;Negociada;13:51:42;;30-71587837-9;DESIGN, QUALITY AND DEVELOPMENT S. A. S.;AO;30-71587837-9;DESIGN, QUALITY AND DEVELOPMENT S. A. S.;;;
1551230;14/09/2026;No Garantizado;SI;SI;NO;ECHEQ;NO;NO;C.I.;13:23:51;17:00:00;17;41;38,00;38,00;41;$;10.615.253,45;4;Negociada;13:27:46;;30-70834517-9;TRANSPORTE FIGHIERA S.R.L.;AO;;;Certificado MiPyME;;
1551231;14/09/2026;No Garantizado;NO;SI;NO;ECHEQ;NO;NO;24Hs.;13:24:38;17:00:00;73;;;65,00;767;$;3.268.350,70;1;Desierta;;;30-59208813-0;DISTRIBUIDORA METROPOLITANA S R L;AO;20-35419719-8;SOUZA GASTON NELSON;;;
1551232;14/09/2026;Avalado;;SI;NO;PAGARE;NO;NO;24Hs.;13:25:09;17:00:00;161;;;8,00;876;U$D;80.000,00;4;Desierta;;MOVI;;MOVIL S.G.R.;;;;;;
1551233;14/09/2026;Garantizado Calificado;SI;SI;NO;ECHEQ;NO;NO;24Hs.;13:25:19;17:00:00;105;;;25,00;43;$;26.815.620,83;4;Desierta;;;;;AO;;;Certificado MiPyME;;
1551234;14/09/2026;Garantizado;SI;SI;NO;ECHEQ;NO;NO;24Hs.;13:25:38;17:00:00;109;;;25,00;43;$;41.692.257,70;18;Desierta;;;;;AO;;;Certificado MiPyME;;
1551235;14/09/2026;No Garantizado;NO;SI;NO;ECHEQ;NO;NO;C.I.;13:25:44;17:00:00;21;754;45,00;45,00;754;$;2.594.497,50;2;Negociada;13:57:22;;30-70023439-4;TRANS CAL SRL;AO;;;;;
1551236;14/09/2026;Avalado;;SI;NO;PAGARE;NO;NO;24Hs.;13:25:48;17:00:00;101;528;6,75;6,75;702;DOL;44.733,00;3;Negociada;15:09:31;AVLR;;Aval Ar S.G.R.;;;;;;
1551237;14/09/2026;No Garantizado;NO;SI;NO;ECHEQ;NO;NO;C.I.;13:26:01;17:00:00;18;754;45,00;45,00;754;$;2.945.140,00;1;Negociada;13:57:28;;30-66494919-5;JACINTO MOSS S A;AO;;;;;
1551238;14/09/2026;No Garantizado;NO;SI;NO;PAGARE;NO;NO;C.I.;13:26:08;17:00:00;185;20;9,00;9,00;20;U$S;75.000,00;1;Negociada;13:33:46;;20-26073667-2;HERNANDEZ MARTINEZ RODRIGO;;20-26073667-2;HERNANDEZ MARTINEZ RODRIGO;;;
1551239;14/09/2026;No Garantizado;SI;SI;NO;FCE;NO;NO;C.I.;13:26:53;17:00:00;36;723;26,50;26,50;422;$;22.382.650,86;1;Negociada;13:30:58;%BAK;30-50447541-3;BAKER HUGHES ARGENTINA S. R. L.;;;;;;
1551240;14/09/2026;No Garantizado;NO;SI;NO;ECHEQ;NO;NO;C.I.;13:26:54;17:00:00;58;754;45,00;45,00;754;$;2.134.907,20;1;Negociada;13:57:34;;30-55849366-2;BALDUCCI ROSSETTI Y LATINI S H;AO;;;;;
1551241;14/09/2026;No Garantizado;NO;SI;NO;ECHEQ;NO;NO;C.I.;13:27:10;17:00:00;16;754;45,00;45,00;754;$;6.936.752,97;1;Negociada;13:57:40;;30-50423240-5;CRISTAMINE S A;AO;;;;;
1551242;14/09/2026;Avalado;;SI;NO;ECHEQ;NO;NO;24Hs.;13:27:20;17:00:00;95;15;27,00;27,00;20;$;74.919.670,00;3;Negociada;15:16:53;SOLI;;Solidum S.G.R.;AO;;;;;
1551243;14/09/2026;No Garantizado;NO;SI;NO;ECHEQ;NO;NO;C.I.;13:27:27;17:00:00;16;754;45,00;45,00;754;$;3.380.999,92;1;Negociada;13:57:49;;30-68737638-9;CITRUS DEL NORTE SOCIEDAD ANONIMA;AO;;;;;
1551244;14/09/2026;No Garantizado;NO;SI;NO;ECHEQ;NO;NO;C.I.;13:27:43;17:00:00;25;754;45,00;45,00;754;$;701.800,00;1;Negociada;13:57:53;;30-71057568-8;RAGONE S.R.L.;AO;20-18379192-4;BOZZI GUSTAVO LEONARDO;;;
1551245;14/09/2026;No Garantizado;NO;SI;NO;ECHEQ;NO;NO;C.I.;13:28:00;17:00:00;18;754;45,00;45,00;754;$;4.117.711,98;1;Negociada;13:58:01;;30-54173905-6;CATTORINI HNOS S A I C F E I;AO;;;;;
1551246;14/09/2026;No Garantizado;NO;SI;NO;ECHEQ;NO;NO;C.I.;13:28:20;17:00:00;16;754;45,00;45,00;754;$;7.395.535,05;1;Negociada;13:58:07;;30-65709900-3;SIAN CARLOS ALBERTO Y SIAN LUIS MARIA SIMPLE SOCIEDAD;AO;20-18379192-4;BOZZI GUSTAVO LEONARDO;;;
1551247;14/09/2026;Avalado;;SI;NO;ECHEQ;NO;NO;24Hs.;13:28:21;17:00:00;178;406;30,00;30,00;20;$;21.699.000,00;1;Negociada;14:41:35;CAMP;;Campo Aval S.G.R.;AO;;;;;
1551248;14/09/2026;Garantizado Calificado;NO;SI;NO;ECHEQ;NO;NO;24Hs.;13:28:40;17:00:00;24;;;0,00;754;$;5.745.100,00;1;Desierta (Baja);;;;;AO;;;;;
1551249;14/09/2026;Avalado;;SI;NO;PAGARE;NO;NO;24Hs.;13:28:56;17:00:00;62;442;28,00;28,00;442;$;3.000.000,00;1;Negociada;16:35:58;AVAL;;Avaluar S.G.R.;;;;;;
1551250;14/09/2026;No Garantizado;NO;SI;NO;ECHEQ;NO;NO;C.I.;13:28:58;17:00:00;20;754;34,00;34,00;754;$;6.568.323,39;2;Negociada;13:31:00;;30-71589329-7;A1 TORRES SAS;AO;30-71614777-7;SET IN S.A.S.;;;
1551251;14/09/2026;No Garantizado Calificado;NO;SI;NO;ECHEQ;NO;NO;C.I.;13:29:12;17:00:00;45;767;42,00;42,00;770;$;5.000.000,00;1;Negociada;13:31:13;;20-34808837-9;TROPINI SEBASTIAN ALBERTO;AO;30-71004502-6;WEBER HERMANOS S.R.L.;;;
1551252;14/09/2026;Avalado;;SI;NO;ECHEQ;NO;NO;24Hs.;13:29:18;17:00:00;92;20;30,00;30,00;20;$;94.000.000,00;2;Negociada;15:22:28;INPY;;Integra Pymes S.G.R.;AO;;;;;
1551253;14/09/2026;Garantizado;NO;SI;NO;ECHEQ;NO;NO;24Hs.;13:29:20;17:00:00;50;523;24,25;24,25;839;$;107.385.423,72;26;Negociada;13:31:21;;;;AO;;;;;
1551254;14/09/2026;No Garantizado;SI;SI;NO;PAGARE;NO;NO;C.I.;13:29:48;17:00:00;97;852;10,00;10,00;852;U$S;20.250,00;2;Negociada;13:38:58;;30-71488576-2;TERRALOTEOS.COM S.A.;;30-71488576-2;TERRALOTEOS.COM S.A.;Certificado MiPyME;;
1551255;14/09/2026;Avalado;;SI;NO;ECHEQ;NO;NO;24Hs.;13:30:17;17:00:00;80;;;25,00;502;$;25.000.000,00;1;Desierta;;TRND;;Trend S.G.R.;AO;;;;;
1551256;14/09/2026;Avalado;;SI;NO;ECHEQ;NO;NO;24Hs.;13:30:24;17:00:00;178;;;25,00;14;$;180.000.000,00;1;Desierta;;AFFI;;Affidavit S.G.R.;AO;;;;;
1551257;14/09/2026;Avalado;;SI;NO;ECHEQ;NO;NO;24Hs.;13:30:29;17:00:00;87;502;26,00;26,00;502;$;11.000.000,00;1;Negociada;14:23:58;AFFI;;Affidavit S.G.R.;AO;;;;;
1551258;14/09/2026;Avalado;;SI;NO;ECHEQ;NO;NO;24Hs.;13:30:33;17:00:00;56;501;24,50;24,50;545;$;10.000.000,00;1;Negociada;14:32:08;FGLR;;Fdo.de Gtia.Pub. La Rioja;AO;;;;;
1551259;14/09/2026;Avalado;;SI;NO;ECHEQ;NO;NO;24Hs.;13:30:40;17:00:00;93;502;26,00;26,00;502;$;10.000.000,00;1;Negociada;14:51:07;CAMP;;Campo Aval S.G.R.;AO;;;;;
1551260;14/09/2026;Garantizado Calificado;NO;SI;NO;ECHEQ;NO;NO;24Hs.;13:30:44;17:00:00;87;;;25,00;839;$;6.860.000,00;4;Desierta;;;;;AO;;;;;
1551261;14/09/2026;No Garantizado;SI;SI;NO;ECHEQ;NO;NO;C.I.;13:30:44;17:00:00;50;770;28,00;28,00;770;$;4.000.000,00;1;Negociada;14:53:01;;30-71077606-3;CAMARIÑAS S.A.;AO;33-70898340-9;TEXTILES DEL SUR SA;Certificado MiPyME;;
1551262;14/09/2026;Avalado;;SI;NO;ECHEQ;NO;NO;24Hs.;13:31:07;17:00:00;31;507;28,00;28,00;545;$;20.000.000,00;1;Negociada;15:09:31;INPY;;Integra Pymes S.G.R.;AO;;;;;
1551263;14/09/2026;Avalado;;SI;NO;ECHEQ;NO;NO;24Hs.;13:31:24;17:00:00;113;406;28,00;28,00;839;$;25.000.000,00;1;Negociada;14:06:32;FINT;;Fintech S.G.R.;AO;;;;;
1551264;14/09/2026;Avalado;;SI;NO;ECHEQ;NO;NO;C.I.;13:32:05;17:00:00;120;;;0,00;406;$;35.000.000,00;1;Desierta (Baja);;FIDU;;Fid Aval S.G.R.;AO;;;;;
1551265;14/09/2026;No Garantizado;NO;SI;NO;ECHEQ;NO;NO;C.I.;13:32:24;17:00:00;23;754;34,00;34,00;754;$;31.004.321,21;2;Negociada;13:34:25;;30-71477643-2;PABLO FEDERICO E HIJOS S. A.;AO;;;;;
1551266;14/09/2026;No Garantizado;NO;SI;NO;ECHEQ;NO;NO;C.I.;13:32:51;17:00:00;71;754;36,00;36,00;754;$;1.491.363,20;1;Negociada;13:34:53;;30-71222595-1;VIAL TRUCK SA;AO;;;;;
1551267;14/09/2026;No Garantizado;NO;SI;NO;ECHEQ;NO;NO;C.I.;13:33:31;17:00:00;77;754;35,00;35,00;754;$;15.000.000,00;1;Negociada;13:35:32;;30-71222595-1;VIAL TRUCK SA;AO;30-71047099-1;FIORI S.A.;;;
1551268;14/09/2026;No Garantizado;SI;SI;NO;ECHEQ;NO;NO;C.I.;13:33:33;17:00:00;36;718;30,00;30,00;718;$;25.000.000,00;1;Negociada;13:35:34;;30-71102889-3;FRONTERITA ENERGIA S.A.;AO;;;Certificado MiPyME;;
1551269;14/09/2026;No Garantizado;NO;SI;NO;ECHEQ;NO;NO;C.I.;13:33:45;17:00:00;43;572;48,00;48,00;572;$;94.729.594,10;4;Negociada;14:56:29;;30-60853497-7;GANANOR  PUJOL  S.A.;AO;;;;;
1551270;14/09/2026;No Garantizado;SI;SI;NO;ECHEQ;NO;NO;C.I.;13:33:49;17:00:00;14;718;30,00;30,00;718;$;17.532.059,49;1;Negociada;13:35:50;;30-68563994-3;AUTOSERVICIO CAPO SA;AO;;;Certificado MiPyME;;
1551271;14/09/2026;No Garantizado;NO;SI;NO;ECHEQ;NO;NO;C.I.;13:33:58;17:00:00;63;572;48,00;48,00;572;$;37.400.000,00;2;Negociada;14:56:52;;30-69395950-7;TRANSPORTES DON ALFREDO S. R. L.;AO;;;;;
1551272;14/09/2026;No Garantizado;NO;SI;NO;ECHEQ;NO;NO;C.I.;13:33:59;17:00:00;114;754;37,00;37,00;754;$;15.000.000,00;1;Negociada;13:36:00;;30-71222595-1;VIAL TRUCK SA;AO;30-71047099-1;FIORI S.A.;;;
1551273;14/09/2026;No Garantizado;SI;SI;NO;ECHEQ;NO;NO;C.I.;13:34:00;17:00:00;16;718;30,00;30,00;718;$;3.978.436,70;1;Negociada;13:36:02;;30-71502181-8;COMPAÑIA LAS ISLAS S.A.;AO;;;Certificado MiPyME;;
1551274;14/09/2026;No Garantizado;NO;SI;NO;ECHEQ;NO;NO;C.I.;13:34:10;17:00:00;50;572;48,00;48,00;572;$;8.041.764,71;1;Negociada;14:55:41;;30-51876470-1;BASAA S.A.;AO;;;;;
1551275;14/09/2026;No Garantizado;SI;SI;NO;ECHEQ;NO;NO;C.I.;13:34:11;17:00:00;16;718;30,00;30,00;718;$;7.716.583,90;1;Negociada;13:36:13;;30-64133447-9;LA FABRICA S R L;AO;;;Certificado MiPyME;;
1551276;14/09/2026;No Garantizado Calificado;NO;SI;NO;ECHEQ;NO;NO;C.I.;13:34:19;17:00:00;35;572;48,00;48,00;572;$;9.375.000,00;1;Negociada;14:56:39;;33-71116147-9;NICSOR SRL;AO;;;;;
1551277;14/09/2026;No Garantizado;SI;SI;NO;PAGARE;NO;NO;C.I.;13:34:24;17:00:00;67;754;11,00;11,00;754;U$D;25.000,00;1;Negociada;13:36:25;;30-70914058-9;ID ARGENTINA SA;;30-70914058-9;ID ARGENTINA SA;Certificado MiPyME;;
1551278;14/09/2026;No Garantizado Calificado;NO;SI;NO;ECHEQ;NO;NO;C.I.;13:34:29;17:00:00;29;572;48,00;48,00;572;$;8.793.675,00;1;Negociada;14:56:03;;33-70806594-9;COMERCIAL EL ORIENTE S.R.L. S. R. L.;AO;;;;;
1551279;14/09/2026;No Garantizado;NO;SI;NO;ECHEQ;NO;NO;C.I.;13:34:40;17:00:00;23;572;48,00;48,00;572;$;8.855.000,00;1;Negociada;14:56:19;;30-70975782-9;F.M. ALQ. S.A;AO;;;;;
1551280;14/09/2026;No Garantizado;NO;SI;NO;ECHEQ;NO;NO;C.I.;13:35:36;17:00:00;33;571;38,00;38,00;571;$;20.000.000,00;2;Negociada;13:37:38;;30-70855341-3;ARRAYANES COOPERATIVA DE VIVIENDA CREDITO Y CONSUMO LIMITADA;AO;30-70855341-3;ARRAYANES COOPERATIVA DE VIVIENDA CREDITO Y CONSUMO LIMITADA;;;
1551281;14/09/2026;Avalado;;SI;NO;ECHEQ;SI;NO;24Hs.;13:38:14;17:00:00;51;502;24,00;24,00;598;$;126.313.954,80;1;Negociada;15:56:18;GARA;;Garantizar S.G.R.;NO;;;;;
1551282;14/09/2026;No Garantizado;SI;SI;NO;FCE;NO;NO;C.I.;13:38:17;17:00:00;60;791;6,00;6,00;791;U$S;14.116,66;1;Negociada;15:50:31;%UYN;30-64632845-0;SYNGENTA AGRO SOCIEDAD ANONIMA;;;;;;
1551284;14/09/2026;No Garantizado;SI;SI;NO;ECHEQ;NO;NO;C.I.;13:41:18;17:00:00;38;770;28,00;28,00;770;$;642.459,53;1;Negociada;14:53:25;;30-71753544-4;LIMAY DENIM SRL;AO;33-70898340-9;TEXTILES DEL SUR SA;Certificado MiPyME;;
1551285;14/09/2026;No Garantizado;SI;SI;NO;ECHEQ;NO;NO;C.I.;13:41:37;17:00:00;48;770;28,00;28,00;770;$;2.921.646,00;3;Negociada;14:53:51;;30-71372680-6;BERSAMA S.R.L.;AO;33-70898340-9;TEXTILES DEL SUR SA;Certificado MiPyME;;
1551286;14/09/2026;No Garantizado;NO;SI;NO;ECHEQ;NO;NO;C.I.;13:42:33;17:00:00;41;537;40,00;40,00;537;$;10.000.000,00;2;Negociada;13:44:43;;33-71473702-9;NJ2M S.A.;AO;33-71473702-9;NJ2M S.A.;;;
1551287;14/09/2026;No Garantizado;NO;SI;NO;ECHEQ;NO;NO;C.I.;13:42:59;17:00:00;43;537;40,00;40,00;537;$;5.000.000,00;1;Negociada;13:45:05;;33-71473702-9;NJ2M S.A.;AO;33-71473702-9;NJ2M S.A.;;;
1551288;14/09/2026;No Garantizado;SI;SI;NO;ECHEQ;NO;NO;C.I.;13:43:15;17:00:00;44;718;30,00;30,00;718;$;39.571.840,00;4;Negociada;13:45:18;;30-71137523-2;PILARES COMPAÑIA ALIMENTICIA S. A.;AO;;;Certificado MiPyME;;
1551289;14/09/2026;No Garantizado;SI;SI;NO;ECHEQ;NO;NO;C.I.;13:43:17;17:00:00;88;41;31,49;48,00;41;$;12.691.697,06;1;Negociada;13:59:53;;30-65511620-2;EMPRESA DISTRIBUIDORA Y COMERCIALIZADORA NORTE SOCIEDAD ANONIMA (EDENOR S A);AO;;;Certificado MiPyME;;
1551290;14/09/2026;No Garantizado;NO;SI;NO;ECHEQ;NO;NO;C.I.;13:43:21;17:00:00;44;537;40,00;40,00;537;$;5.000.000,00;1;Negociada;13:45:24;;33-71473702-9;NJ2M S.A.;AO;33-71473702-9;NJ2M S.A.;;;
1551291;14/09/2026;No Garantizado;SI;SI;NO;ECHEQ;NO;NO;C.I.;13:43:25;17:00:00;31;718;30,00;30,00;718;$;61.936.145,25;1;Negociada;13:45:26;;30-71123086-2;CARATTONI FOCALIZADOS S.R.L.;AO;;;Certificado MiPyME;;
1551292;14/09/2026;No Garantizado;NO;SI;NO;ECHEQ;NO;NO;C.I.;13:43:48;17:00:00;45;537;40,00;40,00;537;$;5.000.000,00;1;Negociada;13:45:52;;33-71473702-9;NJ2M S.A.;AO;33-71473702-9;NJ2M S.A.;;;
1551293;14/09/2026;No Garantizado;NO;SI;NO;ECHEQ;NO;NO;C.I.;13:44:04;17:00:00;49;537;40,00;40,00;537;$;5.000.000,00;1;Negociada;13:46:11;;33-71473702-9;NJ2M S.A.;AO;33-71473702-9;NJ2M S.A.;;;
1551294;14/09/2026;Avalado;;SI;NO;ECHEQ;NO;NO;24Hs.;13:44:23;17:00:00;114;523;26,00;26,00;434;$;190.000.000,00;15;Negociada;15:08:41;POTE;;Potenciar S.G.R.;AO;;;;;
1551295;14/09/2026;Avalado;;SI;NO;ECHEQ;NO;NO;24Hs.;13:45:29;17:00:00;35;802;26,00;26,00;802;$;241.567.000,00;1;Negociada;15:23:49;ACPY;;Acindar Pymes S.G.R.;AO;;;;;
1551296;14/09/2026;Avalado;;SI;NO;ECHEQ;NO;NO;24Hs.;13:45:52;17:00:00;35;442;26,00;26,00;802;$;241.566.000,00;1;Negociada;14:03:07;ACPY;;Acindar Pymes S.G.R.;AO;;;;;
1551297;14/09/2026;Avalado;;SI;NO;ECHEQ;NO;NO;24Hs.;13:46:08;17:00:00;35;15;24,00;24,00;802;$;388.140.000,00;1;Negociada;13:52:38;ACPY;;Acindar Pymes S.G.R.;AO;;;;;
1551298;14/09/2026;No Garantizado;NO;SI;NO;ECHEQ;NO;NO;24Hs.;13:46:21;17:00:00;58;723;27,00;27,00;702;$;2.444.945,00;1;Negociada;13:57:18;;30-50673003-8;S A IMPORTADORA Y EXPORTADORA DE LA PATAGONIA;AO;30-70861763-2;CIA. ARGENTINA DE DISFRACES SA;;;
1551299;14/09/2026;No Garantizado;NO;NO;NO;PAGARE;NO;NO;24Hs.;13:46:32;15:00:00;22;559;89,90;89,90;795;$;94.938.750,00;1;Negociada;14:09:22;;30-71455415-4;MACHACO FILMS S.R.L.;;;;;;
1551300;14/09/2026;No Garantizado Calificado;SI;SI;NO;ECHEQ;NO;NO;24Hs.;13:46:35;17:00:00;19;526;32,50;32,50;526;$;400.000.000,00;8;Negociada;14:17:35;;30-50964587-2;DORRONZORO HNOS S. A.;AO;30-50964587-2;DORRONZORO HNOS S. A.;Certificado MiPyME;;
1551301;14/09/2026;Avalado;;SI;NO;ECHEQ;NO;NO;24Hs.;13:46:41;17:00:00;47;15;25,00;25,00;802;$;215.084.744,81;2;Negociada;15:19:23;ACPY;;Acindar Pymes S.G.R.;AO;;;;;
1551302;14/09/2026;No Garantizado;NO;SI;NO;ECHEQ;NO;NO;C.I.;13:47:28;17:00:00;59;20;40,00;40,00;20;$;160.000.000,00;1;Negociada;14:02:45;;30-71415888-7;SCILINGO HNOS. S.A.;AO;30-62387327-3;ASOCIACION MUTUAL GUSTAVO COCHET;;;
1551303;14/09/2026;No Garantizado;SI;SI;NO;ECHEQ;NO;NO;C.I.;13:47:56;17:00:00;95;405;44,00;44,00;405;$;22.000.000,00;2;Negociada;13:49:58;;30-71152295-2;AGROPRODUCCIONES TORRESI S.R.L.;AO;30-71152295-2;AGROPRODUCCIONES TORRESI S.R.L.;Certificado MiPyME;;
1551304;14/09/2026;No Garantizado;SI;SI;NO;ECHEQ;NO;NO;C.I.;13:48:01;17:00:00;43;841;27,00;27,00;785;$;23.747.444,09;1;Negociada;13:50:59;;30-58962149-9;SUPERMERCADOS MAYORISTAS MAKRO S. A.;AO;;;Certificado MiPyME;;
1551305;14/09/2026;No Garantizado;SI;SI;NO;ECHEQ;NO;NO;C.I.;13:48:18;17:00:00;44;405;40,00;40,00;405;$;9.000.000,00;2;Negociada;13:50:20;;30-71152295-2;AGROPRODUCCIONES TORRESI S.R.L.;AO;30-71152295-2;AGROPRODUCCIONES TORRESI S.R.L.;Certificado MiPyME;;
1551306;14/09/2026;No Garantizado;SI;SI;NO;ECHEQ;NO;NO;C.I.;13:48:21;17:00:00;38;841;27,00;27,00;785;$;8.148.551,95;1;Negociada;13:52:12;;30-50673003-8;S A IMPORTADORA Y EXPORTADORA DE LA PATAGONIA;AO;;;Certificado MiPyME;;
1551307;14/09/2026;No Garantizado;SI;NO;NO;ECHEQ;NO;NO;C.I.;13:48:23;17:00:00;108;812;26,00;26,00;812;$;19.610.619,03;2;Negociada;13:50:24;;30-54362752-2;GALVEZ CEREALES S. A.;AO;30-68934701-7;CHIMAGRO SA;Certificado MiPyME;;
1551308;14/09/2026;No Garantizado;SI;SI;NO;ECHEQ;NO;NO;C.I.;13:48:41;17:00:00;94;405;43,00;43,00;405;$;15.000.000,00;2;Negociada;13:50:42;;30-71152295-2;AGROPRODUCCIONES TORRESI S.R.L.;AO;30-71152295-2;AGROPRODUCCIONES TORRESI S.R.L.;Certificado MiPyME;;
1551309;14/09/2026;No Garantizado;NO;SI;NO;ECHEQ;NO;NO;C.I.;13:48:41;17:00:00;10;545;23,93;23,93;545;$;2.013.274.732,93;1;Negociada;13:56:29;;30-71199861-2;DLP CAPITAL PARTNERS S. A.;AO;30-71199861-2;DLP CAPITAL PARTNERS S. A.;;;
1551310;14/09/2026;No Garantizado;NO;SI;NO;ECHEQ;NO;NO;C.I.;13:49:02;17:00:00;10;545;23,93;23,93;545;$;4.125.885.632,83;2;Negociada;13:56:37;;30-71723549-1;DLOCAL SERVICES ARG S. A.;AO;30-71723549-1;DLOCAL SERVICES ARG S. A.;;;
1551311;14/09/2026;No Garantizado;NO;SI;NO;ECHEQ;NO;NO;C.I.;13:49:19;17:00:00;69;;;0,00;785;$;200.000.000,00;4;Desierta (Baja);;;30-71489604-7;FARMALIFE S.A.;AO;30-71489604-7;FARMALIFE S.A.;;;
1551312;14/09/2026;No Garantizado;SI;NO;NO;ECHEQ;NO;NO;C.I.;13:49:50;17:00:00;121;812;26,00;26,00;812;$;29.259.975,69;1;Negociada;13:51:52;;30-71715701-6;INN AGRO CROP SRL;AO;30-68934701-7;CHIMAGRO SA;Certificado MiPyME;;
1551313;14/09/2026;No Garantizado;SI;NO;NO;ECHEQ;NO;NO;C.I.;13:50:31;17:00:00;79;812;26,00;26,00;812;$;45.900.000,00;1;Negociada;13:52:32;;30-66518200-9;PISSACO MARIO R Y PISSACO JORGE L;AO;30-50342334-7;TALLERES METALURGICOS CRUCIANELLI SA;Certificado MiPyME;;
1551314;14/09/2026;No Garantizado;SI;NO;NO;ECHEQ;NO;NO;C.I.;13:50:57;17:00:00;128;812;26,00;26,00;812;$;20.000.000,00;1;Negociada;13:52:59;;30-71538493-7;QUERCUS SOCIEDAD DE RESPONSABILIDAD LIMITADA;AO;30-68934701-7;CHIMAGRO SA;Certificado MiPyME;;
1551315;14/09/2026;No Garantizado;SI;SI;NO;ECHEQ;NO;NO;C.I.;13:51:02;17:00:00;76;754;37,00;37,00;754;$;409.680,00;2;Negociada;13:53:03;;27-28650568-1;BELTRAMO YANINA DEL VALLE;AO;30-68537177-0;JUAN MARIO ESPAÑON SA;Certificado MiPyME;;
1551316;14/09/2026;No Garantizado;SI;SI;NO;ECHEQ;NO;NO;C.I.;13:51:18;17:00:00;93;754;37,00;37,00;754;$;991.999,96;3;Negociada;13:53:19;;30-71769530-1;DASLOR S.A.S.;AO;30-68537177-0;JUAN MARIO ESPAÑON SA;Certificado MiPyME;;
1551317;14/09/2026;No Garantizado;SI;NO;NO;ECHEQ;NO;NO;C.I.;13:51:31;17:00:00;65;812;26,00;26,00;812;$;25.000.000,00;1;Negociada;13:53:33;;30-62968337-9;PINTUCCI Y GUIZZO SOCIEDAD ANONIMA S. A.;AO;30-50342334-7;TALLERES METALURGICOS CRUCIANELLI SA;Certificado MiPyME;;
1551318;14/09/2026;No Garantizado;SI;SI;NO;ECHEQ;SI;NO;C.I.;13:51:33;17:00:00;107;754;37,00;37,00;754;$;4.381.614,70;1;Negociada;13:53:35;;33-71710141-9;ARDION S.A.;NO;30-68537177-0;JUAN MARIO ESPAÑON SA;Certificado MiPyME;;
1551319;14/09/2026;No Garantizado Calificado;NO;SI;NO;ECHEQ;NO;NO;C.I.;13:51:43;17:00:00;8;;;32,00;560;$;30.891.609,50;1;Desierta;;;33-70775105-9;ECOCARNES S.A.;AO;30-70054770-8;RINDER S A;;;
1551320;14/09/2026;No Garantizado;SI;SI;NO;ECHEQ;NO;NO;C.I.;13:51:51;17:00:00;100;423;39,00;39,00;423;$;2.929.714,16;1;Negociada;13:53:54;;30-54610660-4;SANATORIO PRIVADO SAN ROQUE S R L;AO;30-71494675-3;ORTOPEDIA PIERO S.R.L.;Certificado MiPyME;;
1551321;14/09/2026;No Garantizado;SI;SI;NO;ECHEQ;NO;NO;C.I.;13:51:51;17:00:00;92;754;37,00;37,00;754;$;1.098.400,00;1;Negociada;13:53:54;;20-31200365-2;FRUTOS GASTÓN DAMIÁN;AO;30-68537177-0;JUAN MARIO ESPAÑON SA;Certificado MiPyME;;
1551322;14/09/2026;No Garantizado;NO;SI;NO;PAGARE;NO;NO;C.I.;13:52:05;17:00:00;291;526;9,00;9,00;526;DOL;10.000,00;1;Negociada;13:56:33;;20-31240308-1;TOTARO SANTIAGO JOSE;;20-31240308-1;TOTARO SANTIAGO JOSE;;;
1551323;14/09/2026;No Garantizado;SI;NO;NO;ECHEQ;NO;NO;C.I.;13:52:08;17:00:00;18;812;26,00;26,00;812;$;25.000.000,00;1;Negociada;13:54:10;;33-53332811-9;COOPERATIVA LA GANADERA GENERAL RAMIREZ AGROPECUARIA DE CONSUMO Y PROVISION DE SERVICIOS PUBLICOS LTDA;AO;30-50342334-7;TALLERES METALURGICOS CRUCIANELLI SA;Certificado MiPyME;;
1551324;14/09/2026;No Garantizado;SI;SI;NO;ECHEQ;NO;NO;C.I.;13:52:13;17:00:00;84;423;39,00;39,00;423;$;7.125.249,94;2;Negociada;13:54:14;;30-71191171-1;IMAGENES CENTRO DE MEDICINA DIAGNOSTICA S.R.L.;AO;30-71494675-3;ORTOPEDIA PIERO S.R.L.;Certificado MiPyME;;
1551325;14/09/2026;No Garantizado;SI;SI;NO;ECHEQ;SI;NO;C.I.;13:52:21;17:00:00;107;795;35,00;37,00;754;$;2.383.339,48;1;Negociada;13:54:23;;30-54037289-2;PAPEL MISIONERO S A I F C;NO;;;Certificado MiPyME;;
1551326;14/09/2026;No Garantizado;SI;SI;NO;ECHEQ;NO;NO;C.I.;13:52:37;17:00:00;18;754;37,00;37,00;754;$;1.441.306,50;1;Negociada;13:54:39;;30-71210113-6;CREDITO DIRECTO S.A.;AO;30-68537177-0;JUAN MARIO ESPAÑON SA;Certificado MiPyME;;
1551327;14/09/2026;No Garantizado;SI;NO;NO;ECHEQ;NO;NO;C.I.;13:52:38;17:00:00;95;812;26,00;26,00;812;$;21.930.415,03;1;Negociada;13:54:39;;30-61889992-2;MILKLAND SA;AO;30-68934701-7;CHIMAGRO SA;Certificado MiPyME;;
1551328;14/09/2026;Avalado;;SI;NO;ECHEQ;NO;NO;24Hs.;13:52:48;17:00:00;72;406;27,00;27,00;545;$;60.000.000,00;3;Negociada;14:40:48;CREC;;Crecer S.G.R.;AO;;;;;
1551329;14/09/2026;No Garantizado;SI;SI;NO;ECHEQ;NO;NO;24Hs.;13:52:56;17:00:00;23;559;27,00;27,00;598;$;52.829.980,00;1;Negociada;15:09:49;;30-50673003-8;S A IMPORTADORA Y EXPORTADORA DE LA PATAGONIA;AO;;;Certificado MiPyME;;
1551330;14/09/2026;No Garantizado;SI;NO;NO;ECHEQ;NO;NO;C.I.;13:53:23;17:00:00;114;812;26,00;26,00;812;$;18.082.105,38;1;Negociada;13:55:24;;30-50872011-0;COOPERATIVA AGRICOLA GANADERA TAMBERA LTDA. DE MONJE;AO;30-68934701-7;CHIMAGRO SA;Certificado MiPyME;;
1551331;14/09/2026;No Garantizado;NO;SI;NO;PAGARE;NO;NO;C.I.;13:53:27;17:00:00;367;;;;526;DOL;125.000,00;1;Desierta (Baja);;;20-14009419-7;LLAMAS JORGE ALFREDO;;20-14009419-7;LLAMAS JORGE ALFREDO;;;
1551332;14/09/2026;No Garantizado;NO;SI;NO;ECHEQ;NO;NO;C.I.;13:53:27;17:00:00;14;278;35,00;35,00;278;$;15.000.000,00;1;Negociada;14:02:47;;30-71664137-2;ARGCLEAN SOCIEDAD POR ACCIONES SIMPLIFICADA;AO;30-70337945-8;NOBEL COOPERATIVA DE CREDITO, VIVIENDA Y SERVICIO DE TRANSPORTE LIMITADA;;;
1551333;14/09/2026;Avalado;;SI;NO;ECHEQ;SI;NO;24Hs.;13:53:34;17:00:00;128;754;31,00;31,00;754;$;5.000.000,00;1;Negociada;15:37:10;ACEN;;Avales del Centro S.G.R.;NO;;;;;
1551334;14/09/2026;No Garantizado;SI;NO;NO;ECHEQ;NO;NO;C.I.;13:53:56;17:00:00;114;812;26,00;26,00;812;$;20.006.303,49;1;Negociada;13:55:58;;30-64776077-1;AGROCONSULT S.A.;AO;30-68934701-7;CHIMAGRO SA;Certificado MiPyME;;
1551335;14/09/2026;No Garantizado;NO;SI;NO;PAGARE;NO;NO;24Hs.;13:54:04;17:00:00;366;526;10,00;10,00;526;DOL;125.000,00;1;Negociada;13:56:43;;20-14009419-7;LLAMAS JORGE ALFREDO;;20-14009419-7;LLAMAS JORGE ALFREDO;;;
1551336;14/09/2026;No Garantizado;NO;SI;NO;ECHEQ;NO;NO;24Hs.;13:54:06;17:00:00;68;572;36,00;36,00;785;$;200.000.000,00;4;Negociada;14:32:12;;30-71489604-7;FARMALIFE S.A.;AO;30-71489604-7;FARMALIFE S.A.;;;
1551337;14/09/2026;No Garantizado;SI;NO;NO;ECHEQ;NO;NO;C.I.;13:54:33;17:00:00;114;812;26,00;26,00;812;$;12.265.975,54;1;Negociada;13:56:35;;30-71799055-9;LUGA AGRONEGOCIOS S.R.L.;AO;30-68934701-7;CHIMAGRO SA;Certificado MiPyME;;
1551338;14/09/2026;No Garantizado;SI;NO;NO;ECHEQ;NO;NO;C.I.;13:55:05;17:00:00;95;812;26,00;26,00;812;$;13.292.978,19;1;Negociada;13:57:07;;30-55483616-6;COOPERATIVA  DE SERVICIOS PUBLICOS GENERAL DON JOSE DE SAN MARTIN LTDA;AO;30-68934701-7;CHIMAGRO SA;Certificado MiPyME;;
1551339;14/09/2026;No Garantizado;SI;SI;NO;ECHEQ;SI;NO;C.I.;13:55:11;17:00:00;51;723;26,50;27,00;526;$;11.494.357,67;1;Negociada;13:57:13;;30-50374753-3;S C JOHNSON  &  SON DE ARGENTINA SOCIEDAD ANONIMA INDUSTRIAL COMERCIAL;NO;;;Certificado MiPyME;;
1551340;14/09/2026;Avalado;;SI;NO;ECHEQ;NO;NO;24Hs.;13:55:21;17:00:00;63;442;27,00;27,00;442;$;35.000.000,00;1;Negociada;16:52:47;AVAL;;Avaluar S.G.R.;AO;;;;;
1551341;14/09/2026;No Garantizado;SI;NO;NO;ECHEQ;NO;NO;C.I.;13:55:33;17:00:00;93;812;26,00;26,00;812;$;19.335.818,51;1;Negociada;13:57:34;;30-53116466-7;COOPERATIVA AGRICOLA GANADERA DE VIDELA LIMITADA;AO;30-68934701-7;CHIMAGRO SA;Certificado MiPyME;;
1551342;14/09/2026;No Garantizado;SI;NO;NO;ECHEQ;NO;NO;C.I.;13:56:04;17:00:00;95;812;26,00;26,00;812;$;17.625.937,88;1;Negociada;13:58:05;;30-61818824-4;FIORDANI RENZI CEREALES S.A.;AO;30-68934701-7;CHIMAGRO SA;Certificado MiPyME;;
1551343;14/09/2026;Avalado;;SI;NO;ECHEQ;SI;NO;24Hs.;13:57:07;17:00:00;162;501;28,50;28,50;545;$;4.500.000,00;2;Negociada;13:59:08;FGLR;;Fdo.de Gtia.Pub. La Rioja;NO;;;;;
1551344;14/09/2026;No Garantizado;NO;SI;NO;ECHEQ;NO;NO;C.I.;13:57:23;17:00:00;8;503;33,00;33,00;554;$;750.000,00;1;Negociada;13:59:24;;30-71515649-7;BRODA S.A.;AO;30-70973079-3;BUSINESS INTELLIGENCE GROUP S.A.;;;
1551345;14/09/2026;No Garantizado Calificado;SI;SI;NO;ECHEQ;SI;NO;C.I.;13:57:26;17:00:00;22;770;28,00;28,00;770;$;18.725.455,00;1;Negociada;14:15:19;;30-70729057-5;NOVA BRANDS;NO;30-71828148-9;GLEVON;Certificado MiPyME;;
1551346;14/09/2026;No Garantizado;SI;SI;NO;PAGARE;NO;NO;C.I.;13:57:38;17:00:00;30;770;27,00;27,00;770;$;100.000.000,00;1;Negociada;14:05:58;;30-71869714-6;GRILUDELL SRL;;30-71869714-6;GRILUDELL SRL;Certificado MiPyME;;
1551347;14/09/2026;No Garantizado;NO;SI;NO;ECHEQ;NO;NO;C.I.;13:57:39;17:00:00;18;554;33,00;33,00;554;$;1.250.000,00;2;Negociada;13:59:40;;30-71515649-7;BRODA S.A.;AO;30-70973079-3;BUSINESS INTELLIGENCE GROUP S.A.;;;
1551348;14/09/2026;No Garantizado;NO;SI;NO;PAGARE;NO;NO;C.I.;13:57:49;17:00:00;367;526;8,00;8,00;767;DOL;750.000,00;1;Negociada;13:59:51;;30-70748118-4;ANJOR S.A.;;30-70748118-4;ANJOR S.A.;;;
1551349;14/09/2026;No Garantizado;NO;SI;NO;PAGARE;NO;NO;24Hs.;13:58:43;17:00:00;366;526;8,00;8,00;767;DOL;750.000,00;1;Negociada;14:00:44;;30-70748118-4;ANJOR S.A.;;30-70748118-4;ANJOR S.A.;;;
1551350;14/09/2026;No Garantizado Calificado;SI;SI;NO;FCE;NO;NO;24Hs.;13:59:00;17:00:00;119;114;29,00;29,00;545;$;24.718.212,51;1;Negociada;15:10:54;%CMQ;33-50835825-9;CERVECERIA Y MALTERIA QUILMES S.A.I.C.A. Y G.;;;;;;
1551351;14/09/2026;No Garantizado;SI;SI;NO;ECHEQ;NO;NO;C.I.;13:59:11;17:00:00;37;770;27,00;27,00;770;$;40.127,24;1;Negociada;15:08:13;;30-52107070-2;CISILOTTO HNOS SOCIEDAD ANONIMA COMERCIAL INDUSTRIAL FINANCIERA E INMOBILIARIA;AO;30-57986601-9;PARQUE PAMPA S.A.;Certificado MiPyME;;
1551352;14/09/2026;No Garantizado;NO;SI;NO;ECHEQ;NO;NO;24Hs.;13:59:17;17:00:00;92;526;30,00;30,00;767;$;10.000.000,00;1;Negociada;14:01:18;;30-71793661-9;ENERGY LATAM COMPANY S.A.;AO;30-71793661-9;ENERGY LATAM COMPANY S.A.;;;
1551353;14/09/2026;No Garantizado;SI;SI;NO;ECHEQ;NO;NO;24Hs.;13:59:19;17:00:00;43;432;28,00;28,00;432;$;4.742.225,40;6;Negociada;15:00:26;;30-68326421-7;EXCAVACIONES PASTORI S R L;AO;30-71409422-6;ASOCIACION MUTUAL 23 DE SETIEMBRE;Certificado MiPyME;;
1551354;14/09/2026;No Garantizado;SI;SI;NO;ECHEQ;NO;NO;C.I.;13:59:26;17:00:00;36;770;27,00;27,00;770;$;706.444,00;1;Negociada;15:08:33;;33-66255228-9;EFIL SA;AO;30-57986601-9;PARQUE PAMPA S.A.;Certificado MiPyME;;
1551355;14/09/2026;No Garantizado;SI;SI;NO;ECHEQ;NO;NO;24Hs.;13:59:35;17:00:00;30;432;28,00;28,00;432;$;6.789.169,40;2;Negociada;15:00:45;;30-67315978-4;LA MADERERA S R L;AO;30-71409422-6;ASOCIACION MUTUAL 23 DE SETIEMBRE;Certificado MiPyME;;
1551356;14/09/2026;No Garantizado;NO;SI;NO;ECHEQ;NO;NO;24Hs.;13:59:45;17:00:00;61;526;30,00;30,00;767;$;42.000.000,00;3;Negociada;14:01:46;;30-71670972-4;ROFREN S.A.S.;AO;30-71670972-4;ROFREN S.A.S.;;;
1551357;14/09/2026;No Garantizado;SI;SI;NO;ECHEQ;NO;NO;C.I.;13:59:49;17:00:00;37;770;27,00;27,00;770;$;2.319.260,06;1;Negociada;15:09:28;;30-71109069-6;CORRALON RIVADAVIA S.A.;AO;30-57986601-9;PARQUE PAMPA S.A.;Certificado MiPyME;;
1551358;14/09/2026;No Garantizado;SI;SI;NO;ECHEQ;NO;NO;24Hs.;13:59:51;17:00:00;21;432;28,00;28,00;432;$;1.645.099,05;1;Negociada;15:01:05;;30-59363033-8;EL RINCON DE PIEDRA DEL AGUILA S R L;AO;30-71409422-6;ASOCIACION MUTUAL 23 DE SETIEMBRE;Certificado MiPyME;;
1551359;14/09/2026;No Garantizado;SI;SI;NO;ECHEQ;NO;NO;24Hs.;14:00:02;17:00:00;34;432;28,00;28,00;432;$;1.650.000,00;1;Negociada;15:01:23;;30-70791371-8;PAVETTI GUSTAVO ALBERTO Y GUERRERO RODOLFO GUSTAVO;AO;30-71409422-6;ASOCIACION MUTUAL 23 DE SETIEMBRE;Certificado MiPyME;;
1551360;14/09/2026;No Garantizado Calificado;SI;SI;NO;ECHEQ;NO;NO;C.I.;14:00:10;17:00:00;35;770;27,00;27,00;770;$;400.000,00;1;Negociada;15:09:45;;30-71090140-2;REDIMAT S.A.;AO;30-57986601-9;PARQUE PAMPA S.A.;Certificado MiPyME;;
1551361;14/09/2026;No Garantizado;SI;SI;NO;ECHEQ;NO;NO;24Hs.;14:00:15;17:00:00;30;432;28,00;28,00;432;$;12.000.000,00;1;Negociada;15:01:43;;30-70878172-6;COMERCIALIZADORA DE ALIMENTOS S.R.L.;AO;30-71409422-6;ASOCIACION MUTUAL 23 DE SETIEMBRE;Certificado MiPyME;;
1551362;14/09/2026;No Garantizado;SI;SI;NO;ECHEQ;NO;NO;24Hs.;14:00:27;17:00:00;30;432;28,00;28,00;432;$;3.628.880,99;1;Negociada;15:02:00;;30-71020783-2;LOS MELLIZOS MORALES SOCIEDAD ANONIMA;AO;30-71409422-6;ASOCIACION MUTUAL 23 DE SETIEMBRE;Certificado MiPyME;;
1551363;14/09/2026;No Garantizado Calificado;NO;SI;NO;ECHEQ;NO;NO;C.I.;14:01:40;17:00:00;45;770;48,00;48,00;714;$;5.000.000,00;1;Negociada;14:03:42;;30-71682909-6;FULLCREDIT S.A.;AO;30-71682909-6;FULLCREDIT S.A.;;;
1551364;14/09/2026;No Garantizado;NO;SI;NO;PAGARE;NO;NO;24Hs.;14:05:14;17:00:00;231;430;8,00;8,00;430;DOL;23.000,00;1;Negociada;14:07:17;;30-71551831-3;AGROPECUARIA TRES MONTES S.A.;;30-71551831-3;AGROPECUARIA TRES MONTES S.A.;;;
1551365;14/09/2026;No Garantizado;NO;SI;NO;PAGARE;NO;NO;24Hs.;14:05:25;17:00:00;290;591;3,00;3,00;591;DOL;85.000,00;1;Negociada;14:07:27;;30-71947895-2;DOS YARARA;;30-71947895-2;DOS YARARA;;;
1551366;14/09/2026;No Garantizado Calificado;NO;SI;NO;PAGARE;NO;NO;C.I.;14:06:05;17:00:00;74;;;9,00;591;DOL;65.000,00;1;Desierta;;;30-71736777-0;DIARADO S. A. S.;;30-71736777-0;DIARADO S. A. S.;;;
1551367;14/09/2026;Avalado;;SI;NO;ECHEQ;NO;NO;24Hs.;14:06:08;17:00:00;100;;;24,00;526;$;139.158.053,60;19;Desierta;;AVRU;;Aval Rural S.G.R.;AO;;;;;
1551368;14/09/2026;No Garantizado;SI;SI;NO;ECHEQ;NO;NO;C.I.;14:06:20;17:00:00;58;;;0,00;754;$;5.000.000,00;1;Desierta (Baja);;;30-71597715-6;NID S.A.S;AO;30-71597715-6;NID S.A.S;Certificado MiPyME;;
1551369;14/09/2026;No Garantizado Calificado;NO;SI;NO;ECHEQ;NO;NO;C.I.;14:07:29;17:00:00;26;764;29,00;29,00;764;$;119.720.000,00;3;Negociada;14:23:42;;30-71224270-8;PRODUCIR INTEGRAL S.A;AO;30-71224270-8;PRODUCIR INTEGRAL S.A;;;
1551370;14/09/2026;Avalado;;SI;NO;ECHEQ;NO;NO;24Hs.;14:07:50;17:00:00;63;754;26,00;26,00;868;$;1.878.380,85;1;Negociada;16:18:36;POTE;;Potenciar S.G.R.;AO;;;;;
1551371;14/09/2026;Avalado;;SI;NO;PAGARE;NO;NO;24Hs.;14:07:59;17:00:00;323;430;6,99;7,00;868;DOL;6.000,00;1;Negociada;15:01:58;POTE;;Potenciar S.G.R.;;;;;;
1551372;14/09/2026;No Garantizado;NO;SI;NO;ECHEQ;NO;NO;C.I.;14:08:03;17:00:00;58;767;42,00;42,00;767;$;9.882.039,18;3;Negociada;14:10:05;;30-71017295-8;OBRAS Y SERVICIOS DIENSTEN S.A.;AO;;;;;
1551373;14/09/2026;No Garantizado;NO;SI;NO;ECHEQ;NO;NO;C.I.;14:08:40;17:00:00;47;510;32,00;32,00;510;$;15.000.000,00;5;Negociada;14:10:42;;30-71464978-3;DAHE SOLUCIONES SA;AO;30-71464978-3;DAHE SOLUCIONES SA;;;
1551374;14/09/2026;No Garantizado Calificado;NO;SI;NO;ECHEQ;NO;NO;C.I.;14:08:47;17:00:00;46;539;36,00;36,00;792;$;25.518.750,00;3;Negociada;14:10:48;;30-70978380-3;G&T LOGISTICA SA;AO;20-31273524-6;HEGOUABURU GUILLERMO;;;
1551375;14/09/2026;No Garantizado;NO;SI;NO;ECHEQ;NO;NO;24Hs.;14:08:47;17:00:00;64;526;30,00;30,00;767;$;14.000.000,00;1;Negociada;14:10:48;;30-71670972-4;ROFREN S.A.S.;AO;30-71670972-4;ROFREN S.A.S.;;;
1551376;14/09/2026;No Garantizado Calificado;NO;SI;NO;ECHEQ;NO;NO;C.I.;14:09:10;17:00:00;52;427;35,00;35,00;427;$;2.835.000,00;3;Negociada;14:11:12;;30-71760291-5;SPORTZAGA S.A.;AO;30-71760291-5;SPORTZAGA S.A.;;;
1551377;14/09/2026;No Garantizado;NO;SI;NO;ECHEQ;SI;NO;C.I.;14:10:43;17:00:00;23;841;26,00;26,00;529;$;2.039.032,80;1;Negociada;14:12:44;;30-69847147-2;DINOSAURIO S.A.;NO;;;;;
1551378;14/09/2026;Avalado;;SI;NO;ECHEQ;NO;NO;24Hs.;14:11:21;17:00:00;34;406;26,00;26,00;716;$;13.333.334,00;2;Negociada;14:13:22;CREC;;Crecer S.G.R.;AO;;;;;
1551379;14/09/2026;Avalado;;SI;NO;ECHEQ;NO;NO;24Hs.;14:11:30;17:00:00;120;;;21,00;754;$;462.250.233,30;1;Desierta;;GARA;;Garantizar S.G.R.;AO;;;;;
1551380;14/09/2026;No Garantizado;NO;SI;NO;ECHEQ;NO;NO;C.I.;14:11:36;17:00:00;65;795;26,25;26,50;15;$;202.718.259,88;2;Negociada;14:13:38;;30-68537634-9;TARJETA NARANJA S.A.U.;AO;;;;;
1551381;14/09/2026;Avalado;;SI;NO;ECHEQ;NO;NO;24Hs.;14:12:01;17:00:00;57;567;26,00;26,00;567;$;30.000.000,00;1;Negociada;15:12:01;PROM;;Promover S.G.R.;AO;;;;;
1551382;14/09/2026;No Garantizado;NO;SI;NO;ECHEQ;SI;NO;C.I.;14:12:15;17:00:00;60;15;26,20;26,50;15;$;379.904.103,88;5;Negociada;14:15:52;;30-68537634-9;TARJETA NARANJA S.A.U.;NO;;;;;
1551383;14/09/2026;Avalado;;SI;NO;ECHEQ;NO;NO;24Hs.;14:12:17;17:00:00;52;567;26,00;26,00;567;$;6.684.205,70;4;Negociada;15:06:15;PROM;;Promover S.G.R.;AO;;;;;
1551384;14/09/2026;Avalado;;SI;NO;ECHEQ;NO;NO;24Hs.;14:12:41;17:00:00;57;;;26,00;529;$;4.500.000,00;1;Desierta;;AVLR;;Aval Ar S.G.R.;AO;;;;;
1551385;14/09/2026;No Garantizado;NO;SI;NO;ECHEQ;NO;NO;C.I.;14:12:41;17:00:00;21;15;26,20;26,50;15;$;65.897.884,44;1;Negociada;14:16:53;;30-67813830-0;DORINKA S.R.L.;AO;;;;;
1551386;14/09/2026;No Garantizado;NO;SI;NO;PAGARE;NO;NO;C.I.;14:12:52;17:00:00;231;;;0,00;42;U$D;150.000,00;1;Desierta (Baja);;;30-71490821-5;LIFE DESARROLLOS S. R. L.;;30-71490821-5;LIFE DESARROLLOS S. R. L.;;;
1551387;14/09/2026;Avalado;;SI;NO;CPD;NO;NO;24Hs.;14:13:15;17:00:00;71;543;28,00;28,00;543;$;5.000.000,00;1;Negociada;16:40:16;RIGA;;RIG Avales S.G.R.;;;;;;
1551388;14/09/2026;Avalado;;SI;NO;PAGARE;NO;NO;24Hs.;14:13:24;17:00:00;364;;;7,50;543;U$D;5.000,00;1;Desierta;;RIGA;;RIG Avales S.G.R.;;;;;;
1551389;14/09/2026;Avalado;;SI;NO;ECHEQ;NO;NO;24Hs.;14:13:39;17:00:00;78;114;25,00;25,00;16;$;2.000.000,00;1;Negociada;15:08:33;ARPY;;Argenpymes S.G.R.;AO;;;;;
1551390;14/09/2026;No Garantizado;SI;SI;NO;ECHEQ;NO;NO;C.I.;14:13:41;17:00:00;73;;;;43;$;387.529.267,44;1;Desierta (Baja);;;30-59036076-3;CENCOSUD S A;AO;33-50052990-9;RAFAELA ALIMENTOS  S. A.;Certificado MiPyME;;
1551391;14/09/2026;Garantizado;SI;SI;NO;ECHEQ;NO;NO;24Hs.;14:13:43;17:00:00;24;523;24,25;24,25;598;$;57.540.322,11;22;Negociada;14:15:44;;;;AO;;;Certificado MiPyME;;
1551392;14/09/2026;No Garantizado Calificado;NO;SI;NO;PAGARE;NO;NO;C.I.;14:14:18;17:00:00;122;526;8,00;8,00;526;DOL;15.180,00;1;Negociada;14:37:40;;33-71746184-9;AGRO PARUEL S. R. L.;;33-71746184-9;AGRO PARUEL S. R. L.;;;
1551393;14/09/2026;No Garantizado;NO;SI;NO;ECHEQ;NO;NO;C.I.;14:14:24;17:00:00;45;754;35,00;35,00;754;$;1.605.030,00;2;Negociada;14:16:26;;30-62847526-8;SILDARIA S A;AO;30-70904852-6;FANTINI POSTES S.A.;;;
1551394;14/09/2026;No Garantizado Calificado;NO;SI;NO;ECHEQ;NO;NO;C.I.;14:14:45;17:00:00;65;754;36,00;36,00;754;$;40.385.000,00;6;Negociada;14:16:47;;30-71188957-0;ESTABLECIMIENTO BOSQUE ALTO S.A.;AO;30-70904852-6;FANTINI POSTES S.A.;;;
1551395;14/09/2026;No Garantizado;NO;SI;NO;ECHEQ;NO;NO;C.I.;14:15:04;17:00:00;73;754;35,00;35,00;754;$;5.609.269,56;12;Negociada;14:17:05;;30-71940776-1;VETA MADRE S.R.L.;AO;30-70904852-6;FANTINI POSTES S.A.;;;
1551396;14/09/2026;No Garantizado;NO;SI;NO;ECHEQ;NO;NO;C.I.;14:15:15;17:00:00;21;;;0,00;465;$;25.680.504,80;5;Desierta (Baja);;;30-71654947-6;GRUPO ALIMENTAR S.A.;AO;30-71708887-1;7B INGENIERIA SRL;;;
1551397;14/09/2026;No Garantizado;NO;SI;NO;ECHEQ;NO;NO;C.I.;14:15:24;17:00:00;61;754;36,00;36,00;754;$;41.623.274,00;7;Negociada;14:17:35;;33-64080644-9;A PE S A;AO;30-70904852-6;FANTINI POSTES S.A.;;;
1551398;14/09/2026;No Garantizado;NO;SI;NO;ECHEQ;NO;NO;C.I.;14:15:36;17:00:00;18;841;29,00;30,00;465;$;5.741.234,32;1;Negociada;14:17:37;;30-64806084-6;NOAL S A;AO;30-71708887-1;7B INGENIERIA SRL;;;
1551399;14/09/2026;Avalado;;SI;NO;ECHEQ;NO;NO;24Hs.;14:15:46;17:00:00;80;406;27,50;27,50;449;$;3.879.511,31;1;Negociada;14:17:47;CREC;;Crecer S.G.R.;AO;;;;;
1551400;14/09/2026;Avalado;;SI;NO;ECHEQ;NO;NO;C.I.;14:18:11;17:00:00;79;;;;785;$;260.000.000,00;3;Desierta (Baja);;AVAL;;Avaluar S.G.R.;AO;;;;;
1551401;14/09/2026;Avalado;;SI;NO;ECHEQ;NO;NO;C.I.;14:18:21;17:00:00;73;;;;785;$;260.000.000,00;3;Desierta (Baja);;AVAL;;Avaluar S.G.R.;AO;;;;;
1551402;14/09/2026;No Garantizado;NO;SI;NO;ECHEQ;NO;NO;24Hs.;14:19:33;17:00:00;29;834;60,00;60,00;834;$;5.000.000,00;1;Negociada;14:34:37;;30-71798641-1;CONSORCIO DE PROPIETARIOS DE TORRE LELOIR;AO;30-71798641-1;CONSORCIO DE PROPIETARIOS DE TORRE LELOIR;;;
1551403;14/09/2026;No Garantizado;NO;SI;NO;ECHEQ;SI;NO;24Hs.;14:19:43;17:00:00;29;834;60,00;60,00;834;$;3.000.000,00;1;Negociada;14:36:19;;30-71798641-1;CONSORCIO DE PROPIETARIOS DE TORRE LELOIR;NO;30-71798641-1;CONSORCIO DE PROPIETARIOS DE TORRE LELOIR;;;
1551404;14/09/2026;No Garantizado;NO;SI;NO;ECHEQ;SI;NO;24Hs.;14:19:53;17:00:00;28;834;60,00;60,00;834;$;2.000.000,00;1;Negociada;14:36:09;;30-71798641-1;CONSORCIO DE PROPIETARIOS DE TORRE LELOIR;NO;30-71798641-1;CONSORCIO DE PROPIETARIOS DE TORRE LELOIR;;;
1551405;14/09/2026;No Garantizado;NO;SI;NO;ECHEQ;NO;NO;24Hs.;14:20:04;17:00:00;29;834;60,00;60,00;834;$;5.000.000,00;1;Negociada;14:34:47;;30-71798641-1;CONSORCIO DE PROPIETARIOS DE TORRE LELOIR;AO;30-71798641-1;CONSORCIO DE PROPIETARIOS DE TORRE LELOIR;;;
1551406;14/09/2026;No Garantizado;NO;SI;NO;PAGARE;NO;NO;C.I.;14:20:09;17:00:00;73;866;6,80;6,80;866;DOL;10.130,00;1;Negociada;14:22:10;;20-20602674-0;MORALES WALTER  FABIAN;;20-20602674-0;MORALES WALTER  FABIAN;;;
1551407;14/09/2026;No Garantizado;NO;SI;NO;ECHEQ;NO;NO;24Hs.;14:20:13;17:00:00;29;834;60,00;60,00;834;$;5.000.000,00;1;Negociada;14:35:04;;30-71798641-1;CONSORCIO DE PROPIETARIOS DE TORRE LELOIR;AO;30-71798641-1;CONSORCIO DE PROPIETARIOS DE TORRE LELOIR;;;
1551408;14/09/2026;Avalado;;SI;NO;ECHEQ;NO;NO;24Hs.;14:20:41;17:00:00;91;442;27,00;27,00;442;$;9.948.500,00;3;Negociada;14:26:23;ARPY;;Argenpymes S.G.R.;AO;;;;;
1551409;14/09/2026;Avalado;;SI;NO;ECHEQ;NO;NO;24Hs.;14:21:33;17:00:00;64;754;26,00;26,00;427;$;27.000.000,00;5;Negociada;16:18:54;ARPY;;Argenpymes S.G.R.;AO;;;;;
1551410;14/09/2026;No Garantizado;NO;SI;NO;ECHEQ;NO;NO;C.I.;14:21:35;17:00:00;59;866;35,00;35,00;866;$;35.000.000,00;1;Negociada;14:23:36;;30-71074262-2;SANTA MARÍA SRL;AO;30-71074262-2;SANTA MARÍA SRL;;;
1551411;14/09/2026;Garantizado;SI;SI;NO;ECHEQ;NO;NO;24Hs.;14:21:37;17:00:00;24;523;24,25;24,25;559;$;50.000.000,00;1;Negociada;14:23:38;;;;AO;;;Certificado MiPyME;;
1551412;14/09/2026;No Garantizado;NO;SI;NO;PAGARE;NO;NO;C.I.;14:22:19;17:00:00;77;866;24,00;24,00;866;$;447.955.000,00;1;Negociada;14:24:21;;20-20602674-0;MORALES WALTER  FABIAN;;20-20602674-0;MORALES WALTER  FABIAN;;;
1551413;14/09/2026;No Garantizado Calificado;NO;SI;NO;ECHEQ;NO;NO;C.I.;14:23:23;17:00:00;32;866;35,00;35,00;866;$;14.450.000,00;1;Negociada;14:25:24;;30-71332270-5;VITALCAN S.A.;AO;30-71332270-5;VITALCAN S.A.;;;
1551414;14/09/2026;No Garantizado;NO;SI;NO;ECHEQ;NO;NO;C.I.;14:23:23;17:00:00;73;537;36,00;36,00;537;$;12.154.780,86;6;Negociada;14:28:29;;30-54601198-0;INSTITUTO MEDICO RIO CUARTO S A;AO;30-71681838-8;ROCHESTER S.A.;;;
1551415;14/09/2026;Avalado;;SI;NO;ECHEQ;NO;NO;24Hs.;14:23:43;17:00:00;78;;;;785;$;260.000.000,00;3;Desierta (Baja);;AVAL;;Avaluar S.G.R.;AO;;;;;
1551416;14/09/2026;Avalado;;SI;NO;ECHEQ;NO;NO;24Hs.;14:23:54;17:00:00;72;;;;785;$;260.000.000,00;3;Desierta;;AVAL;;Avaluar S.G.R.;AO;;;;;
1551417;14/09/2026;No Garantizado;NO;SI;NO;PAGARE;NO;NO;24Hs.;14:23:54;17:00:00;246;42;8,00;8,00;42;U$D;60.000,00;1;Negociada;14:58:59;;30-71743829-5;CINCO LAGOS  FIDEICOMISO;;30-71743829-5;CINCO LAGOS  FIDEICOMISO;;;
1551418;14/09/2026;No Garantizado;NO;SI;NO;ECHEQ;NO;NO;C.I.;14:25:19;17:00:00;93;571;42,00;42,00;571;$;10.000.000,00;4;Negociada;14:27:20;;30-71508561-1;GENAGRO CHIVILCOY S.A.;AO;30-71508561-1;GENAGRO CHIVILCOY S.A.;;;
1551420;14/09/2026;Garantizado Calificado;NO;SI;NO;ECHEQ;NO;NO;24Hs.;14:26:01;17:00:00;24;;;0,00;754;$;5.745.100,00;1;Desierta (Baja);;;;;AO;;;;;
1551421;14/09/2026;No Garantizado;NO;SI;NO;ECHEQ;NO;NO;C.I.;14:26:11;17:00:00;80;537;36,00;36,00;537;$;14.180.577,67;7;Negociada;14:28:51;;30-54601198-0;INSTITUTO MEDICO RIO CUARTO S A;AO;30-71681838-8;ROCHESTER S.A.;;;
1551422;14/09/2026;No Garantizado;SI;SI;NO;ECHEQ;NO;NO;C.I.;14:26:19;17:00:00;31;754;27,00;27,00;754;$;1.967.605,47;1;Negociada;14:28:21;;30-68537634-9;TARJETA NARANJA S.A.U.;AO;;;Certificado MiPyME;;
1551423;14/09/2026;No Garantizado;NO;SI;NO;ECHEQ;NO;NO;C.I.;14:26:23;17:00:00;59;866;33,00;33,00;866;$;50.000.000,00;1;Negociada;14:28:25;;30-68271370-0;MUTUAL A M F A Y S ASOCIACION MUTUAL;AO;30-68271370-0;MUTUAL A M F A Y S ASOCIACION MUTUAL;;;
1551424;14/09/2026;Avalado;;NO;NO;ECHEQ;NO;NO;24Hs.;14:26:41;17:00:00;38;;;10,00;15;$;22.527.157,90;5;Desierta;;FIDU;;Fid Aval S.G.R.;AO;;;;;
1551425;14/09/2026;Garantizado;SI;SI;NO;ECHEQ;NO;NO;24Hs.;14:26:42;17:00:00;92;406;28,00;28,00;591;$;15.000.000,00;3;Negociada;16:25:44;;;;AO;;;Certificado MiPyME;;
1551426;14/09/2026;No Garantizado Calificado;SI;SI;NO;ECHEQ;NO;NO;C.I.;14:26:43;17:00:00;61;754;28,00;28,00;754;$;4.402.471,50;5;Negociada;14:28:45;;30-71632558-6;GO SERVICIOS DIGITALES SOCIEDAD POR ACCIONES SIMPLIFICADA S. A. S.;AO;;;Certificado MiPyME;;
1551427;14/09/2026;No Garantizado;NO;SI;NO;ECHEQ;NO;NO;C.I.;14:27:01;17:00:00;95;537;36,00;36,00;537;$;14.180.577,67;7;Negociada;14:29:10;;30-54601198-0;INSTITUTO MEDICO RIO CUARTO S A;AO;30-71681838-8;ROCHESTER S.A.;;;
1551428;14/09/2026;No Garantizado;NO;SI;NO;ECHEQ;NO;NO;C.I.;14:27:02;17:00:00;135;764;37,00;37,00;764;$;5.400.000,00;1;Negociada;14:51:58;;30-69293803-4;FORLEN S.A.;AO;;;;;
1551429;14/09/2026;No Garantizado Calificado;NO;SI;NO;ECHEQ;NO;NO;C.I.;14:27:09;17:00:00;63;571;35,00;35,00;486;$;30.000.000,00;1;Negociada;14:31:06;;30-50560792-5;ECOSUR BAHIA SOCIEDAD ANONIMA;AO;;;;;
1551430;14/09/2026;No Garantizado;NO;SI;NO;ECHEQ;NO;NO;C.I.;14:27:24;17:00:00;65;764;37,00;37,00;764;$;4.084.080,00;1;Negociada;14:52:10;;30-71670972-4;ROFREN S.A.S.;AO;;;;;
1551431;14/09/2026;Avalado;;SI;NO;ECHEQ;NO;NO;24Hs.;14:27:39;17:00:00;99;406;28,00;28,00;537;$;7.426.844,29;1;Negociada;16:32:52;ACPY;;Acindar Pymes S.G.R.;AO;;;;;
1551432;14/09/2026;No Garantizado;NO;SI;NO;ECHEQ;NO;NO;C.I.;14:29:01;17:00:00;92;572;44,00;44,00;572;$;40.000.000,00;1;Negociada;14:33:13;;30-71546749-2;JUAN ROCCA NEUMATICOS S.R.L.;AO;30-71546749-2;JUAN ROCCA NEUMATICOS S.R.L.;;;
1551433;14/09/2026;Avalado;;SI;NO;ECHEQ;NO;NO;24Hs.;14:29:11;17:00:00;98;406;25,00;25,00;422;$;100.000.000,00;1;Negociada;14:31:12;CMFI;;BANCO COMAFI S.A.;AO;;;;;
1551434;14/09/2026;Avalado;;SI;NO;ECHEQ;SI;NO;24Hs.;14:30:09;17:00:00;90;804;27,00;27,00;804;$;8.000.000,00;1;Negociada;14:32:10;AFFI;;Affidavit S.G.R.;NO;;;;;
1551435;14/09/2026;No Garantizado;SI;SI;NO;ECHEQ;NO;NO;C.I.;14:30:11;17:00:00;78;572;30,00;30,00;598;$;12.231.526,83;1;Negociada;14:32:12;;30-52534126-3;FERRUM SA DE CERAMICA Y METALURGIA;AO;;;Certificado MiPyME;;
1551436;14/09/2026;No Garantizado;NO;SI;NO;ECHEQ;NO;NO;C.I.;14:30:16;17:00:00;25;572;31,00;31,00;572;$;22.297.500,00;2;Negociada;14:34:59;;33-71523644-9;CATYCAN S.A.;AO;;;;;
1551437;14/09/2026;No Garantizado Calificado;NO;SI;NO;ECHEQ;NO;NO;C.I.;14:30:26;17:00:00;39;572;35,00;35,00;572;$;40.000.000,00;1;Negociada;14:35:10;;30-71742805-2;DORADO EXPLORACIONES Y SERVICIOS (E&S)  S. A. S.;AO;;;;;
1551438;14/09/2026;No Garantizado;NO;SI;NO;ECHEQ;NO;NO;C.I.;14:30:39;17:00:00;30;572;31,00;31,00;572;$;10.000.000,00;2;Negociada;14:35:24;;30-71652159-8;EMPRESA DE MASCOTAS SA;AO;;;;;
1551439;14/09/2026;No Garantizado;NO;SI;NO;ECHEQ;NO;NO;C.I.;14:30:55;17:00:00;9;572;31,00;31,00;572;$;2.653.681,35;2;Negociada;14:35:38;;33-71205801-9;FLEET KYAN SRL;AO;;;;;
1551440;14/09/2026;Avalado;;SI;NO;ECHEQ;NO;NO;C.I.;14:31:07;17:00:00;130;;;0,00;767;$;25.000.000,00;1;Desierta (Baja);;AFFI;;Affidavit S.G.R.;AO;;;;;
1551441;14/09/2026;No Garantizado;NO;SI;NO;ECHEQ;NO;NO;C.I.;14:31:10;17:00:00;30;572;31,00;31,00;572;$;8.333.333,34;2;Negociada;14:35:52;;30-71652531-3;MASCOTAS DE ITUZAINGO S.A.;AO;;;;;
1551442;14/09/2026;No Garantizado;NO;SI;NO;ECHEQ;NO;NO;C.I.;14:31:18;17:00:00;29;572;31,00;31,00;572;$;4.166.666,67;1;Negociada;14:36:05;;30-71568805-7;MASCOTAS DEL OESTE S.R.L.;AO;;;;;
1551443;14/09/2026;Avalado;;SI;NO;ECHEQ;NO;NO;C.I.;14:31:22;17:00:00;128;;;0,00;767;$;25.000.000,00;1;Desierta (Baja);;AFFI;;Affidavit S.G.R.;AO;;;;;
1551444;14/09/2026;No Garantizado;NO;SI;NO;ECHEQ;NO;NO;C.I.;14:31:31;17:00:00;24;572;31,00;31,00;572;$;7.500.000,00;1;Negociada;14:36:15;;30-71683954-7;MASCOTAS ONLINE;AO;;;;;
1551445;14/09/2026;No Garantizado;NO;SI;NO;ECHEQ;NO;NO;C.I.;14:31:45;17:00:00;23;572;31,00;31,00;572;$;11.333.333,33;1;Negociada;14:36:25;;30-71712804-0;MERCADOMASCOTAS SA;AO;;;;;
1551446;14/09/2026;No Garantizado Calificado;NO;SI;NO;ECHEQ;NO;NO;C.I.;14:31:56;17:00:00;69;572;47,00;47,00;572;$;14.000.000,00;2;Negociada;14:36:37;;30-70794510-5;CORPORACION AVICOLA S. A.;AO;30-70794510-5;CORPORACION AVICOLA S. A.;;;
1551447;14/09/2026;No Garantizado;SI;SI;NO;ECHEQ;NO;NO;C.I.;14:32:01;17:00:00;73;569;28,00;28,00;43;$;387.529.267,44;1;Negociada;14:38:10;;30-59036076-3;CENCOSUD S A;AO;33-50052990-9;RAFAELA ALIMENTOS  S. A.;Certificado MiPyME;;
1551448;14/09/2026;Avalado;;SI;NO;ECHEQ;NO;NO;C.I.;14:32:50;17:00:00;99;569;30,00;30,00;569;$;67.000.000,00;1;Negociada;16:52:23;ZOFI;;Zofingen S.G.R.;AO;;;;;
1551449;14/09/2026;Avalado;;SI;NO;ECHEQ;NO;NO;24Hs.;14:33:06;17:00:00;106;526;26,50;26,50;526;$;191.759.637,34;11;Negociada;14:50:39;BIND;;Garantias Bind S.G.R.;AO;;;;;
1551450;14/09/2026;No Garantizado;NO;SI;NO;ECHEQ;NO;NO;24Hs.;14:33:13;17:00:00;20;;;0,00;465;$;25.680.504,80;5;Desierta (Baja);;;30-71654947-6;GRUPO ALIMENTAR S.A.;AO;30-71708887-1;7B INGENIERIA SRL;;;
1551451;14/09/2026;No Garantizado Calificado;NO;SI;NO;ECHEQ;NO;NO;24Hs.;14:33:57;17:00:00;20;;;0,00;465;$;5.263.217,00;1;Desierta (Baja);;;20-20084360-7;CRUCIANELLI DANIEL ADRIAN;AO;30-71708887-1;7B INGENIERIA SRL;;;
1551452;14/09/2026;No Garantizado Calificado;SI;NO;NO;ECHEQ;NO;NO;C.I.;14:35:47;17:00:00;93;767;40,00;40,00;767;$;1.178.000,00;1;Negociada;15:53:46;;20-22346047-0;AYALA ROBERTO ADRIAN;AO;20-22346047-0;AYALA ROBERTO ADRIAN;Certificado MiPyME;;
1551453;14/09/2026;Avalado;;SI;NO;ECHEQ;NO;NO;24Hs.;14:35:55;17:00:00;17;;;24,00;422;$;9.219.244,51;3;Desierta;;CMFI;;BANCO COMAFI S.A.;AO;;;;;
1551454;14/09/2026;No Garantizado;NO;SI;NO;ECHEQ;NO;NO;C.I.;14:36:43;17:00:00;57;25;36,00;36,00;25;$;10.000.000,00;1;Negociada;14:38:45;;30-70773203-9;AVELINO S.A.;AO;30-70773203-9;AVELINO S.A.;;;
1551455;14/09/2026;No Garantizado;NO;SI;NO;ECHEQ;NO;NO;C.I.;14:37:05;17:00:00;31;;;40,00;828;$;2.900.000,00;1;Desierta;;;30-70791371-8;PAVETTI GUSTAVO ALBERTO Y GUERRERO RODOLFO GUSTAVO;AO;30-70791371-8;PAVETTI GUSTAVO ALBERTO Y GUERRERO RODOLFO GUSTAVO;;;
1551456;14/09/2026;No Garantizado;NO;SI;NO;ECHEQ;NO;NO;C.I.;14:37:20;17:00:00;72;25;32,00;32,00;25;$;45.000.000,00;5;Negociada;14:39:21;;30-70773203-9;AVELINO S.A.;AO;30-70773203-9;AVELINO S.A.;;;
1551457;14/09/2026;Avalado;;SI;NO;ECHEQ;NO;NO;24Hs.;14:37:40;17:00:00;44;287;25,00;25,00;422;$;1.103.859,65;2;Negociada;15:31:18;CMFI;;BANCO COMAFI S.A.;AO;;;;;
1551458;14/09/2026;Avalado;;SI;NO;ECHEQ;NO;NO;24Hs.;14:38:19;17:00:00;22;287;25,00;25,00;422;$;15.390.466,49;1;Negociada;15:28:23;CMFI;;BANCO COMAFI S.A.;AO;;;;;
1551459;14/09/2026;No Garantizado;NO;SI;NO;ECHEQ;NO;NO;C.I.;14:39:26;17:00:00;37;512;30,00;30,00;512;$;800.000.000,00;2;Negociada;14:41:27;;30-71679474-8;OPEN PASS S. A. U.;AO;30-71679474-8;OPEN PASS S. A. U.;;;
1551460;14/09/2026;No Garantizado;NO;SI;NO;PAGARE;NO;NO;24Hs.;14:39:40;17:00:00;48;545;24,00;24,00;808;$;930.000.000,00;1;Negociada;14:41:41;;30-71927261-0;M&C SOLUTIONS;;30-71927261-0;M&C SOLUTIONS;;;
1551461;14/09/2026;No Garantizado;NO;SI;NO;ECHEQ;NO;NO;C.I.;14:39:53;17:00:00;38;;;60,00;529;$;3.000.000,00;1;Desierta;;;30-71703334-1;GRUPO PAMPEANO S.R.L.;AO;;;;;
1551462;14/09/2026;No Garantizado;NO;SI;NO;ECHEQ;NO;NO;C.I.;14:40:12;17:00:00;49;808;55,00;55,00;808;$;179.165.000,00;4;Negociada;14:46:13;;30-71640610-1;S&S SOLUTIONS S.A;AO;30-71640610-1;S&S SOLUTIONS S.A;;;
1551463;14/09/2026;No Garantizado;NO;SI;NO;ECHEQ;NO;NO;C.I.;14:40:26;17:00:00;55;808;55,00;55,00;808;$;139.681.000,00;4;Negociada;14:45:41;;33-70927609-9;COOPERATIVA DE CREDITO, CONSUMO  Y VIVIENDA MASELE LTDA.;AO;33-70927609-9;COOPERATIVA DE CREDITO, CONSUMO  Y VIVIENDA MASELE LTDA.;;;
1551464;14/09/2026;No Garantizado;NO;SI;NO;PAGARE;NO;NO;24Hs.;14:40:57;17:00:00;230;42;8,00;8,00;42;U$D;150.000,00;1;Negociada;16:35:32;;30-71490821-5;LIFE DESARROLLOS S. R. L.;;30-71490821-5;LIFE DESARROLLOS S. R. L.;;;
1551465;14/09/2026;Avalado;;SI;NO;ECHEQ;NO;NO;24Hs.;14:41:09;17:00:00;108;432;26,50;26,50;406;$;159.347.242,49;48;Negociada;14:43:10;ARPY;;Argenpymes S.G.R.;AO;;;;;
1551466;14/09/2026;No Garantizado;SI;SI;NO;FCE;NO;NO;C.I.;14:41:23;17:00:00;57;569;27,00;27,00;569;$;46.374.218,73;2;Negociada;14:50:23;%VII;33-51595089-9;VISTA ENERGY ARGENTINA S.A.U;;;;;;
1551467;14/09/2026;Avalado;;SI;NO;ECHEQ;NO;NO;24Hs.;14:41:51;17:00:00;92;755;28,00;28,00;716;$;6.569.000,00;1;Negociada;16:40:43;ACPY;;Acindar Pymes S.G.R.;AO;;;;;
1551468;14/09/2026;Avalado;;SI;NO;ECHEQ;NO;NO;24Hs.;14:42:12;17:00:00;62;559;24,00;24,00;539;$;67.824.103,29;5;Negociada;15:29:52;BIND;;Garantias Bind S.G.R.;AO;;;;;
1551469;14/09/2026;Avalado;;SI;NO;ECHEQ;NO;NO;24Hs.;14:44:46;17:00:00;30;501;24,50;24,50;537;$;2.000.000,00;1;Negociada;16:02:13;FOPA;;FO.GA.PAM SAPEM;AO;;;;;
1551470;14/09/2026;No Garantizado;NO;SI;NO;ECHEQ;NO;NO;C.I.;14:44:49;17:00:00;108;554;36,00;36,00;554;$;16.200.000,00;3;Negociada;14:46:50;;30-71765899-6;CAMELBACK S. A. S.;AO;30-71765899-6;CAMELBACK S. A. S.;;;
1551471;14/09/2026;No Garantizado;NO;SI;NO;ECHEQ;NO;NO;C.I.;14:45:04;17:00:00;71;433;32,00;32,00;433;$;8.000.000,00;2;Negociada;14:47:06;;30-71717282-1;KUCHEN BAZAR S. R. L.;AO;30-71717282-1;KUCHEN BAZAR S. R. L.;;;
1551472;14/09/2026;No Garantizado Calificado;NO;SI;NO;ECHEQ;NO;NO;C.I.;14:45:06;17:00:00;35;;;0,00;25;$;200.000.000,00;4;Desierta (Baja);;;30-71175525-6;FLECHA LOG S.A.;AO;30-71175525-6;FLECHA LOG S.A.;;;
1551473;14/09/2026;No Garantizado Calificado;NO;SI;NO;ECHEQ;NO;NO;C.I.;14:45:23;17:00:00;35;25;36,00;36,00;25;$;200.000.000,00;4;Negociada;14:47:24;;30-71175525-6;FLECHA LOG S.A.;AO;30-71175525-6;FLECHA LOG S.A.;;;
1551474;14/09/2026;Avalado;;SI;NO;ECHEQ;NO;NO;24Hs.;14:45:42;17:00:00;113;;;20,00;523;$;10.000.000,00;1;Desierta;;CAMP;;Campo Aval S.G.R.;AO;;;;;
1551475;14/09/2026;No Garantizado;NO;SI;NO;PAGARE;NO;NO;C.I.;14:47:18;17:00:00;64;422;24,00;24,00;422;$;574.500.000,00;1;Negociada;15:31:20;;30-71531648-6;GENERADORA SOLAR SANTA ROSA S.A.;;30-71531648-6;GENERADORA SOLAR SANTA ROSA S.A.;;;
1551476;14/09/2026;No Garantizado;NO;SI;NO;ECHEQ;NO;NO;C.I.;14:47:28;17:00:00;56;876;38,00;38,00;876;$;150.000.000,00;6;Negociada;14:49:30;;30-71099200-9;LATITUD 42 S.R.L.;AO;30-71099200-9;LATITUD 42 S.R.L.;;;
1551477;14/09/2026;Avalado;;SI;NO;ECHEQ;SI;NO;C.I.;14:47:53;17:00:00;50;;;25,00;755;$;67.937.756,87;1;Desierta;;BIND;;Garantias Bind S.G.R.;NO;;;;;
1551478;14/09/2026;No Garantizado;NO;NO;NO;PAGARE;NO;NO;24Hs.;14:48:49;17:00:00;16;546;40,00;40,00;769;$;500.000.000,00;1;Negociada;15:12:35;;30-70933260-7;VICBOR S.R.L.;;;;;;
1551479;14/09/2026;Avalado;;SI;NO;ECHEQ;NO;NO;C.I.;14:50:07;17:00:00;107;406;28,00;28,00;767;$;31.235.285,59;1;Negociada;15:07:52;CREC;;Crecer S.G.R.;AO;;;;;
1551480;14/09/2026;Avalado;;SI;NO;ECHEQ;NO;NO;24Hs.;14:50:09;17:00:00;34;501;24,50;25,00;839;$;1.000.000,00;1;Negociada;15:16:55;*FFG;;FO.GA.RIO;AO;;;;;
1551481;14/09/2026;Avalado;;SI;NO;ECHEQ;NO;NO;24Hs.;14:50:21;17:00:00;42;;;20,00;526;$;164.932.789,53;36;Desierta;;FINT;;Fintech S.G.R.;AO;;;;;
1551482;14/09/2026;No Garantizado Calificado;NO;SI;NO;PAGARE;NO;NO;C.I.;14:50:58;17:00:00;21;770;55,00;55,00;770;$;21.297.600,00;1;Negociada;15:10:07;;30-71682909-6;FULLCREDIT S.A.;;30-71682909-6;FULLCREDIT S.A.;;;
1551483;14/09/2026;Avalado;;SI;NO;ECHEQ;NO;NO;24Hs.;14:51:00;17:00:00;20;501;24,50;24,50;839;$;2.000.000,00;1;Negociada;15:17:17;*FFG;;FO.GA.RIO;AO;;;;;
1551484;14/09/2026;No Garantizado Calificado;NO;SI;NO;ECHEQ;NO;NO;C.I.;14:51:13;17:00:00;21;572;26,00;26,00;572;$;497.297.443,87;4;Negociada;15:04:07;;30-69746598-3;NALDO LOMBARDI S A;AO;;;;;
1551485;14/09/2026;No Garantizado;NO;SI;NO;ECHEQ;NO;NO;C.I.;14:51:22;17:00:00;39;572;26,00;26,00;572;$;153.134.867,03;1;Negociada;15:03:53;;30-59036076-3;CENCOSUD S A;AO;;;;;
1551486;14/09/2026;Avalado;;SI;NO;ECHEQ;NO;NO;24Hs.;14:51:32;17:00:00;28;501;24,50;24,50;839;$;2.000.000,00;1;Negociada;15:17:44;*FFG;;FO.GA.RIO;AO;;;;;
1551487;14/09/2026;No Garantizado;SI;SI;NO;PAGARE;NO;NO;C.I.;14:51:32;17:00:00;64;572;44,00;44,00;572;$;110.000.000,00;1;Negociada;15:04:20;;33-70927609-9;COOPERATIVA DE CREDITO, CONSUMO  Y VIVIENDA MASELE LTDA.;;33-70927609-9;COOPERATIVA DE CREDITO, CONSUMO  Y VIVIENDA MASELE LTDA.;MiPyME FCE - Art. 7 Ley 27.440, Res. SEPYME 340/17, Art. 2 RG 4367/18 y RG 1019/24;;
1551488;14/09/2026;No Garantizado;NO;SI;NO;ECHEQ;NO;NO;C.I.;14:51:41;17:00:00;32;572;29,00;29,00;572;$;300.000.000,00;1;Negociada;15:04:38;;30-71497263-0;CEIBO CREDITOS S. A. U.;AO;30-71497263-0;CEIBO CREDITOS S. A. U.;;;
1551489;14/09/2026;No Garantizado;NO;SI;NO;ECHEQ;NO;NO;C.I.;14:52:04;17:00:00;114;572;46,00;46,00;572;$;18.000.000,00;3;Negociada;15:04:52;;27-35297534-1;JACOB CINTIA ANAHI;AO;30-51662138-5;FRIGORIFICO ENTRERRIANO DE PRODUCTORES AVICOLAS S A;;;
1551490;14/09/2026;No Garantizado;SI;SI;NO;ECHEQ;NO;NO;C.I.;14:52:22;17:00:00;107;718;30,00;30,00;718;$;9.500.000,00;1;Negociada;14:54:24;;30-71837211-5;FARO S. A. S.;AO;;;Certificado MiPyME;;
1551491;14/09/2026;No Garantizado;NO;SI;NO;ECHEQ;NO;NO;C.I.;14:52:32;17:00:00;114;572;46,00;46,00;572;$;16.000.000,00;2;Negociada;15:05:02;;33-71832305-9;TODO POLLO S. R. L.;AO;;;;;
1551492;14/09/2026;No Garantizado;SI;SI;NO;ECHEQ;NO;NO;C.I.;14:52:55;17:00:00;44;718;29,00;29,00;718;$;132.000.000,00;4;Negociada;14:54:56;;33-70932552-9;LOS CARDALES SRL;AO;33-70932552-9;LOS CARDALES SRL;Certificado MiPyME;;
1551493;14/09/2026;No Garantizado;SI;SI;NO;ECHEQ;NO;NO;C.I.;14:52:55;17:00:00;91;572;40,00;40,00;572;$;2.197.667,28;1;Negociada;15:05:57;;20-33935981-5;CHIARLE ANELLI CLAUDIO FACUNDO;AO;;;MiPyME FCE - Art. 7 Ley 27.440, Res. SEPYME 340/17, Art. 2 RG 4367/18 y RG 1019/24;;
1551494;14/09/2026;No Garantizado;NO;SI;NO;ECHEQ;NO;NO;C.I.;14:53:00;17:00:00;21;539;30,00;30,00;465;$;25.650.962,25;1;Negociada;14:55:01;;30-71712539-4;BIOFARMA AGROPECUARIA S.A. S. A.;AO;30-71681136-7;AGROSERVICIOS SAN CAYETANO S.S.;;;
1551495;14/09/2026;No Garantizado;SI;SI;NO;ECHEQ;NO;NO;C.I.;14:53:05;17:00:00;92;572;40,00;40,00;572;$;5.500.000,00;1;Negociada;15:06:07;;20-11483984-2;GUERRERO CARLOS ALBERTO;AO;;;MiPyME FCE - Art. 7 Ley 27.440, Res. SEPYME 340/17, Art. 2 RG 4367/18 y RG 1019/24;;
1551496;14/09/2026;No Garantizado;SI;SI;NO;ECHEQ;NO;NO;C.I.;14:53:05;17:00:00;45;718;29,00;29,00;718;$;25.776.352,78;1;Negociada;14:55:07;;30-65723744-9;ENOD S A;AO;;;Certificado MiPyME;;
1551497;14/09/2026;Avalado;;SI;NO;ECHEQ;NO;NO;24Hs.;14:53:06;17:00:00;179;;;26,00;429;$;80.000.000,00;2;Desierta;;ACPY;;Acindar Pymes S.G.R.;AO;;;;;
1551498;14/09/2026;No Garantizado;SI;SI;NO;ECHEQ;NO;NO;C.I.;14:53:17;17:00:00;63;572;35,00;35,00;572;$;7.894.181,24;1;Negociada;15:06:19;;30-59987091-8;HIJAS DE JUAN A HARRIET S A;AO;;;MiPyME FCE - Art. 7 Ley 27.440, Res. SEPYME 340/17, Art. 2 RG 4367/18 y RG 1019/24;;
1551499;14/09/2026;No Garantizado;SI;SI;NO;ECHEQ;NO;NO;C.I.;14:53:27;17:00:00;59;572;35,00;35,00;572;$;1.581.245,60;1;Negociada;15:06:29;;20-14222888-3;ROCHA JORGE EMILIO;AO;;;MiPyME FCE - Art. 7 Ley 27.440, Res. SEPYME 340/17, Art. 2 RG 4367/18 y RG 1019/24;;
1551500;14/09/2026;Avalado;;SI;NO;ECHEQ;NO;NO;24Hs.;14:53:40;17:00:00;75;;;25,00;20;$;20.000.000,00;3;Desierta;;FINT;;Fintech S.G.R.;AO;;;;;
1551501;14/09/2026;No Garantizado;SI;SI;NO;ECHEQ;NO;NO;C.I.;14:53:48;17:00:00;93;718;30,00;30,00;718;$;40.000.000,00;2;Negociada;14:55:49;;30-68001119-9;SAGITARIO EXPORTACIONES S R L;AO;;;Certificado MiPyME;;
1551502;14/09/2026;Avalado;;SI;NO;ECHEQ;NO;NO;24Hs.;14:53:48;17:00:00;125;;;0,00;839;$;51.921.649,45;1;Desierta (Baja);;AFBG;;AFB AVALES S.G.R;AO;;;;;
1551503;14/09/2026;No Garantizado;NO;SI;NO;ECHEQ;NO;NO;C.I.;14:53:50;17:00:00;21;465;35,00;35,00;465;$;25.680.504,80;5;Negociada;14:55:51;;30-71654947-6;GRUPO ALIMENTAR S.A.;AO;30-71708887-1;7B INGENIERIA SRL;;;
1551504;14/09/2026;Avalado;;SI;NO;ECHEQ;NO;NO;24Hs.;14:53:53;17:00:00;72;;;28,00;20;$;22.000.000,00;3;Desierta;;INPY;;Integra Pymes S.G.R.;AO;;;;;
1551505;14/09/2026;Avalado;;SI;NO;ECHEQ;NO;NO;24Hs.;14:53:55;17:00:00;156;767;28,00;28,00;767;$;20.500.000,00;10;Negociada;15:31:06;CAMP;;Campo Aval S.G.R.;AO;;;;;
1551506;14/09/2026;No Garantizado;SI;SI;NO;ECHEQ;NO;NO;C.I.;14:53:59;17:00:00;72;572;40,00;40,00;572;$;2.678.232,60;1;Negociada;15:06:39;;20-20043626-2;RODRIGUEZ CARLOS MANUEL;AO;;;MiPyME FCE - Art. 7 Ley 27.440, Res. SEPYME 340/17, Art. 2 RG 4367/18 y RG 1019/24;;
1551507;14/09/2026;No Garantizado;SI;SI;NO;ECHEQ;NO;NO;C.I.;14:54:09;17:00:00;58;572;35,00;35,00;572;$;5.801.250,00;1;Negociada;15:06:51;;20-26692887-5;SCOPPA JOSE LUIS;AO;;;MiPyME FCE - Art. 7 Ley 27.440, Res. SEPYME 340/17, Art. 2 RG 4367/18 y RG 1019/24;;
1551508;14/09/2026;No Garantizado;SI;SI;NO;ECHEQ;NO;NO;C.I.;14:54:18;17:00:00;88;572;40,00;40,00;572;$;5.801.250,00;1;Negociada;15:07:00;;20-26692887-5;SCOPPA JOSE LUIS;AO;;;MiPyME FCE - Art. 7 Ley 27.440, Res. SEPYME 340/17, Art. 2 RG 4367/18 y RG 1019/24;;
1551509;14/09/2026;Avalado;;SI;NO;ECHEQ;SI;NO;C.I.;14:55:25;17:00:00;18;546;25,00;25,00;546;$;7.492.273,36;11;Negociada;16:40:08;GARA;;Garantizar S.G.R.;NO;;;;;
1551510;14/09/2026;Avalado;;SI;NO;ECHEQ;NO;NO;C.I.;14:55:37;17:00:00;18;546;25,00;25,00;546;$;355.145,67;1;Negociada;16:40:22;GARA;;Garantizar S.G.R.;AO;;;;;
1551511;14/09/2026;Avalado;;SI;NO;ECHEQ;NO;NO;24Hs.;14:55:51;17:00:00;41;546;26,00;26,00;546;$;16.000.000,00;2;Negociada;16:35:46;CAMP;;Campo Aval S.G.R.;AO;;;;;
1551512;14/09/2026;No Garantizado;NO;SI;NO;ECHEQ;NO;NO;C.I.;14:56:11;17:00:00;31;465;30,00;30,00;465;$;11.000.000,00;4;Negociada;14:58:13;;30-71667013-5;MBC FERIAS S.A.S.;AO;20-26313386-3;ZABLOSKY TOMAS IGNACIO;;;
1551513;14/09/2026;Avalado;;SI;NO;ECHEQ;NO;NO;24Hs.;14:56:24;17:00:00;27;406;26,00;26,00;406;$;56.250.000,00;3;Negociada;14:58:25;CREC;;Crecer S.G.R.;AO;;;;;
1551514;14/09/2026;Avalado;;SI;NO;ECHEQ;NO;NO;24Hs.;14:56:39;17:00:00;11;406;26,00;26,00;406;$;16.000.000,00;2;Negociada;15:48:21;CREC;;Crecer S.G.R.;AO;;;;;
1551515;14/09/2026;No Garantizado;NO;SI;NO;ECHEQ;NO;NO;C.I.;14:57:30;17:00:00;22;465;38,00;38,00;465;$;2.479.500,00;1;Negociada;14:59:32;;30-71614957-5;DALMAR SOCIEDAD POR ACCIONES SIMPLIFICADA;AO;30-50090455-7;CHAMMAS SOC RESP LTDA;;;
1551516;14/09/2026;No Garantizado;NO;SI;NO;ECHEQ;NO;NO;C.I.;14:57:54;17:00:00;9;465;38,00;38,00;465;$;800.000,00;1;Negociada;14:59:56;;20-37685207-6;BAZZE JUAN MARTIN;AO;30-50090455-7;CHAMMAS SOC RESP LTDA;;;
1551517;14/09/2026;No Garantizado;NO;SI;NO;ECHEQ;NO;NO;C.I.;14:58:24;17:00:00;8;465;38,00;38,00;465;$;691.955,98;1;Negociada;15:00:26;;30-54571266-7;COOPERATIVA DE CONSUMO SERVICIOS PUBLICO Y SOCIALES DE DEAN FUNES LTDA;AO;30-50090455-7;CHAMMAS SOC RESP LTDA;;;
1551518;14/09/2026;No Garantizado Calificado;NO;SI;NO;ECHEQ;NO;NO;C.I.;14:59:01;17:00:00;24;465;38,00;38,00;465;$;158.420,00;1;Negociada;15:01:03;;27-43884989-6;RIBI VILLAFANE LUCIA AGUSTINA;AO;30-50090455-7;CHAMMAS SOC RESP LTDA;;;
1551519;14/09/2026;No Garantizado;NO;SI;NO;ECHEQ;NO;NO;C.I.;14:59:22;17:00:00;16;465;38,00;38,00;465;$;488.786,20;1;Negociada;15:01:23;;30-55868341-0;RODEL SA;AO;30-50090455-7;CHAMMAS SOC RESP LTDA;;;
1551520;14/09/2026;No Garantizado;NO;SI;NO;ECHEQ;NO;NO;C.I.;14:59:48;17:00:00;9;465;38,00;38,00;465;$;1.482.638,50;1;Negociada;15:01:50;;30-70814056-9;ALISER GASTRONOMIA S.A.;AO;30-50090455-7;CHAMMAS SOC RESP LTDA;;;
1551521;14/09/2026;No Garantizado Calificado;NO;SI;NO;ECHEQ;NO;NO;C.I.;15:00:17;17:00:00;31;465;38,00;38,00;465;$;717.920,00;1;Negociada;15:02:18;;20-18566160-2;MALDONADO WALTER DANIEL;AO;30-50090455-7;CHAMMAS SOC RESP LTDA;;;
1551522;14/09/2026;No Garantizado;NO;SI;NO;ECHEQ;NO;NO;C.I.;15:00:42;17:00:00;16;465;38,00;38,00;465;$;784.432,30;1;Negociada;15:02:44;;33-69303290-9;H & H OUTFITTERS S.A.;AO;30-50090455-7;CHAMMAS SOC RESP LTDA;;;
1551523;14/09/2026;No Garantizado;SI;SI;NO;FCE;NO;NO;24Hs.;15:00:54;17:00:00;14;114;25,00;25,00;11;$;62.476.757,92;1;Negociada;15:06:49;%PPB;30-56025419-5;PBBPOLISUR SOCIEDAD DE RESPONSABILIDAD LIMITADA;;;;;;
1551524;14/09/2026;No Garantizado;NO;SI;NO;ECHEQ;NO;NO;C.I.;15:01:01;17:00:00;30;465;38,00;38,00;465;$;748.143,67;1;Negociada;15:03:03;;30-71194357-5;HOTEL PUEBLO S.A.;AO;30-50090455-7;CHAMMAS SOC RESP LTDA;;;
1551525;14/09/2026;Avalado;;SI;NO;ECHEQ;NO;NO;24Hs.;15:01:10;17:00:00;89;;;26,00;11;$;5.500.000,00;2;Desierta;;INPY;;Integra Pymes S.G.R.;AO;;;;;
1551526;14/09/2026;Avalado;;SI;NO;ECHEQ;NO;NO;C.I.;15:01:16;17:00:00;79;805;27,00;27,00;785;$;200.000.000,00;2;Negociada;15:03:17;AVAL;;Avaluar S.G.R.;AO;;;;;
1551527;14/09/2026;No Garantizado;NO;SI;NO;ECHEQ;NO;NO;C.I.;15:01:24;17:00:00;10;465;38,00;38,00;465;$;1.514.490,00;1;Negociada;15:03:25;;27-33488976-4;ALDET FABIANA TERESA;AO;30-50090455-7;CHAMMAS SOC RESP LTDA;;;
1551528;14/09/2026;Avalado;;SI;NO;ECHEQ;NO;NO;24Hs.;15:01:26;17:00:00;131;406;27,00;27,00;11;$;24.000.000,00;4;Negociada;15:48:07;ARPY;;Argenpymes S.G.R.;AO;;;;;
1551529;14/09/2026;Avalado;;SI;NO;ECHEQ;NO;NO;24Hs.;15:01:52;17:00:00;260;;;26,00;11;$;31.000.000,00;1;Desierta;;ACPY;;Acindar Pymes S.G.R.;AO;;;;;
1551530;14/09/2026;No Garantizado;NO;SI;NO;ECHEQ;NO;NO;C.I.;15:01:53;17:00:00;31;465;38,00;38,00;465;$;743.270,00;1;Negociada;15:03:55;;30-71833064-1;MAPACOR S.A.;AO;30-50090455-7;CHAMMAS SOC RESP LTDA;;;
1551531;14/09/2026;Avalado;;SI;NO;ECHEQ;NO;NO;24Hs.;15:02:29;17:00:00;225;;;26,00;11;$;6.500.000,00;1;Desierta;;ACPY;;Acindar Pymes S.G.R.;AO;;;;;
1551532;14/09/2026;No Garantizado;NO;SI;NO;ECHEQ;NO;NO;C.I.;15:02:43;17:00:00;143;465;38,00;38,00;465;$;6.000.000,00;2;Negociada;15:04:44;;33-71929312-9;DISTRI FLOP S.A.S.;AO;30-50090455-7;CHAMMAS SOC RESP LTDA;;;
1551533;14/09/2026;Avalado;;SI;NO;ECHEQ;NO;NO;24Hs.;15:02:45;17:00:00;208;406;31,00;31,00;11;$;36.300.000,00;3;Negociada;16:57:00;ARPY;;Argenpymes S.G.R.;AO;;;;;
1551534;14/09/2026;No Garantizado;NO;SI;NO;ECHEQ;NO;NO;C.I.;15:03:14;17:00:00;240;;;0,00;702;$;300.000.000,00;13;Desierta (Baja);;;33-70828045-9;AGRO GM SOCIEDAD ANONIMA;AO;33-70828045-9;AGRO GM SOCIEDAD ANONIMA;;;
1551535;14/09/2026;No Garantizado Calificado;NO;SI;NO;ECHEQ;NO;NO;C.I.;15:03:15;17:00:00;31;465;38,00;38,00;465;$;3.749.993,00;1;Negociada;15:05:16;;30-71848907-1;TURQUITOS FLORES S.A.S.;AO;30-50090455-7;CHAMMAS SOC RESP LTDA;;;
1551536;14/09/2026;Avalado;;SI;NO;ECHEQ;NO;NO;24Hs.;15:03:24;17:00:00;135;;;26,00;422;$;6.000.000,00;2;Desierta;;CMFI;;BANCO COMAFI S.A.;AO;;;;;
1551537;14/09/2026;Avalado;;SI;NO;ECHEQ;SI;NO;24Hs.;15:03:36;17:00:00;174;;;26,00;11;$;60.000.000,00;1;Desierta;;ACPY;;Acindar Pymes S.G.R.;NO;;;;;
1551538;14/09/2026;Avalado;;SI;NO;ECHEQ;NO;NO;24Hs.;15:04:00;17:00:00;169;;;26,00;11;$;100.000.000,00;1;Desierta;;ACPY;;Acindar Pymes S.G.R.;AO;;;;;
1551539;14/09/2026;Avalado;;SI;NO;ECHEQ;NO;NO;24Hs.;15:04:20;17:00:00;169;;;26,00;11;$;15.150.000,00;1;Desierta;;ACPY;;Acindar Pymes S.G.R.;AO;;;;;
1551540;14/09/2026;No Garantizado;NO;SI;NO;PAGARE;NO;NO;C.I.;15:04:34;17:00:00;183;401;28,00;28,00;401;$;7.000.000,00;1;Negociada;15:06:35;;30-71710331-5;WODEN ENERGIA S.A.U;;30-71710331-5;WODEN ENERGIA S.A.U;;;
1551541;14/09/2026;Avalado;;SI;NO;ECHEQ;NO;NO;24Hs.;15:04:43;17:00:00;167;;;26,00;11;$;19.500.000,00;3;Desierta;;ACPY;;Acindar Pymes S.G.R.;AO;;;;;
1551542;14/09/2026;No Garantizado;NO;SI;NO;PAGARE;NO;NO;C.I.;15:04:49;17:00:00;366;503;5,00;5,00;704;DOL;11.031,00;1;Negociada;15:23:19;;33-71584539-9;BOSTON CARS S.A.;;33-71584539-9;BOSTON CARS S.A.;;;
1551543;14/09/2026;No Garantizado Calificado;NO;SI;NO;PAGARE;NO;NO;C.I.;15:05:00;17:00:00;174;406;10,50;10,50;512;DOL;60.000,00;2;Negociada;15:11:30;;30-67388202-8;INDUSTRIAS ERCA S A;;30-67388202-8;INDUSTRIAS ERCA S A;;;
1551544;14/09/2026;Avalado;;SI;NO;ECHEQ;SI;NO;24Hs.;15:05:11;17:00:00;169;;;26,00;11;$;60.000.000,00;1;Desierta;;ACPY;;Acindar Pymes S.G.R.;NO;;;;;
1551545;14/09/2026;Avalado;;SI;NO;ECHEQ;NO;NO;24Hs.;15:06:36;17:00:00;55;11;25,00;25,00;11;$;11.863.412,34;16;Negociada;15:10:13;ACPY;;Acindar Pymes S.G.R.;AO;;;;;
1551546;14/09/2026;Avalado;;SI;NO;ECHEQ;NO;NO;24Hs.;15:06:55;17:00:00;78;523;25,00;25,00;720;$;398.948.830,25;65;Negociada;15:08:56;BAIN;;BANCO INDUSTRIAL SA;AO;;;;;
1551547;14/09/2026;No Garantizado Calificado;NO;SI;NO;PAGARE;NO;NO;C.I.;15:07:22;17:00:00;93;866;9,50;9,50;866;DOL;37.650,00;1;Negociada;15:09:24;;30-71332270-5;VITALCAN S.A.;;30-71332270-5;VITALCAN S.A.;;;
1551548;14/09/2026;Avalado;;SI;NO;ECHEQ;NO;NO;C.I.;15:07:27;17:00:00;50;;;25,00;439;$;230.000.000,00;1;Desierta;;ACPY;;Acindar Pymes S.G.R.;AO;;;;;
1551549;14/09/2026;Avalado;;SI;NO;ECHEQ;NO;NO;24Hs.;15:07:48;17:00:00;120;;;24,00;764;$;47.154.462,35;11;Desierta;;FINT;;Fintech S.G.R.;AO;;;;;
1551550;14/09/2026;Avalado;;SI;NO;ECHEQ;NO;NO;24Hs.;15:08:56;17:00:00;72;11;27,00;27,00;11;$;20.000.000,00;1;Negociada;15:10:58;CREC;;Crecer S.G.R.;AO;;;;;
1551551;14/09/2026;No Garantizado;NO;SI;NO;ECHEQ;NO;NO;C.I.;15:09:11;17:00:00;31;465;30,00;30,00;465;$;10.000.000,00;4;Negociada;15:11:12;;30-71667013-5;MBC FERIAS S.A.S.;AO;20-26313386-3;ZABLOSKY TOMAS IGNACIO;;;
1551552;14/09/2026;Avalado;;SI;NO;ECHEQ;NO;NO;24Hs.;15:09:34;17:00:00;42;11;25,00;25,00;11;$;10.644.805,00;2;Negociada;15:14:43;ACPY;;Acindar Pymes S.G.R.;AO;;;;;
1551553;14/09/2026;Avalado;;SI;NO;ECHEQ;NO;NO;24Hs.;15:10:04;17:00:00;42;11;25,00;25,00;11;$;4.523.786,67;2;Negociada;15:15:11;ACPY;;Acindar Pymes S.G.R.;AO;;;;;
1551554;14/09/2026;No Garantizado;NO;SI;NO;ECHEQ;NO;NO;24Hs.;15:11:37;17:00:00;8;343;35,00;35,00;343;$;31.384.028,23;1;Negociada;15:13:38;;30-71189374-8;GEDEON  S. R. L.;AO;;;;;
1551555;14/09/2026;No Garantizado Calificado;SI;SI;NO;ECHEQ;NO;NO;C.I.;15:11:50;17:00:00;123;433;32,00;32,00;433;$;9.084.444,32;1;Negociada;15:13:52;;30-71735095-9;PLEM AGRO S. R. L.;AO;;;Certificado MiPyME;;
1551556;14/09/2026;Avalado;;SI;NO;ECHEQ;NO;NO;24Hs.;15:11:58;17:00:00;50;;;23,00;767;$;79.588.042,61;1;Desierta;;GARA;;Garantizar S.G.R.;AO;;;;;
1551557;14/09/2026;Avalado;;SI;NO;ECHEQ;NO;NO;24Hs.;15:11:59;17:00:00;96;406;27,00;27,00;406;$;10.000.000,00;2;Negociada;15:18:51;ARPY;;Argenpymes S.G.R.;AO;;;;;
1551558;14/09/2026;Avalado;;SI;NO;ECHEQ;NO;NO;24Hs.;15:11:59;17:00:00;25;406;25,00;25,00;406;$;17.467.826,63;12;Negociada;15:16:48;ACPY;;Acindar Pymes S.G.R.;AO;;;;;
1551559;14/09/2026;No Garantizado;NO;SI;NO;ECHEQ;NO;NO;24Hs.;15:12:12;17:00:00;15;343;35,00;35,00;343;$;17.450.414,00;1;Negociada;15:14:15;;30-71741655-0;GRUAS CONQUISTADORES DEL DESIERTO S. A. S.;AO;;;;;
1551560;14/09/2026;No Garantizado;NO;SI;NO;ECHEQ;NO;NO;C.I.;15:12:16;17:00:00;51;764;33,00;33,00;764;$;20.000.000,00;1;Negociada;15:43:23;;30-64806084-6;NOAL S A;AO;;;;;
1551561;14/09/2026;Avalado;;SI;NO;ECHEQ;NO;NO;24Hs.;15:12:23;17:00:00;48;406;25,00;25,00;406;$;20.000.000,00;2;Negociada;15:17:15;ARPY;;Argenpymes S.G.R.;AO;;;;;
1551562;14/09/2026;Avalado;;SI;NO;ECHEQ;NO;NO;24Hs.;15:12:31;17:00:00;63;406;26,50;26,50;406;$;30.000.000,00;1;Negociada;15:18:08;ARPY;;Argenpymes S.G.R.;AO;;;;;
1551563;14/09/2026;Avalado;;SI;NO;ECHEQ;NO;NO;24Hs.;15:12:51;17:00:00;57;406;26,00;26,00;406;$;6.412.723,14;1;Negociada;15:17:40;ARPY;;Argenpymes S.G.R.;AO;;;;;
1551564;14/09/2026;No Garantizado;NO;SI;NO;ECHEQ;NO;NO;24Hs.;15:12:52;17:00:00;15;343;35,00;35,00;343;$;5.000.000,00;1;Negociada;15:14:53;;30-71507360-5;GM TRANS S. R. L.;AO;;;;;
1551565;14/09/2026;Avalado;;SI;NO;ECHEQ;NO;NO;24Hs.;15:13:19;17:00:00;220;406;30,00;30,00;406;$;16.500.000,00;3;Negociada;15:19:43;ARPY;;Argenpymes S.G.R.;AO;;;;;
1551566;14/09/2026;Avalado;;SI;NO;ECHEQ;NO;NO;24Hs.;15:13:21;17:00:00;65;406;26,50;26,50;406;$;30.000.000,00;1;Negociada;15:18:26;ARPY;;Argenpymes S.G.R.;AO;;;;;
1551567;14/09/2026;No Garantizado;SI;SI;NO;ECHEQ;NO;NO;C.I.;15:13:40;17:00:00;91;15;29,00;29,00;15;$;600.000.000,00;3;Negociada;15:15:42;;30-70881356-3;AGROPECUARIA DOS PARES S.R.L;AO;;;MiPyME FCE - Art. 7 Ley 27.440, Res. SEPYME 340/17, Art. 2 RG 4367/18 y RG 1019/24;;
1551568;14/09/2026;Avalado;;SI;NO;ECHEQ;NO;NO;24Hs.;15:13:47;17:00:00;115;406;27,00;27,00;406;$;6.412.723,14;1;Negociada;15:19:23;ARPY;;Argenpymes S.G.R.;AO;;;;;
1551569;14/09/2026;No Garantizado;NO;SI;NO;ECHEQ;NO;NO;24Hs.;15:14:44;17:00:00;31;71;27,00;27,00;15;$;500.000.000,00;1;Negociada;15:42:52;;30-52194421-4;CHEMOTECNICA S. A.;AO;30-52194421-4;CHEMOTECNICA S. A.;;;
1551570;14/09/2026;No Garantizado;SI;SI;NO;ECHEQ;NO;NO;C.I.;15:15:25;17:00:00;240;812;35,00;35,00;702;$;300.000.000,00;13;Negociada;15:17:27;;33-70828045-9;AGRO GM SOCIEDAD ANONIMA;AO;33-70828045-9;AGRO GM SOCIEDAD ANONIMA;Certificado MiPyME;;
1551572;14/09/2026;Avalado;;SI;NO;ECHEQ;SI;NO;24Hs.;15:16:26;17:00:00;30;11;24,00;24,00;11;$;265.776.896,31;1;Negociada;15:18:28;GARA;;Garantizar S.G.R.;NO;;;;;
1551573;14/09/2026;Avalado;;SI;NO;ECHEQ;NO;NO;C.I.;15:16:31;17:00:00;170;501;28,50;28,50;716;$;12.500.000,00;1;Negociada;15:19:07;FGCT;;Fondo de Garantia Catamarca SAPEM;AO;;;;;
1551574;14/09/2026;Avalado;;SI;NO;ECHEQ;NO;NO;24Hs.;15:16:34;17:00:00;119;;;0,00;406;$;35.000.000,00;1;Desierta (Baja);;FIDU;;Fid Aval S.G.R.;AO;;;;;
1551575;14/09/2026;Avalado;;SI;NO;ECHEQ;SI;NO;24Hs.;15:16:54;17:00:00;30;11;24,00;24,00;11;$;149.073.321,70;1;Negociada;15:18:55;GARA;;Garantizar S.G.R.;NO;;;;;
1551576;14/09/2026;Avalado;;SI;NO;ECHEQ;NO;NO;C.I.;15:16:57;17:00:00;57;501;24,50;24,50;716;$;12.300.000,00;1;Negociada;15:18:59;FGCT;;Fondo de Garantia Catamarca SAPEM;AO;;;;;
1551577;14/09/2026;Avalado;;SI;NO;ECHEQ;NO;NO;24Hs.;15:17:02;17:00:00;34;;;25,00;559;$;5.000.000,00;1;Desierta;;RESI;;Resiliencia S.G.R.;AO;;;;;
1551578;14/09/2026;No Garantizado;NO;SI;NO;ECHEQ;NO;NO;24Hs.;15:17:05;17:00:00;15;343;35,00;35,00;343;$;1.250.000,00;1;Negociada;15:19:07;;20-14346945-0;FERNANDEZ ISBRAND OCTAVIO;AO;;;;;
1551579;14/09/2026;Avalado;;SI;NO;ECHEQ;NO;NO;C.I.;15:17:45;17:00:00;120;;;25,00;406;$;35.000.000,00;1;Desierta;;FIDU;;Fid Aval S.G.R.;AO;;;;;
1551580;14/09/2026;No Garantizado;NO;SI;NO;PAGARE;NO;NO;C.I.;15:17:56;17:00:00;366;704;5,00;5,00;704;DOL;44.124,00;4;Negociada;15:19:58;;33-71584539-9;BOSTON CARS S.A.;;33-71584539-9;BOSTON CARS S.A.;;;
1551581;14/09/2026;Garantizado;SI;SI;NO;ECHEQ;NO;NO;C.I.;15:18:10;17:00:00;58;;;0,00;754;$;5.000.000,00;1;Desierta (Baja);;;;;AO;;;Certificado MiPyME;;
1551582;14/09/2026;No Garantizado;NO;SI;NO;ECHEQ;NO;NO;C.I.;15:18:48;17:00:00;53;433;36,00;36,00;433;$;33.914.159,98;10;Negociada;15:20:50;;30-71572000-7;PAMPA VIDA S.R.L.;AO;;;;;
1551583;14/09/2026;Avalado;;SI;NO;ECHEQ;NO;NO;C.I.;15:18:52;17:00:00;148;754;33,00;33,00;754;$;6.000.000,00;3;Negociada;15:20:54;AFBG;;AFB AVALES S.G.R;AO;;;;;
1551584;14/09/2026;No Garantizado;NO;SI;NO;ECHEQ;NO;NO;24Hs.;15:18:53;17:00:00;17;343;35,00;35,00;343;$;19.695.843,40;2;Negociada;15:20:54;;30-71511546-4;BRAMIX S.R.L.;AO;;;;;
1551585;14/09/2026;Avalado;;SI;NO;ECHEQ;NO;NO;C.I.;15:19:23;17:00:00;72;;;0,00;754;$;21.052.631,56;10;Desierta (Baja);;ACEN;;Avales del Centro S.G.R.;AO;;;;;
1551586;14/09/2026;No Garantizado Calificado;NO;SI;NO;ECHEQ;NO;NO;24Hs.;15:19:31;17:00:00;17;343;35,00;35,00;343;$;27.225.000,00;1;Negociada;15:21:33;;30-71516023-0;TRANSPORTES VA S.R.L.;AO;;;;;
1551587;14/09/2026;No Garantizado Calificado;NO;SI;NO;PAGARE;NO;NO;C.I.;15:19:35;17:00:00;57;406;40,00;40,00;714;$;10.000.000,00;1;Negociada;15:34:56;;30-71682909-6;FULLCREDIT S.A.;;30-71682909-6;FULLCREDIT S.A.;;;
1551588;14/09/2026;No Garantizado Calificado;NO;SI;NO;ECHEQ;NO;NO;C.I.;15:19:40;17:00:00;49;433;36,00;36,00;433;$;13.239.116,96;4;Negociada;15:21:41;;30-71878810-9;LOS INCAS DESARROLLOS;AO;;;;;
1551589;14/09/2026;No Garantizado;NO;SI;NO;PAGARE;NO;NO;C.I.;15:19:42;17:00:00;67;754;6,50;6,50;754;DOL;106.290,21;1;Negociada;15:21:43;;30-71504606-3;FIDEICOMISO NAASE;;30-71504606-3;FIDEICOMISO NAASE;;;
1551590;14/09/2026;No Garantizado;NO;SI;NO;PAGARE;NO;NO;C.I.;15:20:01;17:00:00;91;401;9,00;9,00;401;DOL;61.350,00;1;Negociada;15:22:03;;20-18366739-5;DUFOUR ESTEBAN JUAN;;20-18366739-5;DUFOUR ESTEBAN JUAN;;;
1551591;14/09/2026;No Garantizado;NO;SI;NO;ECHEQ;NO;NO;24Hs.;15:20:03;17:00:00;17;343;35,00;35,00;343;$;17.450.414,00;1;Negociada;15:22:05;;30-71741655-0;GRUAS CONQUISTADORES DEL DESIERTO S. A. S.;AO;;;;;
1551593;14/09/2026;No Garantizado;SI;SI;NO;ECHEQ;NO;NO;C.I.;15:20:04;17:00:00;83;15;30,00;30,00;15;$;3.979.376,00;4;Negociada;15:22:05;;30-71565307-5;GONGO S.A.;AO;;;Certificado MiPyME;;
1551594;14/09/2026;No Garantizado;SI;SI;NO;ECHEQ;NO;NO;C.I.;15:20:14;17:00:00;51;15;30,00;30,00;15;$;194.146,25;1;Negociada;15:22:16;;30-71685109-1;VARTAT S.A.;AO;;;Certificado MiPyME;;
1551595;14/09/2026;No Garantizado;NO;SI;NO;ECHEQ;NO;NO;C.I.;15:20:16;17:00:00;45;754;35,00;35,00;754;$;31.893.000,00;3;Negociada;15:22:18;;30-71190140-6;CONING S.A.;AO;;;;;
1551596;14/09/2026;No Garantizado;NO;SI;NO;ECHEQ;NO;NO;C.I.;15:20:42;17:00:00;56;754;35,00;35,00;754;$;2.126.101,00;1;Negociada;15:22:44;;30-71543913-8;FAUSTO BRANDOLIN & CIA S.R.L.;AO;;;;;
1551598;14/09/2026;No Garantizado Calificado;NO;SI;NO;ECHEQ;NO;NO;C.I.;15:21:07;17:00:00;31;754;35,00;35,00;754;$;1.079.518,44;1;Negociada;15:23:08;;30-71201948-0;TRANSGRIFF S.A.;AO;;;;;
1551599;14/09/2026;No Garantizado;SI;SI;NO;PAGARE;NO;NO;24Hs.;15:21:10;17:00:00;30;15;27,00;27,00;15;$;500.000.000,00;1;Negociada;15:23:12;;30-71231059-2;LARTIRIGOYEN & OROMI S.A.;;30-71231059-2;LARTIRIGOYEN & OROMI S.A.;MiPyME FCE - Art. 7 Ley 27.440, Res. SEPYME 340/17, Art. 2 RG 4367/18 y RG 1019/24;;
1551600;14/09/2026;Avalado;;SI;NO;ECHEQ;NO;NO;24Hs.;15:21:21;17:00:00;140;406;28,00;28,00;406;$;15.000.000,00;3;Negociada;15:23:23;ARPY;;Argenpymes S.G.R.;AO;;;;;
1551601;14/09/2026;No Garantizado;NO;SI;NO;ECHEQ;NO;NO;C.I.;15:21:30;17:00:00;37;754;35,00;35,00;754;$;1.285.984,19;1;Negociada;15:23:31;;30-71426773-2;CYSCO S.R.L.;AO;;;;;
1551602;14/09/2026;No Garantizado;NO;SI;NO;ECHEQ;NO;NO;C.I.;15:21:48;17:00:00;79;433;33,00;33,00;433;$;4.883.046,87;1;Negociada;15:23:49;;30-71793871-9;COOPERATIVA DE TRABAJO ECOPILAR LIMITADA;AO;;;;;
1551603;14/09/2026;No Garantizado;NO;SI;NO;ECHEQ;NO;NO;C.I.;15:21:56;17:00:00;30;754;35,00;35,00;754;$;1.278.515,00;1;Negociada;15:23:57;;30-57680671-6;INRAGO S.A.;AO;;;;;
1551604;14/09/2026;No Garantizado Calificado;NO;SI;NO;ECHEQ;NO;NO;C.I.;15:22:02;17:00:00;62;433;33,00;33,00;433;$;110.000.000,00;3;Negociada;15:24:03;;30-71418752-6;TEXTUM S.A.;AO;30-71418752-6;TEXTUM S.A.;;;
1551605;14/09/2026;No Garantizado Calificado;NO;SI;NO;ECHEQ;NO;NO;C.I.;15:22:11;17:00:00;31;433;33,00;33,00;433;$;8.777.845,78;2;Negociada;15:24:13;;30-71686761-3;RECIWORLD SRL;AO;;;;;
1551606;14/09/2026;No Garantizado;NO;SI;NO;ECHEQ;NO;NO;C.I.;15:22:22;17:00:00;140;754;35,00;35,00;754;$;5.500.000,00;1;Negociada;15:24:30;;30-69293803-4;FORLEN S.A.;AO;;;;;
1551607;14/09/2026;Avalado;;SI;NO;ECHEQ;NO;NO;24Hs.;15:22:35;17:00:00;91;;;26,00;529;$;185.000.000,00;3;Desierta;;AVLR;;Aval Ar S.G.R.;AO;;;;;
1551608;14/09/2026;No Garantizado;NO;SI;NO;ECHEQ;NO;NO;C.I.;15:22:44;17:00:00;49;754;35,00;35,00;754;$;133.887,35;1;Negociada;15:24:46;;20-13090595-2;GARCIA LEONARDO ENRIQUE;AO;;;;;
1551609;14/09/2026;No Garantizado;NO;SI;NO;ECHEQ;NO;NO;C.I.;15:22:51;17:00:00;65;433;33,00;33,00;433;$;20.112.056,00;3;Negociada;15:24:52;;30-71744671-9;RHS TECNOLOGIA EN CONSTRUCCIONES S.A.;AO;;;;;
1551610;14/09/2026;No Garantizado;NO;SI;NO;ECHEQ;NO;NO;C.I.;15:23:08;17:00:00;66;754;35,00;35,00;754;$;4.084.080,00;1;Negociada;15:25:10;;30-71670972-4;ROFREN S.A.S.;AO;;;;;
1551611;14/09/2026;No Garantizado;NO;SI;NO;ECHEQ;NO;NO;C.I.;15:23:11;17:00:00;88;433;33,00;33,00;433;$;20.103.434,58;2;Negociada;15:25:12;;30-71789174-7;TRANSPORTE ZAVIOLA;AO;;;;;
1551612;14/09/2026;Garantizado;SI;SI;NO;ECHEQ;NO;NO;C.I.;15:23:42;17:00:00;107;524;25,00;25,00;524;$;20.000.000,00;1;Negociada;15:25:44;;;;AO;;;Certificado MiPyME;;
1551613;14/09/2026;No Garantizado Calificado;NO;SI;NO;ECHEQ;NO;NO;24Hs.;15:23:45;17:00:00;99;569;60,00;60,00;47;$;9.976.505,42;1;Negociada;15:32:11;;30-71632558-6;GO SERVICIOS DIGITALES SOCIEDAD POR ACCIONES SIMPLIFICADA S. A. S.;AO;20-36867900-4;ANDRADA NICOLAS MATIAS;;;
1551614;14/09/2026;Garantizado;SI;SI;NO;ECHEQ;NO;NO;C.I.;15:23:58;17:00:00;114;524;25,00;25,00;524;$;7.000.000,00;1;Negociada;15:26:01;;;;AO;;;Certificado MiPyME;;
1551615;14/09/2026;No Garantizado;NO;SI;NO;ECHEQ;NO;NO;24Hs.;15:24:26;17:00:00;32;572;35,00;35,00;42;$;82.943.053,42;9;Negociada;15:26:27;;30-62622181-1;COMPAÑIA GENERAL DE HACIENDA SA;AO;30-71589738-1;AGROPECUARIA DON LIVIO S.A.;;;
1551616;14/09/2026;No Garantizado;NO;SI;NO;ECHEQ;NO;NO;24Hs.;15:24:50;17:00:00;232;526;27,50;27,50;767;$;1.041.496.976,16;49;Negociada;15:26:51;;30-70959407-5;TRIUM S.A.;AO;30-70856510-1;INGENIA GRUPO CONSTRUCTOR S.A.;;;
1551617;14/09/2026;No Garantizado;NO;SI;NO;ECHEQ;NO;NO;C.I.;15:25:11;17:00:00;94;764;30,00;30,00;764;$;100.000.000,00;2;Negociada;15:44:04;;30-70858741-5;HECTOR A. BERTONE S.A;AO;;;;;
1551618;14/09/2026;No Garantizado;SI;SI;NO;ECHEQ;NO;NO;C.I.;15:25:34;17:00:00;30;423;40,00;40,00;423;$;2.354.078,37;1;Negociada;15:27:36;;33-68044396-9;SEMAC CONSTRUCCIONES S A;AO;30-71687312-5;STAHLGRAS S.R.L.;Certificado MiPyME;;
1551619;14/09/2026;No Garantizado;NO;SI;NO;ECHEQ;SI;NO;24Hs.;15:25:37;17:00:00;30;572;26,50;26,50;527;$;84.194.097,50;6;Negociada;15:37:02;;30-54808315-6;COTO CENTRO INTEGRAL DE COMERCIALIZACION SOCIEDAD ANONIMA;NO;;;;;
1551620;14/09/2026;No Garantizado;SI;SI;NO;ECHEQ;NO;NO;24Hs.;15:25:43;17:00:00;92;20;36,00;36,00;20;$;20.000.000,00;4;Negociada;15:33:37;;30-67901175-4;COHEN MARCOS Y COHEN GUILLERMO SOCIEDAD DE HECHO;AO;30-67901175-4;COHEN MARCOS Y COHEN GUILLERMO SOCIEDAD DE HECHO;Certificado MiPyME;;
1551621;14/09/2026;No Garantizado;NO;SI;NO;ECHEQ;NO;NO;24Hs.;15:25:59;17:00:00;20;529;26,00;26,00;527;$;6.701.649,63;1;Negociada;15:36:51;;30-59036076-3;CENCOSUD S A;AO;;;;;
1551622;14/09/2026;No Garantizado;SI;NO;NO;ECHEQ;NO;NO;C.I.;15:26:05;17:00:00;24;15;29,00;29,00;15;$;10.000.000,00;1;Negociada;15:30:31;;30-61475175-0;TRIQUIM S. A.;AO;30-61475175-0;TRIQUIM S. A.;MiPyME FCE - Art. 7 Ley 27.440, Res. SEPYME 340/17, Art. 2 RG 4367/18 y RG 1019/24;;
1551623;14/09/2026;No Garantizado Calificado;NO;SI;NO;ECHEQ;SI;NO;24Hs.;15:26:13;17:00:00;17;572;26,50;26,50;527;$;19.704.099,83;1;Negociada;15:36:43;;30-68731043-4;INC S. A.;NO;;;;;
1551624;14/09/2026;No Garantizado Calificado;NO;SI;NO;ECHEQ;NO;NO;C.I.;15:27:53;17:00:00;91;754;45,00;45,00;754;$;15.000.000,00;5;Negociada;15:32:03;;30-68470777-5;NEW PLENTY S R L;AO;;;;;
1551625;14/09/2026;Avalado;;SI;NO;PAGARE;NO;NO;24Hs.;15:28:17;17:00:00;62;;;25,00;529;$;100.000.000,00;1;Desierta;;AVLR;;Aval Ar S.G.R.;;;;;;
1551626;14/09/2026;No Garantizado;SI;SI;NO;ECHEQ;SI;NO;24Hs.;15:28:25;17:00:00;49;546;27,00;27,00;546;$;131.527.674,79;1;Negociada;16:46:08;;30-54808315-6;COTO CENTRO INTEGRAL DE COMERCIALIZACION SOCIEDAD ANONIMA;NO;;;Certificado MiPyME;;
1551627;14/09/2026;Avalado;;SI;NO;PAGARE;NO;NO;24Hs.;15:28:36;17:00:00;59;;;25,00;529;$;100.000.000,00;1;Desierta;;AVLR;;Aval Ar S.G.R.;;;;;;
1551628;14/09/2026;Avalado;;SI;NO;PAGARE;NO;NO;24Hs.;15:28:55;17:00:00;87;;;25,00;529;$;100.000.000,00;1;Desierta;;AVLR;;Aval Ar S.G.R.;;;;;;
1551629;14/09/2026;No Garantizado;NO;SI;NO;ECHEQ;NO;NO;C.I.;15:29:05;17:00:00;29;754;40,00;40,00;754;$;683.333,33;1;Negociada;15:31:06;;27-10098446-1;IRAZABAL MARIA JULIA;AO;;;;;
1551630;14/09/2026;No Garantizado;NO;SI;NO;ECHEQ;NO;NO;C.I.;15:29:26;17:00:00;27;754;40,00;40,00;754;$;5.000.000,00;3;Negociada;15:31:28;;23-26846308-9;FESTA CARLOS ADRIS;AO;;;;;
1551631;14/09/2026;No Garantizado;NO;SI;NO;ECHEQ;NO;NO;C.I.;15:29:35;17:00:00;50;567;36,00;36,00;567;$;8.000.000,00;1;Negociada;15:31:36;;30-71761135-3;RUBICON INDUSTRIA METALURGICA S. R. L.;AO;30-71409422-6;ASOCIACION MUTUAL 23 DE SETIEMBRE;;;
1551632;14/09/2026;No Garantizado;NO;SI;NO;ECHEQ;NO;NO;C.I.;15:29:45;17:00:00;75;567;36,00;36,00;567;$;10.700.000,00;4;Negociada;15:31:46;;27-27845146-7;GARRO SILVINA DANIELA;AO;30-71409422-6;ASOCIACION MUTUAL 23 DE SETIEMBRE;;;
1551633;14/09/2026;No Garantizado;NO;SI;NO;ECHEQ;NO;NO;C.I.;15:29:53;17:00:00;30;754;40,00;40,00;754;$;16.517.176,73;1;Negociada;15:31:55;;30-57607056-6;COINCER SOCIEDAD ANONIMA COMERCIAL INMOBILIARIA FINANCIERA Y AGROPECUARIA;AO;;;;;
1551634;14/09/2026;No Garantizado;NO;SI;NO;ECHEQ;NO;NO;C.I.;15:29:57;17:00:00;42;567;36,00;36,00;567;$;3.300.000,00;2;Negociada;15:31:59;;30-70791371-8;PAVETTI GUSTAVO ALBERTO Y GUERRERO RODOLFO GUSTAVO;AO;30-71409422-6;ASOCIACION MUTUAL 23 DE SETIEMBRE;;;
1551635;14/09/2026;No Garantizado;NO;SI;NO;ECHEQ;NO;NO;C.I.;15:30:06;17:00:00;77;567;36,00;36,00;567;$;10.000.000,00;2;Negociada;15:32:07;;30-71536400-6;ANDES SEÑA S.A.;AO;30-71409422-6;ASOCIACION MUTUAL 23 DE SETIEMBRE;;;
1551636;14/09/2026;No Garantizado Calificado;NO;SI;NO;ECHEQ;NO;NO;C.I.;15:30:16;17:00:00;21;754;40,00;40,00;754;$;1.848.246,68;1;Negociada;15:32:17;;30-70848605-8;SURIYACO S. R. L.;AO;;;;;
1551637;14/09/2026;No Garantizado;NO;SI;NO;ECHEQ;NO;NO;C.I.;15:30:41;17:00:00;30;754;40,00;40,00;754;$;941.921,00;1;Negociada;15:32:42;;20-16746310-0;ZENON ABEL ALEJANDRO;AO;;;;;
1551638;14/09/2026;No Garantizado;NO;SI;NO;ECHEQ;NO;NO;C.I.;15:31:03;17:00:00;23;754;40,00;40,00;754;$;1.108.908,16;1;Negociada;15:33:04;;30-71818908-6;LIRO S.A.S.;AO;;;;;
1551639;14/09/2026;No Garantizado;NO;SI;NO;ECHEQ;NO;NO;C.I.;15:31:34;17:00:00;16;754;40,00;40,00;754;$;5.000.000,00;1;Negociada;15:33:35;;33-70762578-9;GRANAR S.R.L.;AO;;;;;
1551640;14/09/2026;No Garantizado;SI;SI;NO;FCE;NO;NO;24Hs.;15:31:48;17:00:00;35;;;20,00;406;$;7.037.940,80;1;Desierta;;%DIR;30-68588939-7;DIRECTV ARGENTINA S.R.L.;;;;;;
1551641;14/09/2026;No Garantizado Calificado;NO;SI;NO;ECHEQ;NO;NO;C.I.;15:31:56;17:00:00;23;754;40,00;40,00;754;$;1.100.000,00;1;Negociada;15:33:57;;20-11382059-5;RUFFINO MARIO LUIS;AO;;;;;
1551642;14/09/2026;No Garantizado;NO;SI;NO;ECHEQ;NO;NO;24Hs.;15:32:10;17:00:00;63;34;34,00;34,00;34;$;5.000.000,00;1;Negociada;15:34:12;;30-50009132-7;EDITORIAL DIARIO LA CAPITAL S A;AO;30-50009132-7;EDITORIAL DIARIO LA CAPITAL S A;;;
1551643;14/09/2026;No Garantizado;NO;SI;NO;ECHEQ;NO;NO;C.I.;15:32:16;17:00:00;43;764;33,00;33,00;764;$;5.000.000,00;1;Negociada;15:43:33;;30-64806084-6;NOAL S A;AO;;;;;
1551644;14/09/2026;No Garantizado;NO;SI;NO;ECHEQ;NO;NO;C.I.;15:32:18;17:00:00;23;754;40,00;40,00;754;$;676.351,44;1;Negociada;15:34:20;;33-71755449-9;P.E.C.A.F. S. A.;AO;;;;;
1551645;14/09/2026;Avalado;;SI;NO;ECHEQ;NO;NO;24Hs.;15:32:42;17:00:00;125;767;26,00;26,00;434;$;160.000.000,00;11;Negociada;15:34:44;POTE;;Potenciar S.G.R.;AO;;;;;
1551646;14/09/2026;No Garantizado;NO;SI;NO;ECHEQ;NO;NO;C.I.;15:32:45;17:00:00;29;754;40,00;40,00;754;$;1.500.000,00;1;Negociada;15:34:46;;20-30971669-9;LOPEZ JONATAN EZEQUIEL;AO;;;;;
1551647;14/09/2026;No Garantizado;NO;SI;NO;ECHEQ;NO;NO;C.I.;15:33:09;17:00:00;14;754;40,00;40,00;754;$;650.000,00;1;Negociada;15:35:11;;30-71685332-9;CHUCAIR SAS;AO;;;;;
1551648;14/09/2026;No Garantizado;NO;SI;NO;ECHEQ;NO;NO;C.I.;15:33:34;17:00:00;16;754;40,00;40,00;754;$;399.501,00;1;Negociada;15:35:35;;30-71487629-1;CATERNORTE S.R.L.;AO;;;;;
1551649;14/09/2026;No Garantizado Calificado;NO;SI;NO;ECHEQ;NO;NO;C.I.;15:34:01;17:00:00;15;754;40,00;40,00;754;$;5.000.000,00;1;Negociada;15:36:02;;30-66864457-7;CONSTRUCCIONES SERMANTER S R L;AO;;;;;
1551650;14/09/2026;No Garantizado;NO;SI;NO;ECHEQ;NO;NO;C.I.;15:35:17;17:00:00;58;754;35,00;35,00;754;$;27.000.000,00;1;Negociada;15:37:18;;33-71204938-9;PUNTA NORTE S.R.L.;AO;;;;;
1551651;14/09/2026;No Garantizado;NO;SI;NO;ECHEQ;NO;NO;C.I.;15:35:39;17:00:00;31;754;34,00;34,00;754;$;45.000.000,00;1;Negociada;15:37:40;;30-71050889-1;CAM S.R.L.;AO;;;;;
1551652;14/09/2026;No Garantizado Calificado;NO;NO;NO;ECHEQ;NO;NO;24Hs.;15:36:22;17:00:00;14;;;35,00;486;$;30.000.000,00;1;Desierta;;;33-70775105-9;ECOCARNES S.A.;AO;;;;;
1551653;14/09/2026;Avalado;;SI;NO;ECHEQ;NO;NO;24Hs.;15:36:27;17:00:00;57;;;28,00;11;$;13.745.123,32;1;Desierta;;UNIO;;Union S.G.R.;AO;;;;;
1551654;14/09/2026;Avalado;;SI;NO;ECHEQ;NO;NO;24Hs.;15:36:57;17:00:00;40;;;25,00;11;$;100.000.000,00;2;Desierta;;UNIO;;Union S.G.R.;AO;;;;;
1551655;14/09/2026;No Garantizado;NO;SI;NO;PAGARE;NO;NO;24Hs.;15:37:06;17:00:00;569;546;1,00;1,00;546;U$S;59.400,00;6;Negociada;16:38:59;;33-71818467-9;GULLO TECH GROUP S.R.L;;33-71818467-9;GULLO TECH GROUP S.R.L;;;
1551656;14/09/2026;No Garantizado;NO;SI;NO;ECHEQ;NO;NO;C.I.;15:37:44;17:00:00;43;764;33,00;37,00;764;$;5.000.000,00;1;Negociada;15:43:43;;30-64806084-6;NOAL S A;AO;;;;;
1551657;14/09/2026;Avalado;;SI;NO;ECHEQ;NO;NO;24Hs.;15:37:48;17:00:00;50;11;25,00;25,00;11;$;10.814.496,00;1;Negociada;16:30:21;CREC;;Crecer S.G.R.;AO;;;;;
1551658;14/09/2026;Avalado;;SI;NO;ECHEQ;NO;NO;24Hs.;15:41:13;17:00:00;112;406;27,00;27,00;406;$;14.000.000,00;3;Negociada;15:50:20;ARPY;;Argenpymes S.G.R.;AO;;;;;
1551659;14/09/2026;Avalado;;SI;NO;ECHEQ;NO;NO;24Hs.;15:41:41;17:00:00;126;406;27,00;27,00;406;$;250.000.000,00;1;Negociada;15:50:02;ARPY;;Argenpymes S.G.R.;AO;;;;;
1551660;14/09/2026;Avalado;;SI;NO;ECHEQ;NO;NO;24Hs.;15:41:50;17:00:00;62;501;25,00;25,00;804;$;10.000.000,00;1;Negociada;16:05:49;CUAV;;Cuyo Aval S.G.R.;AO;;;;;
1551661;14/09/2026;Avalado;;SI;NO;ECHEQ;NO;NO;24Hs.;15:42:10;17:00:00;130;406;26,75;26,75;406;$;230.000.000,00;10;Negociada;15:49:43;ARPY;;Argenpymes S.G.R.;AO;;;;;
1551662;14/09/2026;No Garantizado Calificado;NO;SI;NO;ECHEQ;NO;NO;C.I.;15:42:30;17:00:00;45;539;31,00;31,00;539;$;25.650.000,00;3;Negociada;15:48:19;;30-70916018-0;ROJAS PROYECTO III S.A.;AO;30-60203995-8;POLINOA S A;;;
1551663;14/09/2026;No Garantizado Calificado;NO;SI;NO;ECHEQ;NO;NO;C.I.;15:42:44;17:00:00;53;539;31,00;31,00;539;$;14.000.000,00;6;Negociada;15:48:39;;30-71631134-8;TOTAL ALIMENTOS ARGENTINOS;AO;30-60203995-8;POLINOA S A;;;
1551664;14/09/2026;Garantizado;SI;SI;NO;ECHEQ;NO;NO;24Hs.;15:43:04;17:00:00;57;523;24,25;24,25;754;$;5.000.000,00;1;Negociada;15:57:31;;;;AO;;;Certificado MiPyME;;
1551665;14/09/2026;Avalado;;SI;NO;ECHEQ;SI;NO;24Hs.;15:43:46;17:00:00;87;15;25,75;26,00;502;$;30.000.000,00;2;Negociada;15:50:52;ARPY;;Argenpymes S.G.R.;NO;;;;;
1551666;14/09/2026;Avalado;;SI;NO;ECHEQ;SI;NO;24Hs.;15:44:21;17:00:00;87;15;25,75;26,00;502;$;25.000.000,00;1;Negociada;15:51:03;ARPY;;Argenpymes S.G.R.;NO;;;;;
1551667;14/09/2026;Avalado;;SI;NO;ECHEQ;SI;NO;24Hs.;15:44:52;17:00:00;87;15;25,75;26,00;502;$;25.000.000,00;1;Negociada;15:51:15;ARPY;;Argenpymes S.G.R.;NO;;;;;
1551668;14/09/2026;Avalado;;SI;NO;ECHEQ;NO;NO;24Hs.;15:46:45;17:00:00;72;442;27,00;27,00;442;$;11.943.972,00;2;Negociada;15:48:47;MOVI;;MOVIL S.G.R.;AO;;;;;
1551669;14/09/2026;Avalado;;SI;NO;ECHEQ;NO;NO;24Hs.;15:47:10;17:00:00;67;526;27,00;27,00;526;$;15.000.000,00;2;Negociada;15:49:12;NOVA;;INNOVA S.G.R.;AO;;;;;
1551670;14/09/2026;Avalado;;SI;NO;ECHEQ;SI;NO;24Hs.;15:47:13;17:00:00;87;406;26,00;26,00;502;$;17.000.000,00;1;Negociada;15:49:14;ARPY;;Argenpymes S.G.R.;NO;;;;;
1551671;14/09/2026;No Garantizado Calificado;SI;SI;NO;ECHEQ;NO;NO;24Hs.;15:47:19;17:00:00;24;526;32,50;32,50;526;$;50.000.000,00;1;Negociada;15:49:20;;30-50964587-2;DORRONZORO HNOS S. A.;AO;30-50964587-2;DORRONZORO HNOS S. A.;Certificado MiPyME;;
1551672;14/09/2026;Avalado;;SI;NO;ECHEQ;SI;NO;24Hs.;15:47:22;17:00:00;87;406;26,00;26,00;502;$;10.900.000,00;1;Negociada;15:49:24;ARPY;;Argenpymes S.G.R.;NO;;;;;
1551673;14/09/2026;No Garantizado Calificado;NO;SI;NO;ECHEQ;NO;NO;24Hs.;15:47:26;17:00:00;28;764;32,00;32,00;764;$;2.500.000,00;1;Negociada;15:51:56;;20-36146606-4;JUAREZ DIAZ ALEJANDRO GABRIEL;AO;20-36146606-4;JUAREZ DIAZ ALEJANDRO GABRIEL;;;
1551674;14/09/2026;No Garantizado;NO;SI;NO;PAGARE;NO;NO;24Hs.;15:47:28;17:00:00;182;754;18,00;18,00;754;U$D;4.700,00;1;Negociada;15:49:30;;30-70904852-6;FANTINI POSTES S.A.;;30-70904852-6;FANTINI POSTES S.A.;;;
1551675;14/09/2026;Avalado;;SI;NO;ECHEQ;NO;NO;24Hs.;15:47:35;17:00:00;363;832;31,00;31,00;502;$;34.150.000,00;1;Negociada;16:34:49;POTE;;Potenciar S.G.R.;AO;;;;;
1551676;14/09/2026;Avalado;;SI;NO;ECHEQ;NO;NO;24Hs.;15:47:38;17:00:00;231;;;29,00;734;$;185.000.000,00;1;Desierta;;BIND;;Garantias Bind S.G.R.;AO;;;;;
1551677;14/09/2026;Avalado;;SI;NO;ECHEQ;NO;NO;24Hs.;15:47:39;17:00:00;126;;;26,00;764;$;15.000.000,00;1;Desierta;;FINT;;Fintech S.G.R.;AO;;;;;
1551678;14/09/2026;Avalado;;SI;NO;ECHEQ;NO;NO;24Hs.;15:47:48;17:00:00;111;523;26,00;26,00;720;$;17.296.945,54;7;Negociada;15:49:50;BAIN;;BANCO INDUSTRIAL SA;AO;;;;;
1551679;14/09/2026;Avalado;;SI;NO;ECHEQ;SI;NO;24Hs.;15:47:51;17:00:00;87;406;26,00;26,00;502;$;9.420.000,00;1;Negociada;15:49:52;ARPY;;Argenpymes S.G.R.;NO;;;;;
1551680;14/09/2026;No Garantizado;NO;SI;NO;ECHEQ;NO;NO;24Hs.;15:47:53;17:00:00;57;449;35,00;36,00;754;$;6.744.329,94;1;Negociada;15:49:54;;30-52604779-2;CEMENTOS AVELLANEDA S. A.;AO;30-50152515-0;SANTIAGO PALLAS SOCIEDAD DE RESPONSABILIDAD LIMITADA;;;
1551681;14/09/2026;Avalado;;SI;NO;ECHEQ;SI;NO;24Hs.;15:47:59;17:00:00;87;406;26,00;26,00;502;$;11.000.000,00;1;Negociada;15:50:00;ARPY;;Argenpymes S.G.R.;NO;;;;;
1551682;14/09/2026;Avalado;;SI;NO;ECHEQ;SI;NO;24Hs.;15:48:07;17:00:00;87;406;26,00;26,00;502;$;9.000.000,00;1;Negociada;15:50:08;ARPY;;Argenpymes S.G.R.;NO;;;;;
1551683;14/09/2026;Avalado;;SI;NO;ECHEQ;SI;NO;24Hs.;15:48:16;17:00:00;87;406;26,00;26,00;502;$;5.000.000,00;1;Negociada;15:50:18;ARPY;;Argenpymes S.G.R.;NO;;;;;
1551684;14/09/2026;No Garantizado;NO;SI;NO;ECHEQ;NO;NO;C.I.;15:48:18;17:00:00;37;764;31,00;31,00;764;$;90.000.000,00;3;Negociada;15:52:18;;30-53610272-4;EDGAR E PASTORE Y CIA S R L;AO;;;;;
1551685;14/09/2026;Avalado;;SI;NO;ECHEQ;SI;NO;24Hs.;15:48:24;17:00:00;87;406;26,00;26,00;502;$;28.000.000,00;1;Negociada;15:50:25;ARPY;;Argenpymes S.G.R.;NO;;;;;
1551686;14/09/2026;Avalado;;SI;NO;ECHEQ;SI;NO;24Hs.;15:48:33;17:00:00;87;406;26,00;26,00;502;$;20.000.000,00;1;Negociada;15:50:34;ARPY;;Argenpymes S.G.R.;NO;;;;;
1551687;14/09/2026;No Garantizado Calificado;NO;NO;NO;PAGARE;NO;NO;24Hs.;15:48:33;17:00:00;14;704;24,00;24,00;704;$;2.343.541.200,00;4;Negociada;16:06:07;;30-68404611-6;AUTOMOVILES SAN JORGE S A;;;;;;
1551688;14/09/2026;No Garantizado;SI;SI;NO;ECHEQ;NO;NO;C.I.;15:48:35;17:00:00;66;569;33,00;33,00;569;$;10.500.000,00;2;Negociada;15:50:36;;30-70731790-2;PRO NOVELTIES S. A.;AO;30-64078319-9;ARGENSUN  SOCIEDAD ANONIMA;Certificado MiPyME;;
1551689;14/09/2026;Avalado;;SI;NO;ECHEQ;SI;NO;24Hs.;15:48:41;17:00:00;87;406;26,00;26,00;502;$;15.000.000,00;1;Negociada;15:50:42;ARPY;;Argenpymes S.G.R.;NO;;;;;
1551690;14/09/2026;No Garantizado;NO;SI;NO;ECHEQ;NO;NO;C.I.;15:48:48;17:00:00;43;764;33,00;33,00;764;$;5.000.000,00;1;Negociada;15:52:28;;30-64806084-6;NOAL S A;AO;;;;;
1551691;14/09/2026;Avalado;;SI;NO;ECHEQ;SI;NO;24Hs.;15:48:54;17:00:00;87;406;26,00;26,00;502;$;8.500.000,00;1;Negociada;15:50:56;ARPY;;Argenpymes S.G.R.;NO;;;;;
1551692;14/09/2026;No Garantizado Calificado;NO;NO;NO;PAGARE;NO;NO;24Hs.;15:48:58;17:00:00;14;704;24,00;24,00;704;$;2.452.957.000,00;3;Negociada;16:06:28;;30-71743800-7;KARDUR;;;;;;
1551693;14/09/2026;Avalado;;SI;NO;ECHEQ;NO;NO;C.I.;15:49:10;17:00:00;49;;;;433;$;50.201.410,38;15;Desierta;;ACPY;;Acindar Pymes S.G.R.;AO;;;;;
1551694;14/09/2026;No Garantizado;NO;NO;NO;PAGARE;NO;NO;24Hs.;15:49:15;17:00:00;14;704;24,00;24,00;704;$;1.137.913.000,00;2;Negociada;16:06:48;;30-71644196-9;KALKSTEN S.A.;;;;;;
1551695;14/09/2026;Avalado;;SI;NO;ECHEQ;SI;NO;24Hs.;15:49:30;17:00:00;87;406;26,00;26,00;502;$;14.000.000,00;1;Negociada;15:51:31;ARPY;;Argenpymes S.G.R.;NO;;;;;
1551696;14/09/2026;No Garantizado Calificado;NO;SI;NO;ECHEQ;NO;NO;C.I.;15:49:38;17:00:00;21;429;32,00;32,00;429;$;5.000.000,00;1;Negociada;16:03:51;;30-71858484-8;MENUGUS S.R.L.;AO;30-50351264-1;BITTI S A;;;
1551697;14/09/2026;Avalado;;SI;NO;ECHEQ;SI;NO;24Hs.;15:49:39;17:00:00;87;406;26,00;26,00;502;$;20.000.000,00;1;Negociada;15:51:41;ARPY;;Argenpymes S.G.R.;NO;;;;;
1551698;14/09/2026;Avalado;;SI;NO;ECHEQ;SI;NO;24Hs.;15:50:07;17:00:00;87;406;26,00;26,00;502;$;12.000.000,00;1;Negociada;15:52:08;ARPY;;Argenpymes S.G.R.;NO;;;;;
1551699;14/09/2026;Avalado;;SI;NO;ECHEQ;NO;NO;24Hs.;15:50:13;17:00:00;175;832;29,00;29,00;559;$;15.000.000,00;1;Negociada;16:30:02;AFFI;;Affidavit S.G.R.;AO;;;;;
1551700;14/09/2026;Avalado;;SI;NO;ECHEQ;SI;NO;24Hs.;15:50:15;17:00:00;87;406;26,00;26,00;502;$;13.000.000,00;1;Negociada;15:52:16;ARPY;;Argenpymes S.G.R.;NO;;;;;
1551701;14/09/2026;Avalado;;SI;NO;ECHEQ;SI;NO;24Hs.;15:50:23;17:00:00;87;406;26,00;26,00;502;$;12.200.000,00;1;Negociada;15:52:24;ARPY;;Argenpymes S.G.R.;NO;;;;;
1551702;14/09/2026;Avalado;;SI;NO;ECHEQ;NO;NO;24Hs.;15:50:32;17:00:00;155;;;26,00;11;$;30.000.000,00;1;Desierta;;POTE;;Potenciar S.G.R.;AO;;;;;
1551703;14/09/2026;Avalado;;SI;NO;ECHEQ;SI;NO;24Hs.;15:50:34;17:00:00;87;406;26,00;26,00;502;$;13.000.000,00;1;Negociada;15:52:36;ARPY;;Argenpymes S.G.R.;NO;;;;;
1551704;14/09/2026;Avalado;;SI;NO;ECHEQ;SI;NO;24Hs.;15:50:42;17:00:00;87;406;26,00;26,00;502;$;6.000.000,00;1;Negociada;15:52:43;ARPY;;Argenpymes S.G.R.;NO;;;;;
1551705;14/09/2026;No Garantizado;SI;SI;NO;ECHEQ;NO;NO;C.I.;15:51:14;17:00:00;82;;;0,00;718;$;10.232.578,79;2;Desierta (Baja);;;30-59920087-4;MC CENTER TUCUMAN SRL;AO;;;Certificado MiPyME;;
1551706;14/09/2026;Avalado;;SI;NO;ECHEQ;NO;NO;24Hs.;15:51:29;17:00:00;171;;;;754;$;1.666.667,00;1;Desierta;;AFBG;;AFB AVALES S.G.R;AO;;;;;
1551707;14/09/2026;Avalado;;SI;NO;ECHEQ;NO;NO;24Hs.;15:52:08;17:00:00;78;754;28,00;28,00;754;$;9.000.000,00;1;Negociada;16:28:30;ACEN;;Avales del Centro S.G.R.;AO;;;;;
1551708;14/09/2026;Avalado;;SI;NO;ECHEQ;NO;NO;24Hs.;15:52:13;17:00:00;127;501;28,50;28,50;545;$;40.000.000,00;4;Negociada;16:04:38;CUAV;;Cuyo Aval S.G.R.;AO;;;;;
1551709;14/09/2026;Avalado;;SI;NO;PAGARE;NO;NO;24Hs.;15:52:17;17:00:00;371;;;;754;U$D;5.000,00;1;Desierta;;INPY;;Integra Pymes S.G.R.;;;;;;
1551710;14/09/2026;No Garantizado;NO;SI;NO;ECHEQ;NO;NO;C.I.;15:52:21;17:00:00;21;429;30,00;30,00;429;$;5.000.000,00;1;Negociada;15:54:22;;30-50494356-5;PASQUALE S. R. L.;AO;30-50351264-1;BITTI S A;;;
1551711;14/09/2026;No Garantizado;NO;SI;NO;ECHEQ;NO;NO;C.I.;15:52:45;17:00:00;46;433;36,00;36,00;433;$;3.250.000,00;1;Negociada;15:54:46;;30-71812787-0;SECUAZ S.R.L;AO;;;;;
1551712;14/09/2026;No Garantizado;NO;SI;NO;ECHEQ;NO;NO;C.I.;15:53:10;17:00:00;22;545;24,00;24,00;778;$;32.386.677,00;2;Negociada;15:55:11;;30-59797159-8;CELULOSA CAMPANA SOCIEDAD ANONIMA;AO;30-54203363-7;BANCO DE COMERCIO S.A.;;;
1551713;14/09/2026;Avalado;;SI;NO;ECHEQ;NO;NO;24Hs.;15:53:14;17:00:00;87;;;26,00;559;$;20.000.000,00;8;Desierta;;CUAV;;Cuyo Aval S.G.R.;AO;;;;;
1551714;14/09/2026;No Garantizado;NO;SI;NO;ECHEQ;NO;NO;C.I.;15:53:29;17:00:00;23;545;24,00;24,00;778;$;9.100.515,50;1;Negociada;15:55:31;;30-71597382-7;BAYIT EMPRESA CONSTRUCTORA S. R. L.;AO;30-54203363-7;BANCO DE COMERCIO S.A.;;;
1551715;14/09/2026;No Garantizado;SI;SI;NO;FCE;NO;NO;C.I.;15:53:34;17:00:00;24;569;27,00;27,00;433;$;184.600.977,68;2;Negociada;16:00:29;%YFH;30-71433561-4;YPF S.A - COMPAÑIA DE HIDROCARBURO NO CONVENCIONAL SRL AREA LOMA CAMPANA UTE;;;;;;
1551716;14/09/2026;Avalado;;SI;NO;ECHEQ;NO;NO;24Hs.;15:53:40;17:00:00;143;406;28,00;28,00;406;$;40.000.000,00;4;Negociada;15:59:32;ARPY;;Argenpymes S.G.R.;AO;;;;;
1551717;14/09/2026;No Garantizado;NO;SI;NO;ECHEQ;NO;NO;C.I.;15:53:47;17:00:00;23;545;24,00;24,00;778;$;79.390.500,00;5;Negociada;15:55:49;;30-70729176-8;BROADBANDTECH S.A.;AO;30-54203363-7;BANCO DE COMERCIO S.A.;;;
1551718;14/09/2026;No Garantizado Calificado;SI;SI;NO;FCE;NO;NO;24Hs.;15:53:57;17:00:00;86;114;27,50;27,50;766;$;34.818.569,76;1;Negociada;16:28:24;%INC;30-68731043-4;INC S. A.;;;;;;
1551719;14/09/2026;No Garantizado Calificado;SI;SI;NO;ECHEQ;NO;NO;C.I.;15:54:36;17:00:00;99;406;28,00;28,00;406;$;4.000.000,00;1;Negociada;15:57:16;;30-71754751-5;AO SRL;AO;30-71754751-5;AO SRL;Certificado MiPyME;;
1551720;14/09/2026;No Garantizado;SI;SI;NO;FCE;NO;NO;24Hs.;15:55:03;17:00:00;7;839;30,00;30,00;839;$;11.346.765,18;1;Negociada;15:57:04;%TEH;30-54798102-9;TECHINT COMPAÑIA TECNICA INTERNACIONAL SOCIEDAD ANONIMA COMERCIAL E INDUSTRIAL;;;;;;
1551721;14/09/2026;No Garantizado;SI;SI;NO;ECHEQ;NO;NO;C.I.;15:56:49;17:00:00;38;814;38,00;38,00;559;$;68.000.000,00;3;Negociada;15:58:50;;30-54012725-1;RUTA 3 AUTOMOTORES S.A.;AO;30-54012725-1;RUTA 3 AUTOMOTORES S.A.;Certificado MiPyME;;
1551722;14/09/2026;No Garantizado;SI;SI;NO;ECHEQ;NO;NO;C.I.;15:57:09;17:00:00;61;;;0,00;15;$;20.350.000,00;11;Desierta (Baja);;;33-71742085-9;MADFLEJ S.R.L.;AO;;;Certificado MiPyME;;
1551723;14/09/2026;Avalado;;SI;NO;ECHEQ;NO;NO;24Hs.;16:01:46;17:00:00;125;;;25,00;839;$;51.921.649,45;1;Desierta;;AFBG;;AFB AVALES S.G.R;AO;;;;;
1551724;14/09/2026;Avalado;;SI;NO;ECHEQ;NO;NO;24Hs.;16:02:17;17:00:00;51;770;26,50;26,50;770;$;5.100.000,00;1;Negociada;16:47:41;PATG;;Patagonia S.G.R.;AO;;;;;
1551725;14/09/2026;No Garantizado;NO;SI;NO;ECHEQ;SI;NO;24Hs.;16:02:40;17:00:00;58;;;24,00;460;$;9.756.803,38;3;Desierta;;;30-54724233-1;MASTELLONE HNOS S A;NO;30-70899518-1;AXIA S.A.;;;
1551726;14/09/2026;No Garantizado;NO;SI;NO;ECHEQ;SI;NO;24Hs.;16:02:55;17:00:00;54;;;24,00;460;$;469.788,31;2;Desierta;;;30-54676404-0;NESTLE ARGENTINA S A;NO;30-70899518-1;AXIA S.A.;;;
1551727;14/09/2026;No Garantizado;NO;SI;NO;ECHEQ;SI;NO;24Hs.;16:03:46;17:00:00;50;754;25,50;25,50;754;$;251.814.216,45;1;Negociada;16:07:59;;30-54676404-0;NESTLE ARGENTINA S A;NO;;;;;
1551728;14/09/2026;No Garantizado;NO;SI;NO;ECHEQ;NO;NO;24Hs.;16:05:13;17:00:00;61;866;33,00;33,00;866;$;20.000.000,00;2;Negociada;16:07:15;;30-71630654-9;AGROPRODUCCION Y SERVICIOS MB SRL;AO;30-71630654-9;AGROPRODUCCION Y SERVICIOS MB SRL;;;
1551729;14/09/2026;No Garantizado;NO;SI;NO;ECHEQ;NO;NO;C.I.;16:05:43;17:00:00;37;15;26,50;26,50;15;$;1.000.000.000,00;1;Negociada;16:07:45;;30-66332224-5;ALEA Y CIA SOCIEDAD ANONIMA;AO;30-66332224-5;ALEA Y CIA SOCIEDAD ANONIMA;;;
1551730;14/09/2026;Avalado;;SI;NO;ECHEQ;NO;NO;24Hs.;16:06:19;17:00:00;42;406;25,00;25,00;406;$;25.000.000,00;1;Negociada;16:19:39;ARPY;;Argenpymes S.G.R.;AO;;;;;
1551731;14/09/2026;Avalado;;SI;NO;ECHEQ;NO;NO;24Hs.;16:07:17;17:00:00;145;;;26,00;422;$;14.000.000,00;5;Desierta;;CMFI;;BANCO COMAFI S.A.;AO;;;;;
1551732;14/09/2026;Avalado;;SI;NO;ECHEQ;SI;NO;24Hs.;16:07:43;17:00:00;155;;;25,00;422;$;5.681.250,00;2;Desierta;;CMFI;;BANCO COMAFI S.A.;NO;;;;;
1551733;14/09/2026;Avalado;;SI;NO;PAGARE;NO;NO;24Hs.;16:07:44;17:00:00;288;716;7,00;7,00;526;DOL;20.000,00;2;Negociada;16:09:45;NOVA;;INNOVA S.G.R.;;;;;;
1551734;14/09/2026;No Garantizado;NO;SI;NO;ECHEQ;NO;NO;C.I.;16:08:08;17:00:00;123;537;42,00;42,00;537;$;60.000.000,00;6;Negociada;16:13:46;;33-71701729-9;MOM MINING  S. R. L.;AO;33-71701729-9;MOM MINING  S. R. L.;;;
1551735;14/09/2026;Avalado;;SI;NO;PAGARE;NO;NO;24Hs.;16:08:17;17:00:00;284;716;7,00;7,00;526;DOL;20.000,00;2;Negociada;16:10:18;FIDE;;Fidem S.G.R.;;;;;;
1551736;14/09/2026;No Garantizado;SI;SI;NO;ECHEQ;NO;NO;24Hs.;16:08:40;17:00:00;81;718;30,00;30,00;718;$;10.232.578,79;2;Negociada;16:10:42;;30-59920087-4;MC CENTER TUCUMAN SRL;AO;;;Certificado MiPyME;;
1551737;14/09/2026;No Garantizado;NO;SI;NO;ECHEQ;NO;NO;C.I.;16:09:00;17:00:00;36;764;29,00;29,00;764;$;30.000.000,00;1;Negociada;16:13:58;;30-70820202-5;AGRUPACION DE COLABORACION SAN ANTONIO;AO;;;;;
1551738;14/09/2026;No Garantizado;NO;SI;NO;ECHEQ;NO;NO;C.I.;16:09:20;17:00:00;24;764;29,00;29,00;764;$;11.333.333,33;1;Negociada;16:14:10;;30-71712804-0;MERCADOMASCOTAS SA;AO;;;;;
1551739;14/09/2026;No Garantizado;SI;SI;NO;ECHEQ;NO;NO;C.I.;16:09:46;17:00:00;39;449;25,00;25,00;449;$;18.000.000,00;1;Negociada;16:11:47;;30-71133878-7;PISCINAS PREMIUM S.A.;AO;30-71133878-7;PISCINAS PREMIUM S.A.;Certificado MiPyME;;
1551740;14/09/2026;No Garantizado;NO;SI;NO;ECHEQ;NO;NO;C.I.;16:10:18;17:00:00;56;524;49,00;49,00;433;$;24.000.000,00;3;Negociada;16:12:20;;30-71555551-0;DGL CONSULTORA S.R.L.;AO;30-71555551-0;DGL CONSULTORA S.R.L.;;;
1551741;14/09/2026;Avalado;;SI;NO;ECHEQ;NO;NO;24Hs.;16:10:31;17:00:00;31;;;24,50;449;$;18.750.000,00;1;Desierta;;FAEC;;FIDEICOM.DE AFECT. ESPEC.;AO;;;;;
1551742;14/09/2026;Garantizado;NO;SI;NO;ECHEQ;NO;NO;24Hs.;16:12:02;17:00:00;96;764;28,00;31,00;764;$;390.000.000,00;13;Negociada;16:40:47;;;;AO;;;;;
1551743;14/09/2026;Avalado;;SI;NO;ECHEQ;NO;NO;24Hs.;16:12:10;17:00:00;75;501;25,00;25,00;804;$;40.000.000,00;2;Negociada;16:19:19;CUAV;;Cuyo Aval S.G.R.;AO;;;;;
1551744;14/09/2026;No Garantizado Calificado;NO;SI;NO;PAGARE;NO;NO;24Hs.;16:12:23;17:00:00;91;704;24,00;24,00;704;$;2.459.538.909,00;4;Negociada;16:14:24;;30-68404611-6;AUTOMOVILES SAN JORGE S A;;30-68404611-6;AUTOMOVILES SAN JORGE S A;;;
1551745;14/09/2026;No Garantizado;NO;SI;NO;ECHEQ;NO;NO;24Hs.;16:12:40;17:00:00;120;764;31,00;31,00;764;$;60.000.000,00;2;Negociada;16:15:11;;30-71587837-9;DESIGN, QUALITY AND DEVELOPMENT S. A. S.;AO;30-71587837-9;DESIGN, QUALITY AND DEVELOPMENT S. A. S.;;;
1551746;14/09/2026;No Garantizado Calificado;NO;SI;NO;PAGARE;NO;NO;24Hs.;16:12:47;17:00:00;91;704;24,00;24,00;704;$;2.573.293.595,00;3;Negociada;16:14:48;;30-71743800-7;KARDUR;;30-71743800-7;KARDUR;;;
1551747;14/09/2026;Avalado;;SI;NO;ECHEQ;NO;NO;24Hs.;16:12:56;17:00:00;129;832;28,00;28,00;767;$;25.000.000,00;1;Negociada;16:14:57;AFFI;;Affidavit S.G.R.;AO;;;;;
1551748;14/09/2026;No Garantizado;NO;SI;NO;PAGARE;NO;NO;24Hs.;16:13:03;17:00:00;91;704;24,00;24,00;704;$;1.193.736.472,00;2;Negociada;16:15:05;;30-71644196-9;KALKSTEN S.A.;;30-71644196-9;KALKSTEN S.A.;;;
1551749;14/09/2026;Avalado;;SI;NO;ECHEQ;NO;NO;24Hs.;16:13:14;17:00:00;127;832;28,00;28,00;767;$;25.000.000,00;1;Negociada;16:15:15;AFFI;;Affidavit S.G.R.;AO;;;;;
1551750;14/09/2026;Garantizado;SI;SI;NO;ECHEQ;NO;NO;24Hs.;16:13:35;17:00:00;30;526;26,00;26,00;559;$;11.591.069,77;2;Negociada;16:23:54;;;;AO;;;Certificado MiPyME;;
1551751;14/09/2026;Avalado;;SI;NO;ECHEQ;NO;NO;24Hs.;16:15:36;17:00:00;71;754;28,00;28,00;754;$;21.052.631,56;10;Negociada;16:17:37;ACEN;;Avales del Centro S.G.R.;AO;;;;;
1551752;14/09/2026;Avalado;;SI;NO;ECHEQ;NO;NO;24Hs.;16:15:40;17:00:00;30;;;10,00;406;$;30.458.658,90;1;Desierta;;ARPY;;Argenpymes S.G.R.;AO;;;;;
1551753;14/09/2026;No Garantizado;NO;SI;NO;ECHEQ;NO;NO;C.I.;16:16:34;17:00:00;39;406;38,00;38,00;525;$;7.692.007,62;1;Negociada;16:20:42;;30-62073897-9;CASIMIRO FELIX TOYOS E HIJOS S A;AO;30-70860387-9;GOLDMUND S. A.;;;
1551754;14/09/2026;Avalado;;SI;NO;PAGARE;NO;NO;24Hs.;16:16:36;17:00:00;384;;;5,00;406;U$D;50.000,00;1;Desierta;;ARPY;;Argenpymes S.G.R.;;;;;;
1551755;14/09/2026;No Garantizado;NO;SI;NO;ECHEQ;NO;NO;C.I.;16:16:57;17:00:00;49;406;38,00;38,00;525;$;3.396.578,97;2;Negociada;16:20:52;;30-71301920-4;GRUPO TIRI S.A.;AO;30-70860387-9;GOLDMUND S. A.;;;
1551756;14/09/2026;No Garantizado;NO;SI;NO;ECHEQ;NO;NO;C.I.;16:17:11;17:00:00;52;406;38,00;38,00;525;$;1.033.209,28;1;Negociada;16:21:10;;33-50404708-9;LA AGRICOLA REGIONAL COOPERATIVA LIMITADA, AGROPECUARIA, DE CONSUMO Y DE SERVICIOS PUBLICOS;AO;30-70860387-9;GOLDMUND S. A.;;;
1551757;14/09/2026;Avalado;;SI;NO;ECHEQ;NO;NO;24Hs.;16:17:13;17:00:00;39;;;23,00;553;$;258.352.724,37;19;Desierta;;BSTR;;Banco de Serv. y Trans. S.A.;AO;;;;;
1551758;14/09/2026;No Garantizado;NO;SI;NO;ECHEQ;NO;NO;C.I.;16:17:25;17:00:00;51;406;38,00;38,00;525;$;15.228.481,92;3;Negociada;16:21:18;;33-63728727-9;LAROZ VICTOR JAIME E HIJOS SH DE LAROZ VICTOR JAIME ALEJANDRO VICTOR Y L MARCELO;AO;30-70860387-9;GOLDMUND S. A.;;;
1551759;14/09/2026;No Garantizado;NO;SI;NO;ECHEQ;SI;NO;C.I.;16:17:40;17:00:00;37;406;38,00;38,00;525;$;11.243.154,28;4;Negociada;16:21:36;;30-71486327-0;MBTECNIC SRL;NO;30-70860387-9;GOLDMUND S. A.;;;
1551760;14/09/2026;Avalado;;SI;NO;ECHEQ;SI;NO;24Hs.;16:17:42;17:00:00;26;;;22,00;553;$;8.578.880,00;2;Desierta;;BSTR;;Banco de Serv. y Trans. S.A.;NO;;;;;
1551761;14/09/2026;No Garantizado;NO;SI;NO;ECHEQ;NO;NO;C.I.;16:17:54;17:00:00;72;406;38,00;38,00;525;$;4.504.000,00;4;Negociada;16:21:55;;30-70948395-8;MUEBLERIA SPIAZZI SRL;AO;30-70860387-9;GOLDMUND S. A.;;;
1551762;14/09/2026;No Garantizado Calificado;NO;SI;NO;ECHEQ;NO;NO;C.I.;16:18:09;17:00:00;88;406;38,00;38,00;525;$;30.793.240,44;1;Negociada;16:22:19;;30-69746598-3;NALDO LOMBARDI S A;AO;30-70860387-9;GOLDMUND S. A.;;;
1551763;14/09/2026;No Garantizado;NO;SI;NO;ECHEQ;NO;NO;C.I.;16:18:24;17:00:00;78;406;38,00;38,00;525;$;2.450.681,38;2;Negociada;16:22:01;;30-71531052-6;NOISACO S.A.;AO;30-70860387-9;GOLDMUND S. A.;;;
1551764;14/09/2026;No Garantizado;NO;SI;NO;ECHEQ;NO;NO;C.I.;16:18:39;17:00:00;57;406;38,00;38,00;525;$;1.242.671,66;1;Negociada;16:22:25;;30-70861080-8;PERREN DIEGO ANDRES Y PERREN FRANCO HECTOR;AO;30-70860387-9;GOLDMUND S. A.;;;
1551765;14/09/2026;No Garantizado;SI;SI;NO;PAGARE;NO;NO;24Hs.;16:18:39;17:00:00;31;15;27,00;27,00;15;$;500.000.000,00;1;Negociada;16:20:42;;30-71231059-2;LARTIRIGOYEN & OROMI S.A.;;30-71231059-2;LARTIRIGOYEN & OROMI S.A.;MiPyME FCE - Art. 7 Ley 27.440, Res. SEPYME 340/17, Art. 2 RG 4367/18 y RG 1019/24;;
1551766;14/09/2026;No Garantizado;NO;SI;NO;ECHEQ;NO;NO;C.I.;16:18:53;17:00:00;72;406;38,00;38,00;525;$;1.073.327,09;1;Negociada;16:22:49;;20-29032812-9;POCH GERMAN IGNACIO;AO;30-70860387-9;GOLDMUND S. A.;;;
1551767;14/09/2026;No Garantizado;NO;SI;NO;ECHEQ;NO;NO;24Hs.;16:18:55;17:00:00;30;754;34,00;34,00;754;$;10.619.660,00;3;Negociada;16:20:56;;30-58558353-3;MUNICIPALIDAD DE LA CIUDAD DE SALTA;AO;30-71770889-6;COLBACK S. R. L.;;;
1551768;14/09/2026;No Garantizado;NO;SI;NO;ECHEQ;NO;NO;C.I.;16:19:07;17:00:00;73;406;38,00;38,00;525;$;2.140.190,00;2;Negociada;16:22:55;;30-70757440-9;RED PORTEÑA S A;AO;30-70860387-9;GOLDMUND S. A.;;;
1551769;14/09/2026;No Garantizado;NO;SI;NO;ECHEQ;NO;NO;C.I.;16:19:22;17:00:00;37;406;38,00;38,00;525;$;1.721.861,87;1;Negociada;16:23:14;;33-70841944-9;ROSAFRON S.A;AO;30-70860387-9;GOLDMUND S. A.;;;
1551770;14/09/2026;No Garantizado;NO;SI;NO;ECHEQ;NO;NO;24Hs.;16:19:33;17:00:00;22;449;30,00;30,00;449;$;3.240.000,00;1;Negociada;16:27:58;;20-04739550-0;LAPLACETTE JULIO OSCAR;AO;;;;;
1551771;14/09/2026;No Garantizado;NO;SI;NO;ECHEQ;NO;NO;C.I.;16:19:36;17:00:00;23;406;38,00;38,00;525;$;7.868.119,14;1;Negociada;16:23:20;;30-71515187-8;THE CREATIVE GROUP S.A.;AO;30-70860387-9;GOLDMUND S. A.;;;
1551772;14/09/2026;No Garantizado;NO;SI;NO;ECHEQ;NO;NO;C.I.;16:19:49;17:00:00;66;406;38,00;38,00;525;$;1.093.577,83;1;Negociada;16:23:36;;20-07367813-8;ZUDAIRE OSVALDO EDUARDO;AO;30-70860387-9;GOLDMUND S. A.;;;
1551773;14/09/2026;No Garantizado;NO;SI;NO;ECHEQ;NO;NO;24Hs.;16:19:50;17:00:00;14;866;33,00;33,00;866;$;335.441,00;1;Negociada;16:21:53;;30-71184083-0;ALMA SOCIEDAD ANONIMA;AO;20-24220601-1;VARELA LEANDRO JAVIER;;;
1551774;14/09/2026;No Garantizado;NO;SI;NO;ECHEQ;NO;NO;C.I.;16:19:59;17:00:00;68;406;38,00;38,00;525;$;5.551.090,56;2;Negociada;16:23:46;;30-71147783-3;TRADICION HOGAR S. A.;AO;30-70860387-9;GOLDMUND S. A.;;;
1551775;14/09/2026;No Garantizado;NO;SI;NO;ECHEQ;NO;NO;C.I.;16:20:11;17:00:00;56;427;37,00;37,00;427;$;25.000.000,00;1;Negociada;16:22:13;;30-64806084-6;NOAL S A;AO;;;;;
1551776;14/09/2026;Avalado;;SI;NO;ECHEQ;NO;NO;24Hs.;16:20:11;17:00:00;113;11;27,00;27,00;11;$;5.000.000,00;1;Negociada;16:30:39;ACPY;;Acindar Pymes S.G.R.;AO;;;;;
1551777;14/09/2026;No Garantizado;NO;SI;NO;ECHEQ;NO;NO;24Hs.;16:20:26;17:00:00;21;866;33,00;33,00;866;$;193.932,00;1;Negociada;16:22:27;;30-71891947-5;ARTESANO S. A. S.;AO;20-24220601-1;VARELA LEANDRO JAVIER;;;
1551778;14/09/2026;No Garantizado;SI;SI;NO;PAGARE;NO;NO;C.I.;16:20:33;17:00:00;32;15;27,00;27,00;15;$;1.000.000.000,00;2;Negociada;16:22:35;;30-71231059-2;LARTIRIGOYEN & OROMI S.A.;;30-71231059-2;LARTIRIGOYEN & OROMI S.A.;MiPyME FCE - Art. 7 Ley 27.440, Res. SEPYME 340/17, Art. 2 RG 4367/18 y RG 1019/24;;
1551779;14/09/2026;Avalado;;SI;NO;ECHEQ;NO;NO;24Hs.;16:20:43;17:00:00;119;;;26,00;11;$;30.000.000,00;2;Desierta;;UNIO;;Union S.G.R.;AO;;;;;
1551780;14/09/2026;Avalado;;SI;NO;ECHEQ;NO;NO;24Hs.;16:21:06;17:00:00;47;11;25,00;25,00;11;$;250.000.000,00;3;Negociada;16:29:56;CREC;;Crecer S.G.R.;AO;;;;;
1551781;14/09/2026;No Garantizado;NO;SI;NO;ECHEQ;NO;NO;C.I.;16:22:02;17:00:00;32;15;27,00;27,00;15;$;6.000.000.000,00;6;Negociada;16:24:04;;30-52194421-4;CHEMOTECNICA S. A.;AO;30-52194421-4;CHEMOTECNICA S. A.;;;
1551782;14/09/2026;No Garantizado;NO;SI;NO;ECHEQ;NO;NO;24Hs.;16:22:50;17:00:00;72;427;40,00;40,00;427;$;4.051.633,34;1;Negociada;16:24:51;;30-70904852-6;FANTINI POSTES S.A.;AO;;;;;
1551783;14/09/2026;No Garantizado;NO;SI;NO;ECHEQ;NO;NO;24Hs.;16:22:54;17:00:00;30;15;27,00;27,00;15;$;1.000.000.000,00;1;Negociada;16:24:55;;30-52194421-4;CHEMOTECNICA S. A.;AO;30-52194421-4;CHEMOTECNICA S. A.;;;
1551784;14/09/2026;No Garantizado;NO;SI;NO;ECHEQ;NO;NO;24Hs.;16:23:24;17:00:00;57;427;40,00;40,00;427;$;7.500.000,00;1;Negociada;16:25:26;;30-56685578-6;ARGEO S.R.L.;AO;;;;;
1551785;14/09/2026;No Garantizado;NO;NO;NO;ECHEQ;NO;NO;24Hs.;16:24:47;17:00:00;8;;;24,00;767;$;93.173.831,55;1;Desierta;;;30-59036076-3;CENCOSUD S A;AO;30-71192864-9;ALBINA S.A.;;;
1551786;14/09/2026;No Garantizado;NO;NO;NO;ECHEQ;SI;NO;24Hs.;16:25:23;17:00:00;8;;;24,00;767;$;263.194.313,14;1;Desierta;;;30-54676404-0;NESTLE ARGENTINA S A;NO;30-71424740-5;THINKING GREEN S. A. U.;;;
1551787;14/09/2026;No Garantizado;SI;NO;NO;ECHEQ;SI;NO;24Hs.;16:25:52;17:00:00;8;529;25,00;25,00;767;$;277.376.064,15;1;Negociada;16:44:14;;33-67913936-9;TOYOTA ARGENTINA S A;NO;30-55608105-7;CIA REGIONAL ACEROS FORJADOS MERCEDES S A  C R A F M S A;Certificado MiPyME;;
1551788;14/09/2026;No Garantizado;NO;SI;NO;PAGARE;NO;NO;24Hs.;16:26:47;17:00:00;332;507;0,00;0,00;507;U$D;400.001,00;1;Negociada;16:28:48;;30-71098172-4;ARECO SEMILLAS S.A.;;30-71098172-4;ARECO SEMILLAS S.A.;;;
1551789;14/09/2026;No Garantizado;NO;SI;NO;PAGARE;NO;NO;24Hs.;16:27:19;17:00:00;304;507;0,00;0,00;507;U$D;200.001,00;1;Negociada;16:29:21;;30-71098172-4;ARECO SEMILLAS S.A.;;30-71098172-4;ARECO SEMILLAS S.A.;;;
1551790;14/09/2026;Avalado;;SI;NO;ECHEQ;NO;NO;24Hs.;16:28:14;17:00:00;85;;;;442;$;40.000.000,00;10;Desierta;;AVAL;;Avaluar S.G.R.;AO;;;;;
1551791;14/09/2026;No Garantizado;NO;SI;NO;ECHEQ;NO;NO;24Hs.;16:29:41;17:00:00;64;526;30,00;30,00;767;$;18.000.000,00;1;Negociada;16:31:43;;30-71860259-5;AVICO SOLUCIONES GASTRONOMICAS S.A.S.;AO;30-71860259-5;AVICO SOLUCIONES GASTRONOMICAS S.A.S.;;;
1551792;14/09/2026;No Garantizado;NO;SI;NO;ECHEQ;NO;NO;C.I.;16:30:40;17:00:00;56;427;37,00;37,00;427;$;25.000.000,00;1;Negociada;16:32:42;;30-64806084-6;NOAL S A;AO;;;;;
1551793;14/09/2026;No Garantizado Calificado;NO;SI;NO;ECHEQ;NO;NO;C.I.;16:30:51;17:00:00;100;;;0,00;827;$;33.000.000,00;3;Desierta (Baja);;;30-70846648-0;LOS COIRONES S.A.;AO;30-70846648-0;LOS COIRONES S.A.;;;
1551794;14/09/2026;Avalado;;SI;NO;ECHEQ;NO;NO;24Hs.;16:31:05;17:00:00;22;;;23,00;595;$;82.598.521,57;38;Desierta;;POTE;;Potenciar S.G.R.;AO;;;;;
1551795;14/09/2026;No Garantizado Calificado;NO;SI;NO;ECHEQ;NO;NO;24Hs.;16:31:51;17:00:00;99;554;42,00;42,00;827;$;33.000.000,00;3;Negociada;16:33:53;;30-70846648-0;LOS COIRONES S.A.;AO;30-70846648-0;LOS COIRONES S.A.;;;
1551796;14/09/2026;No Garantizado;NO;SI;NO;ECHEQ;NO;NO;24Hs.;16:32:44;17:00:00;44;554;34,00;34,00;827;$;14.000.000,00;5;Negociada;16:34:45;;30-71791060-1;GA S. A. S.;AO;30-71791060-1;GA S. A. S.;;;
1551797;14/09/2026;No Garantizado;NO;SI;NO;PAGARE;NO;NO;24Hs.;16:34:46;17:00:00;324;754;7,00;7,00;754;DOL;50.000,00;1;Negociada;16:36:47;;20-23683617-8;SAMMARTINO ANDRES GUSTAVO;;20-23683617-8;SAMMARTINO ANDRES GUSTAVO;;;
1551798;14/09/2026;Avalado;;SI;NO;ECHEQ;NO;NO;24Hs.;16:35:41;17:00:00;126;;;;406;$;6.200.000,00;5;Desierta;;ACPY;;Acindar Pymes S.G.R.;AO;;;;;
1551799;14/09/2026;Avalado;;SI;NO;ECHEQ;NO;NO;24Hs.;16:39:25;17:00:00;87;;;;754;$;10.000.000,00;1;Desierta;;AFBG;;AFB AVALES S.G.R;AO;;;;;
1551800;14/09/2026;No Garantizado;SI;SI;NO;ECHEQ;NO;NO;24Hs.;16:42:03;17:00:00;21;569;27,00;27,00;598;$;3.025.922,90;2;Negociada;16:46:28;;30-50673003-8;S A IMPORTADORA Y EXPORTADORA DE LA PATAGONIA;AO;;;Certificado MiPyME;;
1551801;14/09/2026;No Garantizado;SI;SI;NO;ECHEQ;SI;NO;24Hs.;16:42:15;17:00:00;16;569;27,00;27,00;598;$;3.301.752,12;2;Negociada;16:46:38;;30-54808315-6;COTO CENTRO INTEGRAL DE COMERCIALIZACION SOCIEDAD ANONIMA;NO;;;Certificado MiPyME;;
1551802;14/09/2026;Avalado;;SI;NO;ECHEQ;SI;NO;C.I.;16:43:11;17:00:00;15;569;28,00;28,00;569;$;22.877.830,76;4;Negociada;16:52:43;ZOFI;;Zofingen S.G.R.;NO;;;;;
1551803;14/09/2026;No Garantizado;SI;SI;NO;ECHEQ;NO;NO;C.I.;16:43:42;17:00:00;38;569;27,75;34,00;569;$;29.755.285,25;1;Negociada;16:51:53;;30-50673003-8;S A IMPORTADORA Y EXPORTADORA DE LA PATAGONIA;AO;;;Certificado MiPyME;;
1551804;14/09/2026;No Garantizado;SI;SI;NO;ECHEQ;NO;NO;C.I.;16:43:58;17:00:00;72;569;33,00;33,00;569;$;6.831.183,13;1;Negociada;16:46:00;;30-58962149-9;SUPERMERCADOS MAYORISTAS MAKRO S. A.;AO;;;Certificado MiPyME;;
1551805;14/09/2026;No Garantizado Calificado;SI;SI;NO;FCE;NO;NO;C.I.;16:44:09;17:00:00;53;569;26,82;26,82;569;$;20.440.096,02;2;Negociada;16:46:10;%INC;30-68731043-4;INC S. A.;;;;;;
1551806;14/09/2026;Avalado;;SI;NO;ECHEQ;NO;NO;24Hs.;16:45:18;17:00:00;60;754;26,00;26,00;449;$;30.000.000,00;3;Negociada;16:47:19;FINT;;Fintech S.G.R.;AO;;;;;
1551807;14/09/2026;No Garantizado;NO;SI;NO;ECHEQ;NO;NO;C.I.;16:45:22;17:00:00;32;545;55,00;55,00;545;$;70.000.000,00;1;Negociada;16:47:33;;30-71640610-1;S&S SOLUTIONS S.A;AO;30-71640610-1;S&S SOLUTIONS S.A;;;
1551808;14/09/2026;Avalado;;SI;NO;ECHEQ;NO;NO;24Hs.;16:45:56;17:00:00;36;;;25,00;773;$;30.000.000,00;1;Desierta;;POTE;;Potenciar S.G.R.;AO;;;;;
1551809;14/09/2026;Avalado;;SI;NO;ECHEQ;NO;NO;24Hs.;16:46:09;17:00:00;36;;;25,00;773;$;30.000.000,00;1;Desierta;;POTE;;Potenciar S.G.R.;AO;;;;;
1551810;14/09/2026;Avalado;;SI;NO;ECHEQ;NO;NO;24Hs.;16:46:57;17:00:00;36;;;25,00;773;$;30.000.000,00;1;Desierta;;POTE;;Potenciar S.G.R.;AO;;;;;
1551811;14/09/2026;Avalado;;SI;NO;ECHEQ;NO;NO;24Hs.;16:47:25;17:00:00;23;;;24,00;545;$;36.333.951,19;7;Desierta;;TRND;;Trend S.G.R.;AO;;;;;
1551812;14/09/2026;Avalado;;SI;NO;ECHEQ;NO;NO;24Hs.;16:47:36;17:00:00;176;;;;568;$;20.315.416,63;3;Desierta;;ARPY;;Argenpymes S.G.R.;AO;;;;;
1551813;14/09/2026;Avalado;;SI;NO;ECHEQ;NO;NO;24Hs.;16:47:47;17:00:00;134;;;0,00;545;$;66.666.666,67;4;Desierta (Baja);;ARPY;;Argenpymes S.G.R.;AO;;;;;
1551814;14/09/2026;Avalado;;SI;NO;ECHEQ;NO;NO;24Hs.;16:47:58;17:00:00;77;754;26,00;26,00;442;$;36.000.000,00;10;Negociada;16:49:59;ARPY;;Argenpymes S.G.R.;AO;;;;;
1551815;14/09/2026;Avalado;;SI;NO;ECHEQ;NO;NO;24Hs.;16:48:08;17:00:00;8;;;;754;$;126.122.682,50;1;Desierta;;ARPY;;Argenpymes S.G.R.;AO;;;;;
1551816;14/09/2026;Avalado;;SI;NO;ECHEQ;NO;NO;24Hs.;16:48:08;17:00:00;50;406;26,00;26,00;502;$;1.952.265,62;1;Negociada;16:50:09;CREC;;Crecer S.G.R.;AO;;;;;
1551817;14/09/2026;Avalado;;SI;NO;ECHEQ;SI;NO;24Hs.;16:48:13;17:00:00;15;;;22,00;442;$;15.487.309,61;2;Desierta;;GARA;;Garantizar S.G.R.;NO;;;;;
1551818;14/09/2026;Avalado;;SI;NO;ECHEQ;NO;NO;24Hs.;16:48:26;17:00:00;112;;;25,00;545;$;99.999.999,99;6;Desierta;;ARPY;;Argenpymes S.G.R.;AO;;;;;
1551819;14/09/2026;Avalado;;SI;NO;ECHEQ;NO;NO;24Hs.;16:48:30;17:00:00;89;;;;754;$;15.000.000,00;2;Desierta;;ARPY;;Argenpymes S.G.R.;AO;;;;;
1551820;14/09/2026;Avalado;;SI;NO;ECHEQ;NO;NO;C.I.;16:48:37;17:00:00;124;;;;442;$;97.600.000,00;4;Desierta (Baja);;ARPY;;Argenpymes S.G.R.;AO;;;;;
1551821;14/09/2026;No Garantizado;NO;SI;NO;ECHEQ;NO;NO;24Hs.;16:48:41;17:00:00;65;429;30,00;30,00;429;$;24.000.000,00;2;Negociada;16:50:42;;30-71196513-7;AGROPECUARIA DON GÚIDO SOCIEDAD ANONIMA;AO;30-71196513-7;AGROPECUARIA DON GÚIDO SOCIEDAD ANONIMA;;;
1551822;14/09/2026;Avalado;;SI;NO;ECHEQ;NO;NO;24Hs.;16:48:55;17:00:00;88;;;26,50;767;$;26.000.000,00;4;Desierta;;ARPY;;Argenpymes S.G.R.;AO;;;;;
1551823;14/09/2026;Avalado;;SI;NO;ECHEQ;NO;NO;24Hs.;16:51:06;17:00:00;65;543;28,00;28,00;543;$;5.688.287,89;4;Negociada;16:53:07;RIGA;;RIG Avales S.G.R.;AO;;;;;
1551824;14/09/2026;Avalado;;SI;NO;ECHEQ;NO;NO;24Hs.;16:52:39;17:00:00;127;;;25,00;11;$;20.000.000,00;1;Desierta;;ARPY;;Argenpymes S.G.R.;AO;;;;;
1551825;14/09/2026;Avalado;;SI;NO;ECHEQ;NO;NO;24Hs.;16:52:52;17:00:00;127;;;25,00;11;$;20.000.000,00;1;Desierta;;ARPY;;Argenpymes S.G.R.;AO;;;;;
1551826;14/09/2026;No Garantizado Calificado;SI;SI;NO;ECHEQ;NO;NO;C.I.;16:53:01;17:00:00;69;785;40,00;40,00;785;$;33.000.000,00;6;Negociada;16:55:03;;30-70935958-0;CABIAS S.R.L.;AO;30-70935958-0;CABIAS S.R.L.;Certificado MiPyME;;
1551827;14/09/2026;Avalado;;SI;NO;ECHEQ;NO;NO;24Hs.;16:53:09;17:00:00;151;;;25,00;11;$;70.000.000,00;3;Desierta;;ARPY;;Argenpymes S.G.R.;AO;;;;;
1551828;14/09/2026;No Garantizado;NO;SI;NO;ECHEQ;NO;NO;C.I.;16:53:09;17:00:00;152;866;36,00;36,00;866;$;33.446.250,00;3;Negociada;16:55:11;;33-71523644-9;CATYCAN S.A.;AO;30-71332270-5;VITALCAN S.A.;;;
1551829;14/09/2026;Avalado;;SI;NO;ECHEQ;NO;NO;24Hs.;16:53:21;17:00:00;30;;;25,00;868;$;135.918.356,41;51;Desierta;;POTE;;Potenciar S.G.R.;AO;;;;;
1551830;14/09/2026;No Garantizado;NO;SI;NO;PAGARE;NO;NO;24Hs.;16:53:24;17:00:00;365;406;2,00;2,00;406;U$D;340.000,00;1;Negociada;16:56:12;;30-71115280-2;HORIZONTE EMPRESARIAL S.A.;CB;30-63471300-6;COOPERATIVA DE CREDITO Y VIVIENDA UNICRED LIMITADA;;;
1551831;14/09/2026;No Garantizado;NO;SI;NO;ECHEQ;NO;NO;C.I.;16:53:38;17:00:00;178;866;36,00;36,00;866;$;8.333.333,30;2;Negociada;16:55:39;;30-71568805-7;MASCOTAS DEL OESTE S.R.L.;AO;30-71332270-5;VITALCAN S.A.;;;
1551832;14/09/2026;No Garantizado;NO;SI;NO;ECHEQ;NO;NO;C.I.;16:54:05;17:00:00;163;866;36,00;36,00;866;$;52.500.000,00;7;Negociada;16:56:06;;30-71683954-7;MASCOTAS ONLINE;AO;30-71332270-5;VITALCAN S.A.;;;
1551833;14/09/2026;Avalado;;SI;NO;ECHEQ;NO;NO;24Hs.;16:54:35;17:00:00;123;406;28,00;28,00;442;$;97.600.000,00;4;Negociada;16:56:36;ARPY;;Argenpymes S.G.R.;AO;;;;;
1551834;14/09/2026;Avalado;;SI;NO;ECHEQ;NO;NO;24Hs.;16:55:49;17:00:00;120;;;20,00;770;$;100.000.000,00;2;Desierta;;ACPY;;Acindar Pymes S.G.R.;AO;;;;;
1551835;14/09/2026;Avalado;;SI;NO;ECHEQ;NO;NO;24Hs.;16:55:58;17:00:00;43;;;20,00;15;$;45.828.750,00;3;Desierta;;ARPY;;Argenpymes S.G.R.;AO;;;;;
1551836;14/09/2026;Avalado;;SI;NO;ECHEQ;NO;NO;24Hs.;16:57:49;17:00:00;69;754;26,00;26,00;11;$;4.561.197,45;7;Negociada;16:59:50;CREC;;Crecer S.G.R.;AO;;;;;
