SUBASTA;FEC.SUB.;SEGMENTO;PYME;1-NEG;SELLO;TIPO INSTRUMENTO;NALO;SIN RECURSO;PLZ.;T.MIN.;CIERRE;PPV;AG.CPR.;TASA C.;TASA V.;AG.VDR.;MONEDA;MONTO;CANT. INSTRUMENTOS;ESTADO;HORA CONC.;CODIGO RESPONSABLE;CUIT RESPONSABLE;NOMBRE RESPONSABLE;CARACTER;CUIT BENEF.;RAZÓN BENEF.;COND. PYME;V.N. C.;V.N. V.
1515121;03/08/2026;Avalado;;SI;NO;ECHEQ;NO;NO;24Hs.;10:45:42;17:00:00;106;;;26,00;442;$;5.000.000,00;1;Desierta;;MOVI;;MOVIL S.G.R.;AO;;;;;
1515122;03/08/2026;No Garantizado;NO;SI;NO;ECHEQ;SI;NO;C.I.;10:45:47;17:00:00;17;767;25,50;25,50;767;$;65.686.337,92;1;Negociada;10:47:48;;30-50401884-5;VOLKSWAGEN ARGENTINA S A;NO;;;;;
1515123;03/08/2026;No Garantizado;NO;SI;NO;PAGARE;NO;NO;C.I.;10:45:50;17:00:00;365;42;26,00;26,00;42;$;40.000.000,00;1;Negociada;11:12:31;;30-71933573-6;SUR AGRICOLA S. R. L.;;30-71933573-6;SUR AGRICOLA S. R. L.;;;
1515124;03/08/2026;Avalado;;NO;NO;ECHEQ;NO;NO;24Hs.;10:46:02;17:00:00;48;;;21,00;42;$;21.858.720,00;3;Desierta;;CONV;;CONAVAL S.G.R.;AO;;;;;
1515125;03/08/2026;Avalado;;NO;NO;ECHEQ;NO;NO;24Hs.;10:46:12;17:00:00;16;;;21,00;42;$;29.117.440,00;1;Desierta;;CONV;;CONAVAL S.G.R.;AO;;;;;
1515126;03/08/2026;Avalado;;NO;NO;ECHEQ;NO;NO;24Hs.;10:46:14;17:00:00;112;;;25,00;537;$;20.000.000,00;2;Desierta;;INPY;;Integra Pymes S.G.R.;AO;;;;;
1515127;03/08/2026;No Garantizado;NO;NO;NO;ECHEQ;NO;NO;24Hs.;10:46:21;17:00:00;36;;;32,00;42;$;24.111.016,82;2;Desierta;;;33-51550721-9;EDECA SA;AO;;;;;
1515128;03/08/2026;No Garantizado Calificado;NO;SI;NO;ECHEQ;NO;NO;C.I.;10:46:23;17:00:00;39;15;30,00;30,00;767;$;1.659.259,00;1;Negociada;10:48:24;;33-71631410-9;CABRAL MAYORISTA S.R.L.;AO;30-70925678-1;MAT SRL;;;
1515129;03/08/2026;Avalado;;SI;NO;ECHEQ;NO;NO;24Hs.;10:46:25;17:00:00;19;;;;526;$;7.688.099,31;2;Desierta;;FIDE;;Fidem S.G.R.;AO;;;;;
1515130;03/08/2026;Avalado;;NO;NO;ECHEQ;NO;NO;24Hs.;10:46:26;17:00:00;84;502;24,00;24,00;537;$;10.000.000,00;1;Negociada;16:13:21;INPY;;Integra Pymes S.G.R.;AO;;;;;
1515131;03/08/2026;Avalado;;SI;NO;ECHEQ;NO;NO;24Hs.;10:46:41;17:00:00;46;;;;526;$;18.108.463,28;3;Desierta;;NOVA;;INNOVA S.G.R.;AO;;;;;
1515132;03/08/2026;No Garantizado;NO;SI;NO;ECHEQ;NO;NO;C.I.;10:46:43;17:00:00;44;572;25,00;25,00;767;$;3.265.795,98;1;Negociada;10:48:44;;30-68537634-9;TARJETA NARANJA S.A.U.;AO;20-22396046-5;BERENGUER DANIEL EDUARDO;;;
1515133;03/08/2026;Avalado;;NO;NO;ECHEQ;NO;NO;24Hs.;10:46:45;17:00:00;81;;;24,00;537;$;38.000.000,00;6;Desierta;;INPY;;Integra Pymes S.G.R.;AO;;;;;
1515134;03/08/2026;No Garantizado;SI;SI;NO;ECHEQ;NO;NO;C.I.;10:47:15;17:00:00;135;718;28,00;28,00;718;$;13.695.054,06;3;Negociada;10:49:16;;30-68537634-9;TARJETA NARANJA S.A.U.;AO;;;Certificado MiPyME;;
1515135;03/08/2026;Avalado;;SI;NO;ECHEQ;NO;NO;C.I.;10:47:22;17:00:00;102;406;24,50;24,50;767;$;15.000.000,00;2;Negociada;14:05:30;CREC;;Crecer S.G.R.;AO;;;;;
1515136;03/08/2026;No Garantizado;SI;SI;NO;ECHEQ;NO;NO;C.I.;10:47:26;17:00:00;34;718;36,00;36,00;718;$;1.654.882,00;2;Negociada;10:49:28;;20-34051945-1;VALLOZZI MARCELO ALEJANDRO;AO;;;Certificado MiPyME;;
1515137;03/08/2026;No Garantizado;SI;SI;NO;ECHEQ;NO;NO;C.I.;10:47:35;17:00:00;43;718;31,00;31,00;718;$;6.117.760,00;1;Negociada;10:49:36;;30-67997929-5;S.A. VERACRUZ;AO;;;Certificado MiPyME;;
1515138;03/08/2026;Avalado;;SI;NO;ECHEQ;NO;NO;C.I.;10:48:32;17:00:00;238;406;28,00;28,00;767;$;10.000.000,00;1;Negociada;12:19:29;CREC;;Crecer S.G.R.;AO;;;;;
1515139;03/08/2026;No Garantizado Calificado;SI;NO;NO;ECHEQ;NO;NO;C.I.;10:48:37;17:00:00;36;405;35,00;35,00;405;$;8.000.000,00;1;Negociada;10:50:38;;30-71152295-2;AGROPRODUCCIONES TORRESI S.R.L.;AO;30-71152295-2;AGROPRODUCCIONES TORRESI S.R.L.;Certificado MiPyME;;
1515140;03/08/2026;No Garantizado;NO;SI;NO;ECHEQ;NO;NO;C.I.;10:48:46;17:00:00;42;571;34,00;34,00;571;$;32.586.699,61;1;Negociada;10:50:47;;30-61445509-4;OSPECON OBRA SOCIAL DEL PERSONAL DE LA CONSTRUCCION;AO;30-70702142-6;COMERCIAL DE TURISMO S.A;;;
1515141;03/08/2026;No Garantizado Calificado;SI;NO;NO;ECHEQ;NO;NO;C.I.;10:48:46;17:00:00;8;405;38,00;38,00;405;$;3.000.000,00;1;Negociada;10:50:47;;30-71152295-2;AGROPRODUCCIONES TORRESI S.R.L.;AO;30-71152295-2;AGROPRODUCCIONES TORRESI S.R.L.;Certificado MiPyME;;
1515142;03/08/2026;No Garantizado Calificado;SI;NO;NO;ECHEQ;NO;NO;C.I.;10:49:01;17:00:00;9;405;38,00;38,00;405;$;17.750.000,00;2;Negociada;10:51:03;;30-71152295-2;AGROPRODUCCIONES TORRESI S.R.L.;AO;30-71152295-2;AGROPRODUCCIONES TORRESI S.R.L.;Certificado MiPyME;;
1515143;03/08/2026;No Garantizado;NO;NO;NO;ECHEQ;NO;NO;C.I.;10:49:09;17:00:00;172;406;27,00;27,00;767;$;17.133.419,25;1;Negociada;11:21:23;;30-71725158-6;PAJIN MAQUINARIAS S. A.;AO;30-50342334-7;TALLERES METALURGICOS CRUCIANELLI SA;;;
1515144;03/08/2026;Garantizado;SI;SI;NO;ECHEQ;NO;NO;C.I.;10:49:12;17:00:00;23;;;0,00;598;$;172.865.037,93;8;Desierta (Baja);;;;;AO;;;Certificado MiPyME;;
1515145;03/08/2026;No Garantizado;NO;NO;NO;ECHEQ;NO;NO;C.I.;10:49:20;17:00:00;170;767;24,00;24,00;767;$;15.080.724,70;1;Negociada;10:51:21;;20-16201347-6;SALAZAR ANGEL HUMBERTO;AO;30-50342334-7;TALLERES METALURGICOS CRUCIANELLI SA;;;
1515146;03/08/2026;Garantizado;SI;SI;NO;ECHEQ;SI;NO;C.I.;10:49:25;17:00:00;24;406;21,00;21,00;598;$;114.364.082,94;2;Negociada;10:57:33;;;;NO;;;Certificado MiPyME;;
1515147;03/08/2026;No Garantizado Calificado;SI;NO;NO;ECHEQ;NO;NO;C.I.;10:49:25;17:00:00;9;405;38,00;38,00;405;$;4.250.000,00;2;Negociada;10:51:27;;30-71152295-2;AGROPRODUCCIONES TORRESI S.R.L.;AO;30-71152295-2;AGROPRODUCCIONES TORRESI S.R.L.;Certificado MiPyME;;
1515148;03/08/2026;Avalado;;SI;NO;ECHEQ;NO;NO;24Hs.;10:49:55;17:00:00;176;;;30,00;34;$;5.000.000,00;1;Desierta;;ACPY;;Acindar Pymes S.G.R.;AO;;;;;
1515149;03/08/2026;Avalado;;SI;NO;ECHEQ;NO;NO;24Hs.;10:50:23;17:00:00;91;;;20,00;406;$;40.000.000,00;4;Desierta;;FEDE;;Aval Federal S.G.R.;AO;;;;;
1515150;03/08/2026;No Garantizado;NO;SI;NO;ECHEQ;NO;NO;C.I.;10:50:32;17:00:00;30;554;32,00;32,00;554;$;2.000.000,00;1;Negociada;10:52:33;;30-70800917-9;CORPORACION DEL SUR S.A.;AO;30-71677566-2;TOTALMAN-SI SOCIEDAD DE RESPONSABILIDAD LIMITADA S. R. L.;;;
1515151;03/08/2026;Avalado;;SI;NO;ECHEQ;NO;NO;24Hs.;10:50:35;17:00:00;151;;;20,00;406;$;40.000.000,00;4;Desierta;;FEDE;;Aval Federal S.G.R.;AO;;;;;
1515152;03/08/2026;Avalado;;SI;NO;ECHEQ;NO;NO;24Hs.;10:50:41;17:00:00;171;;;30,00;34;$;5.000.000,00;1;Desierta;;ACPY;;Acindar Pymes S.G.R.;AO;;;;;
1515153;03/08/2026;No Garantizado;NO;SI;NO;ECHEQ;NO;NO;C.I.;10:51:15;17:00:00;30;554;32,00;32,00;554;$;500.875,00;1;Negociada;10:53:17;;30-67220786-6;UNIVERSO S A;AO;30-71677566-2;TOTALMAN-SI SOCIEDAD DE RESPONSABILIDAD LIMITADA S. R. L.;;;
1515154;03/08/2026;No Garantizado;NO;SI;NO;ECHEQ;NO;NO;C.I.;10:51:32;17:00:00;22;554;32,00;32,00;554;$;896.464,60;1;Negociada;10:53:33;;20-27369292-5;PURINO JAVIER CESAR;AO;30-71677566-2;TOTALMAN-SI SOCIEDAD DE RESPONSABILIDAD LIMITADA S. R. L.;;;
1515155;03/08/2026;No Garantizado Calificado;NO;SI;NO;ECHEQ;NO;NO;C.I.;10:51:52;17:00:00;78;;;0,00;427;$;32.177.147,74;1;Desierta (Baja);;;30-52980059-9;COPIMEX C A C I S A;AO;20-17116806-7;FORLIN DANIEL ANTONIO;;;
1515156;03/08/2026;Avalado;;SI;NO;ECHEQ;NO;NO;24Hs.;10:51:58;17:00:00;84;567;21,50;21,50;701;$;20.000.000,00;3;Negociada;11:40:48;ACPY;;Acindar Pymes S.G.R.;AO;;;;;
1515157;03/08/2026;No Garantizado;NO;SI;NO;ECHEQ;NO;NO;C.I.;10:52:44;17:00:00;102;537;41,00;41,00;767;$;10.000.000,00;1;Negociada;15:34:05;;30-57839578-0;LA MORALEJA SOCIEDAD ANONIMA;AO;20-30232621-6;BELMONTE JORGE;;;
1515158;03/08/2026;No Garantizado Calificado;NO;NO;NO;CPD;NO;NO;24Hs.;10:52:57;17:00:00;83;;;45,00;852;$;300.000.000,00;1;Desierta;;;30-52745070-1;ASOCIACION DEL FUTBOL ARGENTINO;;30-53397676-6;ASOCIACION ATLETICA ARGENTINOS JUNIORS;;;
1515159;03/08/2026;No Garantizado;NO;SI;NO;ECHEQ;NO;NO;24Hs.;10:53:18;17:00:00;54;15;37,00;38,00;767;$;65.183.540,80;2;Negociada;10:57:03;;30-71594801-6;ALFREDO S. MONDINO HACIENDAS SRL;AO;20-34958353-5;ITURRIOZ ALDO DANIEL;;;
1515160;03/08/2026;Avalado;;SI;NO;ECHEQ;NO;NO;C.I.;10:53:32;17:00:00;29;852;25,00;25,00;852;$;133.520.391,50;1;Negociada;13:54:32;AFBG;;AFB AVALES S.G.R;AO;;;;;
1515161;03/08/2026;Garantizado;SI;SI;NO;PAGARE;NO;NO;24Hs.;10:53:38;17:00:00;121;;;18,00;534;$;5.000.000,00;1;Desierta;;;;;;;;Certificado MiPyME;;
1515162;03/08/2026;No Garantizado;NO;SI;NO;ECHEQ;NO;NO;C.I.;10:54:00;17:00:00;120;572;27,00;27,00;572;$;10.000.000,00;1;Negociada;11:01:24;;30-71636241-4;DISTRIBUIDORA DE ALIMENTOS BALANCEADOS S.R.L.;AO;;;;;
1515163;03/08/2026;No Garantizado Calificado;NO;SI;NO;ECHEQ;NO;NO;24Hs.;10:54:03;17:00:00;85;;;65,00;767;$;12.000.000,00;1;Desierta;;;30-71815480-0;TECH PARTS GROUP S. R. L.;AO;20-92961570-1;YANAJE QUISPE ANTONIO TONI;;;
1515164;03/08/2026;Garantizado;SI;SI;NO;PAGARE;NO;NO;24Hs.;10:54:07;17:00:00;128;;;18,00;534;$;5.000.000,00;1;Desierta;;;;;;;;Certificado MiPyME;;
1515165;03/08/2026;No Garantizado;NO;SI;NO;ECHEQ;NO;NO;C.I.;10:54:11;17:00:00;51;572;27,00;27,00;572;$;26.000.000,00;2;Negociada;11:01:36;;30-71741916-9;MARKETVET S. A.;AO;;;;;
1515166;03/08/2026;No Garantizado;NO;SI;NO;ECHEQ;NO;NO;C.I.;10:54:23;17:00:00;98;572;27,00;27,00;572;$;2.000.000,00;2;Negociada;11:01:48;;20-25508042-4;SAAVEDRA FERNANDO MATIAS;AO;;;;;
1515167;03/08/2026;No Garantizado;NO;SI;NO;ECHEQ;NO;NO;24Hs.;10:54:30;17:00:00;53;;;60,00;767;$;14.000.000,00;35;Desierta;;;20-39447963-3;FRANCONE EMILIANO NICOLAS;AO;30-71879522-9;FRANCONE LIVING & CONFORT SOCIEDAD DE RESPONSABILIDAD LIMITADA;;;
1515168;03/08/2026;No Garantizado;NO;SI;NO;ECHEQ;NO;NO;24Hs.;10:54:49;17:00:00;58;;;60,00;767;$;5.000.000,00;20;Desierta;;;27-36185369-0;FRANCONE ANTONELLA;AO;30-71879522-9;FRANCONE LIVING & CONFORT SOCIEDAD DE RESPONSABILIDAD LIMITADA;;;
1515169;03/08/2026;No Garantizado;NO;SI;NO;ECHEQ;NO;NO;24Hs.;10:55:03;17:00:00;68;;;60,00;767;$;10.000.000,00;20;Desierta;;;30-71879522-9;FRANCONE LIVING & CONFORT SOCIEDAD DE RESPONSABILIDAD LIMITADA;AO;30-71879522-9;FRANCONE LIVING & CONFORT SOCIEDAD DE RESPONSABILIDAD LIMITADA;;;
1515170;03/08/2026;No Garantizado;NO;SI;NO;ECHEQ;NO;NO;C.I.;10:55:28;17:00:00;25;718;30,00;30,00;767;$;19.278.000,00;1;Negociada;10:57:29;;30-59425940-4;SERVIPET SOCIEDAD ANONIMA;AO;30-71756684-6;PELAM S. A. S.;;;
1515171;03/08/2026;No Garantizado;SI;SI;NO;FCE;NO;NO;24Hs.;10:55:50;17:00:00;57;502;21,50;21,50;525;$;11.864.475,51;1;Negociada;12:01:20;%VII;33-51595089-9;VISTA ENERGY ARGENTINA S.A.U;;;;;;
1515172;03/08/2026;Avalado;;SI;NO;ECHEQ;SI;NO;24Hs.;10:56:00;17:00:00;43;406;22,00;22,00;406;$;26.837.143,35;2;Negociada;11:02:28;ARPY;;Argenpymes S.G.R.;NO;;;;;
1515173;03/08/2026;Avalado;;NO;NO;ECHEQ;NO;NO;24Hs.;10:56:35;17:00:00;113;287;26,00;26,00;15;$;112.392.185,44;67;Negociada;11:30:17;TRND;;Trend S.G.R.;AO;;;;;
1515174;03/08/2026;Avalado;;SI;NO;ECHEQ;NO;NO;24Hs.;10:56:40;17:00:00;43;567;21,50;21,50;852;$;92.756.999,45;39;Negociada;12:06:54;ACPY;;Acindar Pymes S.G.R.;AO;;;;;
1515175;03/08/2026;Avalado;;SI;NO;ECHEQ;SI;NO;24Hs.;10:56:52;17:00:00;59;;;;852;$;11.657.906,46;1;Desierta;;ACPY;;Acindar Pymes S.G.R.;NO;;;;;
1515176;03/08/2026;Avalado;;SI;NO;ECHEQ;NO;NO;24Hs.;10:57:02;17:00:00;165;449;26,00;26,00;449;$;32.771.472,64;3;Negociada;15:08:46;FEDE;;Aval Federal S.G.R.;AO;;;;;
1515177;03/08/2026;Avalado;;SI;NO;ECHEQ;NO;NO;C.I.;10:57:03;17:00:00;56;;;0,00;755;$;93.211.325,52;4;Desierta (Baja);;FIDU;;Fid Aval S.G.R.;AO;;;;;
1515178;03/08/2026;Avalado;;SI;NO;ECHEQ;NO;NO;24Hs.;10:57:19;17:00:00;76;406;21,00;21,00;449;$;1.339.085,85;1;Negociada;12:50:20;AVRU;;Aval Rural S.G.R.;AO;;;;;
1515179;03/08/2026;Avalado;;SI;NO;ECHEQ;SI;NO;24Hs.;10:57:33;17:00:00;99;;;25,00;449;$;50.000.000,00;10;Desierta;;AVAL;;Avaluar S.G.R.;NO;;;;;
1515180;03/08/2026;Avalado;;SI;NO;ECHEQ;NO;NO;24Hs.;10:57:44;17:00:00;240;406;24,00;24,00;449;$;20.000.000,00;1;Negociada;12:50:08;AVRU;;Aval Rural S.G.R.;AO;;;;;
1515181;03/08/2026;Avalado;;SI;NO;ECHEQ;NO;NO;24Hs.;10:57:54;17:00:00;126;406;22,90;23,00;449;$;69.395.204,86;4;Negociada;13:01:17;CAMP;;Campo Aval S.G.R.;AO;;;;;
1515182;03/08/2026;Avalado;;SI;NO;ECHEQ;NO;NO;24Hs.;10:58:04;17:00:00;45;;;0,00;449;$;15.752.481,50;15;Desierta (Baja);;ACPY;;Acindar Pymes S.G.R.;AO;;;;;
1515183;03/08/2026;Avalado;;SI;NO;ECHEQ;NO;NO;24Hs.;10:58:20;17:00:00;27;501;20,00;20,00;449;$;40.000.000,00;2;Negociada;14:45:10;CUAV;;Cuyo Aval S.G.R.;AO;;;;;
1515184;03/08/2026;No Garantizado;NO;SI;NO;ECHEQ;NO;NO;24Hs.;10:59:30;17:00:00;59;;;25,00;767;$;1.789.480,00;3;Desierta;;;30-71030416-1;SALA SA;AO;20-33814094-1;CAFFARATTI JOSE GUSTAVO;;;
1515185;03/08/2026;No Garantizado;NO;SI;NO;ECHEQ;NO;NO;24Hs.;10:59:45;17:00:00;39;;;25,00;767;$;1.192.980,00;2;Desierta;;;30-71209679-5;INGENIERIA ELECTRICA SA;AO;20-33814094-1;CAFFARATTI JOSE GUSTAVO;;;
1515186;03/08/2026;Avalado;;SI;NO;ECHEQ;NO;NO;24Hs.;11:01:04;17:00:00;205;406;24,00;24,00;767;$;128.000.000,00;16;Negociada;13:23:55;ARPY;;Argenpymes S.G.R.;AO;;;;;
1515187;03/08/2026;Avalado;;SI;NO;ECHEQ;NO;NO;24Hs.;11:01:20;17:00:00;131;;;26,00;559;$;100.000.000,00;4;Desierta;;SOLI;;Solidum S.G.R.;AO;;;;;
1515188;03/08/2026;No Garantizado;SI;SI;NO;ECHEQ;NO;NO;C.I.;11:01:56;17:00:00;22;526;40,00;40,00;526;$;4.500.000,00;1;Negociada;11:04:01;;30-68772576-6;MAZALOSA S A;AO;;;Certificado MiPyME;;
1515189;03/08/2026;Avalado;;SI;NO;ECHEQ;NO;NO;24Hs.;11:02:28;17:00:00;69;523;22,00;22,00;502;$;17.039.862,20;16;Negociada;11:58:18;POTE;;Potenciar S.G.R.;AO;;;;;
1515190;03/08/2026;Garantizado;SI;SI;NO;PAGARE;NO;NO;24Hs.;11:02:38;17:00:00;90;432;25,00;25,00;287;$;50.000.000,00;1;Negociada;14:34:26;;;;;;;Certificado MiPyME;;
1515191;03/08/2026;No Garantizado Calificado;SI;NO;NO;ECHEQ;NO;NO;C.I.;11:02:40;17:00:00;9;486;50,00;50,00;486;$;21.000.000,00;1;Negociada;11:54:46;;33-71922926-9;HIGHEST SOLUTIONS S. R. L.;AO;33-71922926-9;HIGHEST SOLUTIONS S. R. L.;Certificado MiPyME;;
1515192;03/08/2026;No Garantizado;NO;SI;NO;PAGARE;NO;NO;C.I.;11:03:14;17:00:00;58;767;6,00;6,00;767;U$D;310.000,00;1;Negociada;14:56:07;;33-71106248-9;COMPANIA INVERSORA INDUSTRIAL S.A.;;33-71106248-9;COMPANIA INVERSORA INDUSTRIAL S.A.;;;
1515193;03/08/2026;Avalado;;SI;NO;ECHEQ;NO;NO;24Hs.;11:03:51;17:00:00;16;813;25,00;25,00;43;$;49.733.960,00;2;Negociada;16:48:21;FEDE;;Aval Federal S.G.R.;AO;;;;;
1515194;03/08/2026;Avalado;;SI;NO;ECHEQ;NO;NO;C.I.;11:04:03;17:00:00;75;;;0,00;767;$;290.759.324,55;2;Desierta (Baja);;GARA;;Garantizar S.G.R.;AO;;;;;
1515195;03/08/2026;No Garantizado;SI;SI;NO;ECHEQ;NO;NO;24Hs.;11:04:07;17:00:00;97;;;36,00;43;$;25.000.000,00;3;Desierta;;;27-24375127-1;MARGARIA CARINA;AO;27-24375127-1;MARGARIA CARINA;Certificado MiPyME;;
1515196;03/08/2026;No Garantizado;NO;SI;NO;ECHEQ;NO;NO;24Hs.;11:04:46;17:00:00;127;456;23,00;23,00;456;$;3.000.000,00;2;Negociada;11:06:47;;20-20143649-5;PIERUCCI ARIEL ROBERTO;AO;30-67391721-2;AGROINDUSTRIA G C P  S.A.;;;
1515197;03/08/2026;Avalado;;SI;NO;PAGARE;NO;NO;24Hs.;11:05:17;17:00:00;259;773;6,00;6,00;553;U$S;30.000,00;1;Negociada;11:56:09;FEDE;;Aval Federal S.G.R.;;;;;;
1515198;03/08/2026;No Garantizado Calificado;NO;SI;NO;ECHEQ;NO;NO;24Hs.;11:05:25;17:00:00;154;;;0,00;456;$;6.735.557,08;1;Desierta (Baja);;;30-65700590-4;INFRIVE S A;AO;30-67391721-2;AGROINDUSTRIA G C P  S.A.;;;
1515199;03/08/2026;Avalado;;SI;NO;PAGARE;NO;NO;24Hs.;11:05:26;17:00:00;237;;;5,50;553;U$S;50.000,00;1;Desierta;;FEDE;;Aval Federal S.G.R.;;;;;;
1515200;03/08/2026;Garantizado Calificado;SI;SI;NO;ECHEQ;NO;NO;24Hs.;11:05:33;17:00:00;50;;;0,00;595;$;300.000,00;1;Desierta (Baja);;;;;AO;;;Certificado MiPyME;;
1515201;03/08/2026;Avalado;;SI;NO;PAGARE;NO;NO;24Hs.;11:05:35;17:00:00;230;;;5,50;553;U$S;50.000,00;1;Desierta;;FEDE;;Aval Federal S.G.R.;;;;;;
1515202;03/08/2026;Avalado;;SI;NO;ECHEQ;NO;NO;24Hs.;11:05:36;17:00:00;56;501;20,00;20,00;545;$;15.248.006,25;6;Negociada;15:32:04;FAEC;;FIDEICOM.DE AFECT. ESPEC.;AO;;;;;
1515203;03/08/2026;Avalado;;SI;NO;PAGARE;NO;NO;24Hs.;11:05:43;17:00:00;258;;;5,50;553;U$S;30.000,00;1;Desierta;;FEDE;;Aval Federal S.G.R.;;;;;;
1515204;03/08/2026;Avalado;;SI;NO;ECHEQ;NO;NO;24Hs.;11:05:50;17:00:00;99;;;22,00;767;$;10.000.000,00;2;Desierta;;ACPY;;Acindar Pymes S.G.R.;AO;;;;;
1515205;03/08/2026;Avalado;;SI;NO;PAGARE;NO;NO;24Hs.;11:05:52;17:00:00;252;;;5,50;553;U$S;30.000,00;1;Desierta;;FEDE;;Aval Federal S.G.R.;;;;;;
1515206;03/08/2026;Avalado;;SI;NO;PAGARE;NO;NO;24Hs.;11:06:02;17:00:00;246;553;6,00;6,00;553;U$S;50.000,00;1;Negociada;11:54:09;FEDE;;Aval Federal S.G.R.;;;;;;
1515207;03/08/2026;No Garantizado;SI;SI;NO;FCE;NO;NO;C.I.;11:06:25;17:00:00;53;569;25,00;25,00;785;$;56.471.123,70;2;Negociada;13:45:13;%INC;30-68731043-4;INC S. A.;;;;;;
1515208;03/08/2026;Avalado;;SI;NO;ECHEQ;NO;NO;24Hs.;11:06:29;17:00:00;119;406;26,00;26,00;598;$;3.000.000,00;1;Negociada;15:02:42;AVFE;;Aval Fertil S.G.R.;AO;;;;;
1515209;03/08/2026;Avalado;;SI;NO;PAGARE;NO;NO;24Hs.;11:06:59;17:00:00;324;567;6,50;6,50;406;U$D;100.000,00;1;Negociada;11:55:18;ARPY;;Argenpymes S.G.R.;;;;;;
1515210;03/08/2026;No Garantizado;NO;SI;NO;ECHEQ;NO;NO;24Hs.;11:07:08;17:00:00;154;456;23,00;23,00;456;$;4.272.000,00;1;Negociada;11:09:10;;20-25518765-2;CIOLEK SERGIO IGNACIO;AO;30-67391721-2;AGROINDUSTRIA G C P  S.A.;;;
1515211;03/08/2026;No Garantizado;NO;SI;NO;ECHEQ;NO;NO;24Hs.;11:07:48;17:00:00;148;456;23,00;23,00;456;$;3.340.000,00;1;Negociada;11:09:50;;20-17361361-0;TABORDA VICTOR HUGO;AO;30-67391721-2;AGROINDUSTRIA G C P  S.A.;;;
1515212;03/08/2026;No Garantizado;NO;SI;NO;ECHEQ;NO;NO;24Hs.;11:08:04;17:00:00;67;;;62,00;767;$;35.000.000,00;11;Desierta;;;30-70931139-1;DON AMERICO S A;AO;27-23478758-1;MADINABEITIA MARIA ROSAURA;;;
1515213;03/08/2026;No Garantizado;NO;SI;NO;ECHEQ;NO;NO;24Hs.;11:08:17;17:00:00;148;456;23,00;23,00;456;$;1.000.000,00;1;Negociada;11:10:18;;30-71548510-5;RISSETTO MARIA A. Y BROGLIA FRANCO;AO;30-67391721-2;AGROINDUSTRIA G C P  S.A.;;;
1515214;03/08/2026;No Garantizado;NO;SI;NO;ECHEQ;NO;NO;24Hs.;11:08:23;17:00:00;68;;;62,00;767;$;9.375.000,00;5;Desierta;;;20-25107261-3;CASAS JUAN CARLOS HECTOR;AO;27-23478758-1;MADINABEITIA MARIA ROSAURA;;;
1515215;03/08/2026;No Garantizado;NO;SI;NO;ECHEQ;NO;NO;24Hs.;11:08:44;17:00:00;148;456;23,00;23,00;456;$;1.700.000,00;1;Negociada;11:10:46;;30-71907054-6;UPRIVER LOGISTICA S.A.;AO;30-67391721-2;AGROINDUSTRIA G C P  S.A.;;;
1515216;03/08/2026;No Garantizado;NO;SI;NO;ECHEQ;NO;NO;24Hs.;11:09:17;17:00:00;141;456;23,00;23,00;456;$;1.396.023,74;1;Negociada;11:11:18;;23-34314842-9;SPONTON MARIO DAVID;AO;30-67391721-2;AGROINDUSTRIA G C P  S.A.;;;
1515217;03/08/2026;Avalado;;SI;NO;ECHEQ;NO;NO;24Hs.;11:09:25;17:00:00;121;;;24,00;716;$;11.000.000,00;1;Desierta;;ACPY;;Acindar Pymes S.G.R.;AO;;;;;
1515218;03/08/2026;Avalado;;SI;NO;ECHEQ;NO;NO;24Hs.;11:09:37;17:00:00;155;;;24,00;716;$;11.000.000,00;1;Desierta;;ACPY;;Acindar Pymes S.G.R.;AO;;;;;
1515219;03/08/2026;No Garantizado;SI;SI;NO;FCE;NO;NO;C.I.;11:11:03;17:00:00;38;572;25,00;27,00;791;$;219.864.230,84;1;Negociada;11:18:02;%BAK;30-50447541-3;BAKER HUGHES ARGENTINA S. R. L.;;;;;;
1515220;03/08/2026;No Garantizado Calificado;SI;SI;NO;ECHEQ;NO;NO;C.I.;11:11:37;17:00:00;35;526;37,00;37,00;526;$;15.000.000,00;1;Negociada;11:25:49;;30-50779596-6;RUBETA S A;AO;;;Certificado MiPyME;;
1515221;03/08/2026;No Garantizado;SI;SI;NO;FCE;NO;NO;C.I.;11:12:03;17:00:00;44;572;27,80;27,80;791;$;16.591.013,64;2;Negociada;11:14:05;%PPB;30-56025419-5;PBBPOLISUR SOCIEDAD DE RESPONSABILIDAD LIMITADA;;;;;;
1515222;03/08/2026;Avalado;;SI;NO;ECHEQ;NO;NO;24Hs.;11:12:04;17:00:00;33;569;22,00;22,00;529;$;19.049.432,42;5;Negociada;14:56:55;AVLR;;Aval Ar S.G.R.;AO;;;;;
1515223;03/08/2026;Avalado;;SI;NO;ECHEQ;NO;NO;24Hs.;11:12:17;17:00:00;48;569;23,00;23,00;529;$;215.036.269,33;7;Negociada;14:56:07;AVLR;;Aval Ar S.G.R.;AO;;;;;
1515224;03/08/2026;No Garantizado;SI;SI;NO;ECHEQ;NO;NO;C.I.;11:12:26;17:00:00;29;767;26,00;26,00;598;$;29.783.684,17;2;Negociada;11:19:21;;30-52570593-1;COOPERATIVA OBRERA LIMITADA DE CONSUMO Y VIVIENDA;AO;;;Certificado MiPyME;;
1515225;03/08/2026;Avalado;;SI;NO;ECHEQ;NO;NO;24Hs.;11:12:35;17:00:00;85;406;23,00;23,00;529;$;100.000.000,00;1;Negociada;12:10:37;AVLR;;Aval Ar S.G.R.;AO;;;;;
1515226;03/08/2026;Avalado;;SI;NO;ECHEQ;SI;NO;24Hs.;11:12:45;17:00:00;92;;;23,00;529;$;90.972.427,00;1;Desierta;;AVLR;;Aval Ar S.G.R.;NO;;;;;
1515227;03/08/2026;Garantizado;SI;SI;NO;ECHEQ;SI;NO;24Hs.;11:13:10;17:00:00;17;406;21,00;21,00;598;$;27.718.726,14;1;Negociada;12:36:55;;;;NO;;;Certificado MiPyME;;
1515228;03/08/2026;Avalado;;SI;NO;ECHEQ;NO;NO;24Hs.;11:13:16;17:00:00;72;502;20,00;20,00;529;$;20.000.000,00;2;Negociada;11:58:28;ARPY;;Argenpymes S.G.R.;AO;;;;;
1515229;03/08/2026;Avalado;;SI;NO;ECHEQ;NO;NO;24Hs.;11:13:27;17:00:00;176;;;31,00;876;$;20.000.000,00;1;Desierta;;RESI;;Resiliencia S.G.R.;AO;;;;;
1515230;03/08/2026;Garantizado;SI;SI;NO;ECHEQ;NO;NO;C.I.;11:13:39;17:00:00;17;;;0,00;598;$;110.746.560,39;11;Desierta (Baja);;;;;AO;;;Certificado MiPyME;;
1515231;03/08/2026;No Garantizado;NO;SI;NO;PAGARE;NO;NO;C.I.;11:14:12;17:00:00;93;764;10,00;10,00;764;U$D;12.000,00;1;Negociada;11:30:54;;20-37172490-8;BRAVIN LUCAS MAXIMILIANO;;20-37172490-8;BRAVIN LUCAS MAXIMILIANO;;;
1515232;03/08/2026;Avalado;;SI;NO;ECHEQ;NO;NO;24Hs.;11:14:22;17:00:00;42;502;19,00;19,00;809;$;71.758.960,53;20;Negociada;11:46:57;BMAR;;BANCO MARIVA S.A.;AO;;;;;
1515233;03/08/2026;No Garantizado;NO;SI;NO;ECHEQ;NO;NO;24Hs.;11:14:22;17:00:00;32;;;46,00;767;$;91.100.000,00;10;Desierta;;;20-27041235-2;VALDEZ NELSON JAVIER;AO;20-27041235-2;VALDEZ NELSON JAVIER;;;
1515234;03/08/2026;No Garantizado;NO;SI;NO;ECHEQ;SI;NO;24Hs.;11:14:28;17:00:00;28;572;29,00;33,00;793;$;63.022.175,40;1;Negociada;13:06:16;;30-65979420-5;COTY ARGENTINA  S. A.;NO;;;;;
1515235;03/08/2026;Avalado;;SI;NO;ECHEQ;SI;NO;24Hs.;11:14:38;17:00:00;47;502;19,00;19,00;809;$;3.211.593,03;2;Negociada;11:47:17;BMAR;;BANCO MARIVA S.A.;NO;;;;;
1515236;03/08/2026;No Garantizado;NO;SI;NO;PAGARE;NO;NO;24Hs.;11:14:39;17:00:00;365;;;15,00;767;U$D;40.000,00;1;Desierta;;;30-71668436-5;SOLUCIONES GASTRONOMICAS S.A.S.;;30-71668436-5;SOLUCIONES GASTRONOMICAS S.A.S.;;;
1515237;03/08/2026;No Garantizado;NO;SI;NO;ECHEQ;NO;NO;24Hs.;11:14:53;17:00:00;54;;;44,00;767;$;40.000.000,00;9;Desierta;;;30-70833937-3;MONTAÑA SRL;AO;30-70833937-3;MONTAÑA SRL;;;
1515238;03/08/2026;No Garantizado;NO;SI;NO;ECHEQ;NO;NO;24Hs.;11:15:06;17:00:00;50;;;35,00;767;$;30.000.000,00;6;Desierta;;;30-71101847-2;ZAYTEC ARGENTINA  S.A.;AO;30-71101847-2;ZAYTEC ARGENTINA  S.A.;;;
1515239;03/08/2026;Avalado;;SI;NO;ECHEQ;NO;NO;24Hs.;11:15:13;17:00:00;105;;;27,00;559;$;50.000.000,00;2;Desierta;;ARGC;;Argentina Ciudad S.G.R.;AO;;;;;
1515240;03/08/2026;No Garantizado;NO;SI;NO;ECHEQ;NO;NO;C.I.;11:15:19;17:00:00;9;764;28,00;28,00;764;$;68.588.061,00;1;Negociada;11:30:46;;30-52715145-3;COTAGRO COOPERATIVA AGROPECUARIA LIMITADA;AO;;;;;
1515241;03/08/2026;No Garantizado;NO;SI;NO;ECHEQ;NO;NO;24Hs.;11:15:19;17:00:00;50;;;35,00;767;$;30.000.000,00;6;Desierta;;;30-71101847-2;ZAYTEC ARGENTINA  S.A.;AO;30-71101847-2;ZAYTEC ARGENTINA  S.A.;;;
1515242;03/08/2026;No Garantizado;NO;SI;NO;ECHEQ;NO;NO;24Hs.;11:15:32;17:00:00;50;;;35,00;767;$;35.000.000,00;7;Desierta;;;30-71101847-2;ZAYTEC ARGENTINA  S.A.;AO;30-71101847-2;ZAYTEC ARGENTINA  S.A.;;;
1515243;03/08/2026;Avalado;;SI;NO;ECHEQ;NO;NO;C.I.;11:15:55;17:00:00;74;15;25,00;25,00;15;$;23.274.585,56;12;Negociada;13:38:18;CREC;;Crecer S.G.R.;AO;;;;;
1515244;03/08/2026;Avalado;;SI;NO;ECHEQ;NO;NO;24Hs.;11:16:44;17:00:00;290;406;29,00;29,00;809;$;70.000.000,00;7;Negociada;11:30:36;FINT;;Fintech S.G.R.;AO;;;;;
1515245;03/08/2026;Avalado;;NO;NO;ECHEQ;NO;NO;24Hs.;11:16:48;17:00:00;87;529;26,00;26,00;813;$;2.000.000,00;1;Negociada;13:28:12;ZOFI;;Zofingen S.G.R.;AO;;;;;
1515246;03/08/2026;No Garantizado;NO;SI;NO;ECHEQ;NO;NO;C.I.;11:17:02;17:00:00;45;723;26,50;26,50;876;$;124.143.841,13;2;Negociada;11:44:12;;30-71198576-6;DELIVERY HERO E-COMMERCE S. A.;AO;30-71538821-5;DSDO SRL;;;
1515247;03/08/2026;Avalado;;NO;NO;ECHEQ;NO;NO;24Hs.;11:17:29;17:00:00;59;431;26,00;26,00;813;$;5.000.000,00;1;Negociada;12:50:36;FOGA;;Fdo. de Gtias. del Chaco;AO;;;;;
1515248;03/08/2026;Avalado;;SI;NO;PAGARE;NO;NO;24Hs.;11:17:51;17:00:00;259;;;5,50;553;U$S;40.000,00;1;Desierta;;FIDU;;Fid Aval S.G.R.;;;;;;
1515249;03/08/2026;Avalado;;SI;NO;PAGARE;NO;NO;24Hs.;11:18:05;17:00:00;253;773;6,00;6,00;553;U$S;50.000,00;1;Negociada;11:56:15;FIDU;;Fid Aval S.G.R.;;;;;;
1515250;03/08/2026;Avalado;;SI;NO;PAGARE;NO;NO;24Hs.;11:18:17;17:00:00;248;;;5,50;553;U$S;50.000,00;1;Desierta;;FIDU;;Fid Aval S.G.R.;;;;;;
1515251;03/08/2026;Avalado;;SI;NO;PAGARE;NO;NO;24Hs.;11:18:28;17:00:00;244;;;5,50;553;U$S;50.000,00;1;Desierta;;FIDU;;Fid Aval S.G.R.;;;;;;
1515252;03/08/2026;No Garantizado;SI;SI;NO;ECHEQ;NO;NO;24Hs.;11:18:38;17:00:00;30;;;20,00;32;$;22.000.000,00;1;Desierta;;;30-71683067-1;SM AGRO S.A.;AO;30-71489988-7;DEVELOPMENT CORP S.A.;MiPyME FCE - Art. 7 Ley 27.440, Res. SEPYME 340/17, Art. 2 RG 4367/18 y RG 1019/24;;
1515253;03/08/2026;Avalado;;SI;NO;PAGARE;NO;NO;24Hs.;11:18:39;17:00:00;239;;;5,50;553;U$S;50.000,00;1;Desierta;;FIDU;;Fid Aval S.G.R.;;;;;;
1515254;03/08/2026;Avalado;;NO;NO;ECHEQ;NO;NO;24Hs.;11:18:40;17:00:00;40;569;24,50;24,50;813;$;40.000.000,00;2;Negociada;14:28:08;FEDE;;Aval Federal S.G.R.;AO;;;;;
1515255;03/08/2026;Avalado;;SI;NO;PAGARE;NO;NO;24Hs.;11:18:50;17:00:00;231;;;5,50;553;U$S;50.000,00;1;Desierta;;FIDU;;Fid Aval S.G.R.;;;;;;
1515256;03/08/2026;Avalado;;NO;NO;ECHEQ;NO;NO;24Hs.;11:19:05;17:00:00;108;;;25,00;813;$;20.000.000,00;4;Desierta;;INPY;;Integra Pymes S.G.R.;AO;;;;;
1515257;03/08/2026;Avalado;;NO;NO;ECHEQ;NO;NO;24Hs.;11:19:20;17:00:00;84;502;25,00;25,00;813;$;15.000.000,00;3;Negociada;16:15:17;INPY;;Integra Pymes S.G.R.;AO;;;;;
1515258;03/08/2026;Avalado;;SI;NO;ECHEQ;NO;NO;24Hs.;11:19:46;17:00:00;114;754;27,00;27,00;754;$;2.000.000,00;1;Negociada;16:25:49;MOVI;;MOVIL S.G.R.;AO;;;;;
1515259;03/08/2026;Avalado;;SI;NO;ECHEQ;NO;NO;24Hs.;11:19:57;17:00:00;122;754;27,00;27,00;754;$;5.000.000,00;1;Negociada;16:25:58;MOVI;;MOVIL S.G.R.;AO;;;;;
1515261;03/08/2026;Avalado;;SI;NO;ECHEQ;NO;NO;24Hs.;11:20:10;17:00:00;244;406;28,00;28,00;754;$;38.662.148,06;9;Negociada;14:53:28;CREC;;Crecer S.G.R.;AO;;;;;
1515262;03/08/2026;No Garantizado;NO;SI;NO;ECHEQ;SI;NO;C.I.;11:20:21;17:00:00;65;754;33,00;33,00;754;$;50.000.000,00;1;Negociada;11:22:22;;30-70935617-4;PROACO S. A.;NO;30-70935617-4;PROACO S. A.;;;
1515263;03/08/2026;Avalado;;SI;NO;ECHEQ;NO;NO;C.I.;11:20:28;17:00:00;46;;;0,00;449;$;15.752.481,50;15;Desierta (Baja);;ACPY;;Acindar Pymes S.G.R.;AO;;;;;
1515265;03/08/2026;No Garantizado;NO;SI;NO;ECHEQ;SI;NO;C.I.;11:20:50;17:00:00;65;754;33,00;33,00;754;$;25.000.000,00;1;Negociada;11:22:52;;30-70935617-4;PROACO S. A.;NO;30-70935617-4;PROACO S. A.;;;
1515266;03/08/2026;No Garantizado;NO;SI;NO;PAGARE;NO;NO;24Hs.;11:21:01;17:00:00;86;;;9,00;767;U$S;120.000,00;12;Desierta;;;30-70938526-3;INDO S.A.;;30-70938526-3;INDO S.A.;;;
1515267;03/08/2026;Avalado;;SI;NO;ECHEQ;NO;NO;24Hs.;11:21:10;17:00:00;70;567;21,00;21,00;754;$;18.433.581,60;1;Negociada;14:53:38;FINT;;Fintech S.G.R.;AO;;;;;
1515268;03/08/2026;Garantizado;SI;SI;NO;ECHEQ;NO;NO;24Hs.;11:21:21;17:00:00;121;;;19,00;754;$;100.000.000,00;5;Desierta;;;;;AO;;;Certificado MiPyME;;
1515269;03/08/2026;No Garantizado;NO;SI;NO;ECHEQ;NO;NO;24Hs.;11:21:27;17:00:00;59;;;35,00;767;$;5.000.000,00;1;Desierta;;;30-71820701-7;JET IRON TECHNOLOGY S. A.;AO;30-71820701-7;JET IRON TECHNOLOGY S. A.;;;
1515270;03/08/2026;Garantizado Calificado;SI;SI;NO;ECHEQ;NO;NO;24Hs.;11:21:36;17:00:00;14;;;25,00;754;$;395.400,00;1;Desierta;;;;;AO;;;Certificado MiPyME;;
1515271;03/08/2026;Garantizado;NO;SI;NO;ECHEQ;NO;NO;24Hs.;11:21:46;17:00:00;10;523;25,00;25,00;754;$;495.157,15;1;Negociada;14:52:45;;;;AO;;;;;
1515272;03/08/2026;Garantizado;SI;SI;NO;ECHEQ;NO;NO;24Hs.;11:21:58;17:00:00;49;287;21,00;21,00;754;$;291.131.080,87;4;Negociada;11:58:08;;;;AO;;;Certificado MiPyME;;
1515273;03/08/2026;Garantizado Calificado;SI;SI;NO;ECHEQ;NO;NO;24Hs.;11:22:10;17:00:00;57;;;19,00;754;$;29.234.060,94;2;Desierta;;;;;AO;;;Certificado MiPyME;;
1515274;03/08/2026;Avalado;;SI;NO;ECHEQ;NO;NO;24Hs.;11:22:23;17:00:00;110;406;23,00;23,00;754;$;60.000.000,00;4;Negociada;15:27:52;ACPY;;Acindar Pymes S.G.R.;AO;;;;;
1515275;03/08/2026;Avalado;;SI;NO;ECHEQ;NO;NO;24Hs.;11:22:33;17:00:00;174;406;26,00;26,00;754;$;15.003.009,00;3;Negociada;14:53:54;CREC;;Crecer S.G.R.;AO;;;;;
1515276;03/08/2026;Avalado;;SI;NO;PAGARE;NO;NO;24Hs.;11:22:49;17:00:00;346;422;7,50;7,50;526;U$D;70.000,00;2;Negociada;16:04:59;SOLI;;Solidum S.G.R.;;;;;;
1515277;03/08/2026;Avalado;;SI;NO;ECHEQ;NO;NO;24Hs.;11:22:55;17:00:00;78;569;25,00;25,00;897;$;110.000.000,00;1;Negociada;13:39:14;CONV;;CONAVAL S.G.R.;AO;;;;;
1515278;03/08/2026;Avalado;;SI;NO;ECHEQ;NO;NO;24Hs.;11:23:03;17:00:00;85;569;26,00;26,00;754;$;20.000.000,00;1;Negociada;14:54:15;CONV;;CONAVAL S.G.R.;AO;;;;;
1515279;03/08/2026;Avalado;;SI;NO;ECHEQ;NO;NO;24Hs.;11:23:06;17:00:00;105;523;24,00;24,00;406;$;13.000.000,00;4;Negociada;12:18:02;CREC;;Crecer S.G.R.;AO;;;;;
1515280;03/08/2026;Avalado;;SI;NO;ECHEQ;NO;NO;24Hs.;11:23:14;17:00:00;169;754;28,00;28,00;754;$;2.500.000,00;1;Negociada;16:26:06;MOVI;;MOVIL S.G.R.;AO;;;;;
1515281;03/08/2026;Avalado;;SI;NO;ECHEQ;NO;NO;24Hs.;11:23:27;17:00:00;140;406;25,00;25,00;754;$;20.000.000,00;2;Negociada;15:02:44;CREC;;Crecer S.G.R.;AO;;;;;
1515282;03/08/2026;Avalado;;SI;NO;ECHEQ;NO;NO;C.I.;11:23:37;17:00:00;108;;;;754;$;2.000.000,00;2;Desierta (Baja);;CREC;;Crecer S.G.R.;AO;;;;;
1515283;03/08/2026;Avalado;;SI;NO;ECHEQ;SI;NO;24Hs.;11:23:50;17:00:00;111;406;25,00;25,00;754;$;30.000.000,00;3;Negociada;15:17:57;CREC;;Crecer S.G.R.;NO;;;;;
1515284;03/08/2026;Avalado;;SI;NO;ECHEQ;NO;NO;24Hs.;11:24:09;17:00:00;155;406;25,00;25,00;716;$;30.000.000,00;1;Negociada;13:53:48;CREC;;Crecer S.G.R.;AO;;;;;
1515285;03/08/2026;Avalado;;SI;NO;ECHEQ;NO;NO;24Hs.;11:24:18;17:00:00;77;567;21,00;21,00;754;$;185.000.000,00;7;Negociada;11:32:14;ACPY;;Acindar Pymes S.G.R.;AO;;;;;
1515286;03/08/2026;Avalado;;SI;NO;ECHEQ;NO;NO;C.I.;11:24:30;17:00:00;87;449;22,00;22,00;754;$;56.405.526,55;17;Negociada;14:17:08;FINT;;Fintech S.G.R.;AO;;;;;
1515287;03/08/2026;Avalado;;SI;NO;ECHEQ;NO;NO;C.I.;11:24:43;17:00:00;105;406;24,00;24,00;754;$;40.752.369,77;41;Negociada;12:12:49;ARPY;;Argenpymes S.G.R.;AO;;;;;
1515288;03/08/2026;Avalado;;SI;NO;ECHEQ;NO;NO;24Hs.;11:24:47;17:00:00;183;406;23,00;23,00;449;$;23.000.000,00;1;Negociada;12:50:02;AVRU;;Aval Rural S.G.R.;AO;;;;;
1515289;03/08/2026;Avalado;;SI;NO;ECHEQ;NO;NO;24Hs.;11:24:49;17:00:00;155;406;25,00;25,00;406;$;13.000.000,00;1;Negociada;14:18:09;CREC;;Crecer S.G.R.;AO;;;;;
1515290;03/08/2026;Avalado;;SI;NO;ECHEQ;NO;NO;C.I.;11:24:58;17:00:00;97;406;25,00;25,00;754;$;40.639.880,42;69;Negociada;14:56:07;CREC;;Crecer S.G.R.;AO;;;;;
1515291;03/08/2026;Avalado;;SI;NO;ECHEQ;NO;NO;C.I.;11:25:09;17:00:00;102;;;27,00;754;$;4.228.103,72;1;Desierta;;INPY;;Integra Pymes S.G.R.;AO;;;;;
1515292;03/08/2026;Avalado;;SI;NO;ECHEQ;NO;NO;24Hs.;11:25:51;17:00:00;108;502;25,00;25,00;526;$;46.000.000,00;10;Negociada;14:07:24;UNIO;;Union S.G.R.;AO;;;;;
1515293;03/08/2026;Avalado;;SI;NO;ECHEQ;SI;NO;24Hs.;11:27:06;17:00:00;48;767;26,00;26,00;439;$;4.000.000,00;4;Negociada;15:44:43;NEUQ;;Neuquen Pymes S.G.R.;NO;;;;;
1515294;03/08/2026;Avalado;;SI;NO;ECHEQ;NO;NO;24Hs.;11:27:12;17:00:00;163;568;26,00;26,00;868;$;6.000.000,00;1;Negociada;16:50:55;POTE;;Potenciar S.G.R.;AO;;;;;
1515295;03/08/2026;No Garantizado;NO;SI;NO;ECHEQ;NO;NO;C.I.;11:28:01;17:00:00;23;;;34,00;825;$;36.926.615,00;1;Desierta;;;30-68842372-0;SER BEEF SA;AO;;;;;
1515296;03/08/2026;No Garantizado;NO;SI;NO;ECHEQ;NO;NO;C.I.;11:28:18;17:00:00;23;;;34,00;825;$;36.926.615,00;1;Desierta;;;30-68842372-0;SER BEEF SA;AO;;;;;
1515297;03/08/2026;No Garantizado;NO;SI;NO;ECHEQ;NO;NO;24Hs.;11:28:53;17:00:00;17;;;31,00;834;$;10.000.000,00;1;Desierta;;;30-62371441-8;LUIS G  POZOBON E HIJOS S R L;AO;30-62371441-8;LUIS G  POZOBON E HIJOS S R L;;;
1515298;03/08/2026;No Garantizado;NO;SI;NO;ECHEQ;NO;NO;24Hs.;11:29:19;17:00:00;21;;;31,00;834;$;2.000.000,00;1;Desierta;;;30-71778335-9;GUDAGEL WINE S. A. S.;AO;30-71778335-9;GUDAGEL WINE S. A. S.;;;
1515299;03/08/2026;No Garantizado;NO;SI;NO;ECHEQ;NO;NO;24Hs.;11:29:41;17:00:00;21;;;31,00;834;$;2.000.000,00;1;Desierta;;;30-71601116-6;FIDEICOMISO FIDETERRA;AO;30-71601116-6;FIDEICOMISO FIDETERRA;;;
1515300;03/08/2026;No Garantizado;NO;SI;NO;ECHEQ;NO;NO;24Hs.;11:29:56;17:00:00;29;;;31,00;834;$;2.000.000,00;1;Desierta;;;30-71778335-9;GUDAGEL WINE S. A. S.;AO;30-71778335-9;GUDAGEL WINE S. A. S.;;;
1515301;03/08/2026;No Garantizado;NO;SI;NO;ECHEQ;NO;NO;24Hs.;11:30:11;17:00:00;27;;;31,00;834;$;2.000.000,00;1;Desierta;;;30-71601116-6;FIDEICOMISO FIDETERRA;AO;30-71601116-6;FIDEICOMISO FIDETERRA;;;
1515302;03/08/2026;No Garantizado;NO;SI;NO;ECHEQ;NO;NO;24Hs.;11:30:23;17:00:00;29;;;31,00;834;$;2.000.000,00;1;Desierta;;;30-71601116-6;FIDEICOMISO FIDETERRA;AO;30-71601116-6;FIDEICOMISO FIDETERRA;;;
1515303;03/08/2026;No Garantizado;NO;SI;NO;ECHEQ;NO;NO;24Hs.;11:30:35;17:00:00;35;;;31,00;834;$;2.500.000,00;1;Desierta;;;30-62371441-8;LUIS G  POZOBON E HIJOS S R L;AO;30-62371441-8;LUIS G  POZOBON E HIJOS S R L;;;
1515304;03/08/2026;Avalado;;SI;NO;ECHEQ;SI;NO;24Hs.;11:30:39;17:00:00;156;501;22,00;22,00;545;$;4.000.000,00;1;Negociada;11:32:41;FGLR;;Fdo.de Gtia.Pub. La Rioja;NO;;;;;
1515305;03/08/2026;No Garantizado;NO;SI;NO;ECHEQ;NO;NO;24Hs.;11:30:50;17:00:00;35;;;31,00;834;$;2.500.000,00;1;Desierta;;;30-62371441-8;LUIS G  POZOBON E HIJOS S R L;AO;30-62371441-8;LUIS G  POZOBON E HIJOS S R L;;;
1515306;03/08/2026;No Garantizado;NO;SI;NO;ECHEQ;NO;NO;24Hs.;11:31:04;17:00:00;35;;;31,00;834;$;2.500.000,00;1;Desierta;;;30-62371441-8;LUIS G  POZOBON E HIJOS S R L;AO;30-62371441-8;LUIS G  POZOBON E HIJOS S R L;;;
1515307;03/08/2026;No Garantizado;NO;SI;NO;ECHEQ;NO;NO;24Hs.;11:31:18;17:00:00;35;;;31,00;834;$;2.500.000,00;1;Desierta;;;30-62371441-8;LUIS G  POZOBON E HIJOS S R L;AO;30-62371441-8;LUIS G  POZOBON E HIJOS S R L;;;
1515308;03/08/2026;No Garantizado;NO;SI;NO;ECHEQ;NO;NO;24Hs.;11:31:29;17:00:00;36;;;31,00;834;$;2.000.000,00;1;Desierta;;;30-71778335-9;GUDAGEL WINE S. A. S.;AO;30-71778335-9;GUDAGEL WINE S. A. S.;;;
1515309;03/08/2026;No Garantizado;SI;SI;NO;FCE;NO;NO;C.I.;11:31:38;17:00:00;17;572;27,00;27,00;572;$;36.092.856,34;2;Negociada;11:34:48;%CGP;30-65786428-1;CAMUZZI GAS PAMPEANA S. A.;;;;;;
1515310;03/08/2026;No Garantizado Calificado;SI;SI;NO;ECHEQ;NO;NO;C.I.;11:31:39;17:00:00;101;405;52,00;52,00;405;$;60.500.000,00;9;Negociada;11:33:41;;30-71152295-2;AGROPRODUCCIONES TORRESI S.R.L.;AO;30-71152295-2;AGROPRODUCCIONES TORRESI S.R.L.;Certificado MiPyME;;
1515311;03/08/2026;No Garantizado;NO;SI;NO;ECHEQ;NO;NO;24Hs.;11:31:44;17:00:00;38;;;31,00;834;$;2.500.000,00;1;Desierta;;;30-62371441-8;LUIS G  POZOBON E HIJOS S R L;AO;30-62371441-8;LUIS G  POZOBON E HIJOS S R L;;;
1515312;03/08/2026;Avalado;;SI;NO;ECHEQ;NO;NO;24Hs.;11:31:58;17:00:00;55;406;23,00;23,00;545;$;93.211.325,48;4;Negociada;13:51:39;CREC;;Crecer S.G.R.;AO;;;;;
1515313;03/08/2026;No Garantizado;NO;SI;NO;ECHEQ;NO;NO;24Hs.;11:31:58;17:00:00;38;;;31,00;834;$;2.500.000,00;1;Desierta;;;30-62371441-8;LUIS G  POZOBON E HIJOS S R L;AO;30-62371441-8;LUIS G  POZOBON E HIJOS S R L;;;
1515314;03/08/2026;No Garantizado;NO;SI;NO;ECHEQ;NO;NO;24Hs.;11:32:12;17:00:00;38;;;31,00;834;$;2.500.000,00;1;Desierta;;;30-62371441-8;LUIS G  POZOBON E HIJOS S R L;AO;30-62371441-8;LUIS G  POZOBON E HIJOS S R L;;;
1515315;03/08/2026;No Garantizado;NO;SI;NO;ECHEQ;NO;NO;24Hs.;11:32:24;17:00:00;38;;;31,00;834;$;2.500.000,00;1;Desierta;;;30-62371441-8;LUIS G  POZOBON E HIJOS S R L;AO;30-62371441-8;LUIS G  POZOBON E HIJOS S R L;;;
1515316;03/08/2026;No Garantizado;NO;SI;NO;ECHEQ;NO;NO;24Hs.;11:32:35;17:00:00;36;;;31,00;834;$;2.000.000,00;1;Desierta;;;30-71601116-6;FIDEICOMISO FIDETERRA;AO;30-71601116-6;FIDEICOMISO FIDETERRA;;;
1515317;03/08/2026;No Garantizado;NO;SI;NO;ECHEQ;NO;NO;24Hs.;11:32:46;17:00:00;42;;;31,00;834;$;2.500.000,00;1;Desierta;;;30-62371441-8;LUIS G  POZOBON E HIJOS S R L;AO;30-62371441-8;LUIS G  POZOBON E HIJOS S R L;;;
1515318;03/08/2026;No Garantizado;NO;SI;NO;ECHEQ;NO;NO;24Hs.;11:32:59;17:00:00;42;;;31,00;834;$;2.500.000,00;1;Desierta;;;30-62371441-8;LUIS G  POZOBON E HIJOS S R L;AO;30-62371441-8;LUIS G  POZOBON E HIJOS S R L;;;
1515319;03/08/2026;No Garantizado;NO;NO;NO;ECHEQ;NO;NO;24Hs.;11:33:07;17:00:00;8;554;35,00;35,00;554;$;4.226.680,00;1;Negociada;11:35:08;;30-71229806-1;ALTA SEGURIDAD S.A.;AO;30-71704908-6;COFFEE.NET SAS;;;
1515320;03/08/2026;No Garantizado;NO;SI;NO;ECHEQ;NO;NO;24Hs.;11:33:09;17:00:00;42;;;31,00;834;$;2.500.000,00;1;Desierta;;;30-62371441-8;LUIS G  POZOBON E HIJOS S R L;AO;30-62371441-8;LUIS G  POZOBON E HIJOS S R L;;;
1515321;03/08/2026;Avalado;;SI;NO;ECHEQ;NO;NO;24Hs.;11:33:19;17:00:00;90;;;27,00;513;$;50.000.000,00;4;Desierta;;RIGA;;RIG Avales S.G.R.;AO;;;;;
1515322;03/08/2026;No Garantizado;NO;SI;NO;ECHEQ;NO;NO;24Hs.;11:33:23;17:00:00;42;;;31,00;834;$;2.500.000,00;1;Desierta;;;30-62371441-8;LUIS G  POZOBON E HIJOS S R L;AO;30-62371441-8;LUIS G  POZOBON E HIJOS S R L;;;
1515323;03/08/2026;Avalado;;SI;NO;ECHEQ;NO;NO;24Hs.;11:33:32;17:00:00;91;767;27,00;27,00;513;$;50.000.000,00;5;Negociada;14:26:43;RIGA;;RIG Avales S.G.R.;AO;;;;;
1515324;03/08/2026;No Garantizado;NO;SI;NO;ECHEQ;NO;NO;24Hs.;11:33:34;17:00:00;45;;;31,00;834;$;2.000.000,00;1;Desierta;;;30-71778050-3;AREIRA S. A. S.;AO;30-71778050-3;AREIRA S. A. S.;;;
1515325;03/08/2026;No Garantizado Calificado;NO;SI;NO;ECHEQ;NO;NO;24Hs.;11:33:46;17:00:00;48;;;31,00;834;$;2.000.000,00;1;Desierta;;;30-71778672-2;MORADA S. A. S.;AO;30-71778672-2;MORADA S. A. S.;;;
1515326;03/08/2026;No Garantizado;NO;SI;NO;ECHEQ;NO;NO;24Hs.;11:33:59;17:00:00;50;;;31,00;834;$;2.000.000,00;1;Desierta;;;30-71601116-6;FIDEICOMISO FIDETERRA;AO;30-71601116-6;FIDEICOMISO FIDETERRA;;;
1515327;03/08/2026;Avalado;;SI;NO;ECHEQ;NO;NO;24Hs.;11:34:07;17:00:00;66;852;24,00;24,00;876;$;109.000.000,00;10;Negociada;14:48:52;MOVI;;MOVIL S.G.R.;AO;;;;;
1515328;03/08/2026;No Garantizado;NO;SI;NO;ECHEQ;NO;NO;24Hs.;11:34:10;17:00:00;71;;;31,00;834;$;2.500.000,00;1;Desierta;;;30-62371441-8;LUIS G  POZOBON E HIJOS S R L;AO;30-62371441-8;LUIS G  POZOBON E HIJOS S R L;;;
1515329;03/08/2026;No Garantizado;NO;SI;NO;ECHEQ;NO;NO;24Hs.;11:34:22;17:00:00;71;;;31,00;834;$;2.500.000,00;1;Desierta;;;30-62371441-8;LUIS G  POZOBON E HIJOS S R L;AO;30-62371441-8;LUIS G  POZOBON E HIJOS S R L;;;
1515330;03/08/2026;Avalado;;SI;NO;ECHEQ;NO;NO;24Hs.;11:34:28;17:00:00;104;502;20,00;20,00;720;$;50.000.000,00;1;Negociada;11:46:35;BAIN;;BANCO INDUSTRIAL SA;AO;;;;;
1515331;03/08/2026;No Garantizado;NO;SI;NO;ECHEQ;NO;NO;24Hs.;11:34:33;17:00:00;71;;;31,00;834;$;2.500.000,00;1;Desierta;;;30-62371441-8;LUIS G  POZOBON E HIJOS S R L;AO;30-62371441-8;LUIS G  POZOBON E HIJOS S R L;;;
1515332;03/08/2026;No Garantizado;NO;SI;NO;ECHEQ;NO;NO;24Hs.;11:34:43;17:00:00;71;;;31,00;834;$;2.500.000,00;1;Desierta;;;30-62371441-8;LUIS G  POZOBON E HIJOS S R L;AO;30-62371441-8;LUIS G  POZOBON E HIJOS S R L;;;
1515333;03/08/2026;Avalado;;SI;NO;ECHEQ;NO;NO;24Hs.;11:34:55;17:00:00;92;287;20,00;20,00;720;$;155.727.882,84;56;Negociada;11:38:48;BAIN;;BANCO INDUSTRIAL SA;AO;;;;;
1515334;03/08/2026;Avalado;;SI;NO;ECHEQ;SI;NO;24Hs.;11:35:07;17:00:00;74;287;20,00;20,00;720;$;12.783.614,56;6;Negociada;11:39:00;BAIN;;BANCO INDUSTRIAL SA;NO;;;;;
1515335;03/08/2026;Avalado;;SI;NO;ECHEQ;SI;NO;24Hs.;11:35:14;17:00:00;87;449;24,00;24,00;449;$;35.000.000,00;7;Negociada;12:37:58;MOVI;;MOVIL S.G.R.;NO;;;;;
1515336;03/08/2026;Avalado;;SI;NO;ECHEQ;NO;NO;24Hs.;11:35:26;17:00:00;22;501;20,00;20,00;701;$;7.500.000,00;1;Negociada;11:59:25;FOER;;FO.GA.ER. SAPEM;AO;;;;;
1515337;03/08/2026;Avalado;;SI;NO;ECHEQ;NO;NO;24Hs.;11:35:27;17:00:00;58;287;20,00;20,00;720;$;31.066.554,76;60;Negociada;11:39:08;BAIN;;BANCO INDUSTRIAL SA;AO;;;;;
1515339;03/08/2026;Avalado;;SI;NO;ECHEQ;NO;NO;24Hs.;11:35:37;17:00:00;67;287;20,00;20,00;720;$;35.404.738,63;60;Negociada;11:39:18;BAIN;;BANCO INDUSTRIAL SA;AO;;;;;
1515340;03/08/2026;Avalado;;SI;NO;ECHEQ;NO;NO;24Hs.;11:35:42;17:00:00;23;501;20,00;20,00;701;$;7.500.000,00;1;Negociada;12:00:31;FOER;;FO.GA.ER. SAPEM;AO;;;;;
1515341;03/08/2026;Avalado;;SI;NO;ECHEQ;NO;NO;24Hs.;11:35:48;17:00:00;88;287;20,00;20,00;720;$;151.169.930,32;60;Negociada;11:39:31;BAIN;;BANCO INDUSTRIAL SA;AO;;;;;
1515342;03/08/2026;Avalado;;SI;NO;ECHEQ;NO;NO;24Hs.;11:36:04;17:00:00;24;501;20,00;20,00;701;$;8.000.000,00;1;Negociada;12:00:56;FOER;;FO.GA.ER. SAPEM;AO;;;;;
1515343;03/08/2026;Avalado;;SI;NO;ECHEQ;NO;NO;24Hs.;11:36:08;17:00:00;134;406;22,00;22,00;702;$;1.750.000,00;1;Negociada;12:55:44;AVRU;;Aval Rural S.G.R.;AO;;;;;
1515345;03/08/2026;Avalado;;SI;NO;ECHEQ;NO;NO;24Hs.;11:36:30;17:00:00;52;501;20,00;20,00;701;$;7.500.000,00;1;Negociada;12:01:22;FOER;;FO.GA.ER. SAPEM;AO;;;;;
1515347;03/08/2026;No Garantizado;SI;NO;NO;FCE;NO;NO;C.I.;11:36:49;17:00:00;20;572;25,00;25,00;569;$;18.701.243,20;3;Negociada;11:38:57;%ALA;30-70826643-0;DREAMCO S. A.;;;;;;
1515348;03/08/2026;Avalado;;SI;NO;ECHEQ;NO;NO;24Hs.;11:36:55;17:00:00;55;501;20,00;20,00;701;$;7.500.000,00;1;Negociada;12:01:49;FOER;;FO.GA.ER. SAPEM;AO;;;;;
1515349;03/08/2026;No Garantizado;SI;NO;NO;ECHEQ;NO;NO;C.I.;11:37:02;17:00:00;54;572;25,00;25,00;569;$;8.607.928,39;2;Negociada;11:39:04;;30-67813830-0;DORINKA S.R.L.;AO;;;Certificado MiPyME;;
1515350;03/08/2026;Avalado;;SI;NO;ECHEQ;NO;NO;24Hs.;11:37:30;17:00:00;56;501;20,00;20,00;701;$;7.500.000,00;1;Negociada;12:02:37;FOER;;FO.GA.ER. SAPEM;AO;;;;;
1515351;03/08/2026;Avalado;;SI;NO;ECHEQ;NO;NO;24Hs.;11:37:42;17:00:00;50;523;22,50;24,00;20;$;40.000.000,00;2;Negociada;11:42:27;CREC;;Crecer S.G.R.;AO;;;;;
1515352;03/08/2026;Avalado;;SI;NO;ECHEQ;NO;NO;24Hs.;11:38:23;17:00:00;57;501;20,00;20,00;701;$;7.500.000,00;1;Negociada;12:03:15;FOER;;FO.GA.ER. SAPEM;AO;;;;;
1515353;03/08/2026;No Garantizado Calificado;NO;SI;NO;PAGARE;NO;NO;C.I.;11:38:51;17:00:00;78;754;45,00;45,00;754;$;20.000.000,00;2;Negociada;11:40:52;;30-71500450-6;SUVERMAX S.A.;;30-71500450-6;SUVERMAX S.A.;;;
1515354;03/08/2026;Avalado;;SI;NO;ECHEQ;NO;NO;24Hs.;11:38:54;17:00:00;87;501;21,50;21,50;701;$;7.500.000,00;1;Negociada;12:04:54;FOER;;FO.GA.ER. SAPEM;AO;;;;;
1515355;03/08/2026;Avalado;;SI;NO;ECHEQ;NO;NO;24Hs.;11:39:09;17:00:00;83;501;21,50;21,50;701;$;7.500.000,00;1;Negociada;12:05:53;FOER;;FO.GA.ER. SAPEM;AO;;;;;
1515356;03/08/2026;Avalado;;SI;NO;ECHEQ;NO;NO;24Hs.;11:39:16;17:00:00;133;567;25,00;25,00;702;$;50.000.000,00;1;Negociada;12:53:53;AVLR;;Aval Ar S.G.R.;AO;;;;;
1515357;03/08/2026;Avalado;;SI;NO;ECHEQ;NO;NO;24Hs.;11:39:46;17:00:00;84;501;21,50;21,50;701;$;7.500.000,00;1;Negociada;12:06:21;FOER;;FO.GA.ER. SAPEM;AO;;;;;
1515358;03/08/2026;Avalado;;SI;NO;ECHEQ;NO;NO;24Hs.;11:40:04;17:00:00;86;501;21,50;21,50;701;$;7.500.000,00;1;Negociada;12:06:43;FOER;;FO.GA.ER. SAPEM;AO;;;;;
1515359;03/08/2026;Avalado;;SI;NO;ECHEQ;NO;NO;24Hs.;11:40:26;17:00:00;66;502;22,00;22,00;802;$;1.000.000,00;1;Negociada;13:13:25;ACPY;;Acindar Pymes S.G.R.;AO;;;;;
1515360;03/08/2026;Avalado;;SI;NO;ECHEQ;NO;NO;24Hs.;11:41:02;17:00:00;78;287;20,00;20,00;720;$;237.091.590,64;6;Negociada;11:43:03;BAIN;;BANCO INDUSTRIAL SA;AO;;;;;
1515361;03/08/2026;Avalado;;SI;NO;ECHEQ;NO;NO;24Hs.;11:41:43;17:00:00;46;502;23,00;23,00;502;$;29.070.536,19;2;Negociada;11:45:02;TRND;;Trend S.G.R.;AO;;;;;
1515362;03/08/2026;Avalado;;SI;NO;ECHEQ;NO;NO;24Hs.;11:41:53;17:00:00;114;501;21,50;21,50;701;$;7.500.000,00;1;Negociada;12:07:08;FOER;;FO.GA.ER. SAPEM;AO;;;;;
1515363;03/08/2026;Avalado;;SI;NO;ECHEQ;NO;NO;24Hs.;11:41:53;17:00:00;204;;;0,00;537;$;28.750.000,00;1;Desierta (Baja);;AFBG;;AFB AVALES S.G.R;AO;;;;;
1515364;03/08/2026;No Garantizado;NO;NO;NO;ECHEQ;NO;NO;24Hs.;11:41:59;17:00:00;42;;;25,00;702;$;2.000.000.000,00;1;Desierta;;;30-65511651-2;EDESUR S A;AO;30-65537309-4;COMPA#IA ADMINIST DEL MERCADO MAYORISTA ELECTRICO SOC ANONIMA;;;
1515365;03/08/2026;No Garantizado;NO;SI;NO;ECHEQ;NO;NO;C.I.;11:42:03;17:00:00;31;572;31,00;31,00;785;$;5.900.826,45;1;Negociada;11:44:04;;30-71656460-2;COMPLEJOS DEL SUR SA;AO;30-71806767-3;IMO ENERGIA SRL;;;
1515366;03/08/2026;Avalado;;SI;NO;ECHEQ;NO;NO;24Hs.;11:42:10;17:00:00;114;501;21,50;21,50;701;$;7.500.000,00;1;Negociada;12:07:38;FOER;;FO.GA.ER. SAPEM;AO;;;;;
1515367;03/08/2026;Avalado;;SI;NO;ECHEQ;NO;NO;24Hs.;11:42:25;17:00:00;132;;;0,00;537;$;28.750.000,00;1;Desierta (Baja);;AFBG;;AFB AVALES S.G.R;AO;;;;;
1515368;03/08/2026;No Garantizado Calificado;SI;SI;NO;PAGARE;NO;NO;C.I.;11:42:26;17:00:00;207;718;18,00;18,00;718;$;80.000.000,00;1;Negociada;11:44:28;;30-57865418-2;B P S. A.;;30-57865418-2;B P S. A.;Certificado MiPyME;;
1515369;03/08/2026;Avalado;;SI;NO;ECHEQ;NO;NO;24Hs.;11:42:31;17:00:00;115;501;21,50;21,50;701;$;7.500.000,00;1;Negociada;12:08:04;FOER;;FO.GA.ER. SAPEM;AO;;;;;
1515370;03/08/2026;No Garantizado;SI;SI;NO;ECHEQ;NO;NO;C.I.;11:42:48;17:00:00;30;723;26,00;26,00;15;$;40.744.891,72;1;Negociada;12:22:35;;30-67813830-0;DORINKA S.R.L.;AO;;;Certificado MiPyME;;
1515371;03/08/2026;Avalado;;SI;NO;ECHEQ;NO;NO;24Hs.;11:42:50;17:00:00;118;501;21,50;21,50;701;$;7.500.000,00;1;Negociada;12:08:34;FOER;;FO.GA.ER. SAPEM;AO;;;;;
1515372;03/08/2026;Avalado;;SI;NO;ECHEQ;NO;NO;24Hs.;11:43:12;17:00:00;141;501;22,00;22,00;701;$;7.500.000,00;1;Negociada;12:10:03;FOER;;FO.GA.ER. SAPEM;AO;;;;;
1515373;03/08/2026;No Garantizado;SI;SI;NO;PAGARE;NO;NO;C.I.;11:43:13;17:00:00;60;569;10,00;10,00;569;DOL;28.550,00;1;Negociada;11:45:14;;30-71639823-0;INVOITRADE S.A.;;30-71639823-0;INVOITRADE S.A.;MiPyME FCE - Art. 7 Ley 27.440, Res. SEPYME 340/17, Art. 2 RG 4367/18 y RG 1019/24;;
1515374;03/08/2026;No Garantizado;NO;SI;NO;ECHEQ;NO;NO;C.I.;11:43:17;17:00:00;51;767;35,00;35,00;767;$;1.437.883,32;2;Negociada;11:45:18;;30-71227563-0;GHIGLIONE ANALIA EDIT Y ALONSO MARIANA ESTELA SOC DE HECHO;AO;;;;;
1515375;03/08/2026;Avalado;;SI;NO;ECHEQ;NO;NO;24Hs.;11:43:24;17:00:00;146;501;22,00;22,00;701;$;7.500.000,00;1;Negociada;12:10:23;FOER;;FO.GA.ER. SAPEM;AO;;;;;
1515376;03/08/2026;Avalado;;SI;NO;ECHEQ;NO;NO;24Hs.;11:43:28;17:00:00;106;;;25,00;439;$;27.000.000,00;3;Desierta;;NEUQ;;Neuquen Pymes S.G.R.;AO;;;;;
1515377;03/08/2026;Avalado;;SI;NO;ECHEQ;NO;NO;24Hs.;11:43:35;17:00:00;153;501;22,00;22,00;701;$;7.500.000,00;1;Negociada;12:10:52;FOER;;FO.GA.ER. SAPEM;AO;;;;;
1515378;03/08/2026;Avalado;;SI;NO;ECHEQ;NO;NO;24Hs.;11:43:46;17:00:00;148;501;22,00;22,00;701;$;7.500.000,00;1;Negociada;12:11:20;FOER;;FO.GA.ER. SAPEM;AO;;;;;
1515379;03/08/2026;No Garantizado;NO;SI;NO;ECHEQ;NO;NO;C.I.;11:43:46;17:00:00;51;767;35,00;35,00;767;$;1.950.850,00;1;Negociada;11:45:48;;20-11370598-2;CABRERA PEDRO DANIEL;AO;;;;;
1515380;03/08/2026;Avalado;;SI;NO;ECHEQ;NO;NO;C.I.;11:43:57;17:00:00;93;501;21,50;21,50;716;$;10.000.000,00;1;Negociada;12:12:39;FOGA;;Fdo. de Gtias. del Chaco;AO;;;;;
1515381;03/08/2026;No Garantizado;NO;SI;NO;ECHEQ;NO;NO;C.I.;11:44:09;17:00:00;62;572;27,00;27,00;572;$;20.000.000,00;5;Negociada;11:46:11;;30-71681156-1;PRACTIKA S.R.L.;AO;30-71681156-1;PRACTIKA S.R.L.;;;
1515382;03/08/2026;No Garantizado;NO;SI;NO;ECHEQ;NO;NO;C.I.;11:44:17;17:00:00;24;767;30,00;30,00;767;$;11.447.409,30;1;Negociada;11:46:19;;30-50931059-5;QUALITA SERVICIOS AMBIENTALES S. A.;AO;;;;;
1515383;03/08/2026;Avalado;;SI;NO;ECHEQ;NO;NO;24Hs.;11:45:07;17:00:00;58;503;26,00;26,00;864;$;10.600.000,00;1;Negociada;16:46:53;MILL;;MILLS S.G.R.;AO;;;;;
1515384;03/08/2026;Avalado;;SI;NO;ECHEQ;NO;NO;24Hs.;11:45:23;17:00:00;78;754;28,00;28,00;864;$;100.000.000,00;1;Negociada;15:50:15;MILL;;MILLS S.G.R.;AO;;;;;
1515385;03/08/2026;No Garantizado Calificado;SI;SI;NO;ECHEQ;NO;NO;C.I.;11:45:27;17:00:00;100;569;37,00;37,00;569;$;200.000.000,00;1;Negociada;11:47:28;;30-71332270-5;VITALCAN S.A.;AO;30-71332270-5;VITALCAN S.A.;Certificado MiPyME;;
1515386;03/08/2026;Avalado;;SI;NO;ECHEQ;NO;NO;24Hs.;11:45:32;17:00:00;106;754;28,00;28,00;864;$;60.000.000,00;2;Negociada;15:50:27;MILL;;MILLS S.G.R.;AO;;;;;
1515387;03/08/2026;Avalado;;SI;NO;ECHEQ;NO;NO;24Hs.;11:45:32;17:00:00;121;;;25,00;529;$;100.000.000,00;4;Desierta;;SOLI;;Solidum S.G.R.;AO;;;;;
1515388;03/08/2026;Avalado;;SI;NO;ECHEQ;NO;NO;24Hs.;11:45:42;17:00:00;106;754;28,00;28,00;864;$;99.269.870,00;2;Negociada;15:50:42;MILL;;MILLS S.G.R.;AO;;;;;
1515389;03/08/2026;No Garantizado Calificado;NO;SI;NO;ECHEQ;NO;NO;24Hs.;11:45:52;17:00:00;91;;;35,00;525;$;6.000.000,00;2;Desierta;;;27-28823253-4;RAZUC ELIZABETH CLAUDIA;AO;20-35413495-1;MARTINEZ MATIAS EZEQUIEL;;;
1515390;03/08/2026;Avalado;;SI;NO;ECHEQ;NO;NO;24Hs.;11:46:04;17:00:00;58;;;26,00;864;$;60.000.000,00;5;Desierta;;MILL;;MILLS S.G.R.;AO;;;;;
1515391;03/08/2026;Avalado;;SI;NO;ECHEQ;NO;NO;24Hs.;11:46:14;17:00:00;111;754;28,00;28,00;864;$;20.000.000,00;2;Negociada;15:51:20;MILL;;MILLS S.G.R.;AO;;;;;
1515392;03/08/2026;Avalado;;SI;NO;ECHEQ;NO;NO;24Hs.;11:46:23;17:00:00;141;754;28,00;28,00;864;$;10.000.000,00;1;Negociada;15:51:43;MILL;;MILLS S.G.R.;AO;;;;;
1515393;03/08/2026;Avalado;;SI;NO;ECHEQ;NO;NO;24Hs.;11:46:33;17:00:00;21;716;25,00;25,00;864;$;13.000.000,00;1;Negociada;12:11:18;MILL;;MILLS S.G.R.;AO;;;;;
1515394;03/08/2026;Avalado;;SI;NO;ECHEQ;NO;NO;24Hs.;11:46:43;17:00:00;113;754;28,00;28,00;864;$;11.625.000,00;2;Negociada;15:50:52;MILL;;MILLS S.G.R.;AO;;;;;
1515395;03/08/2026;No Garantizado;NO;SI;NO;ECHEQ;NO;NO;C.I.;11:46:51;17:00:00;31;764;25,49;26,00;764;$;130.014.929,83;1;Negociada;12:01:34;;30-68537634-9;TARJETA NARANJA S.A.U.;AO;;;;;
1515396;03/08/2026;Avalado;;SI;NO;ECHEQ;NO;NO;24Hs.;11:46:51;17:00:00;46;;;25,00;864;$;34.000.000,00;2;Desierta;;MILL;;MILLS S.G.R.;AO;;;;;
1515397;03/08/2026;Avalado;;SI;NO;ECHEQ;SI;NO;24Hs.;11:47:00;17:00:00;79;502;26,00;26,00;502;$;19.000.000,00;1;Negociada;11:49:02;ACEN;;Avales del Centro S.G.R.;NO;;;;;
1515398;03/08/2026;No Garantizado;NO;SI;NO;ECHEQ;SI;NO;C.I.;11:47:11;17:00:00;23;764;29,00;29,00;764;$;1.789.906,31;2;Negociada;11:54:21;;30-69847147-2;DINOSAURIO S.A.;NO;;;;;
1515399;03/08/2026;Avalado;;SI;NO;ECHEQ;NO;NO;24Hs.;11:49:04;17:00:00;136;;;20,00;523;$;25.000.000,00;1;Desierta;;RESI;;Resiliencia S.G.R.;AO;;;;;
1515400;03/08/2026;Avalado;;SI;NO;ECHEQ;NO;NO;C.I.;11:49:14;17:00:00;37;;;0,00;764;$;21.556.932,80;1;Desierta (Baja);;TRND;;Trend S.G.R.;AO;;;;;
1515401;03/08/2026;Avalado;;SI;NO;PAGARE;NO;NO;24Hs.;11:49:15;17:00:00;206;507;4,00;4,00;507;U$D;26.700,00;3;Negociada;15:34:29;AGAV;;Agroaval S.G.R.;;;;;;
1515402;03/08/2026;Avalado;;SI;NO;ECHEQ;NO;NO;24Hs.;11:50:38;17:00:00;192;406;23,00;23,00;14;$;50.000.000,00;1;Negociada;13:04:33;CAMP;;Campo Aval S.G.R.;AO;;;;;
1515403;03/08/2026;No Garantizado Calificado;NO;SI;NO;PAGARE;NO;NO;C.I.;11:51:54;17:00:00;120;591;36,00;36,00;591;$;40.000.000,00;1;Negociada;11:53:55;;30-71736777-0;DIARADO S. A. S.;;30-71736777-0;DIARADO S. A. S.;;;
1515404;03/08/2026;No Garantizado Calificado;NO;SI;NO;PAGARE;NO;NO;C.I.;11:52:27;17:00:00;129;;;36,00;591;$;40.000.000,00;1;Desierta;;;30-71736777-0;DIARADO S. A. S.;;30-71736777-0;DIARADO S. A. S.;;;
1515405;03/08/2026;No Garantizado;NO;SI;NO;ECHEQ;NO;NO;C.I.;11:52:40;17:00:00;50;839;53,00;53,00;525;$;20.000.000,00;1;Negociada;12:06:11;;30-68806103-9;BAHIA PETROLEO S A;AO;30-50560792-5;ECOSUR BAHIA SOCIEDAD ANONIMA;;;
1515406;03/08/2026;Avalado;;SI;NO;ECHEQ;NO;NO;C.I.;11:52:43;17:00:00;90;;;22,00;755;$;120.000.000,00;5;Desierta;;BIND;;Garantias Bind S.G.R.;AO;;;;;
1515407;03/08/2026;Avalado;;SI;NO;ECHEQ;NO;NO;24Hs.;11:53:27;17:00:00;110;406;23,00;23,00;559;$;8.863.921,01;5;Negociada;15:29:31;ACPY;;Acindar Pymes S.G.R.;AO;;;;;
1515408;03/08/2026;Avalado;;SI;NO;ECHEQ;SI;NO;24Hs.;11:54:27;17:00:00;41;559;22,00;22,00;559;$;136.703.154,57;3;Negociada;12:04:42;POTE;;Potenciar S.G.R.;NO;;;;;
1515409;03/08/2026;No Garantizado Calificado;NO;SI;NO;PAGARE;NO;NO;24Hs.;11:55:45;17:00:00;78;;;;754;DOL;7.000,00;1;Desierta (Baja);;;30-71500450-6;SUVERMAX S.A.;;30-71500450-6;SUVERMAX S.A.;;;
1515410;03/08/2026;No Garantizado;NO;NO;NO;PAGARE;NO;NO;C.I.;11:59:15;17:00:00;8;724;22,00;22,00;724;$;289.000.000,00;1;Negociada;12:01:16;;30-50054484-4;COMPAÑIA MINERA AGUILAR S.A.;;;;;;
1515411;03/08/2026;No Garantizado;NO;SI;NO;PAGARE;NO;NO;C.I.;12:00:04;17:00:00;67;724;22,00;22,00;724;$;301.000.000,00;1;Negociada;12:02:05;;30-50054484-4;COMPAÑIA MINERA AGUILAR S.A.;;30-50054484-4;COMPAÑIA MINERA AGUILAR S.A.;;;
1515412;03/08/2026;Avalado;;SI;NO;ECHEQ;NO;NO;C.I.;12:02:43;17:00:00;114;501;21,50;21,50;716;$;10.000.000,00;2;Negociada;12:13:20;FOGA;;Fdo. de Gtias. del Chaco;AO;;;;;
1515414;03/08/2026;Avalado;;SI;NO;ECHEQ;NO;NO;C.I.;12:03:01;17:00:00;136;501;22,00;22,00;716;$;5.000.000,00;1;Negociada;12:13:42;FOGA;;Fdo. de Gtias. del Chaco;AO;;;;;
1515415;03/08/2026;No Garantizado;NO;SI;NO;ECHEQ;NO;NO;24Hs.;12:03:07;17:00:00;14;;;0,00;546;$;405.851.194,69;1;Desierta (Baja);;;30-69554247-6;PAN AMERICAN ENERGY, S.L., SUCURSAL ARGENTINA;AO;30-64074560-2;NOVA ENERGY ARGENTINA LTD SUCURSAL ARGENTINA S. E. E.;;;
1515416;03/08/2026;Avalado;;SI;NO;ECHEQ;NO;NO;24Hs.;12:03:29;17:00:00;59;716;25,00;25,00;716;$;25.000.000,00;1;Negociada;12:32:24;FOGA;;Fdo. de Gtias. del Chaco;AO;;;;;
1515417;03/08/2026;No Garantizado;NO;SI;NO;ECHEQ;NO;NO;C.I.;12:03:42;17:00:00;17;546;21,50;21,50;546;$;1.364.422.659,64;1;Negociada;15:22:31;;30-69554247-6;PAN AMERICAN ENERGY, S.L., SUCURSAL ARGENTINA;AO;30-64074560-2;NOVA ENERGY ARGENTINA LTD SUCURSAL ARGENTINA S. E. E.;;;
1515418;03/08/2026;No Garantizado;NO;SI;NO;ECHEQ;NO;NO;C.I.;12:04:02;17:00:00;15;546;21,50;21,50;546;$;405.851.194,69;1;Negociada;15:22:20;;30-69554247-6;PAN AMERICAN ENERGY, S.L., SUCURSAL ARGENTINA;AO;30-64074560-2;NOVA ENERGY ARGENTINA LTD SUCURSAL ARGENTINA S. E. E.;;;
1515419;03/08/2026;Avalado;;SI;NO;ECHEQ;NO;NO;C.I.;12:04:16;17:00:00;34;406;23,00;23,00;764;$;60.000.000,00;3;Negociada;14:10:41;FINT;;Fintech S.G.R.;AO;;;;;
1515420;03/08/2026;No Garantizado;SI;SI;NO;FCE;NO;NO;C.I.;12:05:03;17:00:00;37;406;25,00;25,00;569;$;183.523.587,30;3;Negociada;12:07:04;%INC;30-68731043-4;INC S. A.;;;;;;
1515421;03/08/2026;No Garantizado;SI;SI;NO;FCE;NO;NO;C.I.;12:05:11;17:00:00;49;406;25,00;25,00;569;$;87.382.539,90;7;Negociada;12:07:13;%INC;30-68731043-4;INC S. A.;;;;;;
1515422;03/08/2026;Avalado;;SI;NO;ECHEQ;NO;NO;24Hs.;12:05:14;17:00:00;21;;;20,00;20;$;185.009.183,25;2;Desierta;;FINT;;Fintech S.G.R.;AO;;;;;
1515423;03/08/2026;Avalado;;SI;NO;ECHEQ;SI;NO;C.I.;12:05:33;17:00:00;31;;;0,00;755;$;177.723.699,65;4;Desierta (Baja);;BIND;;Garantias Bind S.G.R.;NO;;;;;
1515424;03/08/2026;Avalado;;SI;NO;ECHEQ;NO;NO;24Hs.;12:06:00;17:00:00;8;;;0,00;483;$;204.785.660,20;2;Desierta (Baja);;BIND;;Garantias Bind S.G.R.;AO;;;;;
1515425;03/08/2026;Avalado;;SI;NO;ECHEQ;NO;NO;24Hs.;12:06:20;17:00:00;45;449;21,00;21,00;449;$;15.752.481,50;15;Negociada;12:41:02;ACPY;;Acindar Pymes S.G.R.;AO;;;;;
1515427;03/08/2026;Avalado;;SI;NO;ECHEQ;NO;NO;24Hs.;12:07:02;17:00:00;60;502;20,00;20,00;483;$;3.290.728,10;2;Negociada;13:13:03;ACPY;;Acindar Pymes S.G.R.;AO;;;;;
1515428;03/08/2026;Avalado;;SI;NO;ECHEQ;NO;NO;24Hs.;12:07:37;17:00:00;36;502;23,00;23,00;764;$;21.556.932,80;1;Negociada;12:09:39;TRND;;Trend S.G.R.;AO;;;;;
1515429;03/08/2026;No Garantizado;NO;SI;NO;ECHEQ;SI;NO;C.I.;12:08:36;17:00:00;41;572;27,00;27,00;572;$;13.900.000,00;2;Negociada;12:10:37;;27-25131225-2;SOLANA MARCELA ANDREA;NO;;;;;
1515430;03/08/2026;Avalado;;SI;NO;ECHEQ;NO;NO;24Hs.;12:08:45;17:00:00;168;;;0,00;537;$;57.500.000,00;2;Desierta (Baja);;AFBG;;AFB AVALES S.G.R;AO;;;;;
1515431;03/08/2026;No Garantizado;SI;SI;NO;ECHEQ;NO;NO;C.I.;12:08:51;17:00:00;35;569;34,00;34,00;569;$;400.000.000,00;1;Negociada;12:10:52;;30-64078319-9;ARGENSUN  SOCIEDAD ANONIMA;AO;30-64078319-9;ARGENSUN  SOCIEDAD ANONIMA;Certificado MiPyME;;
1515432;03/08/2026;No Garantizado;SI;SI;NO;PAGARE;NO;NO;C.I.;12:09:26;17:00:00;60;569;45,00;45,00;569;$;37.000.000,00;1;Negociada;12:11:28;;30-71854589-3;PROLEND;;30-71854589-3;PROLEND;Certificado MiPyME;;
1515433;03/08/2026;Avalado;;SI;NO;ECHEQ;SI;NO;24Hs.;12:10:43;17:00:00;93;;;;526;$;38.917.646,72;5;Desierta;;FIDE;;Fidem S.G.R.;NO;;;;;
1515434;03/08/2026;No Garantizado;SI;SI;NO;PAGARE;NO;NO;C.I.;12:11:35;17:00:00;30;569;10,00;10,00;569;DOL;215.880,00;1;Negociada;12:13:36;;30-64078319-9;ARGENSUN  SOCIEDAD ANONIMA;;30-64078319-9;ARGENSUN  SOCIEDAD ANONIMA;Certificado MiPyME;;
1515435;03/08/2026;No Garantizado;NO;SI;NO;ECHEQ;NO;NO;C.I.;12:12:10;17:00:00;31;754;25,00;25,00;754;$;494.537.363,85;11;Negociada;12:29:01;;30-68537634-9;TARJETA NARANJA S.A.U.;AO;;;;;
1515436;03/08/2026;No Garantizado;NO;SI;NO;ECHEQ;NO;NO;C.I.;12:12:39;17:00:00;79;401;30,00;30,00;401;$;50.000.000,00;1;Negociada;12:29:16;;30-70729176-8;BROADBANDTECH S.A.;AO;30-69007604-3;SION S. A.;;;
1515437;03/08/2026;No Garantizado;SI;SI;NO;ECHEQ;NO;NO;24Hs.;12:14:19;17:00:00;44;;;45,00;47;$;18.500.000,00;1;Desierta;;;20-27016275-5;GARRIDO GUSTAVO EDUARDO;AO;20-27016275-5;GARRIDO GUSTAVO EDUARDO;Certificado MiPyME;;
1515438;03/08/2026;No Garantizado Calificado;NO;SI;NO;ECHEQ;NO;NO;C.I.;12:14:21;17:00:00;94;537;43,00;43,00;537;$;1.500.000,00;1;Negociada;12:28:17;;20-25698888-8;VASQUETTO CARLOS ARIEL;AO;20-25698888-8;VASQUETTO CARLOS ARIEL;;;
1515439;03/08/2026;Garantizado;SI;SI;NO;ECHEQ;NO;NO;24Hs.;12:14:23;17:00:00;64;;;18,00;43;$;215.971.058,55;31;Desierta;;;;;AO;;;Certificado MiPyME;;
1515440;03/08/2026;No Garantizado;SI;SI;NO;ECHEQ;NO;NO;C.I.;12:14:34;17:00:00;22;718;32,00;32,00;718;$;24.454.671,50;10;Negociada;12:24:08;;30-71063766-7;DON VICENTE S.R.L.;AO;;;Certificado MiPyME;;
1515441;03/08/2026;Garantizado;SI;SI;NO;ECHEQ;NO;NO;24Hs.;12:14:40;17:00:00;72;;;18,00;43;$;305.250.186,60;48;Desierta;;;;;AO;;;Certificado MiPyME;;
1515442;03/08/2026;No Garantizado;SI;SI;NO;ECHEQ;NO;NO;C.I.;12:14:43;17:00:00;43;718;32,00;32,00;718;$;30.000.000,00;2;Negociada;12:24:20;;30-71621651-5;CARNES ARGENTINAS SRL;AO;30-71621651-5;CARNES ARGENTINAS SRL;Certificado MiPyME;;
1515443;03/08/2026;No Garantizado Calificado;NO;SI;NO;ECHEQ;NO;NO;C.I.;12:14:44;17:00:00;101;537;43,00;43,00;537;$;1.500.000,00;1;Negociada;12:28:33;;20-25698888-8;VASQUETTO CARLOS ARIEL;AO;20-25698888-8;VASQUETTO CARLOS ARIEL;;;
1515444;03/08/2026;No Garantizado;SI;SI;NO;ECHEQ;NO;NO;C.I.;12:14:53;17:00:00;16;718;31,00;31,00;718;$;3.006.250,00;1;Negociada;12:24:33;;30-70708958-6;NYNAGRO S.R.L.;AO;;;Certificado MiPyME;;
1515445;03/08/2026;Garantizado Calificado;SI;SI;NO;ECHEQ;NO;NO;24Hs.;12:14:53;17:00:00;60;;;18,00;43;$;33.000.000,00;12;Desierta;;;;;AO;;;Certificado MiPyME;;
1515446;03/08/2026;No Garantizado;SI;SI;NO;ECHEQ;NO;NO;C.I.;12:15:05;17:00:00;44;718;32,00;32,00;718;$;823.724,06;1;Negociada;12:24:51;;30-68537634-9;TARJETA NARANJA S.A.U.;AO;;;Certificado MiPyME;;
1515447;03/08/2026;No Garantizado Calificado;NO;SI;NO;ECHEQ;NO;NO;C.I.;12:15:05;17:00:00;108;537;43,00;43,00;537;$;1.500.000,00;1;Negociada;12:28:59;;20-25698888-8;VASQUETTO CARLOS ARIEL;AO;20-25698888-8;VASQUETTO CARLOS ARIEL;;;
1515448;03/08/2026;Garantizado Calificado;SI;SI;NO;ECHEQ;NO;NO;24Hs.;12:15:07;17:00:00;59;;;18,00;43;$;101.080.000,00;3;Desierta;;;;;AO;;;Certificado MiPyME;;
1515449;03/08/2026;No Garantizado;NO;SI;NO;ECHEQ;NO;NO;C.I.;12:16:56;17:00:00;30;545;42,00;42,00;545;$;4.283.570,17;1;Negociada;12:27:04;;30-71470161-0;AGS S.R.L.;AO;;;;;
1515450;03/08/2026;No Garantizado;NO;SI;NO;ECHEQ;NO;NO;C.I.;12:17:25;17:00:00;50;545;42,00;42,00;545;$;1.250.000,00;1;Negociada;12:26:44;;30-54621879-8;CLINICA PASTEUR SOCIEDAD ANONIMA S. A.;AO;;;;;
1515451;03/08/2026;No Garantizado;SI;SI;NO;ECHEQ;NO;NO;24Hs.;12:17:31;17:00:00;59;523;23,00;23,00;526;$;44.984.682,68;30;Negociada;12:19:53;;30-68537634-9;TARJETA NARANJA S.A.U.;AO;;;Certificado MiPyME;;
1515452;03/08/2026;No Garantizado Calificado;NO;SI;NO;PAGARE;NO;NO;C.I.;12:18:06;17:00:00;79;754;13,00;13,00;754;DOL;40.000,00;4;Negociada;12:20:08;;30-71500450-6;SUVERMAX S.A.;;30-71500450-6;SUVERMAX S.A.;;;
1515453;03/08/2026;No Garantizado Calificado;NO;SI;NO;ECHEQ;NO;NO;C.I.;12:18:10;17:00:00;30;545;42,00;42,00;545;$;3.399.308,95;1;Negociada;12:27:22;;30-71040539-1;KOMPASS SRL;AO;;;;;
1515454;03/08/2026;No Garantizado Calificado;NO;SI;NO;PAGARE;NO;NO;C.I.;12:18:28;17:00:00;78;754;45,00;45,00;754;$;40.000.000,00;4;Negociada;12:20:30;;30-71500450-6;SUVERMAX S.A.;;30-71500450-6;SUVERMAX S.A.;;;
1515455;03/08/2026;No Garantizado;NO;SI;NO;ECHEQ;NO;NO;C.I.;12:18:39;17:00:00;45;545;43,00;43,00;545;$;8.567.140,34;2;Negociada;12:27:54;;30-71470161-0;AGS S.R.L.;AO;;;;;
1515456;03/08/2026;No Garantizado Calificado;NO;SI;NO;PAGARE;NO;NO;C.I.;12:18:47;17:00:00;78;754;45,00;45,00;754;$;14.500.000,00;2;Negociada;12:20:48;;30-71500450-6;SUVERMAX S.A.;;30-71500450-6;SUVERMAX S.A.;;;
1515457;03/08/2026;Avalado;;SI;NO;ECHEQ;NO;NO;24Hs.;12:19:03;17:00:00;83;502;20,00;20,00;809;$;25.000.000,00;1;Negociada;12:21:04;BMAR;;BANCO MARIVA S.A.;AO;;;;;
1515458;03/08/2026;No Garantizado;NO;SI;NO;ECHEQ;NO;NO;C.I.;12:19:14;17:00:00;45;556;43,00;43,00;545;$;3.546.452,53;1;Negociada;14:20:20;;30-71605154-0;ECO BOX INT GROUP S.A.;AO;;;;;
1515459;03/08/2026;No Garantizado Calificado;NO;SI;NO;ECHEQ;NO;NO;C.I.;12:19:29;17:00:00;44;556;43,00;43,00;545;$;3.399.308,95;1;Negociada;14:20:26;;30-71040539-1;KOMPASS SRL;AO;;;;;
1515460;03/08/2026;Avalado;;SI;NO;ECHEQ;NO;NO;24Hs.;12:19:46;17:00:00;70;15;25,00;25,00;754;$;8.080.245,00;1;Negociada;13:16:36;AFBG;;AFB AVALES S.G.R;AO;;;;;
1515461;03/08/2026;Avalado;;SI;NO;ECHEQ;NO;NO;24Hs.;12:19:56;17:00:00;168;;;27,00;754;$;6.600.000,00;1;Desierta;;ACPY;;Acindar Pymes S.G.R.;AO;;;;;
1515462;03/08/2026;No Garantizado;SI;SI;NO;FCE;NO;NO;C.I.;12:20:03;17:00:00;16;791;21,00;21,00;791;$;21.200.044,48;1;Negociada;13:19:55;%PAE;30-69554247-6;PAN AMERICAN ENERGY, S.L., SUCURSAL ARGENTINA;;;;;;
1515463;03/08/2026;No Garantizado;SI;SI;NO;ECHEQ;NO;NO;C.I.;12:20:29;17:00:00;19;423;42,00;42,00;423;$;8.932.843,37;2;Negociada;12:22:31;;30-58156762-2;COCIVIAL S.A.;AO;20-94297952-6;AYALA SAMANIEGO JORGE;Certificado MiPyME;;
1515464;03/08/2026;No Garantizado;SI;SI;NO;FCE;NO;NO;C.I.;12:20:55;17:00:00;67;770;5,25;5,25;791;U$S;40.704,50;2;Negociada;15:15:11;%UYN;30-64632845-0;SYNGENTA AGRO SOCIEDAD ANONIMA;;;;;;
1515465;03/08/2026;Avalado;;SI;NO;ECHEQ;NO;NO;C.I.;12:21:25;17:00:00;65;501;21,50;21,50;755;$;3.300.000,00;1;Negociada;12:35:32;FGJY;;FOGAJUY;AO;;;;;
1515466;03/08/2026;Avalado;;SI;NO;ECHEQ;NO;NO;24Hs.;12:21:55;17:00:00;93;;;21,00;427;$;15.000.000,00;1;Desierta;;ACEN;;Avales del Centro S.G.R.;AO;;;;;
1515467;03/08/2026;No Garantizado;SI;SI;NO;ECHEQ;NO;NO;24Hs.;12:22:25;17:00:00;43;523;23,00;23,00;545;$;2.751.155,59;3;Negociada;12:24:27;;30-68537634-9;TARJETA NARANJA S.A.U.;AO;;;Certificado MiPyME;;
1515468;03/08/2026;No Garantizado;NO;SI;NO;ECHEQ;NO;NO;24Hs.;12:22:25;17:00:00;22;;;23,50;754;$;706.065.064,85;1;Desierta;;;30-63945373-8;TELECOM ARGENTINA SOCIEDAD ANONIMA;AO;;;;;
1515469;03/08/2026;No Garantizado;SI;SI;NO;FCE;NO;NO;C.I.;12:22:50;17:00:00;23;770;5,00;5,00;520;U$S;166.796,59;1;Negociada;15:15:37;%UVI;33-51595089-9;VISTA ENERGY ARGENTINA S.A.U;;;;;;
1515470;03/08/2026;No Garantizado;NO;SI;NO;ECHEQ;NO;NO;24Hs.;12:24:32;17:00:00;9;42;33,00;33,00;42;$;7.000.000,00;1;Negociada;13:45:48;;30-71062129-9;ZETATEC S.A;AO;;;;;
1515471;03/08/2026;No Garantizado;NO;SI;NO;ECHEQ;NO;NO;24Hs.;12:24:55;17:00:00;9;42;33,00;33,00;42;$;11.929.000,00;1;Negociada;13:45:34;;30-50103797-0;E GHERARDI E HIJOS SOCIEDAD ANONIMA;AO;;;;;
1515472;03/08/2026;No Garantizado;NO;SI;NO;ECHEQ;NO;NO;24Hs.;12:25:24;17:00:00;16;42;33,00;33,00;42;$;11.929.000,00;1;Negociada;13:45:15;;30-50103797-0;E GHERARDI E HIJOS SOCIEDAD ANONIMA;AO;;;;;
1515473;03/08/2026;No Garantizado;NO;SI;NO;ECHEQ;NO;NO;24Hs.;12:25:46;17:00:00;10;42;33,00;33,00;42;$;7.000.000,00;1;Negociada;13:46:00;;30-71062129-9;ZETATEC S.A;AO;;;;;
1515474;03/08/2026;No Garantizado;SI;SI;NO;FCE;NO;NO;24Hs.;12:26:08;17:00:00;58;572;25,00;25,00;427;$;6.347.265,84;1;Negociada;15:37:12;%BAG;30-70889578-0;BAGLEY ARGENTINA S. A.;;;;;;
1515475;03/08/2026;No Garantizado;NO;SI;NO;PAGARE AJUSTE TAMAR;NO;NO;C.I.;12:26:55;17:00:00;351;764;;;764;$;12.000.000,00;1;Negociada;12:28:57;;33-50157657-9;INSTITUTO BIOLOGICO CORDOBA SRL;;;;;92,03;92,03
1515476;03/08/2026;Avalado;;SI;NO;ECHEQ;NO;NO;C.I.;12:27:18;17:00:00;170;;;25,00;422;$;6.000.000,00;2;Desierta;;CMFI;;BANCO COMAFI S.A.;AO;;;;;
1515477;03/08/2026;Avalado;;SI;NO;ECHEQ;NO;NO;C.I.;12:27:33;17:00:00;20;;;0,00;422;$;602.597.110,13;6;Desierta (Baja);;CMFI;;BANCO COMAFI S.A.;AO;;;;;
1515478;03/08/2026;Avalado;;SI;NO;ECHEQ;NO;NO;C.I.;12:28:18;17:00:00;17;;;0,00;422;$;23.671.791,36;3;Desierta (Baja);;CMFI;;BANCO COMAFI S.A.;AO;;;;;
1515479;03/08/2026;No Garantizado;SI;SI;NO;ECHEQ;NO;NO;C.I.;12:29:02;17:00:00;36;569;25,00;25,00;569;$;82.329.045,59;1;Negociada;12:40:03;;30-58962149-9;SUPERMERCADOS MAYORISTAS MAKRO S. A.;AO;;;MiPyME FCE - Art. 7 Ley 27.440, Res. SEPYME 340/17, Art. 2 RG 4367/18 y RG 1019/24;;
1515480;03/08/2026;No Garantizado;SI;SI;NO;ECHEQ;NO;NO;C.I.;12:29:28;17:00:00;49;569;24,00;24,00;569;$;278.914.352,35;7;Negociada;12:40:34;;30-68584975-1;DIA ARGENTINA S A;AO;;;MiPyME FCE - Art. 7 Ley 27.440, Res. SEPYME 340/17, Art. 2 RG 4367/18 y RG 1019/24;;
1515481;03/08/2026;No Garantizado;SI;SI;NO;ECHEQ;NO;NO;C.I.;12:29:40;17:00:00;42;569;24,00;24,00;569;$;137.507.196,53;1;Negociada;12:40:46;;30-67813830-0;DORINKA S.R.L.;AO;;;MiPyME FCE - Art. 7 Ley 27.440, Res. SEPYME 340/17, Art. 2 RG 4367/18 y RG 1019/24;;
1515482;03/08/2026;No Garantizado;SI;SI;NO;ECHEQ;NO;NO;C.I.;12:29:51;17:00:00;38;569;25,00;25,00;569;$;38.078.923,22;1;Negociada;12:39:47;;30-50673003-8;S A IMPORTADORA Y EXPORTADORA DE LA PATAGONIA;AO;;;MiPyME FCE - Art. 7 Ley 27.440, Res. SEPYME 340/17, Art. 2 RG 4367/18 y RG 1019/24;;
1515483;03/08/2026;No Garantizado;NO;SI;NO;PAGARE AJUSTE TAMAR;NO;NO;C.I.;12:30:17;17:00:00;331;764;;;764;$;7.500.000,00;1;Negociada;12:32:18;;33-50157657-9;INSTITUTO BIOLOGICO CORDOBA SRL;;;;;92,43;92,43
1515484;03/08/2026;No Garantizado;NO;SI;NO;ECHEQ;NO;NO;24Hs.;12:30:41;17:00:00;141;;;36,00;47;$;24.500.000,00;4;Desierta;;;30-52036974-7;CASA BERGMAN SOCIEDAD ANONIMA;AO;30-71436784-2;MICROFIBRA S.A.;;;
1515485;03/08/2026;No Garantizado;NO;SI;NO;PAGARE AJUSTE TAMAR;NO;NO;C.I.;12:30:58;17:00:00;317;764;;;764;$;12.000.000,00;1;Negociada;12:33:00;;33-50157657-9;INSTITUTO BIOLOGICO CORDOBA SRL;;;;;92,73;92,73
1515486;03/08/2026;No Garantizado;NO;SI;NO;PAGARE AJUSTE TAMAR;NO;NO;C.I.;12:31:32;17:00:00;297;764;;;764;$;11.000.000,00;1;Negociada;12:33:33;;33-50157657-9;INSTITUTO BIOLOGICO CORDOBA SRL;;;;;93,16;93,16
1515487;03/08/2026;No Garantizado;NO;SI;NO;ECHEQ;NO;NO;24Hs.;12:31:35;17:00:00;85;;;40,00;687;$;50.000.000,00;1;Desierta;;;30-71429144-7;INPROAL S.R.L.;AO;30-71429144-7;INPROAL S.R.L.;;;
1515488;03/08/2026;No Garantizado;NO;SI;NO;ECHEQ;NO;NO;24Hs.;12:31:50;17:00:00;85;;;40,00;687;$;50.000.000,00;1;Desierta;;;30-71429144-7;INPROAL S.R.L.;AO;30-71429144-7;INPROAL S.R.L.;;;
1515489;03/08/2026;Avalado;;SI;NO;ECHEQ;NO;NO;24Hs.;12:32:49;17:00:00;245;;;24,00;716;$;11.000.000,00;1;Desierta;;ACPY;;Acindar Pymes S.G.R.;AO;;;;;
1515490;03/08/2026;No Garantizado;NO;SI;NO;ECHEQ;NO;NO;24Hs.;12:32:51;17:00:00;56;;;40,00;591;$;2.000.000,00;1;Desierta;;;20-38396539-0;CIAVONE FERNANDO NICOLAS;AO;20-38396539-0;CIAVONE FERNANDO NICOLAS;;;
1515491;03/08/2026;No Garantizado;NO;SI;NO;ECHEQ;NO;NO;24Hs.;12:33:00;17:00:00;23;;;40,00;591;$;3.000.000,00;1;Desierta;;;20-38396539-0;CIAVONE FERNANDO NICOLAS;AO;20-38396539-0;CIAVONE FERNANDO NICOLAS;;;
1515492;03/08/2026;No Garantizado;NO;SI;NO;PAGARE AJUSTE TAMAR;NO;NO;C.I.;12:33:03;17:00:00;108;764;;;764;$;7.000.000,00;1;Negociada;12:35:04;;33-50157657-9;INSTITUTO BIOLOGICO CORDOBA SRL;;;;;97,38;97,38
1515493;03/08/2026;Avalado;;SI;NO;ECHEQ;NO;NO;24Hs.;12:33:05;17:00:00;211;;;24,00;716;$;11.000.000,00;1;Desierta;;ACPY;;Acindar Pymes S.G.R.;AO;;;;;
1515494;03/08/2026;Avalado;;SI;NO;ECHEQ;NO;NO;24Hs.;12:33:17;17:00:00;183;;;24,00;716;$;11.000.000,00;1;Desierta;;ACPY;;Acindar Pymes S.G.R.;AO;;;;;
1515495;03/08/2026;No Garantizado;NO;SI;NO;ECHEQ;NO;NO;24Hs.;12:33:30;17:00:00;59;539;29,00;29,00;539;$;6.800.000,00;2;Negociada;12:36:00;;30-70731790-2;PRO NOVELTIES S. A.;AO;;;;;
1515496;03/08/2026;No Garantizado;NO;SI;NO;ECHEQ;NO;NO;24Hs.;12:33:44;17:00:00;41;539;29,00;29,00;539;$;9.293.216,00;1;Negociada;12:35:46;;30-57186728-8;SINDICATO REGIONAL DE LUZ Y FUERZA DE   LA PATAGONIA;AO;;;;;
1515497;03/08/2026;No Garantizado;NO;SI;NO;ECHEQ;NO;NO;24Hs.;12:34:01;17:00:00;62;539;29,00;29,00;539;$;3.816.960,00;1;Negociada;12:36:02;;30-57456436-7;KLONAL S R L;AO;;;;;
1515498;03/08/2026;No Garantizado;NO;SI;NO;ECHEQ;SI;NO;24Hs.;12:34:16;17:00:00;54;539;29,00;29,00;539;$;1.830.154,16;2;Negociada;12:36:17;;33-70816414-9;LUMARLE SA;NO;;;;;
1515499;03/08/2026;Avalado;;SI;NO;PAGARE;NO;NO;C.I.;12:34:28;17:00:00;366;716;7,00;7,00;716;U$S;17.900,00;1;Negociada;12:42:09;AFFI;;Affidavit S.G.R.;;;;;;
1515500;03/08/2026;Avalado;;SI;NO;ECHEQ;NO;NO;24Hs.;12:34:50;17:00:00;50;502;19,00;19,00;720;$;18.593.013,03;26;Negociada;12:36:51;BAIN;;BANCO INDUSTRIAL SA;AO;;;;;
1515501;03/08/2026;Avalado;;SI;NO;ECHEQ;SI;NO;C.I.;12:35:53;17:00:00;172;501;22,00;22,00;545;$;3.300.000,00;1;Negociada;12:37:54;FGLR;;Fdo.de Gtia.Pub. La Rioja;NO;;;;;
1515502;03/08/2026;No Garantizado;NO;SI;NO;ECHEQ;NO;NO;24Hs.;12:36:10;17:00:00;29;539;29,00;29,00;539;$;2.154.600,00;1;Negociada;12:38:12;;30-62588522-8;ADISOL SAIC;AO;;;;;
1515503;03/08/2026;No Garantizado;NO;SI;NO;ECHEQ;NO;NO;24Hs.;12:36:59;17:00:00;71;539;29,00;29,00;539;$;6.901.256,50;2;Negociada;12:39:01;;33-61069390-9;ICE CREAM S R L;AO;30-60102919-3;GESTISUR COOPERATIVA DE CREDITO Y VIVIENDA LIMITADA;;;
1515504;03/08/2026;No Garantizado;NO;SI;NO;ECHEQ;NO;NO;24Hs.;12:38:56;17:00:00;70;539;29,00;29,00;539;$;7.443.116,21;15;Negociada;12:40:58;;30-71145438-8;LIPROT S.R.L.;AO;30-60102919-3;GESTISUR COOPERATIVA DE CREDITO Y VIVIENDA LIMITADA;;;
1515505;03/08/2026;No Garantizado;NO;SI;NO;ECHEQ;NO;NO;24Hs.;12:39:32;17:00:00;37;539;29,00;29,00;539;$;4.408.720,30;1;Negociada;12:41:33;;30-71810413-7;PRO BISCUIT S.A. S. A.;AO;30-60102919-3;GESTISUR COOPERATIVA DE CREDITO Y VIVIENDA LIMITADA;;;
1515506;03/08/2026;No Garantizado;NO;SI;NO;ECHEQ;NO;NO;24Hs.;12:39:53;17:00:00;48;539;29,00;29,00;539;$;2.722.500,00;1;Negociada;12:41:55;;33-71594410-9;GIO CHOCOLATES SRL;AO;30-60102919-3;GESTISUR COOPERATIVA DE CREDITO Y VIVIENDA LIMITADA;;;
1515507;03/08/2026;No Garantizado;SI;SI;NO;FCE;NO;NO;24Hs.;12:39:56;17:00:00;27;572;25,00;25,00;793;$;18.224.409,67;1;Negociada;14:01:33;%YAC;30-63679858-0;YACIMIENTO LINDERO ATRAVESADO;;;;;;
1515508;03/08/2026;No Garantizado Calificado;NO;SI;NO;PAGARE;NO;NO;C.I.;12:42:57;17:00:00;79;754;13,00;13,00;754;DOL;10.000,00;1;Negociada;12:44:58;;30-71500450-6;SUVERMAX S.A.;;30-71500450-6;SUVERMAX S.A.;;;
1515509;03/08/2026;No Garantizado Calificado;NO;SI;NO;PAGARE;NO;NO;C.I.;12:43:17;17:00:00;78;754;45,00;45,00;754;$;10.000.000,00;1;Negociada;12:45:19;;30-71500450-6;SUVERMAX S.A.;;30-71500450-6;SUVERMAX S.A.;;;
1515510;03/08/2026;Avalado;;SI;NO;ECHEQ;NO;NO;C.I.;12:43:47;17:00:00;52;;;;507;$;90.000.000,00;1;Desierta (Baja);;ACPY;;Acindar Pymes S.G.R.;AO;;;;;
1515511;03/08/2026;No Garantizado;SI;SI;NO;ECHEQ;NO;NO;C.I.;12:44:36;17:00:00;30;449;38,50;39,00;423;$;10.163.792,22;2;Negociada;12:46:37;;30-71478860-0;NUTRILL S.A.;AO;30-71494675-3;ORTOPEDIA PIERO S.R.L.;Certificado MiPyME;;
1515512;03/08/2026;No Garantizado;NO;SI;NO;PAGARE;NO;NO;C.I.;12:46:06;17:00:00;93;687;35,00;35,00;687;$;72.815.210,00;1;Negociada;12:48:08;;33-71811390-9;SG REPRESENTACIONES S. R. L.;;33-71811390-9;SG REPRESENTACIONES S. R. L.;;;
1515513;03/08/2026;No Garantizado Calificado;NO;SI;NO;PAGARE;NO;NO;C.I.;12:46:25;17:00:00;50;545;60,00;60,00;545;$;20.000.000,00;2;Negociada;12:49:22;;30-71682909-6;FULLCREDIT S.A.;;30-71682909-6;FULLCREDIT S.A.;;;
1515514;03/08/2026;No Garantizado;NO;SI;NO;ECHEQ;SI;NO;C.I.;12:46:50;17:00:00;43;545;48,00;48,00;545;$;55.620.000,00;8;Negociada;12:49:09;;30-71007968-0;BE ENTERPRISES S.A.;NO;30-71007968-0;BE ENTERPRISES S.A.;;;
1515515;03/08/2026;No Garantizado;SI;SI;NO;FCE;NO;NO;C.I.;12:47:02;17:00:00;16;572;25,00;25,00;11;$;51.855.570,00;1;Negociada;14:25:02;%PPB;30-56025419-5;PBBPOLISUR SOCIEDAD DE RESPONSABILIDAD LIMITADA;;;;;;
1515516;03/08/2026;No Garantizado;NO;SI;NO;ECHEQ;NO;NO;C.I.;12:47:25;17:00:00;135;433;49,00;49,00;433;$;17.000.000,00;1;Negociada;12:49:26;;30-71555551-0;DGL CONSULTORA S.R.L.;AO;30-71555551-0;DGL CONSULTORA S.R.L.;;;
1515517;03/08/2026;No Garantizado;SI;SI;NO;ECHEQ;NO;NO;24Hs.;12:47:31;17:00:00;20;;;20,00;502;$;790.561.635,83;1;Desierta;;;30-69554247-6;PAN AMERICAN ENERGY, S.L., SUCURSAL ARGENTINA;AO;;;Certificado MiPyME;;
1515518;03/08/2026;No Garantizado;NO;SI;NO;ECHEQ;NO;NO;C.I.;12:48:04;17:00:00;46;427;34,00;34,00;427;$;48.000.000,00;6;Negociada;12:50:06;;30-64806084-6;NOAL S A;AO;;;;;
1515519;03/08/2026;Garantizado;NO;SI;NO;ECHEQ;NO;NO;24Hs.;12:48:43;17:00:00;79;;;25,00;565;$;50.000.000,00;1;Desierta;;;;;AO;;;;;
1515520;03/08/2026;Avalado;;SI;NO;ECHEQ;NO;NO;24Hs.;12:48:48;17:00:00;36;523;21,55;21,55;539;$;14.356.534,00;9;Negociada;13:16:24;BIND;;Garantias Bind S.G.R.;AO;;;;;
1515521;03/08/2026;Avalado;;SI;NO;ECHEQ;NO;NO;24Hs.;12:50:29;17:00:00;41;502;21,00;21,00;545;$;20.000.000,00;1;Negociada;13:12:19;CAMP;;Campo Aval S.G.R.;AO;;;;;
1515522;03/08/2026;No Garantizado;NO;SI;NO;ECHEQ;NO;NO;C.I.;12:50:34;17:00:00;36;767;25,00;25,00;767;$;10.007.569,00;1;Negociada;12:52:36;;30-61608546-4;GALILEO TECHNOLOGIES S. A.;AO;;;;;
1515523;03/08/2026;No Garantizado;NO;SI;NO;ECHEQ;NO;NO;C.I.;12:50:58;17:00:00;44;;;0,00;465;$;20.000.000,00;2;Desierta (Baja);;;30-71667013-5;MBC FERIAS S.A.S.;AO;20-26313386-3;ZABLOSKY TOMAS IGNACIO;;;
1515524;03/08/2026;No Garantizado;NO;SI;NO;ECHEQ;NO;NO;C.I.;12:51:03;17:00:00;9;767;24,00;24,00;767;$;7.967.306,64;1;Negociada;13:37:43;;30-63945373-8;TELECOM ARGENTINA SOCIEDAD ANONIMA;AO;30-71530138-1;HAGAMA S.R.L.;;;
1515525;03/08/2026;No Garantizado Calificado;SI;SI;NO;ECHEQ;NO;NO;C.I.;12:51:09;17:00:00;52;486;50,00;50,00;486;$;23.700.000,00;1;Negociada;12:58:14;;33-71922926-9;HIGHEST SOLUTIONS S. R. L.;AO;33-71922926-9;HIGHEST SOLUTIONS S. R. L.;Certificado MiPyME;;
1515526;03/08/2026;Avalado;;SI;NO;ECHEQ;SI;NO;24Hs.;12:51:17;17:00:00;129;507;23,00;23,00;764;$;5.000.000,00;1;Negociada;14:50:11;FINT;;Fintech S.G.R.;NO;;;;;
1515527;03/08/2026;Avalado;;SI;NO;ECHEQ;NO;NO;C.I.;12:51:19;17:00:00;69;;;0,00;755;$;282.376.000,00;2;Desierta (Baja);;CREC;;Crecer S.G.R.;AO;;;;;
1515528;03/08/2026;No Garantizado Calificado;NO;SI;NO;ECHEQ;NO;NO;C.I.;12:51:19;17:00:00;66;572;27,00;27,00;572;$;54.000.000,00;16;Negociada;12:53:20;;30-71736060-1;ATLANTIDA MEDIOS Y ENTRETENIMIENTO S. A.;AO;30-71736060-1;ATLANTIDA MEDIOS Y ENTRETENIMIENTO S. A.;;;
1515529;03/08/2026;No Garantizado;NO;SI;NO;ECHEQ;SI;NO;C.I.;12:51:33;17:00:00;29;;;48,00;767;$;2.500.000,00;1;Desierta;;;30-71708219-9;CTA S.A.S;NO;30-71708219-9;CTA S.A.S;;;
1515530;03/08/2026;No Garantizado;SI;SI;NO;ECHEQ;NO;NO;C.I.;12:51:43;17:00:00;31;785;32,00;32,00;785;$;91.080.608,06;1;Negociada;12:54:13;;30-69354380-7;RIBEIRO S R L;AO;;;Certificado MiPyME;;
1515531;03/08/2026;Garantizado;SI;SI;NO;ECHEQ;NO;NO;24Hs.;12:51:51;17:00:00;22;;;22,00;598;$;172.865.037,93;8;Desierta;;;;;AO;;;Certificado MiPyME;;
1515532;03/08/2026;Garantizado;SI;SI;NO;ECHEQ;NO;NO;24Hs.;12:52:03;17:00:00;16;406;21,00;21,00;598;$;110.746.560,39;11;Negociada;12:54:05;;;;AO;;;Certificado MiPyME;;
1515533;03/08/2026;Avalado;;SI;NO;ECHEQ;NO;NO;C.I.;12:52:21;17:00:00;107;422;22,00;22,00;422;$;5.000.000,00;1;Negociada;14:50:11;CMFI;;BANCO COMAFI S.A.;AO;;;;;
1515534;03/08/2026;Avalado;;SI;NO;ECHEQ;NO;NO;24Hs.;12:52:26;17:00:00;98;558;27,00;27,00;405;$;50.000.000,00;2;Negociada;16:09:11;CONV;;CONAVAL S.G.R.;AO;;;;;
1515535;03/08/2026;Avalado;;SI;NO;ECHEQ;NO;NO;24Hs.;12:52:35;17:00:00;83;422;22,00;22,00;422;$;7.500.007,00;2;Negociada;14:50:47;CMFI;;BANCO COMAFI S.A.;AO;;;;;
1515536;03/08/2026;Avalado;;SI;NO;ECHEQ;NO;NO;24Hs.;12:52:39;17:00:00;103;558;28,00;28,00;405;$;50.000.000,00;2;Negociada;16:18:13;CONV;;CONAVAL S.G.R.;AO;;;;;
1515537;03/08/2026;No Garantizado;NO;SI;NO;ECHEQ;NO;NO;C.I.;12:52:46;17:00:00;44;465;32,00;32,00;465;$;10.000.000,00;1;Negociada;13:15:17;;30-71667013-5;MBC FERIAS S.A.S.;AO;30-71901606-1;CHAÑARES DEL CERCADO S.A.S.;;;
1515538;03/08/2026;Avalado;;SI;NO;ECHEQ;NO;NO;24Hs.;12:52:47;17:00:00;52;422;20,00;20,00;422;$;13.523.847,00;1;Negociada;14:51:11;CMFI;;BANCO COMAFI S.A.;AO;;;;;
1515539;03/08/2026;Avalado;;SI;NO;ECHEQ;NO;NO;24Hs.;12:52:54;17:00:00;105;558;28,00;28,00;405;$;25.000.000,00;1;Negociada;16:18:21;CONV;;CONAVAL S.G.R.;AO;;;;;
1515540;03/08/2026;Avalado;;SI;NO;ECHEQ;NO;NO;C.I.;12:52:57;17:00:00;80;422;21,00;21,00;422;$;50.000.000,00;3;Negociada;14:51:42;CMFI;;BANCO COMAFI S.A.;AO;;;;;
1515541;03/08/2026;Avalado;;SI;NO;ECHEQ;NO;NO;24Hs.;12:53:06;17:00:00;98;567;20,99;23,00;405;$;50.000.000,00;2;Negociada;12:55:08;FINT;;Fintech S.G.R.;AO;;;;;
1515542;03/08/2026;Avalado;;SI;NO;ECHEQ;NO;NO;24Hs.;12:53:08;17:00:00;17;;;20,00;422;$;40.018.779,99;7;Desierta;;CMFI;;BANCO COMAFI S.A.;AO;;;;;
1515543;03/08/2026;Avalado;;SI;NO;ECHEQ;NO;NO;24Hs.;12:53:17;17:00:00;97;567;23,00;23,00;405;$;25.000.000,00;1;Negociada;12:55:18;FINT;;Fintech S.G.R.;AO;;;;;
1515544;03/08/2026;Avalado;;SI;NO;ECHEQ;NO;NO;24Hs.;12:53:32;17:00:00;211;501;25,00;25,00;716;$;30.000.000,00;1;Negociada;15:11:13;FOGA;;Fdo. de Gtias. del Chaco;AO;;;;;
1515545;03/08/2026;No Garantizado;SI;SI;NO;FCE;NO;NO;C.I.;12:53:55;17:00:00;42;791;23,40;23,40;791;$;98.806.779,18;1;Negociada;13:24:07;%YAC;30-63679858-0;YACIMIENTO LINDERO ATRAVESADO;;;;;;
1515546;03/08/2026;No Garantizado;NO;SI;NO;ECHEQ;NO;NO;C.I.;12:53:59;17:00:00;9;545;22,73;22,73;545;$;6.840.374.682,82;2;Negociada;12:56:12;;30-71723549-1;DLOCAL SERVICES ARG S. A.;AO;30-71723549-1;DLOCAL SERVICES ARG S. A.;;;
1515547;03/08/2026;No Garantizado;NO;SI;NO;ECHEQ;NO;NO;C.I.;12:54:00;17:00:00;44;465;30,00;30,00;465;$;10.000.000,00;1;Negociada;12:56:02;;30-71667013-5;MBC FERIAS S.A.S.;AO;20-26313386-3;ZABLOSKY TOMAS IGNACIO;;;
1515548;03/08/2026;No Garantizado;NO;SI;NO;ECHEQ;NO;NO;C.I.;12:54:05;17:00:00;80;571;38,00;38,00;571;$;10.000.000,00;10;Negociada;12:56:06;;20-29974142-8;MARTINEZ JUAN ALBERTO BENJAMIN;AO;30-70958525-4;LUSTRAMAX SRL;;;
1515549;03/08/2026;No Garantizado;NO;SI;NO;ECHEQ;NO;NO;C.I.;12:54:15;17:00:00;49;545;60,00;60,00;545;$;114.000.000,00;2;Negociada;12:57:09;;30-71603945-1;DIGIPAGOS SRL;AO;30-71603945-1;DIGIPAGOS SRL;;;
1515550;03/08/2026;Avalado;;SI;NO;CPD;NO;NO;C.I.;12:54:17;17:00:00;109;;;0,00;868;$;2.000.000.000,00;1;Desierta (Baja);;POTE;;Potenciar S.G.R.;;;;;;
1515551;03/08/2026;No Garantizado;SI;SI;NO;FCE;NO;NO;C.I.;12:54:45;17:00:00;57;791;20,00;20,00;791;$;95.062.721,55;1;Negociada;12:56:47;%VII;33-51595089-9;VISTA ENERGY ARGENTINA S.A.U;;;;;;
1515552;03/08/2026;No Garantizado;NO;SI;NO;ECHEQ;NO;NO;C.I.;12:54:46;17:00:00;44;465;32,00;32,00;465;$;10.000.000,00;1;Negociada;13:14:38;;30-71667013-5;MBC FERIAS S.A.S.;AO;20-26313386-3;ZABLOSKY TOMAS IGNACIO;;;
1515553;03/08/2026;No Garantizado;NO;SI;NO;ECHEQ;NO;NO;C.I.;12:54:59;17:00:00;41;841;33,50;35,00;465;$;40.000.000,00;4;Negociada;12:57:41;;30-51613945-1;GEORGALOS HNOS S.A.I.C.A.;AO;20-27124448-8;CHACON JAVIER ENRIQUE;;;
1515554;03/08/2026;Avalado;;SI;NO;ECHEQ;NO;NO;24Hs.;12:55:16;17:00:00;63;442;24,00;24,00;442;$;2.250.000,00;1;Negociada;16:21:32;AVAL;;Avaluar S.G.R.;AO;;;;;
1515555;03/08/2026;No Garantizado;SI;SI;NO;ECHEQ;SI;NO;C.I.;12:55:27;17:00:00;9;572;24,00;24,00;559;$;91.515.270,00;2;Negociada;12:57:29;;30-54808315-6;COTO CENTRO INTEGRAL DE COMERCIALIZACION SOCIEDAD ANONIMA;NO;;;Certificado MiPyME;;
1515556;03/08/2026;No Garantizado;NO;SI;NO;ECHEQ;NO;NO;C.I.;12:55:34;17:00:00;63;571;38,00;38,00;571;$;4.005.421,84;4;Negociada;12:57:35;;30-71642278-6;SANDYPACK S.R.L.;AO;30-70958525-4;LUSTRAMAX SRL;;;
1515557;03/08/2026;No Garantizado;SI;SI;NO;ECHEQ;NO;NO;24Hs.;12:56:10;17:00:00;79;523;24,00;24,00;559;$;13.088.466,06;15;Negociada;12:58:12;;30-68537634-9;TARJETA NARANJA S.A.U.;AO;;;Certificado MiPyME;;
1515558;03/08/2026;No Garantizado;NO;SI;NO;ECHEQ;NO;NO;C.I.;12:56:35;17:00:00;92;571;38,00;38,00;571;$;14.011.650,00;1;Negociada;12:58:36;;30-71815356-1;BUENOS AIRES SUPPLY MG S.R.L.;AO;30-70958525-4;LUSTRAMAX SRL;;;
1515559;03/08/2026;Avalado;;SI;NO;ECHEQ;NO;NO;24Hs.;12:56:47;17:00:00;134;406;23,00;23,00;767;$;25.000.000,00;5;Negociada;12:58:48;CAMP;;Campo Aval S.G.R.;AO;;;;;
1515560;03/08/2026;Avalado;;SI;NO;ECHEQ;NO;NO;24Hs.;12:57:01;17:00:00;29;;;0,00;770;$;40.669.149,47;24;Desierta (Baja);;ACPY;;Acindar Pymes S.G.R.;AO;;;;;
1515561;03/08/2026;Garantizado;NO;SI;NO;ECHEQ;NO;NO;24Hs.;12:57:30;17:00:00;90;523;26,25;26,25;559;$;300.000.000,00;1;Negociada;14:13:41;;;;AO;;;;;
1515562;03/08/2026;Garantizado;NO;SI;NO;ECHEQ;NO;NO;24Hs.;12:57:45;17:00:00;78;523;25,50;25,50;559;$;300.000.000,00;1;Negociada;12:59:46;;;;AO;;;;;
1515563;03/08/2026;Garantizado;NO;SI;NO;ECHEQ;NO;NO;24Hs.;12:58:03;17:00:00;71;523;25,50;25,50;559;$;300.000.000,00;1;Negociada;13:00:04;;;;AO;;;;;
1515564;03/08/2026;No Garantizado;NO;SI;NO;PAGARE;NO;NO;24Hs.;12:58:19;17:00:00;63;755;28,50;28,50;755;$;3.000.000.000,00;1;Negociada;13:01:13;;30-57803607-1;MIRGOR SA C I F I A;;30-57803607-1;MIRGOR SA C I F I A;;;
1515565;03/08/2026;Garantizado;NO;SI;NO;ECHEQ;NO;NO;24Hs.;12:58:20;17:00:00;99;523;26,25;26,25;559;$;300.000.000,00;1;Negociada;14:14:00;;;;AO;;;;;
1515566;03/08/2026;Avalado;;SI;NO;ECHEQ;NO;NO;C.I.;12:58:35;17:00:00;15;442;23,50;23,50;442;$;22.650.000,00;1;Negociada;13:00:36;AVAL;;Avaluar S.G.R.;AO;;;;;
1515567;03/08/2026;Garantizado;SI;SI;NO;ECHEQ;NO;NO;24Hs.;12:58:56;17:00:00;36;;;21,00;595;$;5.578.445,12;6;Desierta;;;;;AO;;;Certificado MiPyME;;
1515568;03/08/2026;Garantizado Calificado;SI;SI;NO;ECHEQ;NO;NO;24Hs.;12:59:11;17:00:00;30;;;21,00;595;$;5.547.508,08;8;Desierta;;;;;AO;;;Certificado MiPyME;;
1515569;03/08/2026;Avalado;;SI;NO;ECHEQ;NO;NO;C.I.;12:59:30;17:00:00;84;431;26,40;26,50;543;$;2.000.000,00;1;Negociada;13:41:09;RIGA;;RIG Avales S.G.R.;AO;;;;;
1515570;03/08/2026;Avalado;;SI;NO;ECHEQ;NO;NO;24Hs.;12:59:43;17:00:00;65;;;24,00;434;$;150.000.000,00;6;Desierta;;FIDU;;Fid Aval S.G.R.;AO;;;;;
1515571;03/08/2026;Avalado;;SI;NO;ECHEQ;NO;NO;24Hs.;12:59:44;17:00:00;41;;;26,00;543;$;1.500.000,00;1;Desierta;;RIGA;;RIG Avales S.G.R.;AO;;;;;
1515572;03/08/2026;Avalado;;SI;NO;ECHEQ;NO;NO;24Hs.;13:00:31;17:00:00;62;727;20,50;20,50;526;$;159.635.637,87;6;Negociada;15:02:42;BIND;;Garantias Bind S.G.R.;AO;;;;;
1515573;03/08/2026;Avalado;;SI;NO;ECHEQ;NO;NO;C.I.;13:00:56;17:00:00;18;;;0,00;526;$;485.908.483,86;5;Desierta (Baja);;POTE;;Potenciar S.G.R.;AO;;;;;
1515574;03/08/2026;Avalado;;SI;NO;ECHEQ;NO;NO;C.I.;13:01:07;17:00:00;87;501;21,50;21,50;11;$;21.768.646,45;1;Negociada;13:20:50;FAEC;;FIDEICOM.DE AFECT. ESPEC.;AO;;;;;
1515575;03/08/2026;No Garantizado;NO;SI;NO;ECHEQ;NO;NO;C.I.;13:01:26;17:00:00;90;537;40,00;40,00;537;$;5.384.824,44;2;Negociada;13:08:08;;30-58039007-9;INSTITUTO PRIVADO DE UROLOGIA Y NEFROLOGIA RIO CUARTO S R L;AO;30-71681838-8;ROCHESTER S.A.;;;
1515576;03/08/2026;No Garantizado;NO;SI;NO;ECHEQ;NO;NO;C.I.;13:02:15;17:00:00;31;15;33,00;33,00;15;$;3.291.611,40;1;Negociada;13:04:17;;30-65200694-5;SUFARMA RED PROFESIONAL SA;AO;;;;;
1515577;03/08/2026;Avalado;;SI;NO;PAGARE;NO;NO;24Hs.;13:02:28;17:00:00;198;406;7,00;7,00;406;U$S;63.666,00;4;Negociada;13:13:21;ARPY;;Argenpymes S.G.R.;;;;;;
1515578;03/08/2026;No Garantizado Calificado;NO;NO;NO;PAGARE;NO;NO;C.I.;13:02:54;17:00:00;177;47;39,00;39,00;47;$;81.400.000,00;1;Negociada;13:06:02;;30-71578674-1;BERLIN  HOUSES S. A.;;;;;;
1515579;03/08/2026;Avalado;;SI;NO;ECHEQ;NO;NO;C.I.;13:03:02;17:00:00;43;501;20,00;20,00;716;$;7.500.000,00;1;Negociada;13:50:06;FGCT;;Fondo de Garantia Catamarca SAPEM;AO;;;;;
1515580;03/08/2026;Avalado;;SI;NO;ECHEQ;NO;NO;24Hs.;13:03:31;17:00:00;106;;;15,00;406;$;100.000.000,00;3;Desierta;;UNIO;;Union S.G.R.;AO;;;;;
1515581;03/08/2026;No Garantizado;NO;SI;NO;ECHEQ;NO;NO;C.I.;13:03:37;17:00:00;122;537;40,00;40,00;537;$;24.800.000,00;8;Negociada;13:08:25;;30-71697207-7;BAQUET S.A.;AO;30-71681838-8;ROCHESTER S.A.;;;
1515582;03/08/2026;Avalado;;SI;NO;ECHEQ;NO;NO;24Hs.;13:03:46;17:00:00;66;501;21,50;21,50;545;$;5.000.000,00;1;Negociada;13:16:38;FGLR;;Fdo.de Gtia.Pub. La Rioja;AO;;;;;
1515583;03/08/2026;No Garantizado;NO;SI;NO;ECHEQ;NO;NO;C.I.;13:04:08;17:00:00;25;537;40,00;40,00;537;$;1.193.519,80;2;Negociada;13:08:45;;33-71108453-9;INSTITUTO MEDICO DE SALUD INTEGRAL S.A;AO;30-71681838-8;ROCHESTER S.A.;;;
1515584;03/08/2026;No Garantizado;NO;SI;NO;ECHEQ;NO;NO;C.I.;13:04:25;17:00:00;164;537;40,00;40,00;537;$;1.000.000,00;2;Negociada;13:09:03;;33-71671633-9;DYM DISTRIBUIDORA S.A.S.;AO;30-71681838-8;ROCHESTER S.A.;;;
1515585;03/08/2026;Avalado;;SI;NO;ECHEQ;NO;NO;24Hs.;13:04:27;17:00:00;168;501;22,00;22,00;545;$;1.500.000,00;1;Negociada;13:14:56;FGLR;;Fdo.de Gtia.Pub. La Rioja;AO;;;;;
1515586;03/08/2026;Avalado;;SI;NO;ECHEQ;NO;NO;24Hs.;13:04:28;17:00:00;29;502;20,00;21,00;559;$;41.152.003,52;1;Negociada;13:06:29;POTE;;Potenciar S.G.R.;AO;;;;;
1515587;03/08/2026;No Garantizado;NO;SI;NO;PAGARE;NO;NO;C.I.;13:04:32;17:00:00;184;406;4,95;4,95;406;DOL;20.000.000,00;4;Negociada;13:25:40;;30-50298736-0;PRESTIGE AUTO S. A. U.;;30-50298736-0;PRESTIGE AUTO S. A. U.;;;
1515588;03/08/2026;No Garantizado Calificado;NO;SI;NO;PAGARE;NO;NO;C.I.;13:04:37;17:00:00;64;47;18,00;18,00;47;DOL;527.884,00;1;Negociada;13:06:38;;30-71578674-1;BERLIN  HOUSES S. A.;;30-71578674-1;BERLIN  HOUSES S. A.;;;
1515589;03/08/2026;No Garantizado;NO;SI;NO;PAGARE;NO;NO;C.I.;13:04:39;17:00:00;73;754;15,00;15,00;754;U$D;17.000,00;1;Negociada;13:06:40;;30-56522248-8;QUIMVAR SRL;;30-56522248-8;QUIMVAR SRL;;;
1515590;03/08/2026;Avalado;;SI;NO;ECHEQ;NO;NO;24Hs.;13:04:39;17:00:00;197;501;25,00;25,00;545;$;1.500.000,00;1;Negociada;13:15:23;FGLR;;Fdo.de Gtia.Pub. La Rioja;AO;;;;;
1515591;03/08/2026;Avalado;;SI;NO;ECHEQ;NO;NO;C.I.;13:04:58;17:00:00;61;15;26,00;26,00;15;$;73.950.908,95;7;Negociada;13:07:00;TRND;;Trend S.G.R.;AO;;;;;
1515592;03/08/2026;No Garantizado Calificado;NO;SI;NO;PAGARE;NO;NO;C.I.;13:05:00;17:00:00;79;754;13,00;13,00;754;DOL;55.000,00;2;Negociada;13:07:03;;30-71500450-6;SUVERMAX S.A.;;30-71500450-6;SUVERMAX S.A.;;;
1515593;03/08/2026;No Garantizado;SI;SI;NO;FCE;NO;NO;24Hs.;13:05:01;17:00:00;57;770;5,00;5,00;442;U$S;40.323,27;3;Negociada;15:22:51;%UVI;33-51595089-9;VISTA ENERGY ARGENTINA S.A.U;;;;;;
1515594;03/08/2026;Avalado;;SI;NO;ECHEQ;NO;NO;24Hs.;13:05:18;17:00:00;106;501;21,50;21,50;525;$;2.000.000,00;1;Negociada;13:13:52;FGLR;;Fdo.de Gtia.Pub. La Rioja;AO;;;;;
1515595;03/08/2026;No Garantizado Calificado;NO;SI;NO;PAGARE;NO;NO;C.I.;13:05:20;17:00:00;78;754;45,00;45,00;754;$;60.000.000,00;3;Negociada;13:07:21;;30-71500450-6;SUVERMAX S.A.;;30-71500450-6;SUVERMAX S.A.;;;
1515596;03/08/2026;Avalado;;SI;NO;ECHEQ;NO;NO;24Hs.;13:05:27;17:00:00;99;;;26,00;405;$;25.000.000,00;1;Desierta;;ARGC;;Argentina Ciudad S.G.R.;AO;;;;;
1515597;03/08/2026;Avalado;;SI;NO;ECHEQ;NO;NO;24Hs.;13:05:36;17:00:00;99;;;26,00;405;$;25.000.000,00;1;Desierta;;ARGC;;Argentina Ciudad S.G.R.;AO;;;;;
1515598;03/08/2026;No Garantizado;SI;SI;NO;ECHEQ;NO;NO;C.I.;13:05:42;17:00:00;35;754;34,00;34,00;754;$;50.000.000,00;1;Negociada;13:07:44;;30-71640610-1;S&S SOLUTIONS S.A;AO;30-71640610-1;S&S SOLUTIONS S.A;Certificado MiPyME;;
1515599;03/08/2026;Avalado;;SI;NO;ECHEQ;NO;NO;24Hs.;13:05:54;17:00:00;86;839;24,00;24,00;839;$;4.000.000,00;1;Negociada;16:22:57;MOVI;;MOVIL S.G.R.;AO;;;;;
1515600;03/08/2026;No Garantizado;NO;SI;NO;ECHEQ;NO;NO;C.I.;13:06:13;17:00:00;53;839;42,00;42,00;839;$;50.000.000,00;2;Negociada;13:08:15;;30-71683067-1;SM AGRO S.A.;AO;30-71683067-1;SM AGRO S.A.;;;
1515601;03/08/2026;No Garantizado;NO;SI;NO;ECHEQ;NO;NO;C.I.;13:06:19;17:00:00;39;537;43,00;43,00;537;$;10.000.000,00;2;Negociada;13:11:42;;33-71473702-9;NJ2M S.A.;AO;33-71473702-9;NJ2M S.A.;;;
1515602;03/08/2026;Garantizado;NO;SI;NO;ECHEQ;NO;NO;24Hs.;13:06:25;17:00:00;21;523;25,00;25,00;754;$;79.491.776,60;1;Negociada;14:39:54;;;;AO;;;;;
1515603;03/08/2026;No Garantizado;NO;SI;NO;ECHEQ;NO;NO;C.I.;13:06:40;17:00:00;43;537;43,00;43,00;537;$;10.000.000,00;2;Negociada;13:12:00;;33-71473702-9;NJ2M S.A.;AO;33-71473702-9;NJ2M S.A.;;;
1515604;03/08/2026;Avalado;;SI;NO;ECHEQ;NO;NO;24Hs.;13:06:40;17:00:00;76;754;23,00;23,00;754;$;25.000.000,00;1;Negociada;14:52:47;CREC;;Crecer S.G.R.;AO;;;;;
1515605;03/08/2026;Avalado;;SI;NO;ECHEQ;NO;NO;24Hs.;13:06:56;17:00:00;58;502;24,00;24,00;754;$;10.000.000,00;1;Negociada;13:09:11;ACEN;;Avales del Centro S.G.R.;AO;;;;;
1515606;03/08/2026;Avalado;;SI;NO;ECHEQ;NO;NO;24Hs.;13:07:01;17:00:00;50;501;20,00;20,00;525;$;2.076.510,00;1;Negociada;13:17:39;FGLR;;Fdo.de Gtia.Pub. La Rioja;AO;;;;;
1515607;03/08/2026;No Garantizado;NO;SI;NO;ECHEQ;NO;NO;C.I.;13:07:02;17:00:00;45;537;43,00;43,00;537;$;10.000.000,00;2;Negociada;13:12:16;;33-71473702-9;NJ2M S.A.;AO;33-71473702-9;NJ2M S.A.;;;
1515608;03/08/2026;Avalado;;SI;NO;ECHEQ;NO;NO;24Hs.;13:07:11;17:00:00;171;754;30,00;30,00;754;$;5.000.000,00;2;Negociada;14:56:07;INPY;;Integra Pymes S.G.R.;AO;;;;;
1515609;03/08/2026;Avalado;;SI;NO;ECHEQ;NO;NO;24Hs.;13:07:18;17:00:00;129;734;25,00;25,00;734;$;50.000.000,00;1;Negociada;13:14:32;CONV;;CONAVAL S.G.R.;AO;;;;;
1515610;03/08/2026;No Garantizado;NO;SI;NO;ECHEQ;NO;NO;C.I.;13:07:18;17:00:00;47;537;43,00;43,00;537;$;8.500.000,00;2;Negociada;13:12:37;;33-71473702-9;NJ2M S.A.;AO;33-71473702-9;NJ2M S.A.;;;
1515611;03/08/2026;Avalado;;SI;NO;ECHEQ;NO;NO;24Hs.;13:07:18;17:00:00;96;501;21,50;21,50;525;$;4.153.020,00;2;Negociada;13:18:36;FGLR;;Fdo.de Gtia.Pub. La Rioja;AO;;;;;
1515612;03/08/2026;Avalado;;SI;NO;ECHEQ;NO;NO;24Hs.;13:07:28;17:00:00;112;501;21,50;21,50;439;$;20.000.000,00;2;Negociada;13:19:04;FGLR;;Fdo.de Gtia.Pub. La Rioja;AO;;;;;
1515613;03/08/2026;Avalado;;SI;NO;ECHEQ;SI;NO;24Hs.;13:07:44;17:00:00;15;501;20,00;20,00;439;$;22.000.000,00;1;Negociada;13:20:03;FGLR;;Fdo.de Gtia.Pub. La Rioja;NO;;;;;
1515614;03/08/2026;Avalado;;SI;NO;ECHEQ;NO;NO;24Hs.;13:08:48;17:00:00;352;;;24,00;526;$;28.093.622,70;4;Desierta;;ACPY;;Acindar Pymes S.G.R.;AO;;;;;
1515615;03/08/2026;Avalado;;SI;NO;ECHEQ;NO;NO;24Hs.;13:09:31;17:00:00;225;401;28,00;28,00;401;$;6.042.360,00;3;Negociada;13:56:32;MOVI;;MOVIL S.G.R.;AO;;;;;
1515616;03/08/2026;No Garantizado;SI;SI;NO;ECHEQ;NO;NO;C.I.;13:09:31;17:00:00;38;572;27,00;27,00;572;$;1.660.000,00;1;Negociada;13:11:50;;30-71077833-3;KYM S.A.;AO;;;MiPyME FCE - Art. 7 Ley 27.440, Res. SEPYME 340/17, Art. 2 RG 4367/18 y RG 1019/24;;
1515617;03/08/2026;Avalado;;SI;NO;ECHEQ;NO;NO;24Hs.;13:09:40;17:00:00;106;;;24,00;401;$;6.681.577,94;1;Desierta;;MOVI;;MOVIL S.G.R.;AO;;;;;
1515618;03/08/2026;No Garantizado;SI;SI;NO;ECHEQ;NO;NO;C.I.;13:09:42;17:00:00;37;572;27,00;27,00;572;$;1.624.949,00;1;Negociada;13:11:58;;30-70819860-5;MIGUEL ANGEL Y LEANDRO MIGUEL ZOCCA S. CAP I SECC IV;AO;;;MiPyME FCE - Art. 7 Ley 27.440, Res. SEPYME 340/17, Art. 2 RG 4367/18 y RG 1019/24;;
1515619;03/08/2026;No Garantizado;SI;SI;NO;ECHEQ;NO;NO;C.I.;13:09:50;17:00:00;38;572;27,00;27,00;572;$;176.652,52;1;Negociada;13:12:08;;30-70813145-4;R. ORION S.R.L.;AO;;;MiPyME FCE - Art. 7 Ley 27.440, Res. SEPYME 340/17, Art. 2 RG 4367/18 y RG 1019/24;;
1515620;03/08/2026;No Garantizado;SI;SI;NO;ECHEQ;NO;NO;C.I.;13:09:58;17:00:00;37;572;27,00;27,00;572;$;1.689.987,39;1;Negociada;13:12:00;;30-71092642-1;AMARELA SOCIEDAD ANONIMA;AO;;;MiPyME FCE - Art. 7 Ley 27.440, Res. SEPYME 340/17, Art. 2 RG 4367/18 y RG 1019/24;;
1515621;03/08/2026;Avalado;;SI;NO;ECHEQ;NO;NO;24Hs.;13:11:14;17:00:00;117;545;30,00;30,00;545;$;28.000.000,00;4;Negociada;13:28:08;FGLR;;Fdo.de Gtia.Pub. La Rioja;AO;;;;;
1515622;03/08/2026;Avalado;;SI;NO;ECHEQ;NO;NO;24Hs.;13:11:34;17:00:00;44;;;23,00;401;$;7.108.613,98;8;Desierta;;MOVI;;MOVIL S.G.R.;AO;;;;;
1515623;03/08/2026;No Garantizado;NO;SI;NO;ECHEQ;NO;NO;C.I.;13:14:17;17:00:00;23;401;28,00;28,00;401;$;31.509.305,52;1;Negociada;13:16:19;;30-71763394-2;AGROCICA S. R. L.;AO;30-59423111-9;AGRAR AGRICOLA ARGENTINA S A;;;
1515624;03/08/2026;No Garantizado Calificado;NO;SI;NO;PAGARE;NO;NO;C.I.;13:14:21;17:00:00;64;47;18,00;18,00;47;DOL;64.576,00;1;Negociada;13:16:24;;30-71578674-1;BERLIN  HOUSES S. A.;;30-71578674-1;BERLIN  HOUSES S. A.;;;
1515625;03/08/2026;No Garantizado;NO;SI;NO;ECHEQ;NO;NO;C.I.;13:14:30;17:00:00;37;554;32,00;32,00;827;$;14.529.153,10;2;Negociada;13:16:32;;33-71523904-9;CASA PIRQUE S.A.;AO;30-70899274-3;VINIFICADORA ACONCAGUA SA;;;
1515626;03/08/2026;No Garantizado;NO;SI;NO;ECHEQ;NO;NO;C.I.;13:14:59;17:00:00;42;545;65,00;65,00;545;$;36.000.000,00;2;Negociada;13:18:52;;30-71422026-4;RACING EXPERIENCE S. A.;AO;;;;;
1515627;03/08/2026;No Garantizado;NO;NO;NO;PAGARE;NO;NO;C.I.;13:15:46;17:00:00;24;512;30,00;30,00;512;$;2.150.069.947,00;1;Negociada;13:17:47;;30-71672768-4;IOG RESOURCES S.A.;;;;;;
1515628;03/08/2026;No Garantizado;NO;NO;NO;ECHEQ;NO;NO;C.I.;13:16:09;17:00:00;25;512;30,00;30,00;512;$;2.090.524.966,00;1;Negociada;13:18:11;;30-50054484-4;COMPAÑIA MINERA AGUILAR S.A.;AO;30-50054484-4;COMPAÑIA MINERA AGUILAR S.A.;;;
1515629;03/08/2026;No Garantizado;NO;NO;NO;PAGARE;NO;NO;C.I.;13:16:34;17:00:00;24;512;30,00;30,00;512;$;313.029.786,00;1;Negociada;13:18:36;;30-71672768-4;IOG RESOURCES S.A.;;;;;;
1515630;03/08/2026;Avalado;;SI;NO;ECHEQ;NO;NO;24Hs.;13:16:41;17:00:00;28;406;23,00;23,00;423;$;15.000.000,00;1;Negociada;13:56:13;CREC;;Crecer S.G.R.;AO;;;;;
1515631;03/08/2026;No Garantizado;NO;SI;NO;ECHEQ;NO;NO;C.I.;13:16:51;17:00:00;78;767;26,00;26,00;767;$;600.187,58;1;Negociada;13:18:52;;30-59036076-3;CENCOSUD S A;AO;;;;;
1515632;03/08/2026;Garantizado;NO;SI;NO;ECHEQ;NO;NO;24Hs.;13:17:23;17:00:00;87;;;26,00;559;$;6.000.000,00;1;Desierta;;;;;AO;;;;;
1515633;03/08/2026;No Garantizado;NO;SI;NO;ECHEQ;NO;NO;C.I.;13:17:25;17:00:00;42;767;32,00;32,00;767;$;1.436.610,00;2;Negociada;13:19:26;;20-17225067-0;PALMA JORGE OMAR;AO;;;;;
1515634;03/08/2026;Avalado;;SI;NO;ECHEQ;NO;NO;24Hs.;13:17:29;17:00:00;303;;;25,00;439;$;120.000.000,00;1;Desierta;;ACPY;;Acindar Pymes S.G.R.;AO;;;;;
1515635;03/08/2026;No Garantizado;NO;SI;NO;ECHEQ;NO;NO;C.I.;13:17:31;17:00:00;35;465;30,00;30,00;465;$;5.400.000,00;1;Negociada;13:19:32;;30-70967347-1;LOS HORMIGUEROS S.A.;AO;30-70967347-1;LOS HORMIGUEROS S.A.;;;
1515636;03/08/2026;Avalado;;SI;NO;ECHEQ;NO;NO;24Hs.;13:17:41;17:00:00;274;;;25,00;439;$;120.000.000,00;1;Desierta;;ACPY;;Acindar Pymes S.G.R.;AO;;;;;
1515637;03/08/2026;No Garantizado Calificado;NO;SI;NO;PAGARE;NO;NO;C.I.;13:17:42;17:00:00;28;512;35,00;35,00;512;$;222.607.987,00;1;Negociada;13:19:43;;30-71675213-1;INTEROIL ARGENTINA S A;;30-71675213-1;INTEROIL ARGENTINA S A;;;
1515638;03/08/2026;No Garantizado;SI;SI;NO;ECHEQ;NO;NO;24Hs.;13:17:49;17:00:00;72;20;31,00;31,00;20;$;10.000.000,00;1;Negociada;13:19:53;;30-71301250-1;ACE INDUSTRIAL S.R.L.;AO;30-71301250-1;ACE INDUSTRIAL S.R.L.;Certificado MiPyME;;
1515639;03/08/2026;No Garantizado;NO;SI;NO;ECHEQ;NO;NO;C.I.;13:17:49;17:00:00;10;767;32,00;32,00;767;$;635.444,14;1;Negociada;13:19:51;;20-28524557-6;CABRAL CARLOS MARTIN;AO;;;;;
1515640;03/08/2026;Avalado;;SI;NO;ECHEQ;NO;NO;24Hs.;13:17:53;17:00:00;245;502;26,50;26,50;439;$;120.000.000,00;1;Negociada;14:00:45;ACPY;;Acindar Pymes S.G.R.;AO;;;;;
1515641;03/08/2026;Avalado;;SI;NO;ECHEQ;NO;NO;24Hs.;13:17:57;17:00:00;76;406;21,00;21,00;20;$;15.000.000,00;3;Negociada;13:19:59;CAMP;;Campo Aval S.G.R.;AO;;;;;
1515642;03/08/2026;No Garantizado;NO;SI;NO;ECHEQ;NO;NO;C.I.;13:18:14;17:00:00;75;767;32,00;32,00;767;$;3.852.440,68;2;Negociada;13:20:15;;20-30978604-2;MARASLIOGLU LEANDRO ARIEL;AO;;;;;
1515643;03/08/2026;No Garantizado;NO;SI;NO;ECHEQ;NO;NO;C.I.;13:18:15;17:00:00;30;512;35,00;35,00;512;$;2.584.825.556,00;1;Negociada;13:20:17;;30-50054484-4;COMPAÑIA MINERA AGUILAR S.A.;AO;30-50054484-4;COMPAÑIA MINERA AGUILAR S.A.;;;
1515644;03/08/2026;No Garantizado;NO;SI;NO;PAGARE;NO;NO;C.I.;13:18:35;17:00:00;28;512;35,00;35,00;512;$;1.964.579.053,00;1;Negociada;13:20:37;;33-71208150-9;MAGNUS ARGENTINA S.A.;;33-71208150-9;MAGNUS ARGENTINA S.A.;;;
1515645;03/08/2026;No Garantizado;NO;SI;NO;ECHEQ;NO;NO;C.I.;13:18:40;17:00:00;52;767;32,00;32,00;767;$;1.422.992,67;1;Negociada;13:20:41;;23-14774281-9;VALDEZ HUGO ALBERTO;AO;;;;;
1515646;03/08/2026;No Garantizado;NO;SI;NO;ECHEQ;NO;NO;C.I.;13:19:06;17:00:00;15;767;32,00;32,00;767;$;384.737,41;1;Negociada;13:21:08;;27-18317046-0;GONZALEZ LILIANA MARCELA;AO;;;;;
1515647;03/08/2026;No Garantizado;NO;SI;NO;ECHEQ;NO;NO;C.I.;13:19:19;17:00:00;49;571;34,00;34,00;714;$;10.000.000,00;1;Negociada;13:21:20;;33-71618480-9;LOS ALECRINES S.R.L.;AO;30-71732529-6;FINLATINA S. A.;;;
1515648;03/08/2026;No Garantizado;NO;SI;NO;PAGARE;NO;NO;C.I.;13:19:25;17:00:00;185;401;28,00;28,00;401;$;977.000.000,00;1;Negociada;13:21:27;;30-71710331-5;WODEN ENERGIA S.A.U;;30-71710331-5;WODEN ENERGIA S.A.U;;;
1515649;03/08/2026;No Garantizado;NO;SI;NO;ECHEQ;NO;NO;C.I.;13:19:27;17:00:00;37;767;32,00;32,00;767;$;536.129,51;1;Negociada;13:21:29;;30-71516870-3;HG-MO S.R.L.;AO;;;;;
1515650;03/08/2026;No Garantizado;NO;SI;NO;ECHEQ;NO;NO;C.I.;13:19:47;17:00:00;36;767;32,00;32,00;767;$;224.919,71;1;Negociada;13:21:49;;30-52941249-1;ENRIQUE R. DICK Y CIA. S. R. L.;AO;;;;;
1515651;03/08/2026;No Garantizado;NO;SI;NO;ECHEQ;NO;NO;C.I.;13:20:24;17:00:00;70;571;34,00;34,00;714;$;3.000.000,00;2;Negociada;13:22:26;;30-62499819-3;BUROMAHTIK SOCIEDAD ANONIMA;AO;30-71732529-6;FINLATINA S. A.;;;
1515652;03/08/2026;No Garantizado;NO;SI;NO;PAGARE;NO;NO;C.I.;13:20:55;17:00:00;186;529;28,00;28,00;401;$;1.151.000.000,00;1;Negociada;13:22:56;;30-71710331-5;WODEN ENERGIA S.A.U;;30-71710331-5;WODEN ENERGIA S.A.U;;;
1515653;03/08/2026;No Garantizado;NO;SI;NO;ECHEQ;NO;NO;C.I.;13:22:19;17:00:00;36;427;33,50;34,00;427;$;7.011.149,76;1;Negociada;13:24:21;;30-64806084-6;NOAL S A;AO;;;;;
1515654;03/08/2026;No Garantizado Calificado;NO;SI;NO;ECHEQ;NO;NO;24Hs.;13:23:07;17:00:00;77;767;47,00;47,00;427;$;32.177.147,74;1;Negociada;16:53:47;;30-52980059-9;COPIMEX C A C I S A;AO;20-17116806-7;FORLIN DANIEL ANTONIO;;;
1515655;03/08/2026;Avalado;;SI;NO;ECHEQ;NO;NO;24Hs.;13:23:08;17:00:00;106;501;21,50;21,50;545;$;2.024.813,03;1;Negociada;13:25:10;FGLR;;Fdo.de Gtia.Pub. La Rioja;AO;;;;;
1515656;03/08/2026;Avalado;;SI;NO;ECHEQ;NO;NO;24Hs.;13:23:41;17:00:00;104;501;21,50;21,50;545;$;2.600.000,00;5;Negociada;13:26:47;FGLR;;Fdo.de Gtia.Pub. La Rioja;AO;;;;;
1515657;03/08/2026;No Garantizado;SI;SI;NO;ECHEQ;NO;NO;C.I.;13:23:57;17:00:00;32;572;27,00;27,00;572;$;90.000.000,00;6;Negociada;13:25:58;;30-50108716-1;CIA AZUCARERA SANTA LUCIA S A;AO;;;MiPyME FCE - Art. 7 Ley 27.440, Res. SEPYME 340/17, Art. 2 RG 4367/18 y RG 1019/24;;
1515658;03/08/2026;No Garantizado Calificado;NO;SI;NO;PAGARE;NO;NO;C.I.;13:24:53;17:00:00;63;687;4,98;4,98;687;DOL;2.443,23;1;Negociada;13:26:55;;30-71523744-6;LABAC SOCIEDAD ANONIMA;;30-71523744-6;LABAC SOCIEDAD ANONIMA;;;
1515659;03/08/2026;No Garantizado;NO;SI;NO;ECHEQ;NO;NO;24Hs.;13:25:23;17:00:00;104;;;24,00;525;$;39.524.804,89;4;Desierta;;;30-68537634-9;TARJETA NARANJA S.A.U.;AO;30-70972635-4;ALCOSUR S.A.;;;
1515660;03/08/2026;No Garantizado Calificado;NO;SI;NO;PAGARE;NO;NO;24Hs.;13:25:33;17:00:00;92;687;6,93;6,93;687;DOL;2.443,23;1;Negociada;13:27:34;;30-71523744-6;LABAC SOCIEDAD ANONIMA;;30-71523744-6;LABAC SOCIEDAD ANONIMA;;;
1515661;03/08/2026;No Garantizado Calificado;NO;SI;NO;PAGARE;NO;NO;C.I.;13:26:13;17:00:00;122;687;8,05;8,05;687;DOL;2.443,23;1;Negociada;13:28:14;;30-71523744-6;LABAC SOCIEDAD ANONIMA;;30-71523744-6;LABAC SOCIEDAD ANONIMA;;;
1515662;03/08/2026;No Garantizado Calificado;NO;SI;NO;PAGARE;NO;NO;C.I.;13:26:46;17:00:00;156;687;8,93;8,93;687;DOL;2.443,23;1;Negociada;13:28:47;;30-71523744-6;LABAC SOCIEDAD ANONIMA;;30-71523744-6;LABAC SOCIEDAD ANONIMA;;;
1515663;03/08/2026;Avalado;;SI;NO;PAGARE;NO;NO;24Hs.;13:27:13;17:00:00;264;727;5,00;5,00;764;DOL;80.000,00;2;Negociada;13:29:15;BIND;;Garantias Bind S.G.R.;;;;;;
1515664;03/08/2026;No Garantizado Calificado;NO;SI;NO;PAGARE;NO;NO;C.I.;13:27:16;17:00:00;184;687;9,44;9,44;687;DOL;2.443,23;1;Negociada;13:29:17;;30-71523744-6;LABAC SOCIEDAD ANONIMA;;30-71523744-6;LABAC SOCIEDAD ANONIMA;;;
1515665;03/08/2026;No Garantizado Calificado;NO;SI;NO;PAGARE;NO;NO;C.I.;13:27:45;17:00:00;214;687;9,87;9,87;687;DOL;2.443,23;1;Negociada;13:29:46;;30-71523744-6;LABAC SOCIEDAD ANONIMA;;30-71523744-6;LABAC SOCIEDAD ANONIMA;;;
1515666;03/08/2026;Avalado;;SI;NO;ECHEQ;NO;NO;24Hs.;13:27:49;17:00:00;92;501;21,50;21,50;525;$;30.000.000,00;2;Negociada;14:39:29;FGLR;;Fdo.de Gtia.Pub. La Rioja;AO;;;;;
1515667;03/08/2026;No Garantizado Calificado;NO;SI;NO;PAGARE;NO;NO;C.I.;13:28:15;17:00:00;246;687;10,24;10,24;687;DOL;2.443,23;1;Negociada;13:30:16;;30-71523744-6;LABAC SOCIEDAD ANONIMA;;30-71523744-6;LABAC SOCIEDAD ANONIMA;;;
1515668;03/08/2026;Avalado;;SI;NO;ECHEQ;NO;NO;24Hs.;13:28:35;17:00:00;94;502;22,00;23,00;545;$;15.000.000,00;3;Negociada;13:30:36;CREC;;Crecer S.G.R.;AO;;;;;
1515669;03/08/2026;No Garantizado Calificado;NO;SI;NO;PAGARE;NO;NO;C.I.;13:28:55;17:00:00;275;687;10,52;10,52;687;DOL;2.443,23;1;Negociada;13:30:57;;30-71523744-6;LABAC SOCIEDAD ANONIMA;;30-71523744-6;LABAC SOCIEDAD ANONIMA;;;
1515670;03/08/2026;Avalado;;SI;NO;ECHEQ;NO;NO;24Hs.;13:29:00;17:00:00;99;502;27,00;27,00;545;$;50.000.000,00;5;Negociada;15:33:00;RESI;;Resiliencia S.G.R.;AO;;;;;
1515671;03/08/2026;Avalado;;SI;NO;ECHEQ;NO;NO;24Hs.;13:29:22;17:00:00;37;406;23,00;23,00;545;$;117.101.477,82;3;Negociada;13:51:49;CREC;;Crecer S.G.R.;AO;;;;;
1515672;03/08/2026;No Garantizado Calificado;NO;SI;NO;PAGARE;NO;NO;C.I.;13:29:26;17:00:00;304;687;10,76;10,76;687;DOL;2.443,23;1;Negociada;13:31:27;;30-71523744-6;LABAC SOCIEDAD ANONIMA;;30-71523744-6;LABAC SOCIEDAD ANONIMA;;;
1515673;03/08/2026;No Garantizado Calificado;NO;SI;NO;PAGARE;NO;NO;C.I.;13:30:15;17:00:00;336;687;10,99;10,99;687;DOL;2.443,23;1;Negociada;13:32:17;;30-71523744-6;LABAC SOCIEDAD ANONIMA;;30-71523744-6;LABAC SOCIEDAD ANONIMA;;;
1515674;03/08/2026;No Garantizado Calificado;NO;SI;NO;PAGARE;NO;NO;C.I.;13:30:41;17:00:00;366;687;11,18;11,18;687;DOL;2.443,23;1;Negociada;13:32:43;;30-71523744-6;LABAC SOCIEDAD ANONIMA;;30-71523744-6;LABAC SOCIEDAD ANONIMA;;;
1515675;03/08/2026;No Garantizado Calificado;NO;SI;NO;PAGARE;NO;NO;C.I.;13:31:44;17:00:00;396;687;11,36;11,36;687;DOL;2.443,23;1;Negociada;13:33:46;;30-71523744-6;LABAC SOCIEDAD ANONIMA;;30-71523744-6;LABAC SOCIEDAD ANONIMA;;;
1515676;03/08/2026;No Garantizado Calificado;NO;SI;NO;PAGARE;NO;NO;C.I.;13:32:00;17:00:00;396;687;11,36;11,36;687;DOL;81.440,89;1;Negociada;13:34:02;;30-71523744-6;LABAC SOCIEDAD ANONIMA;;30-71523744-6;LABAC SOCIEDAD ANONIMA;;;
1515677;03/08/2026;No Garantizado;NO;SI;NO;ECHEQ;NO;NO;C.I.;13:32:17;17:00:00;17;;;0,00;718;$;57.828.100,00;5;Desierta (Baja);;;30-71139003-7;ARQUIMEDES CARRIZO S.R.L.;AO;;;;;
1515678;03/08/2026;No Garantizado;NO;SI;NO;ECHEQ;NO;NO;C.I.;13:32:28;17:00:00;36;;;0,00;718;$;8.047.000,00;1;Desierta (Baja);;;30-71093835-7;TEMAS INDUSTRIALES S.A.;AO;;;;;
1515679;03/08/2026;No Garantizado;SI;SI;NO;ECHEQ;NO;NO;C.I.;13:32:33;17:00:00;39;41;38,00;38,00;41;$;2.000.000,00;2;Negociada;13:39:52;;30-71547374-3;AGROCINETICA S.R.L.;AO;;;Certificado MiPyME;;
1515680;03/08/2026;Avalado;;SI;NO;ECHEQ;NO;NO;24Hs.;13:33:21;17:00:00;64;501;21,50;21,50;545;$;1.000.000,00;3;Negociada;13:35:23;FGLR;;Fdo.de Gtia.Pub. La Rioja;AO;;;;;
1515681;03/08/2026;Avalado;;SI;NO;ECHEQ;NO;NO;24Hs.;13:33:33;17:00:00;52;501;20,00;20,00;545;$;1.100.000,00;11;Negociada;13:35:35;FGLR;;Fdo.de Gtia.Pub. La Rioja;AO;;;;;
1515682;03/08/2026;No Garantizado;SI;SI;NO;ECHEQ;NO;NO;C.I.;13:33:35;17:00:00;21;41;35,00;35,00;41;$;300.000,00;1;Negociada;13:35:37;;30-71034599-2;PRODUCTOS ALIMENTICIOS SOFIA S.A;AO;;;MiPyME FCE - Art. 7 Ley 27.440, Res. SEPYME 340/17, Art. 2 RG 4367/18 y RG 1019/24;;
1515683;03/08/2026;Avalado;;SI;NO;ECHEQ;NO;NO;24Hs.;13:34:28;17:00:00;42;;;20,00;545;$;90.000.000,00;3;Desierta;;FINT;;Fintech S.G.R.;AO;;;;;
1515684;03/08/2026;No Garantizado;SI;SI;NO;ECHEQ;NO;NO;C.I.;13:34:34;17:00:00;53;41;27,99;40,00;41;$;29.450.058,48;1;Negociada;13:45:36;;30-65511620-2;EMPRESA DISTRIBUIDORA Y COMERCIALIZADORA NORTE SOCIEDAD ANONIMA (EDENOR S A);AO;;;Certificado MiPyME;;
1515685;03/08/2026;No Garantizado;SI;SI;NO;ECHEQ;NO;NO;C.I.;13:35:34;17:00:00;17;718;31,00;31,00;718;$;57.828.100,00;5;Negociada;13:37:35;;30-71139003-7;ARQUIMEDES CARRIZO S.R.L.;AO;;;Certificado MiPyME;;
1515686;03/08/2026;No Garantizado;SI;SI;NO;ECHEQ;NO;NO;C.I.;13:35:46;17:00:00;36;718;31,00;31,00;718;$;8.047.000,00;1;Negociada;13:37:47;;30-71093835-7;TEMAS INDUSTRIALES S.A.;AO;;;Certificado MiPyME;;
1515687;03/08/2026;No Garantizado;SI;SI;NO;ECHEQ;NO;NO;C.I.;13:35:46;17:00:00;23;41;38,00;38,00;41;$;62.700.000,00;2;Negociada;13:39:04;;30-50423240-5;CRISTAMINE S A;AO;;;Certificado MiPyME;;
1515688;03/08/2026;No Garantizado;SI;SI;NO;ECHEQ;NO;NO;24Hs.;13:36:01;17:00:00;50;434;23,00;23,00;434;$;210.661.334,06;26;Negociada;16:21:11;;30-68537634-9;TARJETA NARANJA S.A.U.;AO;30-70816475-1;SUPERMAX SA;Certificado MiPyME;;
1515689;03/08/2026;No Garantizado;NO;SI;NO;ECHEQ;NO;NO;24Hs.;13:36:56;17:00:00;91;434;30,00;30,00;434;$;250.000.000,00;1;Negociada;13:38:58;;30-71653025-2;FIDEICOMISO ORDINARIO INMOBILIARIO DE ADMINISTRACION LUXURY APARTMENT;AO;30-71653025-2;FIDEICOMISO ORDINARIO INMOBILIARIO DE ADMINISTRACION LUXURY APARTMENT;;;
1515690;03/08/2026;Avalado;;SI;NO;ECHEQ;NO;NO;24Hs.;13:37:20;17:00:00;92;502;23,00;23,00;465;$;6.020.000,00;1;Negociada;14:39:52;ARPY;;Argenpymes S.G.R.;AO;;;;;
1515691;03/08/2026;Avalado;;SI;NO;ECHEQ;NO;NO;24Hs.;13:37:47;17:00:00;51;507;22,00;22,00;507;$;90.000.000,00;1;Negociada;14:17:35;ACPY;;Acindar Pymes S.G.R.;AO;;;;;
1515692;03/08/2026;Avalado;;SI;NO;ECHEQ;NO;NO;C.I.;13:38:11;17:00:00;24;406;22,00;22,00;406;$;31.350.000,00;1;Negociada;13:44:43;ARPY;;Argenpymes S.G.R.;AO;;;;;
1515693;03/08/2026;Avalado;;SI;NO;ECHEQ;NO;NO;C.I.;13:39:18;17:00:00;77;406;24,00;24,00;406;$;64.200.000,00;4;Negociada;13:45:36;ARPY;;Argenpymes S.G.R.;AO;;;;;
1515694;03/08/2026;No Garantizado;NO;SI;NO;ECHEQ;NO;NO;C.I.;13:39:54;17:00:00;44;34;35,00;35,00;34;$;8.000.000,00;1;Negociada;13:42:00;;30-50009132-7;EDITORIAL DIARIO LA CAPITAL S A;AO;30-50009132-7;EDITORIAL DIARIO LA CAPITAL S A;;;
1515695;03/08/2026;Avalado;;SI;NO;ECHEQ;NO;NO;C.I.;13:40:06;17:00:00;32;406;22,00;22,00;406;$;100.000.000,00;1;Negociada;13:45:07;ARPY;;Argenpymes S.G.R.;AO;;;;;
1515696;03/08/2026;Avalado;;SI;NO;PAGARE;NO;NO;C.I.;13:40:17;17:00:00;374;716;7,00;7,00;716;U$S;3.500,00;1;Negociada;13:42:18;AFFI;;Affidavit S.G.R.;;;;;;
1515697;03/08/2026;Avalado;;SI;NO;ECHEQ;NO;NO;C.I.;13:41:00;17:00:00;141;406;26,00;26,00;406;$;40.000.000,00;8;Negociada;13:46:06;ARPY;;Argenpymes S.G.R.;AO;;;;;
1515698;03/08/2026;Avalado;;SI;NO;ECHEQ;NO;NO;24Hs.;13:41:36;17:00:00;68;;;20,00;755;$;282.376.000,00;2;Desierta;;CREC;;Crecer S.G.R.;AO;;;;;
1515699;03/08/2026;Avalado;;SI;NO;ECHEQ;SI;NO;C.I.;13:41:38;17:00:00;165;406;26,00;26,00;406;$;10.000.000,00;1;Negociada;13:46:22;ARPY;;Argenpymes S.G.R.;NO;;;;;
1515700;03/08/2026;No Garantizado;NO;SI;NO;PAGARE;NO;NO;C.I.;13:41:52;17:00:00;65;567;10,00;10,00;567;DOL;102.235,00;1;Negociada;13:44:51;;30-71170833-9;26 BFJS BH S.A.;;30-71170833-9;26 BFJS BH S.A.;;;
1515701;03/08/2026;Avalado;;SI;NO;ECHEQ;NO;NO;24Hs.;13:43:13;17:00:00;90;754;28,00;28,00;864;$;10.000.000,00;1;Negociada;15:51:30;MILL;;MILLS S.G.R.;AO;;;;;
1515702;03/08/2026;Avalado;;SI;NO;ECHEQ;NO;NO;24Hs.;13:43:28;17:00:00;73;;;26,50;864;$;5.000.000,00;1;Desierta;;MILL;;MILLS S.G.R.;AO;;;;;
1515703;03/08/2026;No Garantizado;SI;SI;NO;PAGARE;NO;NO;C.I.;13:43:31;17:00:00;246;718;7,00;7,00;718;U$D;300.000,00;1;Negociada;13:45:32;;30-71037548-4;PRODUCTORA DEL NOROESTE S.A.;;30-71037548-4;PRODUCTORA DEL NOROESTE S.A.;Certificado MiPyME;;
1515704;03/08/2026;No Garantizado Calificado;SI;SI;NO;ECHEQ;NO;NO;C.I.;13:43:41;17:00:00;105;718;30,00;30,00;718;$;29.467.355,64;1;Negociada;13:45:42;;30-67541508-7;COMPAÑIA AZUCARERA LOS BALCANES SA;AO;;;Certificado MiPyME;;
1515705;03/08/2026;No Garantizado Calificado;NO;SI;NO;ECHEQ;NO;NO;C.I.;13:43:56;17:00:00;44;401;37,00;37,00;401;$;5.000.000,00;1;Negociada;13:45:58;;30-71682909-6;FULLCREDIT S.A.;AO;30-71732529-6;FINLATINA S. A.;;;
1515706;03/08/2026;No Garantizado Calificado;NO;SI;NO;ECHEQ;NO;NO;24Hs.;13:44:05;17:00:00;45;825;38,00;38,00;825;$;5.000.000,00;1;Negociada;13:46:06;;30-70889803-8;AMADIA S.R.L.;AO;30-70889803-8;AMADIA S.R.L.;;;
1515707;03/08/2026;Avalado;;SI;NO;ECHEQ;NO;NO;24Hs.;13:44:20;17:00:00;154;501;22,00;22,00;525;$;5.000.000,00;2;Negociada;13:46:22;FGLR;;Fdo.de Gtia.Pub. La Rioja;AO;;;;;
1515708;03/08/2026;No Garantizado;NO;SI;NO;ECHEQ;NO;NO;C.I.;13:44:23;17:00:00;32;;;;20;$;13.148.024,58;1;Desierta (Baja);;;30-57901691-0;CABAÑA LA PONDEROSA S R L;AO;33-71662835-9;PINTO AGROALIMENTOS SRL;;;
1515709;03/08/2026;No Garantizado;NO;SI;NO;ECHEQ;NO;NO;C.I.;13:44:31;17:00:00;23;278;34,00;34,00;278;$;10.000.000,00;1;Negociada;13:46:32;;30-71664137-2;ARGCLEAN SOCIEDAD POR ACCIONES SIMPLIFICADA;AO;30-70337945-8;NOBEL COOPERATIVA DE CREDITO, VIVIENDA Y SERVICIO DE TRANSPORTE LIMITADA;;;
1515710;03/08/2026;No Garantizado Calificado;NO;SI;NO;PAGARE;NO;NO;C.I.;13:44:48;17:00:00;290;;;;767;DOL;92.900,00;1;Desierta;;;30-60237792-6;PICAPAU SRL;;30-60237792-6;PICAPAU SRL;;;
1515711;03/08/2026;No Garantizado;NO;SI;NO;ECHEQ;SI;NO;C.I.;13:44:58;17:00:00;8;572;24,00;24,00;527;$;20.711.140,01;1;Negociada;13:50:37;;30-68731043-4;INC S. A.;NO;;;;;
1515712;03/08/2026;No Garantizado Calificado;NO;SI;NO;PAGARE;NO;NO;C.I.;13:45:16;17:00:00;101;;;;767;DOL;30.000,00;2;Desierta (Baja);;;20-30887887-3;LOZA MATIAS;;20-30887887-3;LOZA MATIAS;;;
1515713;03/08/2026;No Garantizado;NO;SI;NO;ECHEQ;SI;NO;C.I.;13:45:22;17:00:00;10;572;25,00;25,00;527;$;12.106.186,58;1;Negociada;14:07:24;;30-54808315-6;COTO CENTRO INTEGRAL DE COMERCIALIZACION SOCIEDAD ANONIMA;NO;;;;;
1515714;03/08/2026;No Garantizado;NO;SI;NO;ECHEQ;SI;NO;C.I.;13:45:29;17:00:00;23;15;24,50;24,50;754;$;1.516.287.573,26;3;Negociada;13:50:39;;30-67881435-7;TELEFONICA MOVILES ARGENTINA SOCIEDAD ANONIMA;NO;;;;;
1515715;03/08/2026;No Garantizado;NO;SI;NO;ECHEQ;NO;NO;C.I.;13:45:32;17:00:00;18;278;34,00;34,00;278;$;10.000.000,00;1;Negociada;13:47:33;;30-71188957-0;ESTABLECIMIENTO BOSQUE ALTO S.A.;AO;30-70337945-8;NOBEL COOPERATIVA DE CREDITO, VIVIENDA Y SERVICIO DE TRANSPORTE LIMITADA;;;
1515716;03/08/2026;No Garantizado;SI;SI;NO;ECHEQ;NO;NO;24Hs.;13:45:33;17:00:00;213;523;26,00;26,00;433;$;5.852.950,71;3;Negociada;13:47:35;;30-68537634-9;TARJETA NARANJA S.A.U.;AO;;;Certificado MiPyME;;
1515717;03/08/2026;No Garantizado;NO;SI;NO;ECHEQ;SI;NO;C.I.;13:45:40;17:00:00;10;572;25,00;25,00;527;$;10.391.058,83;1;Negociada;14:07:36;;30-54808315-6;COTO CENTRO INTEGRAL DE COMERCIALIZACION SOCIEDAD ANONIMA;NO;;;;;
1515718;03/08/2026;No Garantizado;NO;SI;NO;ECHEQ;SI;NO;C.I.;13:45:44;17:00:00;23;15;24,50;24,50;754;$;389.133.793,19;1;Negociada;13:50:45;;30-67881435-7;TELEFONICA MOVILES ARGENTINA SOCIEDAD ANONIMA;NO;;;;;
1515719;03/08/2026;No Garantizado;SI;SI;NO;FCE;NO;NO;C.I.;13:45:56;17:00:00;57;432;6,00;6,00;569;U$S;47.554,52;1;Negociada;13:47:57;%UVI;33-51595089-9;VISTA ENERGY ARGENTINA S.A.U;;;;;;
1515720;03/08/2026;No Garantizado;NO;SI;NO;ECHEQ;NO;NO;C.I.;13:45:57;17:00:00;10;;;0,00;527;$;47.070.981,47;1;Desierta (Baja);;;30-50673003-8;S A IMPORTADORA Y EXPORTADORA DE LA PATAGONIA;AO;;;;;
1515721;03/08/2026;No Garantizado;NO;SI;NO;PAGARE;NO;NO;24Hs.;13:46:05;17:00:00;139;343;45,00;45,00;343;$;856.789.821,61;1;Negociada;13:48:06;;30-61965292-0;CORPORACION AFILIADA DEL SUR S.A.;;30-61965292-0;CORPORACION AFILIADA DEL SUR S.A.;;;
1515722;03/08/2026;No Garantizado;NO;SI;NO;ECHEQ;SI;NO;24Hs.;13:46:13;17:00:00;16;;;0,00;527;$;13.366.683,54;1;Desierta (Baja);;;30-54808315-6;COTO CENTRO INTEGRAL DE COMERCIALIZACION SOCIEDAD ANONIMA;NO;;;;;
1515723;03/08/2026;No Garantizado;SI;SI;NO;ECHEQ;SI;NO;24Hs.;13:46:24;17:00:00;197;523;26,00;26,00;433;$;7.682.686,55;1;Negociada;13:48:26;;30-68537634-9;TARJETA NARANJA S.A.U.;NO;;;Certificado MiPyME;;
1515724;03/08/2026;Avalado;;SI;NO;ECHEQ;SI;NO;24Hs.;13:46:25;17:00:00;30;502;20,00;20,00;755;$;177.723.699,65;4;Negociada;13:48:26;BIND;;Garantias Bind S.G.R.;NO;;;;;
1515725;03/08/2026;No Garantizado;NO;SI;NO;ECHEQ;NO;NO;C.I.;13:46:29;17:00:00;22;572;26,00;26,00;527;$;26.561.350,49;1;Negociada;14:13:48;;30-59036076-3;CENCOSUD S A;AO;;;;;
1515726;03/08/2026;Garantizado;NO;SI;NO;ECHEQ;NO;NO;24Hs.;13:46:34;17:00:00;112;;;24,00;559;$;40.000.000,00;5;Desierta;;;;;AO;;;;;
1515727;03/08/2026;Avalado;;SI;NO;ECHEQ;NO;NO;24Hs.;13:46:44;17:00:00;64;;;;754;$;50.000.000,00;20;Desierta;;ARPY;;Argenpymes S.G.R.;AO;;;;;
1515728;03/08/2026;No Garantizado;NO;SI;NO;ECHEQ;SI;NO;C.I.;13:46:44;17:00:00;24;572;26,00;26,00;527;$;97.734.269,56;1;Negociada;14:11:30;;30-54808315-6;COTO CENTRO INTEGRAL DE COMERCIALIZACION SOCIEDAD ANONIMA;NO;;;;;
1515729;03/08/2026;No Garantizado;NO;NO;NO;PAGARE;NO;NO;24Hs.;13:46:56;17:00:00;15;343;45,00;45,00;343;$;735.600.000,00;1;Negociada;13:48:57;;30-61965292-0;CORPORACION AFILIADA DEL SUR S.A.;;;;;;
1515730;03/08/2026;Avalado;;SI;NO;ECHEQ;SI;NO;24Hs.;13:46:56;17:00:00;132;;;24,00;754;$;5.000.000,00;1;Desierta;;ACEN;;Avales del Centro S.G.R.;NO;;;;;
1515731;03/08/2026;No Garantizado;NO;SI;NO;ECHEQ;SI;NO;C.I.;13:46:58;17:00:00;24;572;26,00;26,00;527;$;62.277.218,74;1;Negociada;14:11:54;;30-54808315-6;COTO CENTRO INTEGRAL DE COMERCIALIZACION SOCIEDAD ANONIMA;NO;;;;;
1515732;03/08/2026;No Garantizado;SI;SI;NO;ECHEQ;NO;NO;C.I.;13:47:31;17:00:00;156;432;29,00;29,00;812;$;8.506.184,20;1;Negociada;13:49:33;;30-71681500-1;A + I AGRONEGOCIOS S.A.S.;AO;30-68934701-7;CHIMAGRO SA;Certificado MiPyME;;
1515733;03/08/2026;No Garantizado;NO;SI;NO;ECHEQ;SI;NO;C.I.;13:47:58;17:00:00;17;572;25,00;25,00;527;$;13.366.683,54;1;Negociada;14:08:23;;30-54808315-6;COTO CENTRO INTEGRAL DE COMERCIALIZACION SOCIEDAD ANONIMA;NO;;;;;
1515734;03/08/2026;No Garantizado Calificado;NO;SI;NO;PAGARE;NO;NO;C.I.;13:48:08;17:00:00;79;754;13,00;13,00;754;DOL;65.000,00;3;Negociada;13:50:10;;30-71500450-6;SUVERMAX S.A.;;30-71500450-6;SUVERMAX S.A.;;;
1515735;03/08/2026;No Garantizado;SI;SI;NO;ECHEQ;NO;NO;C.I.;13:48:12;17:00:00;142;432;29,00;29,00;812;$;4.299.831,20;1;Negociada;13:50:14;;20-21733917-1;GALLINGER ALDO JAVIER;AO;30-68934701-7;CHIMAGRO SA;Certificado MiPyME;;
1515736;03/08/2026;No Garantizado Calificado;NO;SI;NO;PAGARE;NO;NO;C.I.;13:48:27;17:00:00;78;754;45,00;45,00;754;$;70.000.000,00;5;Negociada;13:50:28;;30-71500450-6;SUVERMAX S.A.;;30-71500450-6;SUVERMAX S.A.;;;
1515737;03/08/2026;No Garantizado;SI;SI;NO;ECHEQ;NO;NO;24Hs.;13:48:29;17:00:00;118;523;23,00;23,00;433;$;461.739.887,59;54;Negociada;13:50:35;;30-68537634-9;TARJETA NARANJA S.A.U.;AO;;;Certificado MiPyME;;
1515738;03/08/2026;No Garantizado;SI;SI;NO;ECHEQ;NO;NO;C.I.;13:48:31;17:00:00;149;432;29,00;29,00;812;$;4.949.554,89;1;Negociada;13:50:35;;30-71723458-4;MISAEL ALBECIANO S.A.;AO;30-68934701-7;CHIMAGRO SA;Certificado MiPyME;;
1515739;03/08/2026;No Garantizado;NO;SI;NO;ECHEQ;NO;NO;C.I.;13:48:47;17:00:00;10;572;25,00;25,00;527;$;47.070.981,47;1;Negociada;14:09:30;;30-50673003-8;S A IMPORTADORA Y EXPORTADORA DE LA PATAGONIA;AO;;;;;
1515740;03/08/2026;Avalado;;SI;NO;ECHEQ;SI;NO;24Hs.;13:48:49;17:00:00;120;539;20,00;20,00;720;$;1.000.000,00;1;Negociada;13:51:02;BAIN;;BANCO INDUSTRIAL SA;NO;;;;;
1515741;03/08/2026;No Garantizado;NO;SI;NO;ECHEQ;NO;NO;C.I.;13:48:50;17:00:00;17;754;45,00;45,00;754;$;2.274.826,75;1;Negociada;13:50:51;;30-71068141-0;INGENIERIA Y CONSTRUCCIONES ALSINA S.A;AO;;;;;
1515742;03/08/2026;No Garantizado;SI;SI;NO;ECHEQ;NO;NO;C.I.;13:48:52;17:00:00;136;432;29,00;29,00;812;$;9.946.428,44;1;Negociada;13:50:54;;20-17749110-2;PERETTI EDGAR ALBERTO;AO;30-68934701-7;CHIMAGRO SA;Certificado MiPyME;;
1515744;03/08/2026;Avalado;;SI;NO;ECHEQ;NO;NO;24Hs.;13:49:00;17:00:00;98;539;19,99;20,00;720;$;75.958.793,87;30;Negociada;13:51:02;BAIN;;BANCO INDUSTRIAL SA;AO;;;;;
1515745;03/08/2026;No Garantizado;SI;SI;NO;ECHEQ;NO;NO;24Hs.;13:49:22;17:00:00;117;523;22,00;22,00;433;$;525.261.828,65;45;Negociada;13:51:24;;30-68537634-9;TARJETA NARANJA S.A.U.;AO;;;Certificado MiPyME;;
1515746;03/08/2026;No Garantizado;NO;SI;NO;ECHEQ;NO;NO;24Hs.;13:49:49;17:00:00;66;;;31,00;559;$;150.000.000,00;13;Desierta;;;30-71524691-7;MONTY MEDIA S.A.;AO;;;;;
1515747;03/08/2026;No Garantizado Calificado;NO;SI;NO;ECHEQ;NO;NO;C.I.;13:49:51;17:00:00;62;754;34,00;34,00;754;$;1.638.311,00;3;Negociada;13:51:53;;20-38763504-2;TERZAGHI VARGAS ROQUE JOSE;AO;;;;;
1515748;03/08/2026;No Garantizado;NO;SI;NO;ECHEQ;SI;NO;C.I.;13:50:29;17:00:00;24;754;30,00;30,00;754;$;871.690,00;1;Negociada;13:52:31;;20-26287366-9;CARRIZO CRISTIAN RICARDO;NO;;;;;
1515749;03/08/2026;No Garantizado;NO;SI;NO;ECHEQ;NO;NO;C.I.;13:50:45;17:00:00;86;754;35,00;35,00;754;$;871.690,00;1;Negociada;13:52:46;;20-26287366-9;CARRIZO CRISTIAN RICARDO;AO;;;;;
1515750;03/08/2026;No Garantizado;NO;SI;NO;ECHEQ;NO;NO;C.I.;13:51:01;17:00:00;58;754;34,00;34,00;754;$;315.000,00;1;Negociada;13:53:02;;20-28683668-3;LANZAVEQUIA PABLO MARIANO;AO;;;;;
1515751;03/08/2026;No Garantizado;NO;SI;NO;ECHEQ;NO;NO;C.I.;13:51:19;17:00:00;56;754;34,00;34,00;754;$;871.690,00;1;Negociada;13:53:20;;20-26287366-9;CARRIZO CRISTIAN RICARDO;AO;;;;;
1515752;03/08/2026;No Garantizado;NO;SI;NO;ECHEQ;NO;NO;C.I.;13:51:28;17:00:00;222;571;36,00;36,00;571;$;225.000.000,00;3;Negociada;13:53:29;;30-54573231-5;COOPERATIVA DE ELECTRICIDA Y SERVICIOS ANEXOS DE ZARATE;AO;30-65649785-4;COOPERATIVA DE VIVIENDA CREDITO Y CONSUMO AMIGAL LIMITADA;;;
1515753;03/08/2026;No Garantizado;NO;SI;NO;ECHEQ;SI;NO;C.I.;13:51:49;17:00:00;10;449;35,50;36,00;571;$;47.911.530,38;1;Negociada;13:53:50;;30-70956507-5;AGUA Y SANEAMIENTOS ARGENTINOS SOCIEDAD ANONIMA;NO;30-65649785-4;COOPERATIVA DE VIVIENDA CREDITO Y CONSUMO AMIGAL LIMITADA;;;
1515754;03/08/2026;No Garantizado;NO;SI;NO;ECHEQ;NO;NO;C.I.;13:52:06;17:00:00;74;571;36,00;36,00;571;$;37.178.081,15;1;Negociada;13:54:08;;30-71877343-8;CENTRAL DE SUMINISTRO ACE - AGRUPACION;AO;30-65649785-4;COOPERATIVA DE VIVIENDA CREDITO Y CONSUMO AMIGAL LIMITADA;;;
1515755;03/08/2026;No Garantizado;SI;SI;NO;FCE;NO;NO;24Hs.;13:52:36;17:00:00;7;;;7,00;876;U$S;8.817,28;1;Desierta;;%U71;30-71124798-6;MOTOROLA MOBILITY OF ARGENTINA S.A.;;;;;;
1515756;03/08/2026;No Garantizado;NO;SI;NO;PAGARE;NO;NO;24Hs.;13:52:45;17:00:00;28;343;35,00;35,00;343;$;350.000.000,00;1;Negociada;13:54:46;;33-71720975-9;HERMES GROUP S.R.L...;;33-71720975-9;HERMES GROUP S.R.L...;;;
1515757;03/08/2026;Avalado;;SI;NO;ECHEQ;NO;NO;C.I.;13:52:51;17:00:00;134;406;26,00;26,00;835;$;50.000.000,00;2;Negociada;14:14:24;CREC;;Crecer S.G.R.;AO;;;;;
1515758;03/08/2026;No Garantizado Calificado;NO;SI;NO;PAGARE;NO;NO;C.I.;13:52:51;17:00:00;428;687;11,53;11,53;687;DOL;1.628,82;1;Negociada;13:54:52;;30-71523744-6;LABAC SOCIEDAD ANONIMA;;30-71523744-6;LABAC SOCIEDAD ANONIMA;;;
1515759;03/08/2026;No Garantizado;NO;SI;NO;ECHEQ;NO;NO;C.I.;13:52:57;17:00:00;37;704;38,00;38,00;704;$;300.000.000,00;1;Negociada;13:54:59;;30-69007604-3;SION S. A.;AO;30-69007604-3;SION S. A.;;;
1515760;03/08/2026;No Garantizado;NO;SI;NO;ECHEQ;NO;NO;C.I.;13:53:04;17:00:00;17;;;36,00;866;$;4.481.407,00;1;Desierta;;;30-71841842-5;AUGUSTO SOC EN FORMACION S. A.;AO;20-24220601-1;VARELA LEANDRO JAVIER;;;
1515761;03/08/2026;No Garantizado Calificado;NO;SI;NO;PAGARE;NO;NO;C.I.;13:53:20;17:00:00;457;687;11,68;11,68;687;DOL;1.628,82;1;Negociada;13:55:21;;30-71523744-6;LABAC SOCIEDAD ANONIMA;;30-71523744-6;LABAC SOCIEDAD ANONIMA;;;
1515762;03/08/2026;No Garantizado;NO;SI;NO;ECHEQ;NO;NO;C.I.;13:53:25;17:00:00;74;;;35,00;866;$;17.029.200,00;1;Desierta;;;30-54503111-2;DEL TURISTA SOCIEDAD ANONIMA COMERCIAL E INDUSTRIAL;AO;30-70859161-7;ARTES GRAFICAS FUCCILLO SRL;;;
1515763;03/08/2026;No Garantizado;SI;SI;NO;ECHEQ;NO;NO;C.I.;13:53:39;17:00:00;17;41;32,00;32,00;41;$;98.224.104,61;1;Negociada;13:59:48;;30-62215921-6;CLEAR PETROLEUM S.A.;AO;;;Certificado MiPyME;;
1515764;03/08/2026;No Garantizado Calificado;NO;SI;NO;PAGARE;NO;NO;C.I.;13:53:55;17:00:00;487;687;11,81;11,81;687;DOL;1.628,82;1;Negociada;13:55:57;;30-71523744-6;LABAC SOCIEDAD ANONIMA;;30-71523744-6;LABAC SOCIEDAD ANONIMA;;;
1515765;03/08/2026;No Garantizado Calificado;NO;SI;NO;PAGARE;NO;NO;C.I.;13:54:20;17:00:00;520;687;11,96;11,96;687;DOL;1.628,82;1;Negociada;13:56:22;;30-71523744-6;LABAC SOCIEDAD ANONIMA;;30-71523744-6;LABAC SOCIEDAD ANONIMA;;;
1515766;03/08/2026;No Garantizado;SI;SI;NO;ECHEQ;NO;NO;C.I.;13:54:25;17:00:00;49;41;50,00;50,00;41;$;2.039.183,51;1;Negociada;14:02:44;;30-71417661-3;SMART COMUNICACION VISUAL S.A.;AO;;;MiPyME FCE - Art. 7 Ley 27.440, Res. SEPYME 340/17, Art. 2 RG 4367/18 y RG 1019/24;;
1515767;03/08/2026;No Garantizado Calificado;NO;SI;NO;PAGARE;NO;NO;C.I.;13:54:46;17:00:00;549;687;12,07;12,07;687;DOL;1.628,82;1;Negociada;13:56:48;;30-71523744-6;LABAC SOCIEDAD ANONIMA;;30-71523744-6;LABAC SOCIEDAD ANONIMA;;;
1515768;03/08/2026;Avalado;;SI;NO;CPD;NO;NO;C.I.;13:54:57;17:00:00;65;767;27,00;27,00;543;$;5.000.000,00;1;Negociada;13:56:58;RIGA;;RIG Avales S.G.R.;;;;;;
1515769;03/08/2026;Avalado;;SI;NO;CPD;NO;NO;24Hs.;13:55:07;17:00:00;64;;;25,00;543;$;10.000.000,00;1;Desierta;;RIGA;;RIG Avales S.G.R.;;;;;;
1515770;03/08/2026;No Garantizado Calificado;NO;SI;NO;PAGARE;NO;NO;C.I.;13:55:14;17:00:00;578;687;12,19;12,19;687;DOL;42.349,27;2;Negociada;13:57:16;;30-71523744-6;LABAC SOCIEDAD ANONIMA;;30-71523744-6;LABAC SOCIEDAD ANONIMA;;;
1515771;03/08/2026;No Garantizado;SI;SI;NO;ECHEQ;NO;NO;C.I.;13:55:19;17:00:00;74;41;45,00;45,00;41;$;6.000.000,00;3;Negociada;14:05:34;;30-50600274-1;CERAS SAN JUAN SOC ANONIMA;AO;;;Certificado MiPyME;;
1515772;03/08/2026;No Garantizado Calificado;NO;SI;NO;PAGARE;NO;NO;C.I.;13:56:20;17:00:00;611;687;12,31;12,31;687;DOL;1.221,61;1;Negociada;13:58:21;;30-71523744-6;LABAC SOCIEDAD ANONIMA;;30-71523744-6;LABAC SOCIEDAD ANONIMA;;;
1515773;03/08/2026;No Garantizado Calificado;SI;SI;NO;FCE;NO;NO;C.I.;13:56:52;17:00:00;11;;;7,00;524;U$S;16.940,00;1;Desierta;;%UQQ;33-50835825-9;CERVECERIA Y MALTERIA QUILMES S.A.I.C.A. Y G.;;;;;;
1515774;03/08/2026;Avalado;;SI;NO;ECHEQ;NO;NO;C.I.;13:57:33;17:00:00;299;406;29,00;29,00;406;$;1.750.000,00;2;Negociada;14:05:08;CREC;;Crecer S.G.R.;AO;;;;;
1515775;03/08/2026;Avalado;;SI;NO;ECHEQ;NO;NO;C.I.;13:57:47;17:00:00;23;;;0,00;545;$;30.750.000,00;2;Desierta (Baja);;ARPY;;Argenpymes S.G.R.;AO;;;;;
1515776;03/08/2026;No Garantizado;NO;SI;NO;PAGARE;NO;NO;C.I.;13:57:59;17:00:00;60;524;8,00;8,00;524;U$D;350.000,00;1;Negociada;14:06:41;;30-56243143-4;ALLIANCE ONE TOBACCO ARGENTINA SOCIEDAD ANONIMA;;30-56243143-4;ALLIANCE ONE TOBACCO ARGENTINA SOCIEDAD ANONIMA;;;
1515777;03/08/2026;No Garantizado;NO;SI;NO;PAGARE;NO;NO;C.I.;13:58:11;17:00:00;60;524;8,00;8,00;524;U$D;350.000,00;1;Negociada;14:07:08;;30-56243143-4;ALLIANCE ONE TOBACCO ARGENTINA SOCIEDAD ANONIMA;;30-56243143-4;ALLIANCE ONE TOBACCO ARGENTINA SOCIEDAD ANONIMA;;;
1515778;03/08/2026;No Garantizado;NO;SI;NO;ECHEQ;NO;NO;C.I.;13:58:12;17:00:00;23;529;27,00;27,00;529;$;15.000.000,00;1;Negociada;14:16:12;;30-71195633-2;RAPECA ARGENTINA SA;AO;;;;;
1515779;03/08/2026;Avalado;;SI;NO;ECHEQ;NO;NO;24Hs.;13:58:19;17:00:00;171;501;22,00;22,00;559;$;50.000.000,00;1;Negociada;14:00:20;FOER;;FO.GA.ER. SAPEM;AO;;;;;
1515780;03/08/2026;No Garantizado;NO;SI;NO;PAGARE;NO;NO;C.I.;13:58:23;17:00:00;60;524;8,00;8,00;524;U$D;350.000,00;1;Negociada;14:07:32;;30-56243143-4;ALLIANCE ONE TOBACCO ARGENTINA SOCIEDAD ANONIMA;;30-56243143-4;ALLIANCE ONE TOBACCO ARGENTINA SOCIEDAD ANONIMA;;;
1515781;03/08/2026;Avalado;;SI;NO;ECHEQ;NO;NO;24Hs.;13:58:53;17:00:00;17;;;20,00;526;$;485.908.483,86;5;Desierta;;POTE;;Potenciar S.G.R.;AO;;;;;
1515782;03/08/2026;No Garantizado;NO;SI;NO;ECHEQ;NO;NO;24Hs.;13:59:30;17:00:00;35;537;38,00;38,00;831;$;22.500.000,00;1;Negociada;14:01:31;;30-71131481-0;PROTEA S. A.;AO;;;;;
1515783;03/08/2026;No Garantizado;SI;SI;NO;ECHEQ;NO;NO;C.I.;14:00:02;17:00:00;44;41;45,00;45,00;41;$;2.000.000,00;1;Negociada;14:08:21;;30-70834517-9;TRANSPORTE FIGHIERA S.R.L.;AO;;;Certificado MiPyME;;
1515784;03/08/2026;No Garantizado;NO;SI;NO;ECHEQ;SI;NO;C.I.;14:00:47;17:00:00;58;287;26,50;26,50;287;$;1.910.786.324,71;5;Negociada;14:03:53;;30-68537634-9;TARJETA NARANJA S.A.U.;NO;;;;;
1515785;03/08/2026;No Garantizado;NO;SI;NO;ECHEQ;NO;NO;C.I.;14:02:27;17:00:00;8;554;32,00;32,00;554;$;1.437.303,13;1;Negociada;14:04:28;;30-70738874-5;LORENZO AUTOMOTORES S.A.;AO;30-71010378-6;ANDINA SOLUCIONES SA;;;
1515786;03/08/2026;No Garantizado;SI;SI;NO;ECHEQ;SI;NO;24Hs.;14:02:55;17:00:00;37;523;23,00;23,00;754;$;347.026.018,30;2;Negociada;14:04:56;;30-68537634-9;TARJETA NARANJA S.A.U.;NO;;;Certificado MiPyME;;
1515787;03/08/2026;Avalado;;SI;NO;ECHEQ;NO;NO;C.I.;14:02:59;17:00:00;69;406;23,00;23,00;406;$;60.000.000,00;2;Negociada;14:05:22;ARPY;;Argenpymes S.G.R.;AO;;;;;
1515788;03/08/2026;No Garantizado;NO;SI;NO;ECHEQ;NO;NO;C.I.;14:03:10;17:00:00;136;465;30,00;30,00;465;$;15.000.000,00;1;Negociada;14:05:12;;30-71489606-3;INNOVACION ONCATIVO S.A.;AO;30-70967347-1;LOS HORMIGUEROS S.A.;;;
1515789;03/08/2026;Avalado;;SI;NO;ECHEQ;NO;NO;24Hs.;14:05:13;17:00:00;54;539;20,00;20,00;720;$;59.180.780,72;39;Negociada;15:15:17;BAIN;;BANCO INDUSTRIAL SA;AO;;;;;
1515790;03/08/2026;No Garantizado Calificado;NO;SI;NO;ECHEQ;NO;NO;C.I.;14:06:00;17:00:00;81;434;26,00;26,00;434;$;18.591.884,00;2;Negociada;14:08:02;;30-71768138-6;MONCOS S.A.;AO;30-70705484-7;REINSAL S A;;;
1515791;03/08/2026;Avalado;;SI;NO;ECHEQ;NO;NO;24Hs.;14:06:29;17:00:00;46;;;28,00;767;$;9.000.000,00;2;Desierta;;RIGA;;RIG Avales S.G.R.;AO;;;;;
1515792;03/08/2026;No Garantizado;SI;SI;NO;ECHEQ;NO;NO;C.I.;14:06:54;17:00:00;74;15;32,00;32,00;15;$;4.419.347,00;3;Negociada;14:17:39;;30-71709562-2;ESPIRITU LIBRE SRL;AO;;;Certificado MiPyME;;
1515793;03/08/2026;Avalado;;SI;NO;ECHEQ;NO;NO;24Hs.;14:06:55;17:00:00;169;287;24,00;24,00;422;$;60.000.000,00;3;Negociada;14:08:57;CMFI;;BANCO COMAFI S.A.;AO;;;;;
1515794;03/08/2026;No Garantizado;NO;SI;NO;ECHEQ;NO;NO;C.I.;14:07:29;17:00:00;100;434;26,00;26,00;434;$;5.566.854,00;1;Negociada;14:09:30;;30-71407977-4;EURO PHARMA S.A.;AO;30-70705484-7;REINSAL S A;;;
1515795;03/08/2026;No Garantizado;SI;SI;NO;ECHEQ;NO;NO;C.I.;14:08:11;17:00:00;107;15;32,00;32,00;15;$;2.279.821,20;2;Negociada;14:17:55;;30-71178299-7;GIOVO JUAN SEBASTIAN Y GIOVO JORGE DIEGO SOC. DE HECHO;AO;;;Certificado MiPyME;;
1515796;03/08/2026;No Garantizado Calificado;NO;SI;NO;ECHEQ;NO;NO;C.I.;14:08:29;17:00:00;28;434;26,00;26,00;434;$;7.053.507,36;1;Negociada;14:10:31;;30-70958148-8;INSTITUTO PANAMERICANO DE SALUD S. A.;AO;30-70705484-7;REINSAL S A;;;
1515797;03/08/2026;Avalado;;SI;NO;PAGARE;NO;NO;C.I.;14:08:59;17:00:00;245;;;6,00;447;U$D;10.000,00;1;Desierta;;RIGA;;RIG Avales S.G.R.;;;;;;
1515798;03/08/2026;Avalado;;SI;NO;PAGARE;NO;NO;C.I.;14:09:12;17:00:00;186;;;6,00;447;U$D;10.000,00;1;Desierta;;RIGA;;RIG Avales S.G.R.;;;;;;
1515799;03/08/2026;Avalado;;SI;NO;PAGARE;NO;NO;24Hs.;14:09:23;17:00:00;213;;;6,00;447;U$D;10.000,00;1;Desierta;;RIGA;;RIG Avales S.G.R.;;;;;;
1515800;03/08/2026;No Garantizado;NO;SI;NO;ECHEQ;NO;NO;C.I.;14:09:23;17:00:00;50;434;26,00;26,00;434;$;484.044,00;1;Negociada;14:11:24;;30-71445051-0;OUTSOURCING DE EMPRESAS DE SALUD SA;AO;30-70705484-7;REINSAL S A;;;
1515801;03/08/2026;No Garantizado Calificado;NO;SI;NO;PAGARE;NO;NO;24Hs.;14:09:48;17:00:00;639;687;12,42;12,42;687;DOL;1.221,61;1;Negociada;14:11:50;;30-71523744-6;LABAC SOCIEDAD ANONIMA;;30-71523744-6;LABAC SOCIEDAD ANONIMA;;;
1515802;03/08/2026;Avalado;;SI;NO;PAGARE;NO;NO;24Hs.;14:10:13;17:00:00;156;567;8,00;8,00;512;DOL;43.696,00;3;Negociada;14:12:14;CUAV;;Cuyo Aval S.G.R.;;;;;;
1515803;03/08/2026;No Garantizado Calificado;NO;SI;NO;PAGARE;NO;NO;C.I.;14:10:13;17:00:00;672;687;12,54;12,54;687;DOL;1.221,61;1;Negociada;14:12:14;;30-71523744-6;LABAC SOCIEDAD ANONIMA;;30-71523744-6;LABAC SOCIEDAD ANONIMA;;;
1515804;03/08/2026;No Garantizado Calificado;NO;SI;NO;PAGARE;NO;NO;C.I.;14:10:43;17:00:00;702;687;12,64;12,64;687;DOL;1.221,61;1;Negociada;14:12:45;;30-71523744-6;LABAC SOCIEDAD ANONIMA;;30-71523744-6;LABAC SOCIEDAD ANONIMA;;;
1515805;03/08/2026;Avalado;;SI;NO;ECHEQ;NO;NO;C.I.;14:10:59;17:00:00;41;406;23,00;23,00;406;$;20.769.168,93;5;Negociada;14:14:42;ACPY;;Acindar Pymes S.G.R.;AO;;;;;
1515806;03/08/2026;No Garantizado;NO;SI;NO;ECHEQ;NO;NO;C.I.;14:11:00;17:00:00;16;754;45,00;45,00;754;$;500.000,00;1;Negociada;14:13:01;;30-71739718-1;Q+ AGRO  S. R. L.;AO;;;;;
1515807;03/08/2026;Avalado;;SI;NO;ECHEQ;NO;NO;24Hs.;14:11:02;17:00:00;30;716;25,00;25,00;558;$;5.000.000,00;1;Negociada;15:11:49;FOGA;;Fdo. de Gtias. del Chaco;AO;;;;;
1515808;03/08/2026;No Garantizado;SI;SI;NO;ECHEQ;NO;NO;C.I.;14:11:10;17:00:00;107;15;32,00;32,00;15;$;2.968.000,00;2;Negociada;14:18:03;;27-16743318-4;JUANEDA CLAUDIA ALEJANDRA;AO;;;Certificado MiPyME;;
1515809;03/08/2026;Avalado;;SI;NO;ECHEQ;NO;NO;24Hs.;14:11:10;17:00:00;14;;;22,00;537;$;2.090.000,00;1;Desierta;;ARPY;;Argenpymes S.G.R.;AO;;;;;
1515810;03/08/2026;No Garantizado;NO;SI;NO;ECHEQ;NO;NO;C.I.;14:11:15;17:00:00;15;754;45,00;45,00;754;$;8.160.000,00;1;Negociada;14:13:17;;30-70927002-4;ESCALUM INVESTMENT S.A.;AO;20-18379192-4;BOZZI GUSTAVO LEONARDO;;;
1515811;03/08/2026;No Garantizado Calificado;NO;SI;NO;PAGARE;NO;NO;C.I.;14:11:16;17:00:00;731;687;12,74;12,74;687;DOL;1.221,61;1;Negociada;14:13:17;;30-71523744-6;LABAC SOCIEDAD ANONIMA;;30-71523744-6;LABAC SOCIEDAD ANONIMA;;;
1515812;03/08/2026;Avalado;;SI;NO;ECHEQ;NO;NO;24Hs.;14:11:24;17:00:00;86;502;22,00;22,00;537;$;10.000.000,00;1;Negociada;15:00:58;ARPY;;Argenpymes S.G.R.;AO;;;;;
1515813;03/08/2026;Avalado;;SI;NO;ECHEQ;NO;NO;24Hs.;14:11:29;17:00:00;202;;;24,00;11;$;30.000.000,00;1;Desierta;;ACPY;;Acindar Pymes S.G.R.;AO;;;;;
1515814;03/08/2026;No Garantizado Calificado;NO;SI;NO;ECHEQ;NO;NO;C.I.;14:11:36;17:00:00;9;754;45,00;45,00;754;$;1.002.786,89;1;Negociada;14:13:37;;30-71731180-5;ALZA S. A. S.;AO;;;;;
1515815;03/08/2026;Avalado;;SI;NO;ECHEQ;NO;NO;C.I.;14:11:44;17:00:00;73;406;24,00;24,00;406;$;2.656.146,11;1;Negociada;14:15:05;ACPY;;Acindar Pymes S.G.R.;AO;;;;;
1515816;03/08/2026;No Garantizado Calificado;NO;SI;NO;PAGARE;NO;NO;C.I.;14:11:50;17:00:00;764;687;12,85;12,85;687;DOL;41.942,06;2;Negociada;14:13:52;;30-71523744-6;LABAC SOCIEDAD ANONIMA;;30-71523744-6;LABAC SOCIEDAD ANONIMA;;;
1515817;03/08/2026;No Garantizado;NO;SI;NO;ECHEQ;NO;NO;C.I.;14:11:53;17:00:00;9;754;45,00;45,00;754;$;2.791.136,25;1;Negociada;14:13:54;;30-57597676-6;PROINSAL S A I Y C;AO;20-18379192-4;BOZZI GUSTAVO LEONARDO;;;
1515818;03/08/2026;Avalado;;SI;NO;ECHEQ;NO;NO;24Hs.;14:11:54;17:00:00;183;;;24,00;11;$;24.820.000,00;4;Desierta;;ACPY;;Acindar Pymes S.G.R.;AO;;;;;
1515819;03/08/2026;No Garantizado;NO;SI;NO;ECHEQ;NO;NO;C.I.;14:12:10;17:00:00;30;754;45,00;45,00;754;$;2.001.711,60;1;Negociada;14:14:12;;30-57879039-6;SERVICIOS PORTUARIOS INTEGRADOS S. A.;AO;20-18379192-4;BOZZI GUSTAVO LEONARDO;;;
1515820;03/08/2026;No Garantizado;NO;SI;NO;ECHEQ;NO;NO;C.I.;14:12:26;17:00:00;30;754;45,00;45,00;754;$;203.933,00;1;Negociada;14:14:28;;30-62036045-3;VICOER LTDA COOPERATIVA DE VIVIENDA CONSUMO Y SERVICIOS SOCIALES;AO;20-18379192-4;BOZZI GUSTAVO LEONARDO;;;
1515821;03/08/2026;No Garantizado;NO;SI;NO;ECHEQ;NO;NO;C.I.;14:12:41;17:00:00;22;449;44,00;45,00;754;$;223.808,03;1;Negociada;14:14:42;;30-50085862-8;MOLINOS RIO DE LA PLATA S A;AO;20-18379192-4;BOZZI GUSTAVO LEONARDO;;;
1515822;03/08/2026;Avalado;;SI;NO;ECHEQ;NO;NO;24Hs.;14:12:42;17:00:00;176;406;26,00;26,00;11;$;100.000.000,00;1;Negociada;16:51:17;CREC;;Crecer S.G.R.;AO;;;;;
1515823;03/08/2026;Avalado;;SI;NO;ECHEQ;SI;NO;24Hs.;14:12:43;17:00:00;59;449;20,00;20,00;449;$;51.752.631,19;1;Negociada;14:14:44;BIND;;Garantias Bind S.G.R.;NO;;;;;
1515824;03/08/2026;No Garantizado;NO;SI;NO;ECHEQ;NO;NO;C.I.;14:12:51;17:00:00;22;767;26,00;26,00;767;$;4.572.687,96;1;Negociada;14:14:52;;30-71198576-6;DELIVERY HERO E-COMMERCE S. A.;AO;;;;;
1515825;03/08/2026;No Garantizado;NO;SI;NO;ECHEQ;NO;NO;C.I.;14:12:56;17:00:00;36;427;34,00;34,00;427;$;9.058.832,78;1;Negociada;14:14:57;;30-64806084-6;NOAL S A;AO;;;;;
1515826;03/08/2026;Avalado;;SI;NO;ECHEQ;NO;NO;24Hs.;14:13:07;17:00:00;169;;;25,00;11;$;100.000.000,00;1;Desierta;;ARPY;;Argenpymes S.G.R.;AO;;;;;
1515827;03/08/2026;Avalado;;SI;NO;ECHEQ;NO;NO;24Hs.;14:13:32;17:00:00;152;;;21,00;11;$;5.000.000,00;2;Desierta;;FAEC;;FIDEICOM.DE AFECT. ESPEC.;AO;;;;;
1515828;03/08/2026;Avalado;;SI;NO;ECHEQ;NO;NO;24Hs.;14:14:12;17:00:00;148;287;23,97;26,00;11;$;600.000.000,00;4;Negociada;14:42:44;POTE;;Potenciar S.G.R.;AO;;;;;
1515829;03/08/2026;No Garantizado;NO;SI;NO;ECHEQ;NO;NO;C.I.;14:15:09;17:00:00;28;537;44,99;45,00;754;$;3.576.199,92;1;Negociada;14:18:03;;30-70147997-8;INDUSTRIAS MOVIMEC S R L;AO;;;;;
1515830;03/08/2026;Avalado;;SI;NO;ECHEQ;NO;NO;24Hs.;14:15:23;17:00:00;52;502;23,00;23,00;539;$;23.000.000,00;1;Negociada;15:21:45;TRND;;Trend S.G.R.;AO;;;;;
1515831;03/08/2026;No Garantizado;NO;SI;NO;ECHEQ;NO;NO;C.I.;14:15:28;17:00:00;24;754;45,00;45,00;754;$;2.174.072,73;1;Negociada;14:17:29;;20-46577666-9;GROSSO IVAN;AO;;;;;
1515832;03/08/2026;No Garantizado;NO;SI;NO;ECHEQ;NO;NO;C.I.;14:15:44;17:00:00;24;754;45,00;45,00;754;$;350.000,00;1;Negociada;14:17:45;;30-71646119-6;ACAFE S A;AO;20-18379192-4;BOZZI GUSTAVO LEONARDO;;;
1515833;03/08/2026;No Garantizado;NO;SI;NO;ECHEQ;NO;NO;C.I.;14:16:00;17:00:00;23;754;45,00;45,00;754;$;1.270.500,00;1;Negociada;14:18:01;;20-32745383-2;LAVELLI SEBASTIAN;AO;20-18379192-4;BOZZI GUSTAVO LEONARDO;;;
1515834;03/08/2026;No Garantizado;NO;SI;NO;ECHEQ;NO;NO;24Hs.;14:16:07;17:00:00;64;20;48,00;48,00;20;$;25.000.000,00;1;Negociada;14:27:48;;30-61650936-1;PECAM S A;AO;30-61650936-1;PECAM S A;;;
1515835;03/08/2026;Avalado;;SI;NO;ECHEQ;NO;NO;24Hs.;14:16:46;17:00:00;107;406;24,00;24,00;754;$;2.000.000,00;2;Negociada;14:52:55;CREC;;Crecer S.G.R.;AO;;;;;
1515836;03/08/2026;No Garantizado;NO;SI;NO;PAGARE;NO;NO;24Hs.;14:17:01;17:00:00;25;15;32,00;32,00;591;$;510.760.000,00;2;Negociada;14:21:04;;30-71213675-4;RSC S.A. S. A.;;30-71213675-4;RSC S.A. S. A.;;;
1515837;03/08/2026;No Garantizado;NO;SI;NO;ECHEQ;NO;NO;C.I.;14:17:10;17:00:00;32;20;42,00;42,00;20;$;13.148.024,58;1;Negociada;14:28:04;;30-57901691-0;CABAÑA LA PONDEROSA S R L;AO;33-71662835-9;PINTO AGROALIMENTOS SRL;;;
1515838;03/08/2026;No Garantizado;SI;SI;NO;ECHEQ;NO;NO;C.I.;14:17:29;17:00:00;49;718;31,00;31,00;718;$;49.464.800,00;5;Negociada;14:19:31;;30-71137523-2;PILARES COMPAÑIA ALIMENTICIA SA;AO;;;Certificado MiPyME;;
1515839;03/08/2026;No Garantizado;NO;SI;NO;ECHEQ;NO;NO;C.I.;14:17:32;17:00:00;21;754;45,00;45,00;754;$;4.468.912,50;3;Negociada;14:19:33;;30-70023439-4;TRANS CAL SRL;AO;;;;;
1515840;03/08/2026;No Garantizado;NO;SI;NO;PAGARE;NO;NO;24Hs.;14:17:42;17:00:00;26;15;32,00;32,00;591;$;511.700.000,00;2;Negociada;14:20:30;;30-60627416-1;EGESAC SOCIEDAD ANONIM;;30-60627416-1;EGESAC SOCIEDAD ANONIM;;;
1515841;03/08/2026;No Garantizado;NO;SI;NO;ECHEQ;NO;NO;C.I.;14:17:49;17:00:00;19;537;44,99;45,00;754;$;4.361.093,51;6;Negociada;14:20:07;;30-71057568-8;RAGONE S.R.L.;AO;20-18379192-4;BOZZI GUSTAVO LEONARDO;;;
1515842;03/08/2026;No Garantizado;SI;SI;NO;ECHEQ;NO;NO;C.I.;14:17:50;17:00:00;31;718;31,00;31,00;718;$;2.795.100,00;2;Negociada;14:19:51;;30-69795620-0;TEKNAL S A;AO;;;Certificado MiPyME;;
1515843;03/08/2026;No Garantizado Calificado;SI;SI;NO;ECHEQ;NO;NO;C.I.;14:18:01;17:00:00;44;718;31,00;31,00;718;$;10.209.375,00;1;Negociada;14:20:03;;30-71185063-1;PIU GUSTOSO S.A.;AO;;;Certificado MiPyME;;
1515844;03/08/2026;No Garantizado;NO;SI;NO;ECHEQ;SI;NO;C.I.;14:18:07;17:00:00;30;754;45,00;45,00;754;$;9.400.000,00;2;Negociada;14:20:10;;27-25131225-2;SOLANA MARCELA ANDREA;NO;;;;;
1515845;03/08/2026;No Garantizado;SI;SI;NO;ECHEQ;SI;NO;C.I.;14:18:11;17:00:00;50;718;31,00;31,00;718;$;919.600,00;1;Negociada;14:20:12;;30-71679100-5;COOPERATIVA DE TRABAJO CEREALCOOP LTDA;NO;;;Certificado MiPyME;;
1515846;03/08/2026;No Garantizado;NO;SI;NO;ECHEQ;NO;NO;C.I.;14:18:24;17:00:00;9;754;45,00;45,00;754;$;8.622.000,00;1;Negociada;14:20:26;;33-69722563-9;ARGENTI LEMON S A;AO;20-18379192-4;BOZZI GUSTAVO LEONARDO;;;
1515847;03/08/2026;No Garantizado;NO;SI;NO;ECHEQ;SI;NO;C.I.;14:18:33;17:00:00;38;287;25,00;25,00;287;$;1.650.177.088,70;2;Negociada;14:21:02;;30-68537634-9;TARJETA NARANJA S.A.U.;NO;;;;;
1515848;03/08/2026;No Garantizado;NO;SI;NO;ECHEQ;NO;NO;C.I.;14:18:41;17:00:00;63;571;38,00;38,00;571;$;7.459.548,75;3;Negociada;14:20:42;;30-71797145-7;VOIT ARGENTINA  S. A. S.;AO;30-70958525-4;LUSTRAMAX SRL;;;
1515849;03/08/2026;No Garantizado;NO;SI;NO;ECHEQ;NO;NO;C.I.;14:18:43;17:00:00;32;537;44,99;45,00;754;$;19.545.869,00;1;Negociada;14:21:08;;30-71885637-6;LEMIRO PABLO PIETROBONI S.A. - COCIVIAL S.A. - SEMISA INFRAESTRUCTURA S.A. -UNION TRANSITORIA;AO;20-18379192-4;BOZZI GUSTAVO LEONARDO;;;
1515850;03/08/2026;Avalado;;SI;NO;ECHEQ;NO;NO;24Hs.;14:19:07;17:00:00;44;;;10,00;770;$;6.000.000,00;6;Desierta;;MOVI;;MOVIL S.G.R.;AO;;;;;
1515851;03/08/2026;Avalado;;SI;NO;ECHEQ;NO;NO;24Hs.;14:20:29;17:00:00;74;567;20,00;20,00;767;$;290.759.324,55;2;Negociada;14:22:31;GARA;;Garantizar S.G.R.;AO;;;;;
1515852;03/08/2026;No Garantizado;SI;SI;NO;ECHEQ;NO;NO;C.I.;14:20:39;17:00:00;73;15;32,00;32,00;15;$;485.000,00;1;Negociada;14:22:40;;27-40190947-3;RODRIGUEZ JENNIFER KAREN GISELLE;AO;;;Certificado MiPyME;;
1515853;03/08/2026;No Garantizado Calificado;NO;SI;NO;PAGARE;NO;NO;C.I.;14:21:13;17:00:00;793;687;12,95;12,95;687;DOL;814,41;1;Negociada;14:23:14;;30-71523744-6;LABAC SOCIEDAD ANONIMA;;30-71523744-6;LABAC SOCIEDAD ANONIMA;;;
1515854;03/08/2026;No Garantizado;SI;SI;NO;ECHEQ;NO;NO;C.I.;14:21:13;17:00:00;65;770;25,00;25,00;770;$;15.864.335,79;2;Negociada;14:23:14;;30-68537634-9;TARJETA NARANJA S.A.U.;AO;30-70862989-4;BARRILETE S.A.;Certificado MiPyME;;
1515855;03/08/2026;No Garantizado;SI;SI;NO;ECHEQ;NO;NO;C.I.;14:21:18;17:00:00;92;15;32,00;32,00;15;$;2.524.357,75;1;Negociada;14:23:20;;30-70943670-4;OTOSINSA SRL;AO;;;Certificado MiPyME;;
1515856;03/08/2026;Avalado;;SI;NO;ECHEQ;NO;NO;24Hs.;14:21:27;17:00:00;76;442;24,00;24,00;517;$;60.000.000,00;1;Negociada;14:23:28;AVAL;;Avaluar S.G.R.;AO;;;;;
1515857;03/08/2026;No Garantizado;SI;SI;NO;ECHEQ;NO;NO;C.I.;14:21:48;17:00:00;86;15;32,00;32,00;15;$;485.000,00;1;Negociada;14:23:50;;27-40190947-3;RODRIGUEZ JENNIFER KAREN GISELLE;AO;;;Certificado MiPyME;;
1515858;03/08/2026;No Garantizado Calificado;NO;SI;NO;PAGARE;NO;NO;C.I.;14:21:51;17:00:00;823;687;13,04;13,04;687;DOL;814,41;1;Negociada;14:23:52;;30-71523744-6;LABAC SOCIEDAD ANONIMA;;30-71523744-6;LABAC SOCIEDAD ANONIMA;;;
1515859;03/08/2026;No Garantizado;NO;SI;NO;ECHEQ;NO;NO;C.I.;14:21:54;17:00:00;9;465;38,00;38,00;465;$;30.260.213,00;3;Negociada;14:23:57;;30-59442530-4;SERVICIOS DE ALIMENTOS S A S. A.;AO;30-50090455-7;CHAMMAS SOC RESP LTDA;;;
1515860;03/08/2026;Avalado;;SI;NO;ECHEQ;SI;NO;24Hs.;14:22:09;17:00:00;62;287;23,00;23,00;804;$;12.000.000,00;1;Negociada;14:24:11;AFFI;;Affidavit S.G.R.;NO;;;;;
1515861;03/08/2026;No Garantizado;SI;SI;NO;ECHEQ;NO;NO;C.I.;14:22:18;17:00:00;38;15;32,00;32,00;15;$;2.689.082,12;2;Negociada;14:24:19;;20-20567024-7;NACACH SION ANDRES;AO;;;Certificado MiPyME;;
1515862;03/08/2026;No Garantizado Calificado;NO;SI;NO;PAGARE;NO;NO;C.I.;14:22:33;17:00:00;855;687;13,15;13,15;687;DOL;814,41;1;Negociada;14:24:35;;30-71523744-6;LABAC SOCIEDAD ANONIMA;;30-71523744-6;LABAC SOCIEDAD ANONIMA;;;
1515863;03/08/2026;No Garantizado;SI;SI;NO;ECHEQ;NO;NO;C.I.;14:22:50;17:00:00;108;15;32,00;32,00;15;$;4.000.000,00;1;Negociada;14:24:51;;20-07595629-1;WENGIER JORGE SERGIO;AO;;;Certificado MiPyME;;
1515864;03/08/2026;Avalado;;SI;NO;ECHEQ;NO;NO;24Hs.;14:23:07;17:00:00;65;502;25,00;25,00;545;$;3.000.000,00;2;Negociada;15:14:57;INPY;;Integra Pymes S.G.R.;AO;;;;;
1515865;03/08/2026;No Garantizado;SI;SI;NO;ECHEQ;NO;NO;C.I.;14:23:26;17:00:00;79;15;32,00;32,00;15;$;41.552,05;1;Negociada;14:25:28;;30-70905588-3;MITO SRL;AO;;;Certificado MiPyME;;
1515866;03/08/2026;No Garantizado Calificado;NO;SI;NO;ECHEQ;NO;NO;C.I.;14:23:54;17:00:00;132;465;38,00;38,00;465;$;18.808.688,00;3;Negociada;14:25:56;;30-71786908-3;EL MERCADITO NATURAL S.R.L.;AO;30-50090455-7;CHAMMAS SOC RESP LTDA;;;
1515867;03/08/2026;Avalado;;SI;NO;ECHEQ;NO;NO;24Hs.;14:23:55;17:00:00;281;;;25,00;755;$;132.062.144,00;11;Desierta;;BIND;;Garantias Bind S.G.R.;AO;;;;;
1515868;03/08/2026;No Garantizado Calificado;NO;SI;NO;PAGARE;NO;NO;C.I.;14:23:56;17:00:00;885;687;13,24;13,24;687;DOL;814,41;1;Negociada;14:25:58;;30-71523744-6;LABAC SOCIEDAD ANONIMA;;30-71523744-6;LABAC SOCIEDAD ANONIMA;;;
1515869;03/08/2026;No Garantizado;SI;SI;NO;ECHEQ;NO;NO;C.I.;14:24:03;17:00:00;107;15;32,00;32,00;15;$;785.609,49;1;Negociada;14:26:04;;30-70771109-0;LOMERIDE S A;AO;;;Certificado MiPyME;;
1515870;03/08/2026;No Garantizado Calificado;NO;SI;NO;PAGARE;NO;NO;C.I.;14:24:33;17:00:00;917;687;13,34;13,34;687;DOL;814,41;1;Negociada;14:26:35;;30-71523744-6;LABAC SOCIEDAD ANONIMA;;30-71523744-6;LABAC SOCIEDAD ANONIMA;;;
1515871;03/08/2026;No Garantizado;SI;SI;NO;ECHEQ;NO;NO;C.I.;14:24:35;17:00:00;101;15;32,00;32,00;15;$;485.000,00;1;Negociada;14:26:37;;27-40190947-3;RODRIGUEZ JENNIFER KAREN GISELLE;AO;;;Certificado MiPyME;;
1515872;03/08/2026;No Garantizado Calificado;NO;SI;NO;PAGARE;NO;NO;C.I.;14:24:58;17:00:00;945;687;13,43;13,43;687;DOL;814,41;1;Negociada;14:26:59;;30-71523744-6;LABAC SOCIEDAD ANONIMA;;30-71523744-6;LABAC SOCIEDAD ANONIMA;;;
1515873;03/08/2026;No Garantizado;NO;SI;NO;PAGARE;NO;NO;C.I.;14:25:05;17:00:00;146;825;6,00;6,00;825;DOL;65.000,00;5;Negociada;14:27:07;;20-23683617-8;SAMMARTINO ANDRES GUSTAVO;;20-23683617-8;SAMMARTINO ANDRES GUSTAVO;;;
1515874;03/08/2026;No Garantizado;SI;SI;NO;ECHEQ;NO;NO;C.I.;14:25:10;17:00:00;116;15;32,00;32,00;15;$;485.000,00;1;Negociada;14:27:11;;27-40190947-3;RODRIGUEZ JENNIFER KAREN GISELLE;AO;;;Certificado MiPyME;;
1515875;03/08/2026;No Garantizado;NO;SI;NO;ECHEQ;NO;NO;C.I.;14:25:20;17:00:00;10;465;38,00;38,00;465;$;4.717.959,40;2;Negociada;14:27:22;;30-71685216-0;CEF DISTRIBUCIONES S.A.S.;AO;30-50090455-7;CHAMMAS SOC RESP LTDA;;;
1515876;03/08/2026;No Garantizado Calificado;NO;SI;NO;PAGARE;NO;NO;C.I.;14:25:24;17:00:00;945;687;13,43;13,43;687;DOL;40.720,45;1;Negociada;14:27:26;;30-71523744-6;LABAC SOCIEDAD ANONIMA;;30-71523744-6;LABAC SOCIEDAD ANONIMA;;;
1515877;03/08/2026;No Garantizado;NO;SI;NO;ECHEQ;NO;NO;C.I.;14:25:36;17:00:00;30;465;38,00;38,00;465;$;532.872,00;1;Negociada;14:27:38;;20-37525413-2;PEREYRA GERARDO ADRIAN;AO;30-50090455-7;CHAMMAS SOC RESP LTDA;;;
1515878;03/08/2026;No Garantizado;SI;SI;NO;ECHEQ;NO;NO;C.I.;14:25:38;17:00:00;85;15;32,00;32,00;15;$;1.344.541,06;1;Negociada;14:27:40;;20-20567024-7;NACACH SION ANDRES;AO;;;Certificado MiPyME;;
1515879;03/08/2026;No Garantizado;SI;SI;NO;ECHEQ;SI;NO;C.I.;14:25:38;17:00:00;51;569;28,00;28,00;847;$;150.000.000,00;1;Negociada;14:28:43;;30-70956507-5;AGUA Y SANEAMIENTOS ARGENTINOS SOCIEDAD ANONIMA;NO;;;Certificado MiPyME;;
1515880;03/08/2026;No Garantizado;SI;SI;NO;ECHEQ;NO;NO;C.I.;14:25:54;17:00:00;31;406;23,50;23,50;559;$;3.506.014.670,26;1;Negociada;15:34:05;;30-69554247-6;PAN AMERICAN ENERGY, S.L., SUCURSAL ARGENTINA;AO;;;Certificado MiPyME;;
1515881;03/08/2026;No Garantizado;SI;SI;NO;ECHEQ;NO;NO;C.I.;14:26:09;17:00:00;77;15;32,00;32,00;15;$;785.609,49;1;Negociada;14:28:11;;30-70771109-0;LOMERIDE S A;AO;;;Certificado MiPyME;;
1515882;03/08/2026;No Garantizado;NO;SI;NO;PAGARE;NO;NO;C.I.;14:26:33;17:00:00;28;512;35,00;35,00;512;$;2.876.791.489,00;1;Negociada;14:28:35;;30-71753557-6;HIDROCARBUROS DEL NORTE S.A.;;30-71753557-6;HIDROCARBUROS DEL NORTE S.A.;;;
1515883;03/08/2026;No Garantizado;NO;SI;NO;PAGARE;NO;NO;C.I.;14:26:52;17:00:00;28;512;35,00;35,00;512;$;347.571.041,00;1;Negociada;14:28:53;;30-71672768-4;IOG RESOURCES S.A.;;30-71672768-4;IOG RESOURCES S.A.;;;
1515884;03/08/2026;No Garantizado;NO;NO;NO;PAGARE;NO;NO;C.I.;14:27:43;17:00:00;11;406;1,00;1,00;406;U$D;200.000,00;1;Negociada;15:44:43;;30-59747321-0;CUYOPLACAS SA;;;;;;
1515885;03/08/2026;No Garantizado;NO;SI;NO;ECHEQ;NO;NO;C.I.;14:29:20;17:00:00;23;465;38,00;38,00;465;$;2.069.421,90;1;Negociada;14:31:21;;30-70814056-9;ALISER GASTRONOMIA S.A.;AO;30-50090455-7;CHAMMAS SOC RESP LTDA;;;
1515886;03/08/2026;No Garantizado;NO;SI;NO;ECHEQ;NO;NO;C.I.;14:30:39;17:00:00;44;465;30,00;30,00;465;$;10.000.000,00;1;Negociada;14:32:40;;30-71667013-5;MBC FERIAS S.A.S.;AO;20-26313386-3;ZABLOSKY TOMAS IGNACIO;;;
1515887;03/08/2026;Avalado;;SI;NO;ECHEQ;NO;NO;24Hs.;14:31:05;17:00:00;19;406;22,00;22,00;422;$;602.597.110,13;6;Negociada;15:12:36;CMFI;;BANCO COMAFI S.A.;AO;;;;;
1515888;03/08/2026;Avalado;;SI;NO;ECHEQ;NO;NO;24Hs.;14:31:33;17:00:00;106;523;22,00;22,00;422;$;38.226.774,00;1;Negociada;14:48:31;CMFI;;BANCO COMAFI S.A.;AO;;;;;
1515889;03/08/2026;No Garantizado;SI;SI;NO;ECHEQ;NO;NO;C.I.;14:31:57;17:00:00;135;41;55,00;55,00;41;$;1.131.847,19;1;Negociada;14:33:59;;30-68537634-9;TARJETA NARANJA S.A.U.;AO;;;Certificado MiPyME;;
1515890;03/08/2026;No Garantizado;SI;SI;NO;ECHEQ;NO;NO;C.I.;14:32:42;17:00:00;73;41;45,00;45,00;41;$;281.461,20;2;Negociada;14:35:51;;30-71632558-6;GO SERVICIOS DIGITALES SOCIEDAD POR ACCIONES SIMPLIFICADA S. A. S.;AO;;;Certificado MiPyME;;
1515891;03/08/2026;Avalado;;SI;NO;ECHEQ;NO;NO;24Hs.;14:36:04;17:00:00;25;;;20,00;720;$;267.409.400,21;3;Desierta;;BAIN;;BANCO INDUSTRIAL SA;AO;;;;;
1515892;03/08/2026;No Garantizado;SI;SI;NO;ECHEQ;SI;NO;C.I.;14:37:38;17:00:00;30;15;30,00;30,00;15;$;5.922.950,00;1;Negociada;14:43:15;;30-57000787-0;LABORATORIO CUENCA S A;NO;;;Certificado MiPyME;;
1515893;03/08/2026;No Garantizado;NO;SI;NO;ECHEQ;NO;NO;C.I.;14:39:21;17:00:00;65;433;35,00;35,00;433;$;14.265.832,31;3;Negociada;14:41:23;;30-62499819-3;BUROMAHTIK SOCIEDAD ANONIMA;AO;30-71682909-6;FULLCREDIT S.A.;;;
1515894;03/08/2026;No Garantizado;NO;SI;NO;ECHEQ;NO;NO;24Hs.;14:39:26;17:00:00;79;;;45,00;767;$;8.000.000,00;1;Desierta;;;30-71703334-1;GRUPO PAMPEANO S.R.L.;AO;27-39566113-8;GARCIA MARIA PAULA;;;
1515895;03/08/2026;No Garantizado;NO;SI;NO;ECHEQ;NO;NO;C.I.;14:40:54;17:00:00;66;427;36,00;36,00;427;$;5.000.000,00;1;Negociada;14:42:55;;30-70854075-3;AIR POWER S A S. A.;AO;;;;;
1515896;03/08/2026;Avalado;;SI;NO;PAGARE;NO;NO;C.I.;14:42:37;17:00:00;374;716;7,00;7,00;716;U$S;3.600,00;1;Negociada;15:31:08;AFFI;;Affidavit S.G.R.;;;;;;
1515897;03/08/2026;No Garantizado;NO;SI;NO;ECHEQ;NO;NO;C.I.;14:43:41;17:00:00;57;;;;767;$;40.000.000,00;2;Desierta (Baja);;;30-71878217-8;GERARDFIL S.R.L.;AO;30-71878217-8;GERARDFIL S.R.L.;;;
1515898;03/08/2026;No Garantizado;SI;SI;NO;FCE;NO;NO;C.I.;14:43:54;17:00:00;22;;;23,50;701;$;576.165.962,66;1;Desierta;;%GSP;30-71543341-5;GAS Y PETROLEO DEL NEUQUEN S. A. - PAN AMERICAN ENERGY, S.L. SUC. ARGENTINA - UNION TRANSITORIA - AREA COIRON AMARGO SUR ESTE U. T. E.;;;;;;
1515899;03/08/2026;No Garantizado;NO;SI;NO;ECHEQ;NO;NO;C.I.;14:43:54;17:00:00;17;449;29,75;30,00;447;$;2.691.900,00;1;Negociada;14:51:46;;30-61398599-5;LARTIRIGOYEN Y CIA S A;AO;20-29373602-3;DIAZ HECTOR DANIEL;;;
1515900;03/08/2026;Avalado;;SI;NO;ECHEQ;NO;NO;24Hs.;14:43:55;17:00:00;62;;;21,00;897;$;24.710.533,53;1;Desierta;;ACPY;;Acindar Pymes S.G.R.;AO;;;;;
1515901;03/08/2026;No Garantizado;SI;SI;NO;ECHEQ;NO;NO;C.I.;14:44:02;17:00:00;31;718;30,00;30,00;718;$;12.000.000,00;6;Negociada;14:56:07;;30-51098410-9;SUCESORES DE SALOMON JALIL S R L;AO;;;Certificado MiPyME;;
1515902;03/08/2026;No Garantizado;SI;SI;NO;ECHEQ;SI;NO;24Hs.;14:44:30;17:00:00;43;523;24,00;24,00;598;$;775.912.805,22;2;Negociada;14:46:32;;30-68537634-9;TARJETA NARANJA S.A.U.;NO;;;Certificado MiPyME;;
1515903;03/08/2026;No Garantizado Calificado;NO;SI;NO;ECHEQ;NO;NO;C.I.;14:44:58;17:00:00;16;554;33,00;33,00;827;$;8.500.000,00;1;Negociada;14:47:00;;30-70846648-0;LOS COIRONES S.A.;AO;30-70846648-0;LOS COIRONES S.A.;;;
1515904;03/08/2026;No Garantizado Calificado;NO;SI;NO;PAGARE;NO;NO;C.I.;14:45:25;17:00:00;87;433;18,00;18,00;433;$;362.000.000,00;1;Negociada;14:47:26;;30-71464746-2;GRUB S.A.;;30-71464746-2;GRUB S.A.;;;
1515905;03/08/2026;No Garantizado Calificado;NO;SI;NO;ECHEQ;NO;NO;C.I.;14:45:31;17:00:00;93;465;38,00;38,00;465;$;25.000.000,00;1;Negociada;14:47:32;;30-50090455-7;CHAMMAS SOC RESP LTDA;AO;30-50090455-7;CHAMMAS SOC RESP LTDA;;;
1515906;03/08/2026;No Garantizado;NO;SI;NO;ECHEQ;NO;NO;C.I.;14:45:55;17:00:00;84;572;35,00;35,00;435;$;4.001.560,00;1;Negociada;14:48:45;;30-71703334-1;GRUPO PAMPEANO S.R.L.;AO;30-71910278-2;CERRO GRANDE GANADERO S. A. S.;;;
1515907;03/08/2026;No Garantizado;NO;SI;NO;ECHEQ;NO;NO;C.I.;14:45:55;17:00:00;32;20;48,00;48,00;20;$;85.000.000,00;7;Negociada;14:51:18;;30-70873689-5;TRADICION GANADERA S. A.;AO;30-62387327-3;ASOCIACION MUTUAL GUSTAVO COCHET;;;
1515908;03/08/2026;No Garantizado Calificado;NO;SI;NO;ECHEQ;NO;NO;C.I.;14:46:05;17:00:00;129;465;38,00;38,00;465;$;4.227.841,00;1;Negociada;14:48:07;;30-71786908-3;EL MERCADITO NATURAL S.R.L.;AO;30-50090455-7;CHAMMAS SOC RESP LTDA;;;
1515909;03/08/2026;No Garantizado Calificado;NO;SI;NO;ECHEQ;NO;NO;C.I.;14:46:08;17:00:00;52;20;48,00;48,00;20;$;14.451.226,02;3;Negociada;14:51:32;;30-71685537-2;PROCESOS INDUSTRIALES METALLO SA;AO;30-62387327-3;ASOCIACION MUTUAL GUSTAVO COCHET;;;
1515910;03/08/2026;No Garantizado;NO;SI;NO;ECHEQ;NO;NO;C.I.;14:46:15;17:00:00;65;433;38,00;38,00;433;$;25.000.000,00;1;Negociada;14:48:17;;30-68271370-0;MUTUAL A M F A Y S ASOCIACION MUTUAL;AO;30-68271370-0;MUTUAL A M F A Y S ASOCIACION MUTUAL;;;
1515911;03/08/2026;No Garantizado;NO;SI;NO;ECHEQ;NO;NO;C.I.;14:46:16;17:00:00;80;572;35,00;35,00;435;$;3.000.000,00;1;Negociada;14:48:33;;30-71703334-1;GRUPO PAMPEANO S.R.L.;AO;30-71910278-2;CERRO GRANDE GANADERO S. A. S.;;;
1515912;03/08/2026;No Garantizado;NO;SI;NO;ECHEQ;NO;NO;C.I.;14:46:26;17:00:00;72;20;48,00;48,00;20;$;30.000.000,00;2;Negociada;14:51:46;;30-71509939-6;HACIENDAS FEDERALES S.R.L.;AO;30-62387327-3;ASOCIACION MUTUAL GUSTAVO COCHET;;;
1515913;03/08/2026;No Garantizado;NO;SI;NO;ECHEQ;NO;NO;C.I.;14:46:45;17:00:00;48;20;30,50;48,00;20;$;62.000.000,00;2;Negociada;15:07:00;;33-52310647-9;GANADEROS DE CERES COOPERATIVA LIMITADA;AO;30-62387327-3;ASOCIACION MUTUAL GUSTAVO COCHET;;;
1515914;03/08/2026;No Garantizado;NO;SI;NO;ECHEQ;NO;NO;C.I.;14:46:59;17:00:00;32;20;48,00;48,00;20;$;15.000.000,00;3;Negociada;14:52:19;;33-53534712-9;FIORITO Y SEBASTIANI S A;AO;30-62387327-3;ASOCIACION MUTUAL GUSTAVO COCHET;;;
1515915;03/08/2026;No Garantizado;NO;SI;NO;PAGARE;NO;NO;C.I.;14:47:07;17:00:00;156;433;8,00;8,00;433;U$D;20.000,00;1;Negociada;14:49:08;;30-70791267-3;DEMAGRO SRL.;;30-70791267-3;DEMAGRO SRL.;;;
1515916;03/08/2026;No Garantizado;NO;SI;NO;ECHEQ;NO;NO;C.I.;14:47:12;17:00:00;72;20;48,00;48,00;20;$;13.000.000,00;1;Negociada;14:52:31;;33-71205460-9;ESTEBAN ABELENDA S.A;AO;30-62387327-3;ASOCIACION MUTUAL GUSTAVO COCHET;;;
1515917;03/08/2026;No Garantizado;NO;SI;NO;ECHEQ;SI;NO;C.I.;14:47:36;17:00:00;78;442;23,50;23,50;517;$;262.316.688,32;2;Negociada;14:49:38;;30-70956507-5;AGUA Y SANEAMIENTOS ARGENTINOS SOCIEDAD ANONIMA;NO;33-70970010-9;CRZ CONSTRUCCIONES SA;;;
1515918;03/08/2026;Avalado;;SI;NO;ECHEQ;NO;NO;C.I.;14:47:52;17:00:00;35;;;0,00;449;$;2.952.919,33;5;Desierta (Baja);;ACPY;;Acindar Pymes S.G.R.;AO;;;;;
1515919;03/08/2026;No Garantizado;NO;SI;NO;ECHEQ;NO;NO;24Hs.;14:47:54;17:00:00;83;20;48,00;48,00;20;$;100.000.000,00;2;Negociada;14:51:03;;33-52310647-9;GANADEROS DE CERES COOPERATIVA LIMITADA;AO;30-62387327-3;ASOCIACION MUTUAL GUSTAVO COCHET;;;
1515920;03/08/2026;No Garantizado;NO;SI;NO;ECHEQ;NO;NO;C.I.;14:47:56;17:00:00;65;433;38,00;38,00;433;$;120.000.000,00;6;Negociada;14:49:58;;30-68517946-2;COOPERATIVA DE VIVIENDA CREDITO Y CONSUMO PARA EL DESARROLLO LIMITADA;AO;30-68517946-2;COOPERATIVA DE VIVIENDA CREDITO Y CONSUMO PARA EL DESARROLLO LIMITADA;;;
1515921;03/08/2026;Avalado;;SI;NO;ECHEQ;NO;NO;24Hs.;14:48:07;17:00:00;125;507;24,00;24,00;526;$;72.000.000,00;9;Negociada;14:50:09;NOVA;;INNOVA S.G.R.;AO;;;;;
1515922;03/08/2026;No Garantizado Calificado;NO;SI;NO;ECHEQ;NO;NO;C.I.;14:48:12;17:00:00;79;465;38,00;38,00;465;$;5.000.000,00;5;Negociada;14:50:13;;30-71048420-8;ALIMENTARIA SAN FRANCISCO S.A.;AO;30-71048420-8;ALIMENTARIA SAN FRANCISCO S.A.;;;
1515923;03/08/2026;No Garantizado;NO;SI;NO;ECHEQ;SI;NO;24Hs.;14:48:15;17:00:00;10;841;25,00;25,00;422;$;43.073.250,96;1;Negociada;14:59:22;;30-54808315-6;COTO CENTRO INTEGRAL DE COMERCIALIZACION SOCIEDAD ANONIMA;NO;30-67237153-4;DON BASILIO SRL;;;
1515924;03/08/2026;No Garantizado;NO;SI;NO;ECHEQ;NO;NO;24Hs.;14:48:25;17:00:00;141;;;36,00;47;$;5.000.000,00;1;Desierta;;;30-71511397-6;JET OIL TECHNOLOGY SA;AO;30-71511397-6;JET OIL TECHNOLOGY SA;;;
1515925;03/08/2026;No Garantizado;NO;SI;NO;ECHEQ;NO;NO;C.I.;14:48:37;17:00:00;172;;;36,00;47;$;5.000.000,00;1;Desierta;;;30-71511397-6;JET OIL TECHNOLOGY SA;AO;30-71511397-6;JET OIL TECHNOLOGY SA;;;
1515926;03/08/2026;Avalado;;SI;NO;ECHEQ;NO;NO;24Hs.;14:48:44;17:00:00;127;;;22,00;526;$;80.000.000,00;10;Desierta;;FIDE;;Fidem S.G.R.;AO;;;;;
1515927;03/08/2026;Avalado;;SI;NO;ECHEQ;NO;NO;24Hs.;14:48:44;17:00:00;121;406;22,00;22,00;545;$;100.000.000,00;2;Negociada;15:08:56;POTE;;Potenciar S.G.R.;AO;;;;;
1515928;03/08/2026;No Garantizado;SI;SI;NO;PAGARE;NO;NO;C.I.;14:48:45;17:00:00;60;569;10,00;10,00;569;DOL;103.700,00;1;Negociada;14:50:47;;20-20362414-0;MAIOLI ALDO MARIANO;;20-20362414-0;MAIOLI ALDO MARIANO;Certificado MiPyME;;
1515929;03/08/2026;No Garantizado;NO;SI;NO;ECHEQ;NO;NO;24Hs.;14:48:51;17:00:00;203;;;37,00;47;$;5.000.000,00;1;Desierta;;;30-71511397-6;JET OIL TECHNOLOGY SA;AO;30-71511397-6;JET OIL TECHNOLOGY SA;;;
1515930;03/08/2026;Garantizado;SI;SI;NO;PAGARE;NO;NO;24Hs.;14:49:01;17:00:00;38;15;22,00;22,00;15;$;200.000.000,00;1;Negociada;14:52:41;;;;;;;Certificado MiPyME;;
1515931;03/08/2026;No Garantizado;NO;SI;NO;ECHEQ;NO;NO;24Hs.;14:49:03;17:00:00;216;;;37,00;47;$;5.000.000,00;1;Desierta;;;30-71511397-6;JET OIL TECHNOLOGY SA;AO;30-71511397-6;JET OIL TECHNOLOGY SA;;;
1515932;03/08/2026;No Garantizado;NO;SI;NO;ECHEQ;NO;NO;24Hs.;14:49:14;17:00:00;190;;;37,00;47;$;5.000.000,00;1;Desierta;;;30-71511397-6;JET OIL TECHNOLOGY SA;AO;30-71511397-6;JET OIL TECHNOLOGY SA;;;
1515933;03/08/2026;No Garantizado;NO;SI;NO;ECHEQ;NO;NO;24Hs.;14:49:28;17:00:00;155;;;36,00;47;$;5.000.000,00;1;Desierta;;;30-71511397-6;JET OIL TECHNOLOGY SA;AO;30-71511397-6;JET OIL TECHNOLOGY SA;;;
1515934;03/08/2026;No Garantizado;NO;SI;NO;ECHEQ;NO;NO;C.I.;14:49:39;17:00:00;15;754;45,00;45,00;754;$;31.320.000,02;1;Negociada;14:51:52;;30-61619656-8;LA RURAL S.R.L.;AO;;;;;
1515935;03/08/2026;No Garantizado Calificado;NO;SI;NO;ECHEQ;NO;NO;C.I.;14:49:42;17:00:00;25;587;28,00;28,00;587;$;102.400.000,00;2;Negociada;14:51:44;;30-50964587-2;DORRONZORO HNOS S. A.;AO;30-50964587-2;DORRONZORO HNOS S. A.;;;
1515936;03/08/2026;No Garantizado;SI;SI;NO;ECHEQ;NO;NO;C.I.;14:49:43;17:00:00;36;15;29,00;29,00;15;$;163.650.000,00;8;Negociada;14:56:07;;30-50465745-7;NOVACAP S A I C A;AO;30-50465745-7;NOVACAP S A I C A;Certificado MiPyME;;
1515937;03/08/2026;Avalado;;SI;NO;ECHEQ;NO;NO;24Hs.;14:49:47;17:00:00;48;;;;852;$;29.565.548,13;2;Desierta;;ACPY;;Acindar Pymes S.G.R.;AO;;;;;
1515938;03/08/2026;Avalado;;SI;NO;ECHEQ;NO;NO;24Hs.;14:50:28;17:00:00;122;;;;852;$;60.000.000,00;3;Desierta;;ARPY;;Argenpymes S.G.R.;AO;;;;;
1515939;03/08/2026;No Garantizado;NO;SI;NO;ECHEQ;SI;NO;24Hs.;14:50:36;17:00:00;94;804;31,00;31,00;804;$;20.000.000,00;2;Negociada;14:52:37;;30-62451743-8;AGRO-EXPORTADORA SAN CEFERINO SA;NO;30-62451743-8;AGRO-EXPORTADORA SAN CEFERINO SA;;;
1515940;03/08/2026;Avalado;;SI;NO;ECHEQ;NO;NO;24Hs.;14:50:43;17:00:00;35;15;19,00;19,00;809;$;283.593.165,24;1;Negociada;15:24:47;BMAR;;BANCO MARIVA S.A.;AO;;;;;
1515941;03/08/2026;No Garantizado;SI;SI;NO;FCE;NO;NO;24Hs.;14:51:37;17:00:00;27;287;21,00;21,00;545;$;409.924.365,40;4;Negociada;14:53:38;%VII;33-51595089-9;VISTA ENERGY ARGENTINA S.A.U;;;;;;
1515942;03/08/2026;No Garantizado;NO;SI;NO;ECHEQ;NO;NO;C.I.;14:52:22;17:00:00;10;572;35,00;35,00;714;$;4.036.500,00;1;Negociada;14:54:23;;30-70939920-5;CABAÑA EL FORTIN S.A.;AO;30-71893575-6;MONTESSIAN S. R. L.;;;
1515943;03/08/2026;No Garantizado;NO;SI;NO;PAGARE;NO;NO;24Hs.;14:53:20;17:00:00;547;687;12,52;12,52;687;DOL;100.594,67;1;Negociada;14:56:07;;33-58612754-9;TRANS BAN  S A;;33-58612754-9;TRANS BAN  S A;;;
1515944;03/08/2026;No Garantizado;NO;SI;NO;PAGARE;NO;NO;C.I.;14:54:16;17:00:00;32;764;32,00;32,00;764;$;156.000.000,00;2;Negociada;14:56:17;;30-71525663-7;UFINAN S.A. S. A.;;30-71525663-7;UFINAN S.A. S. A.;;;
1515945;03/08/2026;No Garantizado Calificado;NO;SI;NO;PAGARE;NO;NO;C.I.;14:57:08;17:00:00;976;687;13,54;13,54;687;DOL;407,20;1;Negociada;14:59:10;;30-71523744-6;LABAC SOCIEDAD ANONIMA;;30-71523744-6;LABAC SOCIEDAD ANONIMA;;;
1515946;03/08/2026;Avalado;;SI;NO;PAGARE;NO;NO;24Hs.;14:57:14;17:00:00;273;;;;785;U$S;100.000,00;1;Desierta (Baja);;CAMP;;Campo Aval S.G.R.;;;;;;
1515947;03/08/2026;No Garantizado Calificado;NO;SI;NO;PAGARE;NO;NO;C.I.;14:57:34;17:00:00;1005;687;13,61;13,61;687;DOL;407,20;1;Negociada;14:59:36;;30-71523744-6;LABAC SOCIEDAD ANONIMA;;30-71523744-6;LABAC SOCIEDAD ANONIMA;;;
1515948;03/08/2026;No Garantizado Calificado;NO;SI;NO;PAGARE;NO;NO;C.I.;14:57:58;17:00:00;1037;687;13,71;13,71;687;DOL;407,20;1;Negociada;14:59:59;;30-71523744-6;LABAC SOCIEDAD ANONIMA;;30-71523744-6;LABAC SOCIEDAD ANONIMA;;;
1515949;03/08/2026;Avalado;;SI;NO;ECHEQ;NO;NO;24Hs.;14:58:08;17:00:00;124;406;25,00;25,00;545;$;35.740.309,20;7;Negociada;15:07:48;CREC;;Crecer S.G.R.;AO;;;;;
1515950;03/08/2026;No Garantizado Calificado;NO;SI;NO;PAGARE;NO;NO;C.I.;14:58:17;17:00:00;1066;687;13,80;13,80;687;DOL;407,20;1;Negociada;15:00:19;;30-71523744-6;LABAC SOCIEDAD ANONIMA;;30-71523744-6;LABAC SOCIEDAD ANONIMA;;;
1515951;03/08/2026;No Garantizado Calificado;NO;SI;NO;ECHEQ;NO;NO;C.I.;14:58:32;17:00:00;32;25;36,00;36,00;25;$;10.750.000,00;1;Negociada;15:00:33;;30-71175525-6;FLECHA LOG S.A.;AO;30-71175525-6;FLECHA LOG S.A.;;;
1515952;03/08/2026;No Garantizado;SI;SI;NO;ECHEQ;NO;NO;C.I.;14:58:36;17:00:00;36;770;25,00;25,00;770;$;200.000.000,00;1;Negociada;15:05:40;;30-64078319-9;ARGENSUN  SOCIEDAD ANONIMA;AO;30-64078319-9;ARGENSUN  SOCIEDAD ANONIMA;Certificado MiPyME;;
1515953;03/08/2026;No Garantizado Calificado;NO;SI;NO;PAGARE;NO;NO;C.I.;14:58:42;17:00:00;1096;687;13,89;13,89;687;DOL;407,20;1;Negociada;15:00:43;;30-71523744-6;LABAC SOCIEDAD ANONIMA;;30-71523744-6;LABAC SOCIEDAD ANONIMA;;;
1515954;03/08/2026;Avalado;;SI;NO;ECHEQ;NO;NO;24Hs.;14:58:52;17:00:00;100;114;24,50;24,50;405;$;100.000.000,00;4;Negociada;15:00:53;PROM;;Promover S.G.R.;AO;;;;;
1515955;03/08/2026;No Garantizado Calificado;NO;SI;NO;ECHEQ;NO;NO;C.I.;14:58:56;17:00:00;36;25;32,00;32,00;25;$;32.250.000,00;3;Negociada;15:00:58;;30-71175525-6;FLECHA LOG S.A.;AO;30-71175525-6;FLECHA LOG S.A.;;;
1515956;03/08/2026;No Garantizado Calificado;NO;SI;NO;PAGARE;NO;NO;C.I.;14:59:03;17:00:00;1129;687;13,99;13,99;687;DOL;41.127,65;2;Negociada;15:01:05;;30-71523744-6;LABAC SOCIEDAD ANONIMA;;30-71523744-6;LABAC SOCIEDAD ANONIMA;;;
1515957;03/08/2026;Avalado;;SI;NO;ECHEQ;NO;NO;24Hs.;14:59:26;17:00:00;101;114;25,00;25,00;405;$;20.000.000,00;1;Negociada;15:13:27;PROM;;Promover S.G.R.;AO;;;;;
1515958;03/08/2026;No Garantizado;NO;SI;NO;ECHEQ;NO;NO;24Hs.;14:59:30;17:00:00;76;;;25,00;754;$;21.099.707,81;5;Desierta;;;30-68537634-9;TARJETA NARANJA S.A.U.;AO;;;;;
1515959;03/08/2026;Avalado;;SI;NO;ECHEQ;NO;NO;24Hs.;14:59:37;17:00:00;102;114;24,50;24,50;405;$;40.000.000,00;2;Negociada;15:10:42;PROM;;Promover S.G.R.;AO;;;;;
1515960;03/08/2026;No Garantizado;SI;SI;NO;FCE;NO;NO;24Hs.;14:59:48;17:00:00;28;287;21,00;21,00;545;$;359.386.935,29;5;Negociada;15:02:21;%VII;33-51595089-9;VISTA ENERGY ARGENTINA S.A.U;;;;;;
1515961;03/08/2026;No Garantizado;SI;SI;NO;ECHEQ;NO;NO;24Hs.;14:59:54;17:00:00;148;;;25,00;754;$;1.286.748,00;3;Desierta;;;30-68537634-9;TARJETA NARANJA S.A.U.;AO;;;Certificado MiPyME;;
1515962;03/08/2026;No Garantizado Calificado;NO;SI;NO;ECHEQ;NO;NO;C.I.;14:59:57;17:00:00;63;;;;406;$;13.500.000,00;3;Desierta (Baja);;;30-71682909-6;FULLCREDIT S.A.;AO;;;;;
1515963;03/08/2026;Garantizado;SI;SI;NO;ECHEQ;NO;NO;24Hs.;15:00:08;17:00:00;14;523;25,00;25,00;754;$;11.000.000,00;2;Negociada;15:02:09;;;;AO;;;Certificado MiPyME;;
1515964;03/08/2026;Avalado;;SI;NO;ECHEQ;NO;NO;24Hs.;15:00:16;17:00:00;16;;;20,00;422;$;23.671.791,36;3;Desierta;;CMFI;;BANCO COMAFI S.A.;AO;;;;;
1515965;03/08/2026;Garantizado Calificado;NO;SI;NO;PAGARE;NO;NO;C.I.;15:00:17;17:00:00;104;545;62,00;62,00;545;$;5.000.000,00;2;Negociada;15:06:23;;;;;;;;;
1515966;03/08/2026;Garantizado Calificado;NO;SI;NO;ECHEQ;NO;NO;24Hs.;15:00:21;17:00:00;21;;;25,00;754;$;5.635.171,00;5;Desierta;;;;;AO;;;;;
1515967;03/08/2026;No Garantizado;NO;SI;NO;ECHEQ;NO;NO;C.I.;15:00:54;17:00:00;85;427;36,00;36,00;427;$;40.000.000,00;4;Negociada;15:02:56;;30-70854075-3;AIR POWER S A S. A.;AO;;;;;
1515968;03/08/2026;Garantizado Calificado;SI;SI;NO;ECHEQ;NO;NO;24Hs.;15:00:56;17:00:00;21;432;25,00;25,00;754;$;1.803.753,12;3;Negociada;15:05:20;;;;AO;;;Certificado MiPyME;;
1515969;03/08/2026;Garantizado;SI;SI;NO;ECHEQ;NO;NO;24Hs.;15:01:17;17:00:00;15;523;25,00;25,00;754;$;5.000.000,00;1;Negociada;15:03:18;;;;AO;;;Certificado MiPyME;;
1515970;03/08/2026;No Garantizado Calificado;NO;SI;NO;ECHEQ;NO;NO;C.I.;15:01:28;17:00:00;63;406;40,00;40,00;406;$;13.500.000,00;3;Negociada;15:22:02;;30-71682909-6;FULLCREDIT S.A.;AO;;;;;
1515971;03/08/2026;No Garantizado;NO;SI;NO;ECHEQ;NO;NO;C.I.;15:01:47;17:00:00;100;427;36,00;36,00;427;$;5.000.000,00;1;Negociada;15:03:49;;30-70854075-3;AIR POWER S A S. A.;AO;;;;;
1515972;03/08/2026;No Garantizado;NO;SI;NO;ECHEQ;NO;NO;C.I.;15:01:56;17:00:00;106;537;44,00;44,00;537;$;10.000.000,00;2;Negociada;15:08:16;;30-69217647-9;HURUMA SA;AO;30-71238604-1;LAS PAIVA S.A.;;;
1515973;03/08/2026;Avalado;;SI;NO;PAGARE;NO;NO;24Hs.;15:02:07;17:00:00;364;526;5,50;5,50;526;U$D;75.000,00;1;Negociada;15:04:13;POTE;;Potenciar S.G.R.;;;;;;
1515974;03/08/2026;No Garantizado;NO;SI;NO;ECHEQ;NO;NO;C.I.;15:02:21;17:00:00;108;537;44,00;44,00;537;$;10.000.000,00;2;Negociada;15:08:44;;30-69217647-9;HURUMA SA;AO;30-71238604-1;LAS PAIVA S.A.;;;
1515975;03/08/2026;No Garantizado;NO;SI;NO;ECHEQ;NO;NO;C.I.;15:02:44;17:00:00;111;537;40,00;40,00;537;$;10.000.000,00;2;Negociada;15:09:04;;30-69217647-9;HURUMA SA;AO;30-71238604-1;LAS PAIVA S.A.;;;
1515976;03/08/2026;No Garantizado;NO;SI;NO;PAGARE;NO;NO;C.I.;15:02:52;17:00:00;148;545;30,00;30,00;545;$;350.000.000,00;1;Negociada;15:09:39;;30-70741884-9;MERIDIANO NORTE S.A.;;30-70741884-9;MERIDIANO NORTE S.A.;;;
1515977;03/08/2026;No Garantizado;NO;SI;NO;ECHEQ;NO;NO;C.I.;15:03:01;17:00:00;114;537;40,00;40,00;537;$;5.000.000,00;1;Negociada;15:09:21;;30-69217647-9;HURUMA SA;AO;30-71238604-1;LAS PAIVA S.A.;;;
1515978;03/08/2026;No Garantizado;NO;SI;NO;ECHEQ;NO;NO;24Hs.;15:03:08;17:00:00;20;754;32,00;32,00;754;$;15.201.620,60;1;Negociada;15:05:10;;30-71477643-2;PABLO FEDERICO E HIJOS S. A.;AO;;;;;
1515979;03/08/2026;Avalado;;SI;NO;ECHEQ;NO;NO;24Hs.;15:03:15;17:00:00;56;406;23,00;23,00;716;$;2.400.000,00;1;Negociada;15:30:11;CREC;;Crecer S.G.R.;AO;;;;;
1515980;03/08/2026;No Garantizado;NO;SI;NO;ECHEQ;NO;NO;C.I.;15:03:21;17:00:00;115;537;40,00;40,00;537;$;10.000.000,00;2;Negociada;15:09:37;;30-69217647-9;HURUMA SA;AO;30-71238604-1;LAS PAIVA S.A.;;;
1515981;03/08/2026;Avalado;;SI;NO;ECHEQ;NO;NO;24Hs.;15:03:28;17:00:00;40;567;21,00;21,00;770;$;22.229.501,09;7;Negociada;15:24:29;POTE;;Potenciar S.G.R.;AO;;;;;
1515982;03/08/2026;No Garantizado;SI;SI;NO;ECHEQ;NO;NO;C.I.;15:03:30;17:00:00;101;754;30,00;30,00;754;$;17.761.062,93;10;Negociada;15:05:32;;30-71632558-6;GO SERVICIOS DIGITALES SOCIEDAD POR ACCIONES SIMPLIFICADA S. A. S.;AO;;;Certificado MiPyME;;
1515983;03/08/2026;No Garantizado;NO;SI;NO;ECHEQ;NO;NO;C.I.;15:03:39;17:00:00;118;537;40,00;40,00;537;$;10.000.000,00;2;Negociada;15:09:55;;30-69217647-9;HURUMA SA;AO;30-71238604-1;LAS PAIVA S.A.;;;
1515984;03/08/2026;Garantizado;SI;SI;NO;ECHEQ;NO;NO;24Hs.;15:03:46;17:00:00;18;;;20,00;545;$;35.267.834,35;18;Desierta;;;;;AO;;;Certificado MiPyME;;
1515985;03/08/2026;No Garantizado;NO;SI;NO;ECHEQ;NO;NO;C.I.;15:03:55;17:00:00;120;537;40,00;40,00;537;$;5.000.000,00;1;Negociada;15:10:12;;30-69217647-9;HURUMA SA;AO;30-71238604-1;LAS PAIVA S.A.;;;
1515986;03/08/2026;No Garantizado Calificado;NO;SI;NO;ECHEQ;NO;NO;C.I.;15:04:55;17:00:00;28;572;27,00;27,00;572;$;23.088.466,35;1;Negociada;15:12:04;;30-70776153-5;PELQUE S A;AO;;;;;
1515987;03/08/2026;Avalado;;SI;NO;ECHEQ;NO;NO;24Hs.;15:05:11;17:00:00;41;;;23,00;433;$;112.674.648,63;8;Desierta;;TRND;;Trend S.G.R.;AO;;;;;
1515988;03/08/2026;Avalado;;SI;NO;ECHEQ;NO;NO;C.I.;15:05:48;17:00:00;108;406;24,50;24,50;406;$;10.000.000,00;2;Negociada;15:15:39;CREC;;Crecer S.G.R.;AO;;;;;
1515989;03/08/2026;Garantizado;SI;SI;NO;PAGARE;NO;NO;24Hs.;15:06:06;17:00:00;52;15;22,00;22,00;15;$;200.000.000,00;1;Negociada;15:08:07;;;;;;;Certificado MiPyME;;
1515990;03/08/2026;Avalado;;SI;NO;ECHEQ;NO;NO;C.I.;15:06:30;17:00:00;66;406;24,00;24,00;406;$;20.000.000,00;2;Negociada;15:15:54;CREC;;Crecer S.G.R.;AO;;;;;
1515991;03/08/2026;Avalado;;SI;NO;PAGARE;NO;NO;24Hs.;15:07:06;17:00:00;274;;;4,00;764;DOL;40.000,00;1;Desierta;;BIND;;Garantias Bind S.G.R.;;;;;;
1515992;03/08/2026;No Garantizado;NO;SI;NO;PAGARE;NO;NO;C.I.;15:08:03;17:00:00;184;687;11,80;11,80;687;DOL;100.594,67;1;Negociada;15:10:05;;33-58612754-9;TRANS BAN  S A;;33-58612754-9;TRANS BAN  S A;;;
1515993;03/08/2026;Avalado;;SI;NO;ECHEQ;NO;NO;C.I.;15:08:32;17:00:00;86;406;24,00;24,00;785;$;5.000.000,00;1;Negociada;15:15:29;CAMP;;Campo Aval S.G.R.;AO;;;;;
1515994;03/08/2026;No Garantizado;NO;SI;NO;ECHEQ;NO;NO;C.I.;15:08:40;17:00:00;23;572;27,00;27,00;572;$;18.661.046,51;1;Negociada;15:12:14;;30-71018389-5;TECNICORPORACION SRL;AO;;;;;
1515995;03/08/2026;No Garantizado;NO;SI;NO;ECHEQ;SI;NO;C.I.;15:08:50;17:00:00;92;572;27,00;27,00;572;$;15.000.000,00;2;Negociada;15:12:24;;30-71007968-0;BE ENTERPRISES S.A.;NO;30-71007968-0;BE ENTERPRISES S.A.;;;
1515996;03/08/2026;No Garantizado;SI;SI;NO;FCE;NO;NO;C.I.;15:09:56;17:00:00;57;791;20,00;20,00;791;$;499.979.427,99;4;Negociada;15:11:58;%VII;33-51595089-9;VISTA ENERGY ARGENTINA S.A.U;;;;;;
1515997;03/08/2026;No Garantizado;NO;SI;NO;ECHEQ;NO;NO;C.I.;15:09:59;17:00:00;119;406;34,00;34,00;406;$;240.000.000,00;2;Negociada;15:12:02;;30-50333978-8;ESKABE S A;AO;30-50333978-8;ESKABE S A;;;
1515998;03/08/2026;Avalado;;SI;NO;ECHEQ;NO;NO;24Hs.;15:10:00;17:00:00;138;406;23,90;25,00;11;$;100.000.000,00;2;Negociada;15:14:04;ACPY;;Acindar Pymes S.G.R.;AO;;;;;
1515999;03/08/2026;Avalado;;SI;NO;CPD;NO;NO;24Hs.;15:10:07;17:00:00;88;502;24,00;24,00;502;$;30.000.000,00;4;Negociada;15:24:13;TRND;;Trend S.G.R.;;;;;;
1516000;03/08/2026;Avalado;;SI;NO;ECHEQ;NO;NO;24Hs.;15:10:16;17:00:00;97;716;27,00;27,00;716;$;20.000.000,00;2;Negociada;16:52:08;ARPY;;Argenpymes S.G.R.;AO;;;;;
1516001;03/08/2026;No Garantizado Calificado;NO;NO;NO;CPD;NO;NO;C.I.;15:10:48;17:00:00;9;;;0,00;15;$;300.000.000,00;1;Desierta (Baja);;;30-52745070-1;ASOCIACION DEL FUTBOL ARGENTINO;;30-53397676-6;ASOCIACION ATLETICA ARGENTINOS JUNIORS;;;
1516002;03/08/2026;Avalado;;SI;NO;ECHEQ;NO;NO;24Hs.;15:11:24;17:00:00;92;;;24,00;876;$;53.000.000,00;10;Desierta;;MOVI;;MOVIL S.G.R.;AO;;;;;
1516003;03/08/2026;Avalado;;SI;NO;ECHEQ;NO;NO;24Hs.;15:11:30;17:00:00;34;;;20,00;449;$;2.952.919,33;5;Desierta;;ACPY;;Acindar Pymes S.G.R.;AO;;;;;
1516004;03/08/2026;Avalado;;SI;NO;ECHEQ;NO;NO;24Hs.;15:11:41;17:00:00;92;501;21,50;21,50;876;$;80.000.000,00;10;Negociada;15:27:11;FAEC;;FIDEICOM.DE AFECT. ESPEC.;AO;;;;;
1516005;03/08/2026;Avalado;;SI;NO;ECHEQ;NO;NO;24Hs.;15:11:53;17:00:00;108;501;21,50;21,50;449;$;10.000.000,00;2;Negociada;15:13:56;CUAV;;Cuyo Aval S.G.R.;AO;;;;;
1516006;03/08/2026;Avalado;;SI;NO;ECHEQ;NO;NO;24Hs.;15:12:24;17:00:00;19;559;23,00;23,00;559;$;13.923.905,43;3;Negociada;15:21:19;ACPY;;Acindar Pymes S.G.R.;AO;;;;;
1516007;03/08/2026;No Garantizado;NO;SI;NO;ECHEQ;SI;NO;C.I.;15:12:37;17:00:00;38;;;0,00;433;$;158.115.658,03;12;Desierta (Baja);;;30-68537634-9;TARJETA NARANJA S.A.U.;NO;;;;;
1516008;03/08/2026;Avalado;;SI;NO;ECHEQ;NO;NO;24Hs.;15:12:56;17:00:00;21;;;22,00;11;$;50.000.000,00;1;Desierta;;FIDU;;Fid Aval S.G.R.;AO;;;;;
1516009;03/08/2026;Avalado;;SI;NO;ECHEQ;NO;NO;24Hs.;15:13:00;17:00:00;62;864;26,00;26,00;864;$;29.000.000,00;1;Negociada;15:15:01;MILL;;MILLS S.G.R.;AO;;;;;
1516010;03/08/2026;No Garantizado;NO;SI;NO;ECHEQ;NO;NO;C.I.;15:13:04;17:00:00;29;401;31,00;31,00;401;$;4.855.402,73;1;Negociada;15:15:05;;30-50109122-3;SEABOARD ENERGIAS RENOVABLES Y ALIMENTOS S. R. L.;AO;20-37232175-0;JARAMILLO MATIAS EZEQUIEL;;;
1516011;03/08/2026;Avalado;;SI;NO;ECHEQ;NO;NO;24Hs.;15:13:12;17:00:00;30;11;23,00;23,00;11;$;50.000.000,00;2;Negociada;15:22:51;FEDE;;Aval Federal S.G.R.;AO;;;;;
1516012;03/08/2026;Avalado;;SI;NO;ECHEQ;NO;NO;24Hs.;15:13:42;17:00:00;37;11;23,00;23,00;11;$;1.407.517,33;1;Negociada;15:23:28;CREC;;Crecer S.G.R.;AO;;;;;
1516013;03/08/2026;No Garantizado Calificado;NO;SI;NO;ECHEQ;NO;NO;C.I.;15:13:58;17:00:00;38;20;65,00;65,00;20;$;32.132.863,00;2;Negociada;15:21:39;;30-71175525-6;FLECHA LOG S.A.;AO;30-71175525-6;FLECHA LOG S.A.;;;
1516014;03/08/2026;Avalado;;SI;NO;ECHEQ;NO;NO;24Hs.;15:14:05;17:00:00;82;11;24,00;24,00;11;$;20.000.000,00;4;Negociada;15:25:24;CREC;;Crecer S.G.R.;AO;;;;;
1516015;03/08/2026;Avalado;;SI;NO;PAGARE;NO;NO;24Hs.;15:14:08;17:00:00;365;;;6,00;465;U$D;50.000,00;1;Desierta;;FINT;;Fintech S.G.R.;;;;;;
1516016;03/08/2026;Avalado;;SI;NO;ECHEQ;NO;NO;24Hs.;15:14:21;17:00:00;91;11;24,00;24,00;11;$;24.102.338,18;2;Negociada;15:26:00;CREC;;Crecer S.G.R.;AO;;;;;
1516017;03/08/2026;No Garantizado;SI;SI;NO;ECHEQ;SI;NO;24Hs.;15:14:48;17:00:00;37;523;23,00;23,00;540;$;809.565.837,24;3;Negociada;15:16:50;;30-68537634-9;TARJETA NARANJA S.A.U.;NO;30-50357927-4;CYRE SA;Certificado MiPyME;;
1516018;03/08/2026;Avalado;;SI;NO;ECHEQ;SI;NO;24Hs.;15:14:57;17:00:00;59;501;20,00;20,00;536;$;5.600.000,00;1;Negociada;15:18:56;FOBA;;Fondo de Garantias Bs.As.;NO;;;;;
1516019;03/08/2026;Avalado;;SI;NO;ECHEQ;NO;NO;24Hs.;15:15:34;17:00:00;101;502;20,00;20,00;720;$;600.000.000,00;1;Negociada;15:17:35;BAIN;;BANCO INDUSTRIAL SA;AO;;;;;
1516020;03/08/2026;Avalado;;SI;NO;ECHEQ;NO;NO;24Hs.;15:15:48;17:00:00;101;287;20,00;20,00;720;$;219.333.984,64;34;Negociada;15:20:56;BAIN;;BANCO INDUSTRIAL SA;AO;;;;;
1516021;03/08/2026;Avalado;;SI;NO;ECHEQ;NO;NO;24Hs.;15:16:03;17:00:00;87;539;20,00;20,00;720;$;314.832.804,85;37;Negociada;15:18:05;BAIN;;BANCO INDUSTRIAL SA;AO;;;;;
1516022;03/08/2026;Avalado;;SI;NO;ECHEQ;SI;NO;C.I.;15:16:18;17:00:00;43;559;21,00;21,00;559;$;27.041.751,44;2;Negociada;15:23:24;GARA;;Garantizar S.G.R.;NO;;;;;
1516023;03/08/2026;No Garantizado;NO;NO;NO;PAGARE;NO;NO;24Hs.;15:16:21;17:00:00;99;486;8,00;8,00;486;DOL;50.000,00;1;Negociada;15:19:27;;20-20362414-0;MAIOLI ALDO MARIANO;;;;;;
1516024;03/08/2026;No Garantizado;NO;SI;NO;ECHEQ;NO;NO;24Hs.;15:16:25;17:00:00;63;427;35,00;35,00;427;$;15.000.000,00;1;Negociada;15:18:26;;20-30265869-3;RIBOT LISANDRO MARCOS;AO;20-30265869-3;RIBOT LISANDRO MARCOS;;;
1516025;03/08/2026;No Garantizado;NO;SI;NO;ECHEQ;NO;NO;C.I.;15:16:35;17:00:00;33;754;32,00;32,00;754;$;99.000.000,00;3;Negociada;15:18:36;;30-71592703-5;CM AUTOMACION S.A.S;AO;30-71592703-5;CM AUTOMACION S.A.S;;;
1516026;03/08/2026;Avalado;;SI;NO;ECHEQ;NO;NO;24Hs.;15:16:40;17:00:00;44;501;20,00;20,00;537;$;5.250.000,00;1;Negociada;15:18:42;FOBA;;Fondo de Garantias Bs.As.;AO;;;;;
1516027;03/08/2026;Garantizado;SI;SI;NO;ECHEQ;NO;NO;24Hs.;15:16:55;17:00:00;18;;;22,00;598;$;106.669.807,00;10;Desierta;;;;;AO;;;Certificado MiPyME;;
1516028;03/08/2026;Avalado;;SI;NO;ECHEQ;NO;NO;24Hs.;15:16:57;17:00:00;164;804;28,00;28,00;754;$;2.000.000,00;1;Negociada;15:18:58;NEUQ;;Neuquen Pymes S.G.R.;AO;;;;;
1516029;03/08/2026;No Garantizado;NO;SI;NO;ECHEQ;NO;NO;C.I.;15:17:11;17:00:00;124;754;40,00;40,00;754;$;15.000.000,00;6;Negociada;15:19:13;;30-70731108-4;FERIAS ROWAL S.R.L.;AO;;;;;
1516030;03/08/2026;No Garantizado;SI;SI;NO;ECHEQ;NO;NO;C.I.;15:17:16;17:00:00;22;41;36,00;36,00;41;$;9.735.727,45;1;Negociada;15:22:39;;30-67813830-0;DORINKA S.R.L.;AO;;;Certificado MiPyME;;
1516031;03/08/2026;No Garantizado;NO;NO;NO;ECHEQ;NO;NO;C.I.;15:17:56;17:00:00;17;15;26,00;26,00;15;$;500.000.000,00;1;Negociada;15:20:09;;30-65511651-2;EDESUR S A;AO;30-65511651-2;EDESUR S A;;;
1516032;03/08/2026;No Garantizado Calificado;NO;SI;NO;ECHEQ;NO;NO;24Hs.;15:18:08;17:00:00;121;767;34,00;34,00;767;$;50.400.000,00;3;Negociada;15:20:09;;30-71442439-0;CASABLANCA EVENTOS CARPAS S.R.L.;AO;30-71442439-0;CASABLANCA EVENTOS CARPAS S.R.L.;;;
1516033;03/08/2026;Avalado;;SI;NO;ECHEQ;NO;NO;24Hs.;15:18:25;17:00:00;22;;;22,50;545;$;30.750.000,00;2;Desierta;;ARPY;;Argenpymes S.G.R.;AO;;;;;
1516034;03/08/2026;Avalado;;SI;NO;ECHEQ;NO;NO;24Hs.;15:19:08;17:00:00;27;501;20,00;20,00;515;$;27.626.140,36;5;Negociada;15:21:09;FOBA;;Fondo de Garantias Bs.As.;AO;;;;;
1516035;03/08/2026;Avalado;;SI;NO;ECHEQ;NO;NO;24Hs.;15:19:31;17:00:00;29;;;23,00;785;$;67.402.510,56;2;Desierta;;ARPY;;Argenpymes S.G.R.;AO;;;;;
1516036;03/08/2026;Avalado;;SI;NO;ECHEQ;SI;NO;24Hs.;15:19:53;17:00:00;30;;;21,00;546;$;624.256,26;2;Desierta;;GARA;;Garantizar S.G.R.;NO;;;;;
1516037;03/08/2026;Avalado;;SI;NO;ECHEQ;NO;NO;24Hs.;15:20:11;17:00:00;56;;;22,00;433;$;15.186.000,00;1;Desierta;;MOVI;;MOVIL S.G.R.;AO;;;;;
1516038;03/08/2026;No Garantizado Calificado;NO;SI;NO;ECHEQ;NO;NO;24Hs.;15:20:15;17:00:00;78;559;38,00;38,00;559;$;80.000.000,00;2;Negociada;15:24:06;;30-70916018-0;ROJAS PROYECTO III S.A.;AO;30-70916018-0;ROJAS PROYECTO III S.A.;;;
1516039;03/08/2026;Avalado;;SI;NO;ECHEQ;NO;NO;24Hs.;15:21:06;17:00:00;98;406;25,00;25,00;545;$;5.000.000,00;1;Negociada;15:48:26;FIDU;;Fid Aval S.G.R.;AO;;;;;
1516040;03/08/2026;No Garantizado;NO;SI;NO;ECHEQ;NO;NO;C.I.;15:25:20;17:00:00;62;785;30,00;30,00;785;$;45.000.000,00;3;Negociada;15:27:21;;30-71705591-4;CIA GANADERA MEDITERRANEA S.A.;AO;30-71705591-4;CIA GANADERA MEDITERRANEA S.A.;;;
1516041;03/08/2026;No Garantizado Calificado;SI;SI;NO;ECHEQ;NO;NO;C.I.;15:26:23;17:00:00;71;718;31,00;31,00;718;$;80.000.000,00;1;Negociada;15:28:24;;30-71081489-5;TAFI HOUSING S.A.;AO;;;Certificado MiPyME;;
1516042;03/08/2026;No Garantizado;SI;SI;NO;ECHEQ;NO;NO;C.I.;15:26:32;17:00:00;84;718;31,00;31,00;718;$;80.000.000,00;1;Negociada;15:28:34;;30-71839279-5;SA TUCUMAN TRAPANI;AO;;;Certificado MiPyME;;
1516043;03/08/2026;No Garantizado;SI;SI;NO;ECHEQ;NO;NO;C.I.;15:26:42;17:00:00;56;718;31,00;31,00;718;$;80.000.000,00;1;Negociada;15:28:44;;30-71651381-1;LABORATORIO AUSTRAL S. A.;AO;;;Certificado MiPyME;;
1516044;03/08/2026;No Garantizado;NO;SI;NO;ECHEQ;NO;NO;24Hs.;15:26:45;17:00:00;100;526;46,00;46,00;526;$;11.000.000,00;1;Negociada;16:19:06;;30-71852724-0;FORLUG S.R.L.;AO;30-71852724-0;FORLUG S.R.L.;;;
1516045;03/08/2026;No Garantizado;SI;SI;NO;ECHEQ;NO;NO;C.I.;15:26:51;17:00:00;35;718;31,00;31,00;718;$;80.000.000,00;1;Negociada;15:28:52;;30-71747049-0;DOHLER-TRAPANI ARGENTINA S.A.;AO;;;Certificado MiPyME;;
1516046;03/08/2026;No Garantizado;NO;SI;NO;PAGARE;NO;NO;24Hs.;15:26:59;17:00:00;91;755;29,50;29,50;755;$;3.000.000.000,00;1;Negociada;15:31:06;;30-57803607-1;MIRGOR SA C I F I A;;30-57803607-1;MIRGOR SA C I F I A;;;
1516047;03/08/2026;No Garantizado;SI;SI;NO;ECHEQ;NO;NO;C.I.;15:27:01;17:00:00;63;718;31,00;31,00;718;$;80.000.000,00;1;Negociada;15:29:03;;30-71737137-9;NEWA EXPORT SRL S. R. L.;AO;;;Certificado MiPyME;;
1516048;03/08/2026;No Garantizado;NO;SI;NO;ECHEQ;NO;NO;C.I.;15:27:04;17:00:00;65;767;36,00;36,00;767;$;20.000.000,00;1;Negociada;15:29:05;;30-71878217-8;GERARDFIL S.R.L.;AO;30-71878217-8;GERARDFIL S.R.L.;;;
1516049;03/08/2026;No Garantizado;NO;SI;NO;ECHEQ;NO;NO;C.I.;15:27:13;17:00:00;18;569;33,00;33,00;569;$;250.000.000,00;1;Negociada;15:29:15;;30-71709072-8;COMPAÑIA ARGENTINA DE ALFALFAS Y FORRAJES S.A.;AO;30-71709072-8;COMPAÑIA ARGENTINA DE ALFALFAS Y FORRAJES S.A.;;;
1516050;03/08/2026;Avalado;;SI;NO;ECHEQ;NO;NO;24Hs.;15:27:14;17:00:00;82;;;21,50;876;$;30.000.000,00;3;Desierta;;FAEC;;FIDEICOM.DE AFECT. ESPEC.;AO;;;;;
1516051;03/08/2026;No Garantizado;NO;SI;NO;ECHEQ;NO;NO;C.I.;15:27:57;17:00:00;49;767;36,00;36,00;767;$;20.000.000,00;1;Negociada;15:29:59;;30-71878217-8;GERARDFIL S.R.L.;AO;30-71878217-8;GERARDFIL S.R.L.;;;
1516052;03/08/2026;Avalado;;SI;NO;PAGARE;NO;NO;24Hs.;15:28:11;17:00:00;371;430;5,70;6,00;764;DOL;40.000,00;1;Negociada;15:32:00;ARPY;;Argenpymes S.G.R.;;;;;;
1516053;03/08/2026;No Garantizado;NO;SI;NO;ECHEQ;NO;NO;C.I.;15:28:24;17:00:00;54;876;38,00;38,00;876;$;150.000.000,00;6;Negociada;15:30:26;;30-71546749-2;JUAN ROCCA NEUMATICOS S.R.L.;AO;30-71546749-2;JUAN ROCCA NEUMATICOS S.R.L.;;;
1516054;03/08/2026;Avalado;;SI;NO;PAGARE;NO;NO;24Hs.;15:29:04;17:00:00;273;430;6,00;6,00;785;U$S;100.000,00;1;Negociada;15:35:41;CAMP;;Campo Aval S.G.R.;;;;;;
1516055;03/08/2026;Avalado;;SI;NO;ECHEQ;NO;NO;24Hs.;15:29:24;17:00:00;284;;;25,00;449;$;150.000.000,00;5;Desierta;;SOLI;;Solidum S.G.R.;AO;;;;;
1516056;03/08/2026;Avalado;;SI;NO;ECHEQ;NO;NO;24Hs.;15:29:33;17:00:00;56;567;20,00;20,00;767;$;16.908.600,44;3;Negociada;15:31:35;GARA;;Garantizar S.G.R.;AO;;;;;
1516057;03/08/2026;No Garantizado;NO;SI;NO;PAGARE;NO;NO;C.I.;15:29:33;17:00:00;375;406;1,00;1,00;406;U$D;202.000,00;1;Negociada;15:44:53;;30-59747321-0;CUYOPLACAS SA;;30-59747321-0;CUYOPLACAS SA;;;
1516058;03/08/2026;Avalado;;SI;NO;ECHEQ;NO;NO;24Hs.;15:29:58;17:00:00;26;11;22,00;22,00;11;$;5.895.987,83;2;Negociada;15:36:13;ACPY;;Acindar Pymes S.G.R.;AO;;;;;
1516059;03/08/2026;Avalado;;SI;NO;ECHEQ;NO;NO;24Hs.;15:30:15;17:00:00;80;;;22,00;449;$;10.000.000,00;1;Desierta;;MOVI;;MOVIL S.G.R.;AO;;;;;
1516060;03/08/2026;Avalado;;SI;NO;ECHEQ;NO;NO;24Hs.;15:30:27;17:00:00;42;;;22,00;15;$;10.000.000,00;1;Desierta;;FEDE;;Aval Federal S.G.R.;AO;;;;;
1516061;03/08/2026;Avalado;;SI;NO;ECHEQ;NO;NO;24Hs.;15:30:32;17:00:00;73;;;24,00;449;$;15.000.000,00;1;Desierta;;ARGC;;Argentina Ciudad S.G.R.;AO;;;;;
1516062;03/08/2026;Avalado;;SI;NO;ECHEQ;NO;NO;24Hs.;15:30:59;17:00:00;120;501;21,50;21,50;449;$;7.000.000,00;1;Negociada;15:53:40;FAEC;;FIDEICOM.DE AFECT. ESPEC.;AO;;;;;
1516063;03/08/2026;Avalado;;SI;NO;ECHEQ;NO;NO;24Hs.;15:31:01;17:00:00;37;11;20,00;20,00;11;$;48.263.105,36;1;Negociada;15:36:49;BIND;;Garantias Bind S.G.R.;AO;;;;;
1516064;03/08/2026;Avalado;;SI;NO;ECHEQ;NO;NO;24Hs.;15:31:19;17:00:00;42;;;20,00;449;$;18.000.000,00;1;Desierta;;FAEC;;FIDEICOM.DE AFECT. ESPEC.;AO;;;;;
1516065;03/08/2026;Avalado;;SI;NO;ECHEQ;NO;NO;24Hs.;15:31:36;17:00:00;31;;;20,00;449;$;18.750.000,00;1;Desierta;;FAEC;;FIDEICOM.DE AFECT. ESPEC.;AO;;;;;
1516066;03/08/2026;Avalado;;SI;NO;ECHEQ;NO;NO;24Hs.;15:31:46;17:00:00;65;11;22,00;22,00;11;$;15.000.000,00;1;Negociada;15:38:00;ACPY;;Acindar Pymes S.G.R.;AO;;;;;
1516067;03/08/2026;Avalado;;SI;NO;ECHEQ;NO;NO;24Hs.;15:32:39;17:00:00;100;502;25,00;25,00;567;$;37.422.207,90;2;Negociada;15:48:58;PROM;;Promover S.G.R.;AO;;;;;
1516068;03/08/2026;Avalado;;SI;NO;ECHEQ;NO;NO;24Hs.;15:33:04;17:00:00;132;11;23,00;23,00;11;$;2.000.000,00;1;Negociada;15:39:52;BIND;;Garantias Bind S.G.R.;AO;;;;;
1516069;03/08/2026;No Garantizado;NO;SI;NO;ECHEQ;NO;NO;C.I.;15:33:21;17:00:00;17;754;45,00;45,00;754;$;1.581.704,17;1;Negociada;15:35:22;;30-71699603-0;ARGENTRANS GROUP S.A.S.;AO;;;;;
1516070;03/08/2026;Avalado;;SI;NO;ECHEQ;NO;NO;24Hs.;15:33:40;17:00:00;141;11;24,00;24,00;11;$;47.000.000,00;6;Negociada;15:40:25;ACPY;;Acindar Pymes S.G.R.;AO;;;;;
1516071;03/08/2026;Avalado;;SI;NO;ECHEQ;NO;NO;24Hs.;15:34:23;17:00:00;143;11;24,00;24,00;11;$;22.000.000,00;2;Negociada;15:41:01;ACPY;;Acindar Pymes S.G.R.;AO;;;;;
1516072;03/08/2026;No Garantizado;NO;SI;NO;ECHEQ;NO;NO;C.I.;15:35:23;17:00:00;9;449;31,50;32,00;754;$;22.557.404,79;4;Negociada;15:38:31;;30-65413872-5;COLOMBO Y COLOMBO S A;AO;;;;;
1516073;03/08/2026;No Garantizado;NO;SI;NO;ECHEQ;NO;NO;24Hs.;15:35:57;17:00:00;28;;;34,00;767;$;111.075.898,21;1;Desierta;;;30-71657547-7;GASTRONOMIA EMPRENDIMIENTOS;AO;20-29246961-7;MARTELLETTI LEANDRO CARLOS;;;
1516074;03/08/2026;Avalado;;SI;NO;PAGARE;NO;NO;24Hs.;15:38:02;17:00:00;366;406;6,00;6,00;406;DOL;29.000,00;1;Negociada;15:55:07;ARPY;;Argenpymes S.G.R.;;;;;;
1516075;03/08/2026;Avalado;;SI;NO;ECHEQ;NO;NO;24Hs.;15:38:26;17:00:00;29;501;20,00;20,00;559;$;17.391.136,65;11;Negociada;15:49:18;FOBA;;Fondo de Garantias Bs.As.;AO;;;;;
1516076;03/08/2026;No Garantizado;SI;SI;NO;ECHEQ;NO;NO;C.I.;15:39:15;17:00:00;30;449;33,75;34,00;423;$;11.300.000,00;1;Negociada;15:41:16;;30-70942545-1;SERVICIOS DE ENVASADOS  SRL;AO;30-52165438-0;CAREAGA HNOS Y TEGLIA S R L;Certificado MiPyME;;
1516077;03/08/2026;No Garantizado;SI;SI;NO;ECHEQ;NO;NO;C.I.;15:39:33;17:00:00;29;449;32,00;34,00;423;$;11.300.000,00;1;Negociada;15:44:43;;30-70942545-1;SERVICIOS DE ENVASADOS  SRL;AO;30-52165438-0;CAREAGA HNOS Y TEGLIA S R L;Certificado MiPyME;;
1516078;03/08/2026;No Garantizado;SI;SI;NO;ECHEQ;NO;NO;C.I.;15:39:41;17:00:00;28;449;32,00;34,00;423;$;11.300.000,00;1;Negociada;15:43:11;;30-70942545-1;SERVICIOS DE ENVASADOS  SRL;AO;30-52165438-0;CAREAGA HNOS Y TEGLIA S R L;Certificado MiPyME;;
1516079;03/08/2026;Avalado;;SI;NO;PAGARE;NO;NO;24Hs.;15:39:46;17:00:00;183;;;6,00;502;U$S;50.000,00;1;Desierta;;ARPY;;Argenpymes S.G.R.;;;;;;
1516080;03/08/2026;No Garantizado;SI;SI;NO;ECHEQ;NO;NO;C.I.;15:39:49;17:00:00;31;449;32,00;34,00;423;$;11.393.625,00;1;Negociada;15:43:01;;30-70942545-1;SERVICIOS DE ENVASADOS  SRL;AO;30-52165438-0;CAREAGA HNOS Y TEGLIA S R L;Certificado MiPyME;;
1516081;03/08/2026;Avalado;;SI;NO;PAGARE;NO;NO;24Hs.;15:39:53;17:00:00;181;;;6,00;502;U$S;50.000,00;1;Desierta;;ARPY;;Argenpymes S.G.R.;;;;;;
1516082;03/08/2026;Avalado;;SI;NO;ECHEQ;NO;NO;24Hs.;15:39:57;17:00:00;118;;;24,00;767;$;120.000.000,00;12;Desierta;;CREC;;Crecer S.G.R.;AO;;;;;
1516083;03/08/2026;Avalado;;SI;NO;ECHEQ;NO;NO;C.I.;15:41:24;17:00:00;56;406;23,00;23,00;406;$;70.000.000,00;7;Negociada;15:44:43;ARPY;;Argenpymes S.G.R.;AO;;;;;
1516084;03/08/2026;Avalado;;SI;NO;ECHEQ;NO;NO;C.I.;15:41:50;17:00:00;73;406;24,00;24,00;406;$;50.000.000,00;5;Negociada;15:44:43;ARPY;;Argenpymes S.G.R.;AO;;;;;
1516085;03/08/2026;Avalado;;SI;NO;ECHEQ;NO;NO;24Hs.;15:42:39;17:00:00;41;567;20,00;20,00;598;$;167.203.522,83;2;Negociada;15:44:43;GARA;;Garantizar S.G.R.;AO;;;;;
1516086;03/08/2026;Avalado;;SI;NO;ECHEQ;NO;NO;24Hs.;15:42:54;17:00:00;91;501;21,50;21,50;716;$;19.000.000,00;1;Negociada;15:44:55;FGCT;;Fondo de Garantia Catamarca SAPEM;AO;;;;;
1516087;03/08/2026;No Garantizado Calificado;NO;SI;NO;PAGARE;NO;NO;24Hs.;15:43:00;17:00:00;23;15;32,00;32,00;15;$;161.500.000,00;1;Negociada;15:45:01;;30-67661149-1;LUBRISIDER S A;;30-67661149-1;LUBRISIDER S A;;;
1516088;03/08/2026;Garantizado;SI;SI;NO;ECHEQ;NO;NO;24Hs.;15:43:04;17:00:00;108;;;21,00;591;$;3.000.000,00;1;Desierta;;;;;AO;;;Certificado MiPyME;;
1516089;03/08/2026;Garantizado;SI;SI;NO;ECHEQ;NO;NO;24Hs.;15:43:30;17:00:00;108;;;21,00;591;$;5.000.000,00;1;Desierta;;;;;AO;;;Certificado MiPyME;;
1516090;03/08/2026;Avalado;;SI;NO;ECHEQ;NO;NO;24Hs.;15:44:01;17:00:00;37;553;23,00;23,00;553;$;65.000.000,00;3;Negociada;15:46:02;FEDE;;Aval Federal S.G.R.;AO;;;;;
1516091;03/08/2026;Avalado;;SI;NO;ECHEQ;NO;NO;24Hs.;15:44:31;17:00:00;29;;;20,00;770;$;40.669.149,47;24;Desierta;;ACPY;;Acindar Pymes S.G.R.;AO;;;;;
1516092;03/08/2026;No Garantizado;NO;SI;NO;ECHEQ;NO;NO;C.I.;15:44:44;17:00:00;64;767;60,00;60,00;767;$;5.063.946,38;1;Negociada;16:46:37;;33-71237177-9;AGROCOMERCIAL BOGETTI  SA;AO;20-33964111-1;GUTIERREZ MARTIN OSVALDO;;;
1516093;03/08/2026;No Garantizado;NO;SI;NO;CPD;NO;NO;24Hs.;15:45:01;17:00:00;44;804;28,50;28,50;804;$;6.000.000,00;2;Negociada;15:47:03;;30-61421833-5;JUNCAL SA;;27-23949181-8;MONTOYA MARIA INES;;;
1516094;03/08/2026;No Garantizado;NO;SI;NO;PAGARE;NO;NO;24Hs.;15:45:07;17:00:00;63;20;33,00;33,00;20;$;100.000.000,00;1;Negociada;15:47:09;;30-53284754-7;BAZAR AVENIDA S. A.;;30-53284754-7;BAZAR AVENIDA S. A.;;;
1516095;03/08/2026;Avalado;;SI;NO;ECHEQ;NO;NO;24Hs.;15:45:27;17:00:00;40;;;23,00;767;$;14.500.000,00;5;Desierta;;AVAL;;Avaluar S.G.R.;AO;;;;;
1516096;03/08/2026;No Garantizado;NO;SI;NO;PAGARE;NO;NO;C.I.;15:45:28;17:00:00;30;486;52,00;52,00;486;$;7.100.000,00;1;Negociada;15:52:49;;30-71684751-5;ASESORIA DEL SUR COMPANY S.R.L;;30-71684751-5;ASESORIA DEL SUR COMPANY S.R.L;;;
1516097;03/08/2026;No Garantizado;SI;SI;NO;ECHEQ;NO;NO;24Hs.;15:45:40;17:00:00;38;449;25,00;25,00;449;$;18.000.000,00;1;Negociada;15:59:58;;30-71133878-7;PISCINAS PREMIUM S.A.;AO;30-71133878-7;PISCINAS PREMIUM S.A.;Certificado MiPyME;;
1516098;03/08/2026;No Garantizado;NO;SI;NO;ECHEQ;NO;NO;24Hs.;15:46:34;17:00:00;30;537;25,99;26,00;25;$;30.627.746,46;1;Negociada;15:48:36;;30-67964590-7;MC CAIN ARGENTINA S. A.;AO;30-58990320-6;MERFINCO S.A.;;;
1516099;03/08/2026;No Garantizado;NO;NO;NO;PAGARE;NO;NO;24Hs.;15:46:55;17:00:00;67;546;40,00;40,00;769;$;680.000.000,00;2;Negociada;15:50:29;;30-70933260-7;VICBOR S.R.L.;;;;;;
1516100;03/08/2026;No Garantizado;NO;SI;NO;ECHEQ;NO;NO;C.I.;15:47:19;17:00:00;30;465;30,00;30,00;465;$;8.200.000,00;1;Negociada;15:49:21;;30-71889386-7;APEX INC. S. A. S.;AO;30-70854491-0;CHEM.ECO ARGENTINA S.R.L.;;;
1516101;03/08/2026;Avalado;;SI;NO;ECHEQ;NO;NO;C.I.;15:47:44;17:00:00;76;755;27,00;27,00;767;$;5.380.000,00;3;Negociada;16:02:37;CUAV;;Cuyo Aval S.G.R.;AO;;;;;
1516102;03/08/2026;No Garantizado;NO;NO;NO;PAGARE;NO;NO;24Hs.;15:47:50;17:00:00;91;546;39,50;39,50;769;$;600.000.000,00;2;Negociada;16:02:57;;30-71530010-5;INDUSTRIAS G&D S.A.;;;;;;
1516103;03/08/2026;Avalado;;SI;NO;ECHEQ;NO;NO;24Hs.;15:48:06;17:00:00;30;507;21,00;21,00;422;$;52.317.520,33;3;Negociada;15:50:07;CMFI;;BANCO COMAFI S.A.;AO;;;;;
1516104;03/08/2026;No Garantizado;SI;SI;NO;ECHEQ;NO;NO;C.I.;15:48:35;17:00:00;120;569;38,00;38,00;569;$;131.500.000,00;1;Negociada;15:50:38;;30-71189374-8;GEDEON  S. R. L.;AO;30-71189374-8;GEDEON  S. R. L.;Certificado MiPyME;;
1516105;03/08/2026;Avalado;;SI;NO;ECHEQ;SI;NO;24Hs.;15:48:37;17:00:00;37;507;21,00;21,00;422;$;35.121.956,30;1;Negociada;15:50:38;CMFI;;BANCO COMAFI S.A.;NO;;;;;
1516106;03/08/2026;No Garantizado;NO;NO;NO;PAGARE;NO;NO;24Hs.;15:48:45;17:00:00;119;546;45,00;45,00;769;$;1.200.000.000,00;1;Negociada;16:03:09;;30-71550173-9;INDUSTRIAS VERSATO S. A.;;;;;;
1516107;03/08/2026;Avalado;;SI;NO;ECHEQ;NO;NO;24Hs.;15:49:10;17:00:00;92;15;21,00;21,00;720;$;90.460.642,98;44;Negociada;15:51:38;BAIN;;BANCO INDUSTRIAL SA;AO;;;;;
1516108;03/08/2026;Avalado;;SI;NO;ECHEQ;NO;NO;24Hs.;15:49:22;17:00:00;86;15;20,00;20,00;720;$;19.286.732,59;14;Negociada;15:51:24;BAIN;;BANCO INDUSTRIAL SA;AO;;;;;
1516109;03/08/2026;Avalado;;SI;NO;ECHEQ;SI;NO;24Hs.;15:49:36;17:00:00;66;15;20,00;20,00;720;$;61.305.254,38;2;Negociada;15:51:38;BAIN;;BANCO INDUSTRIAL SA;NO;;;;;
1516110;03/08/2026;Avalado;;SI;NO;ECHEQ;NO;NO;24Hs.;15:49:47;17:00:00;56;;;20,00;720;$;73.143.780,19;30;Desierta;;BAIN;;BANCO INDUSTRIAL SA;AO;;;;;
1516111;03/08/2026;No Garantizado;NO;SI;NO;ECHEQ;NO;NO;C.I.;15:49:54;17:00:00;156;754;40,00;40,00;754;$;51.789.591,00;1;Negociada;15:51:55;;30-69848607-0;CHIAMBRETTO DANIEL ARGENTINO Y SCHNEIDER GERARDO LUIS   SH;AO;;;;;
1516112;03/08/2026;No Garantizado;NO;NO;NO;PAGARE;NO;NO;C.I.;15:49:59;17:00:00;31;770;27,00;27,00;832;$;500.000.000,00;1;Negociada;15:52:01;;30-57803607-1;MIRGOR SA C I F I A;;;;;;
1516113;03/08/2026;No Garantizado;NO;NO;NO;PAGARE;NO;NO;24Hs.;15:50:11;17:00:00;30;;;0,00;832;$;500.000.000,00;1;Desierta (Baja);;;30-57803607-1;MIRGOR SA C I F I A;;;;;;
1516114;03/08/2026;Avalado;;SI;NO;ECHEQ;NO;NO;24Hs.;15:50:25;17:00:00;80;;;20,00;449;$;7.000.000,00;1;Desierta;;FINT;;Fintech S.G.R.;AO;;;;;
1516115;03/08/2026;No Garantizado;NO;SI;NO;PAGARE;NO;NO;24Hs.;15:50:46;17:00:00;63;449;31,83;31,83;449;$;300.000.000,00;1;Negociada;15:59:31;;33-71106248-9;COMPANIA INVERSORA INDUSTRIAL S.A.;;33-71106248-9;COMPANIA INVERSORA INDUSTRIAL S.A.;;;
1516116;03/08/2026;Avalado;;SI;NO;ECHEQ;SI;NO;24Hs.;15:51:12;17:00:00;104;501;21,50;21,50;804;$;7.500.000,00;1;Negociada;16:08:08;CUAV;;Cuyo Aval S.G.R.;NO;;;;;
1516117;03/08/2026;Avalado;;SI;NO;ECHEQ;SI;NO;24Hs.;15:51:46;17:00:00;42;;;20,00;422;$;5.000.000,00;2;Desierta;;CMFI;;BANCO COMAFI S.A.;NO;;;;;
1516118;03/08/2026;No Garantizado;NO;NO;NO;PAGARE;NO;NO;C.I.;15:53:27;17:00:00;31;770;27,00;27,00;832;$;500.000.000,00;1;Negociada;15:55:28;;30-57803607-1;MIRGOR SA C I F I A;;;;;;
1516119;03/08/2026;No Garantizado;NO;SI;NO;PAGARE;NO;NO;24Hs.;15:54:09;17:00:00;63;449;31,83;31,83;449;$;200.000.000,00;1;Negociada;15:59:43;;33-71106248-9;COMPANIA INVERSORA INDUSTRIAL S.A.;;33-71106248-9;COMPANIA INVERSORA INDUSTRIAL S.A.;;;
1516120;03/08/2026;Avalado;;SI;NO;ECHEQ;NO;NO;24Hs.;15:55:04;17:00:00;42;507;23,00;23,00;897;$;33.000.000,00;3;Negociada;16:33:47;FIDU;;Fid Aval S.G.R.;AO;;;;;
1516121;03/08/2026;Avalado;;SI;NO;CPD;NO;NO;24Hs.;15:55:28;17:00:00;108;;;23,00;868;$;2.000.000.000,00;1;Desierta;;POTE;;Potenciar S.G.R.;;;;;;
1516122;03/08/2026;Avalado;;SI;NO;ECHEQ;NO;NO;24Hs.;15:56:00;17:00:00;57;;;21,00;422;$;5.000.000,00;1;Desierta;;CMFI;;BANCO COMAFI S.A.;AO;;;;;
1516123;03/08/2026;Avalado;;SI;NO;ECHEQ;NO;NO;24Hs.;15:56:04;17:00:00;23;406;23,00;23,00;502;$;5.561.383,26;1;Negociada;15:58:36;CREC;;Crecer S.G.R.;AO;;;;;
1516124;03/08/2026;No Garantizado;NO;SI;NO;ECHEQ;SI;NO;C.I.;15:56:09;17:00:00;38;725;25,00;25,00;433;$;158.115.658,03;12;Negociada;15:58:10;;30-68537634-9;TARJETA NARANJA S.A.U.;NO;30-53284754-7;BAZAR AVENIDA S. A.;;;
1516125;03/08/2026;Avalado;;SI;NO;ECHEQ;NO;NO;24Hs.;15:58:24;17:00:00;182;;;29,00;545;$;5.280.000,00;2;Desierta;;RESI;;Resiliencia S.G.R.;AO;;;;;
1516126;03/08/2026;Avalado;;SI;NO;ECHEQ;NO;NO;24Hs.;15:58:58;17:00:00;39;;;0,00;483;$;859.278,66;2;Desierta (Baja);;ACPY;;Acindar Pymes S.G.R.;AO;;;;;
1516127;03/08/2026;No Garantizado;NO;SI;NO;ECHEQ;NO;NO;C.I.;15:59:07;17:00:00;30;808;61,00;61,00;808;$;106.000.000,00;4;Negociada;16:10:03;;33-70927609-9;COOPERATIVA DE CREDITO, CONSUMO  Y VIVIENDA MASELE LTDA.;AO;33-70927609-9;COOPERATIVA DE CREDITO, CONSUMO  Y VIVIENDA MASELE LTDA.;;;
1516128;03/08/2026;No Garantizado;NO;SI;NO;ECHEQ;NO;NO;C.I.;15:59:23;17:00:00;30;808;61,00;61,00;808;$;407.671.000,00;17;Negociada;16:09:30;;30-71640610-1;S&S SOLUTIONS S.A;AO;30-71640610-1;S&S SOLUTIONS S.A;;;
1516129;03/08/2026;Avalado;;SI;NO;ECHEQ;NO;NO;24Hs.;15:59:55;17:00:00;39;;;20,00;483;$;859.278,66;2;Desierta;;ACPY;;Acindar Pymes S.G.R.;AO;;;;;
1516130;03/08/2026;Avalado;;SI;NO;ECHEQ;NO;NO;24Hs.;16:00:14;17:00:00;8;;;21,00;483;$;204.785.660,20;2;Desierta;;BIND;;Garantias Bind S.G.R.;AO;;;;;
1516131;03/08/2026;Avalado;;SI;NO;ECHEQ;NO;NO;24Hs.;16:00:32;17:00:00;36;;;20,00;25;$;10.000.000,00;1;Desierta;;ACPY;;Acindar Pymes S.G.R.;AO;;;;;
1516132;03/08/2026;Avalado;;SI;NO;ECHEQ;NO;NO;24Hs.;16:01:01;17:00:00;37;;;20,00;422;$;8.833.333,32;2;Desierta;;CMFI;;BANCO COMAFI S.A.;AO;;;;;
1516133;03/08/2026;Avalado;;SI;NO;ECHEQ;NO;NO;24Hs.;16:01:05;17:00:00;163;;;22,00;598;$;16.999.999,98;3;Desierta;;ACPY;;Acindar Pymes S.G.R.;AO;;;;;
1516134;03/08/2026;Garantizado;SI;SI;NO;ECHEQ;NO;NO;24Hs.;16:01:17;17:00:00;29;;;22,00;598;$;74.122.920,04;2;Desierta;;;;;AO;;;Certificado MiPyME;;
1516135;03/08/2026;Avalado;;SI;NO;ECHEQ;NO;NO;24Hs.;16:03:17;17:00:00;43;;;22,00;545;$;35.000.000,00;1;Desierta;;MOVI;;MOVIL S.G.R.;AO;;;;;
1516136;03/08/2026;Avalado;;SI;NO;ECHEQ;NO;NO;24Hs.;16:04:48;17:00:00;87;;;22,50;545;$;37.500.000,00;7;Desierta;;ACPY;;Acindar Pymes S.G.R.;AO;;;;;
1516137;03/08/2026;No Garantizado;NO;SI;NO;PAGARE;NO;NO;C.I.;16:04:51;17:00:00;229;25;7,50;7,50;25;U$S;80.000,00;2;Negociada;16:06:53;;30-71650302-6;DYP S.A;;30-71650302-6;DYP S.A;;;
1516138;03/08/2026;No Garantizado;NO;SI;NO;PAGARE;NO;NO;24Hs.;16:06:07;17:00:00;171;32;0,00;0,00;769;U$D;500.000,00;1;Negociada;16:08:08;;30-70931850-7;COM & LOG S. A.;;30-70931850-7;COM & LOG S. A.;;;
1516139;03/08/2026;No Garantizado;NO;SI;NO;ECHEQ;SI;NO;C.I.;16:06:55;17:00:00;84;406;33,00;33,00;449;$;269.064.362,56;1;Negociada;16:10:37;;30-62914545-8;TASA LOGISTICA SA;NO;30-68514077-9;EMPLEOS TEMPORARIOS S. A.;;;
1516140;03/08/2026;No Garantizado;NO;SI;NO;ECHEQ;SI;NO;C.I.;16:07:08;17:00:00;36;406;33,00;33,00;449;$;45.125.006,74;1;Negociada;16:10:47;;33-70993237-9;TRANSPORTE Y DISTRIBUCION URBANA SA;NO;30-68514077-9;EMPLEOS TEMPORARIOS S. A.;;;
1516141;03/08/2026;No Garantizado;NO;SI;NO;ECHEQ;NO;NO;C.I.;16:07:23;17:00:00;32;406;33,00;33,00;449;$;21.013.000,00;1;Negociada;16:10:53;;30-71839279-5;SA TUCUMAN TRAPANI;AO;30-68514077-9;EMPLEOS TEMPORARIOS S. A.;;;
1516142;03/08/2026;No Garantizado;NO;SI;NO;ECHEQ;SI;NO;C.I.;16:07:34;17:00:00;52;406;33,00;33,00;449;$;215.911.759,00;1;Negociada;16:11:02;;30-62914545-8;TASA LOGISTICA SA;NO;30-68514077-9;EMPLEOS TEMPORARIOS S. A.;;;
1516143;03/08/2026;No Garantizado;NO;SI;NO;ECHEQ;NO;NO;C.I.;16:07:46;17:00:00;16;406;33,00;33,00;449;$;35.000.000,00;1;Negociada;16:11:12;;30-71554578-7;UA ARGENTINA S. A.;AO;30-68514077-9;EMPLEOS TEMPORARIOS S. A.;;;
1516144;03/08/2026;No Garantizado;NO;SI;NO;ECHEQ;NO;NO;C.I.;16:07:58;17:00:00;29;406;33,00;33,00;449;$;110.404.007,25;1;Negociada;16:11:20;;30-71089423-6;LOG IN FARMA SRL;AO;30-68514077-9;EMPLEOS TEMPORARIOS S. A.;;;
1516145;03/08/2026;Avalado;;SI;NO;ECHEQ;NO;NO;24Hs.;16:08:37;17:00:00;85;501;21,50;21,50;716;$;21.000.000,00;1;Negociada;16:10:39;FGCT;;Fondo de Garantia Catamarca SAPEM;AO;;;;;
1516146;03/08/2026;No Garantizado;NO;SI;NO;PAGARE;NO;NO;C.I.;16:08:43;17:00:00;106;832;31,00;31,00;832;$;2.000.000.000,00;1;Negociada;16:10:45;;30-57803607-1;MIRGOR SA C I F I A;;30-57803607-1;MIRGOR SA C I F I A;;;
1516147;03/08/2026;Avalado;;SI;NO;ECHEQ;NO;NO;24Hs.;16:09:36;17:00:00;66;;;20,00;802;$;35.163.579,61;36;Desierta;;ACPY;;Acindar Pymes S.G.R.;AO;;;;;
1516148;03/08/2026;Garantizado;NO;SI;NO;ECHEQ;NO;NO;24Hs.;16:10:12;17:00:00;31;839;22,00;22,00;839;$;90.771.685,85;12;Negociada;16:23:13;;;;AO;;;;;
1516149;03/08/2026;Garantizado Calificado;NO;SI;NO;ECHEQ;NO;NO;24Hs.;16:10:23;17:00:00;23;839;22,00;22,00;839;$;8.668.000,00;2;Negociada;16:23:21;;;;AO;;;;;
1516150;03/08/2026;Avalado;;SI;NO;ECHEQ;NO;NO;24Hs.;16:10:43;17:00:00;78;;;0,00;569;$;38.000.000,00;1;Desierta (Baja);;ZOFI;;Zofingen S.G.R.;AO;;;;;
1516151;03/08/2026;Avalado;;SI;NO;ECHEQ;NO;NO;24Hs.;16:11:45;17:00:00;195;;;;526;$;4.000.000,00;1;Desierta;;NOVA;;INNOVA S.G.R.;AO;;;;;
1516152;03/08/2026;No Garantizado Calificado;NO;SI;NO;PAGARE;NO;NO;24Hs.;16:12:08;17:00:00;100;767;13,00;13,00;767;DOL;30.000,00;2;Negociada;16:14:10;;20-30887887-3;LOZA MATIAS;;20-30887887-3;LOZA MATIAS;;;
1516153;03/08/2026;Avalado;;SI;NO;ECHEQ;SI;NO;24Hs.;16:12:20;17:00:00;162;;;24,00;11;$;65.000.000,00;10;Desierta;;ACPY;;Acindar Pymes S.G.R.;NO;;;;;
1516156;03/08/2026;Avalado;;SI;NO;ECHEQ;NO;NO;24Hs.;16:13:01;17:00:00;135;406;25,00;25,00;11;$;10.000.000,00;1;Negociada;16:47:52;CREC;;Crecer S.G.R.;AO;;;;;
1516157;03/08/2026;Avalado;;SI;NO;ECHEQ;NO;NO;24Hs.;16:13:16;17:00:00;97;;;25,00;767;$;7.315.274,94;4;Desierta;;CONV;;CONAVAL S.G.R.;AO;;;;;
1516158;03/08/2026;Avalado;;SI;NO;ECHEQ;NO;NO;24Hs.;16:13:22;17:00:00;136;;;24,00;11;$;60.000.000,00;5;Desierta;;FEDE;;Aval Federal S.G.R.;AO;;;;;
1516159;03/08/2026;Avalado;;SI;NO;ECHEQ;NO;NO;24Hs.;16:13:41;17:00:00;35;;;20,00;720;$;75.406.181,59;11;Desierta;;BAIN;;BANCO INDUSTRIAL SA;AO;;;;;
1516160;03/08/2026;No Garantizado;NO;SI;NO;ECHEQ;NO;NO;24Hs.;16:13:52;17:00:00;65;546;28,00;28,00;546;$;150.000.000,00;6;Negociada;16:15:53;;33-71119257-9;FERAVAL S.A;AO;33-71119257-9;FERAVAL S.A;;;
1516161;03/08/2026;Avalado;;SI;NO;ECHEQ;NO;NO;24Hs.;16:13:56;17:00:00;153;;;23,00;449;$;7.000.000,00;1;Desierta;;AVRU;;Aval Rural S.G.R.;AO;;;;;
1516162;03/08/2026;Avalado;;SI;NO;ECHEQ;NO;NO;24Hs.;16:13:57;17:00:00;130;;;21,00;11;$;7.500.000,00;3;Desierta;;FAEC;;FIDEICOM.DE AFECT. ESPEC.;AO;;;;;
1516163;03/08/2026;Avalado;;SI;NO;ECHEQ;NO;NO;24Hs.;16:14:02;17:00:00;29;;;23,00;34;$;2.249.100,00;1;Desierta;;ACPY;;Acindar Pymes S.G.R.;AO;;;;;
1516164;03/08/2026;No Garantizado;NO;SI;NO;ECHEQ;SI;NO;24Hs.;16:14:16;17:00:00;53;;;0,00;767;$;13.200.000,00;3;Desierta (Baja);;;30-70773203-9;AVELINO S.A.;NO;20-26449458-4;RODRIGUEZ ADEMAR JULIAN;;;
1516165;03/08/2026;Avalado;;SI;NO;ECHEQ;SI;NO;24Hs.;16:14:23;17:00:00;120;;;21,00;11;$;3.993.000,00;1;Desierta;;BIND;;Garantias Bind S.G.R.;NO;;;;;
1516166;03/08/2026;No Garantizado;NO;SI;NO;ECHEQ;NO;NO;24Hs.;16:14:30;17:00:00;44;;;45,00;767;$;4.400.000,00;1;Desierta;;;30-70773203-9;AVELINO S.A.;AO;20-26449458-4;RODRIGUEZ ADEMAR JULIAN;;;
1516167;03/08/2026;No Garantizado;NO;SI;NO;ECHEQ;NO;NO;24Hs.;16:14:30;17:00:00;37;433;33,00;33,00;433;$;160.000.000,00;2;Negociada;16:16:32;;30-70870107-2;DRACONIS S.A.;AO;30-70870107-2;DRACONIS S.A.;;;
1516168;03/08/2026;Avalado;;SI;NO;ECHEQ;NO;NO;24Hs.;16:15:18;17:00:00;293;;;24,00;11;$;75.000.000,00;1;Desierta;;CREC;;Crecer S.G.R.;AO;;;;;
1516169;03/08/2026;Avalado;;SI;NO;ECHEQ;NO;NO;24Hs.;16:15:45;17:00:00;110;;;21,00;11;$;118.935.838,64;28;Desierta;;BIND;;Garantias Bind S.G.R.;AO;;;;;
1516170;03/08/2026;No Garantizado;NO;SI;NO;ECHEQ;NO;NO;24Hs.;16:15:59;17:00:00;65;502;27,10;27,10;502;$;2.000.000.000,00;2;Negociada;16:18:07;;30-65511651-2;EDESUR S A;AO;30-65511651-2;EDESUR S A;;;
1516171;03/08/2026;Avalado;;SI;NO;ECHEQ;SI;NO;24Hs.;16:16:03;17:00:00;97;;;23,00;11;$;40.000.000,00;8;Desierta;;ACPY;;Acindar Pymes S.G.R.;NO;;;;;
1516172;03/08/2026;Avalado;;SI;NO;ECHEQ;NO;NO;24Hs.;16:16:23;17:00:00;71;502;23,00;23,00;11;$;1.875.270,38;2;Negociada;16:18:25;CUAV;;Cuyo Aval S.G.R.;AO;;;;;
1516173;03/08/2026;Avalado;;SI;NO;ECHEQ;NO;NO;24Hs.;16:16:45;17:00:00;71;;;23,00;11;$;64.356.713,18;6;Desierta;;UNIO;;Union S.G.R.;AO;;;;;
1516174;03/08/2026;Avalado;;SI;NO;ECHEQ;NO;NO;24Hs.;16:16:55;17:00:00;78;;;0,00;569;$;38.000.000,00;1;Desierta (Baja);;ZOFI;;Zofingen S.G.R.;AO;;;;;
1516175;03/08/2026;No Garantizado;NO;SI;NO;ECHEQ;NO;NO;C.I.;16:17:09;17:00:00;30;;;;567;$;44.122.219,68;5;Desierta (Baja);;;30-71599647-9;FILOSHEN S.A.;AO;30-71551491-1;ASTRAK S.A.;;;
1516176;03/08/2026;Avalado;;SI;NO;ECHEQ;NO;NO;24Hs.;16:17:16;17:00:00;59;502;23,00;23,00;11;$;24.247.536,00;1;Negociada;16:19:18;CREC;;Crecer S.G.R.;AO;;;;;
1516177;03/08/2026;No Garantizado;NO;SI;NO;ECHEQ;NO;NO;C.I.;16:17:23;17:00:00;93;567;37,00;37,00;567;$;150.000.000,00;1;Negociada;16:27:33;;30-71551491-1;ASTRAK S.A.;AO;30-71551491-1;ASTRAK S.A.;;;
1516178;03/08/2026;No Garantizado;NO;SI;NO;ECHEQ;NO;NO;24Hs.;16:17:41;17:00:00;29;;;;567;$;56.237.623,51;5;Desierta (Baja);;;30-71599647-9;FILOSHEN S.A.;AO;30-71551491-1;ASTRAK S.A.;;;
1516179;03/08/2026;Avalado;;SI;NO;ECHEQ;NO;NO;24Hs.;16:18:20;17:00:00;78;406;24,00;24,00;406;$;32.000.000,00;1;Negociada;16:20:49;CREC;;Crecer S.G.R.;AO;;;;;
1516180;03/08/2026;No Garantizado;SI;SI;NO;PAGARE;NO;NO;C.I.;16:19:18;17:00:00;45;701;25,00;25,00;701;$;148.000.000,00;1;Negociada;16:21:20;;30-71454967-3;QUEBRACHO BLANCO S.R.L.;;30-71454967-3;QUEBRACHO BLANCO S.R.L.;Certificado MiPyME;;
1516181;03/08/2026;No Garantizado;SI;SI;NO;ECHEQ;NO;NO;C.I.;16:20:03;17:00:00;65;559;27,50;27,50;559;$;1.100.000.000,00;4;Negociada;16:23:43;;30-54141654-0;RATTO HNOS SA CFIA;AO;30-54141654-0;RATTO HNOS SA CFIA;Certificado MiPyME;;
1516182;03/08/2026;Avalado;;SI;NO;ECHEQ;NO;NO;24Hs.;16:20:07;17:00:00;59;406;23,00;23,00;897;$;58.200.000,00;2;Negociada;16:22:08;CAMP;;Campo Aval S.G.R.;AO;;;;;
1516183;03/08/2026;Garantizado;SI;SI;NO;ECHEQ;NO;NO;24Hs.;16:20:53;17:00:00;24;;;0,00;559;$;50.000.000,00;1;Desierta;;;;;AO;;;Certificado MiPyME;;
1516184;03/08/2026;No Garantizado Calificado;NO;NO;NO;PAGARE;NO;NO;24Hs.;16:21:14;17:00:00;29;;;;767;DOL;90.000,00;1;Desierta;;;30-60237792-6;PICAPAU SRL;;;;;;
1516185;03/08/2026;Avalado;;SI;NO;ECHEQ;NO;NO;C.I.;16:21:14;17:00:00;224;;;;567;$;150.000.000,00;2;Desierta (Baja);;POTE;;Potenciar S.G.R.;AO;;;;;
1516186;03/08/2026;No Garantizado;NO;SI;NO;ECHEQ;NO;NO;C.I.;16:21:59;17:00:00;30;;;;567;$;56.237.623,51;5;Desierta (Baja);;;30-71599647-9;FILOSHEN S.A.;AO;30-71551491-1;ASTRAK S.A.;;;
1516187;03/08/2026;No Garantizado;NO;SI;NO;ECHEQ;NO;NO;C.I.;16:22:46;17:00:00;40;434;48,00;48,00;714;$;5.000.000,00;5;Negociada;16:28:42;;30-62499819-3;BUROMAHTIK SOCIEDAD ANONIMA;AO;30-71732529-6;FINLATINA S. A.;;;
1516188;03/08/2026;No Garantizado;NO;SI;NO;ECHEQ;NO;NO;24Hs.;16:23:16;17:00:00;22;;;26,00;819;$;11.130.255,63;1;Desierta;;;30-71714945-5;PETROLERA ACONCAGUA ENERGIA SA - CROWN POINT ENERGIA SA - UNION TRANSITORIA DE EMPRESAS;AO;30-71915044-2;JOTA ENERGY S. A. S.;;;
1516189;03/08/2026;No Garantizado;NO;SI;NO;PAGARE;NO;NO;C.I.;16:23:33;17:00:00;35;756;10,00;10,00;756;U$D;120.000,00;1;Negociada;16:25:35;;30-71759670-2;26 SUCRE 865 BH  SA;;30-71759670-2;26 SUCRE 865 BH  SA;;;
1516190;03/08/2026;Avalado;;SI;NO;ECHEQ;NO;NO;C.I.;16:23:42;17:00:00;70;;;;406;$;100.000.000,00;5;Desierta;;ARPY;;Argenpymes S.G.R.;AO;;;;;
1516191;03/08/2026;Avalado;;SI;NO;ECHEQ;NO;NO;24Hs.;16:24:03;17:00:00;86;;;26,50;864;$;75.000.000,00;3;Desierta;;MILL;;MILLS S.G.R.;AO;;;;;
1516192;03/08/2026;No Garantizado;NO;SI;NO;ECHEQ;SI;NO;C.I.;16:24:31;17:00:00;58;841;26,00;26,00;841;$;373.122.432,93;1;Negociada;16:33:12;;30-68537634-9;TARJETA NARANJA S.A.U.;NO;;;;;
1516193;03/08/2026;No Garantizado;NO;SI;NO;ECHEQ;NO;NO;24Hs.;16:25:16;17:00:00;92;572;35,00;35,00;793;$;14.920.820,00;1;Negociada;16:29:06;;20-29850342-6;SCARPONI LUCAS ROBERTO;AO;20-29446441-8;PELOSSO RICARDO MAURICIO;;;
1516194;03/08/2026;No Garantizado;NO;SI;NO;ECHEQ;NO;NO;24Hs.;16:25:39;17:00:00;90;572;35,00;35,00;793;$;10.500.000,00;1;Negociada;16:28:42;;30-71526032-4;IRON BROTHERS S.A.;AO;20-29446441-8;PELOSSO RICARDO MAURICIO;;;
1516195;03/08/2026;No Garantizado;NO;SI;NO;ECHEQ;NO;NO;C.I.;16:25:44;17:00:00;30;567;35,00;35,00;567;$;100.359.843,19;10;Negociada;16:27:55;;30-71599647-9;FILOSHEN S.A.;AO;30-71551491-1;ASTRAK S.A.;;;
1516196;03/08/2026;No Garantizado Calificado;NO;NO;NO;PAGARE;NO;NO;C.I.;16:27:00;17:00:00;8;47;35,00;35,00;47;$;12.038.000,00;1;Negociada;16:40:00;;30-71578674-1;BERLIN  HOUSES S. A.;;;;;;
1516197;03/08/2026;No Garantizado;NO;SI;NO;ECHEQ;SI;NO;24Hs.;16:27:40;17:00:00;55;559;25,50;25,50;559;$;861.551.317,04;2;Negociada;16:29:41;;30-68537634-9;TARJETA NARANJA S.A.U.;NO;;;;;
1516198;03/08/2026;No Garantizado;NO;SI;NO;ECHEQ;NO;NO;24Hs.;16:27:55;17:00:00;45;422;26,80;26,80;422;$;800.000.000,00;1;Negociada;16:31:02;;30-65511651-2;EDESUR S A;AO;30-65511651-2;EDESUR S A;;;
1516199;03/08/2026;No Garantizado;SI;SI;NO;ECHEQ;SI;NO;C.I.;16:28:42;17:00:00;22;569;29,99;31,99;569;$;6.762.576,24;1;Negociada;16:37:48;;30-69847147-2;DINOSAURIO S.A.;NO;30-52543681-7;JOSE MINETTI Y CIA LTDA SACI;Certificado MiPyME;;
1516200;03/08/2026;No Garantizado;SI;SI;NO;ECHEQ;NO;NO;C.I.;16:28:52;17:00:00;37;569;34,00;34,00;569;$;24.100.000,00;1;Negociada;16:32:05;;30-71049877-2;SUPERMERCADOS GRANJA S.A.;AO;30-52543681-7;JOSE MINETTI Y CIA LTDA SACI;Certificado MiPyME;;
1516201;03/08/2026;Avalado;;SI;NO;ECHEQ;NO;NO;24Hs.;16:29:30;17:00:00;54;442;24,00;24,00;442;$;30.415.478,00;6;Negociada;16:35:00;AVAL;;Avaluar S.G.R.;AO;;;;;
1516202;03/08/2026;Avalado;;SI;NO;ECHEQ;NO;NO;24Hs.;16:30:05;17:00:00;123;;;0,00;569;$;90.000.000,00;15;Desierta (Baja);;ZOFI;;Zofingen S.G.R.;AO;;;;;
1516203;03/08/2026;Avalado;;SI;NO;ECHEQ;NO;NO;24Hs.;16:30:36;17:00:00;55;;;24,00;755;$;93.211.325,52;4;Desierta;;FIDU;;Fid Aval S.G.R.;AO;;;;;
1516204;03/08/2026;No Garantizado;NO;SI;NO;ECHEQ;SI;NO;C.I.;16:30:46;17:00:00;39;559;26,00;26,00;559;$;4.313.126.412,38;6;Negociada;16:32:48;;30-68537634-9;TARJETA NARANJA S.A.U.;NO;;;;;
1516205;03/08/2026;No Garantizado;NO;SI;NO;ECHEQ;NO;NO;C.I.;16:31:30;17:00:00;29;687;27,00;27,00;687;$;9.905.338,50;1;Negociada;16:33:31;;30-67813830-0;DORINKA S.R.L.;AO;20-95734169-2;TORO CALDERON JOSE ANDRES;;;
1516206;03/08/2026;Avalado;;SI;NO;ECHEQ;NO;NO;24Hs.;16:31:49;17:00:00;93;;;20,00;546;$;200.000.000,00;1;Desierta;;ARPY;;Argenpymes S.G.R.;AO;;;;;
1516207;03/08/2026;No Garantizado;NO;SI;NO;ECHEQ;NO;NO;C.I.;16:33:06;17:00:00;65;427;34,00;34,00;427;$;39.837.918,92;1;Negociada;16:35:08;;30-64806084-6;NOAL S A;AO;;;;;
1516208;03/08/2026;No Garantizado;NO;SI;NO;ECHEQ;NO;NO;C.I.;16:33:52;17:00:00;58;;;25,00;559;$;15.728.160,00;1;Desierta;;;30-50577985-8;CIA INDUSTRIAL CERVECERA S A;AO;;;;;
1516209;03/08/2026;No Garantizado;SI;NO;NO;ECHEQ;NO;NO;24Hs.;16:34:05;17:00:00;28;15;25,00;25,00;15;$;60.770.491,04;1;Negociada;16:36:07;;30-58962149-9;SUPERMERCADOS MAYORISTAS MAKRO S. A.;AO;;;MiPyME FCE - Art. 7 Ley 27.440, Res. SEPYME 340/17, Art. 2 RG 4367/18 y RG 1019/24;;
1516210;03/08/2026;Avalado;;SI;NO;ECHEQ;NO;NO;C.I.;16:34:50;17:00:00;124;569;31,00;31,00;569;$;90.000.000,00;15;Negociada;16:38:25;ZOFI;;Zofingen S.G.R.;AO;;;;;
1516211;03/08/2026;Avalado;;SI;NO;ECHEQ;NO;NO;C.I.;16:35:03;17:00:00;79;569;29,00;29,00;569;$;38.000.000,00;1;Negociada;16:38:39;ZOFI;;Zofingen S.G.R.;AO;;;;;
1516212;03/08/2026;Avalado;;SI;NO;ECHEQ;NO;NO;24Hs.;16:35:55;17:00:00;35;;;25,00;537;$;10.000.000,00;1;Desierta;;INPY;;Integra Pymes S.G.R.;AO;;;;;
1516213;03/08/2026;Avalado;;SI;NO;PAGARE;NO;NO;C.I.;16:36:08;17:00:00;366;567;7,00;7,00;567;DOL;290.000,00;6;Negociada;16:39:07;PROM;;Promover S.G.R.;;;;;;
1516214;03/08/2026;Avalado;;SI;NO;ECHEQ;SI;NO;24Hs.;16:40:14;17:00:00;79;;;22,00;559;$;35.742.370,42;2;Desierta;;POTE;;Potenciar S.G.R.;NO;;;;;
1516215;03/08/2026;No Garantizado;NO;NO;NO;PAGARE;NO;NO;24Hs.;16:41:58;17:00:00;8;;;;598;DOL;21.500,00;1;Desierta (Baja);;;30-71683799-4;AFS GROUP S.A.;;;;;;
1516216;03/08/2026;Avalado;;SI;NO;ECHEQ;NO;NO;24Hs.;16:43:53;17:00:00;132;;;28,00;537;$;28.750.000,00;1;Desierta;;AFBG;;AFB AVALES S.G.R;AO;;;;;
1516217;03/08/2026;Avalado;;SI;NO;ECHEQ;NO;NO;24Hs.;16:44:06;17:00:00;204;;;28,00;537;$;28.750.000,00;1;Desierta;;AFBG;;AFB AVALES S.G.R;AO;;;;;
1516218;03/08/2026;No Garantizado;SI;SI;NO;FCE;NO;NO;C.I.;16:47:22;17:00:00;35;569;27,50;27,50;569;$;626.739.872,39;6;Negociada;16:49:32;%INC;30-68731043-4;INC S. A.;;;;;;
1516219;03/08/2026;No Garantizado;SI;SI;NO;ECHEQ;NO;NO;C.I.;16:47:37;17:00:00;32;569;31,00;31,00;569;$;98.325.972,36;1;Negociada;16:49:56;;30-50125030-5;LEDESMA SOCIEDAD ANONIMA AGRICOLA INDUSTRIAL;AO;;;Certificado MiPyME;;
1516220;03/08/2026;No Garantizado;SI;SI;NO;ECHEQ;SI;NO;C.I.;16:47:58;17:00:00;78;569;31,00;31,00;569;$;12.833.164,44;1;Negociada;16:50:18;;30-54808315-6;COTO CENTRO INTEGRAL DE COMERCIALIZACION SOCIEDAD ANONIMA;NO;;;Certificado MiPyME;;
1516221;03/08/2026;No Garantizado;SI;SI;NO;FCE;NO;NO;C.I.;16:48:07;17:00:00;24;569;15,00;15,00;569;U$S;105.295,99;1;Negociada;16:50:40;%UVI;33-51595089-9;VISTA ENERGY ARGENTINA S.A.U;;;;;;
1516222;03/08/2026;No Garantizado;SI;SI;NO;FCE;NO;NO;C.I.;16:48:14;17:00:00;64;569;15,00;15,00;569;U$S;7.318,08;1;Negociada;16:51:03;%UHA;30-50361098-8;HALLIBURTON ARGENTINA SOCIEDAD DE RESPONSABILIDAD LIMITADA;;;;;;
1516223;03/08/2026;Avalado;;SI;NO;PAGARE;NO;NO;24Hs.;16:48:30;17:00:00;273;;;5,00;527;U$D;80.000,00;1;Desierta;;AVRU;;Aval Rural S.G.R.;;;;;;
1516224;03/08/2026;No Garantizado;NO;SI;NO;ECHEQ;SI;NO;C.I.;16:48:49;17:00:00;54;795;26,00;26,00;795;$;3.070.837.886,90;6;Negociada;16:50:51;;30-68537634-9;TARJETA NARANJA S.A.U.;NO;30-67813830-0;DORINKA S.R.L.;;;
1516225;03/08/2026;Avalado;;SI;NO;ECHEQ;NO;NO;24Hs.;16:48:57;17:00:00;20;;;20,00;502;$;64.283.376,94;7;Desierta;;UNIO;;Union S.G.R.;AO;;;;;
1516226;03/08/2026;Avalado;;SI;NO;ECHEQ;NO;NO;24Hs.;16:48:57;17:00:00;38;754;25,00;25,00;754;$;20.000.000,00;2;Negociada;16:50:59;ARPY;;Argenpymes S.G.R.;AO;;;;;
1516227;03/08/2026;No Garantizado Calificado;NO;SI;NO;PAGARE;NO;NO;C.I.;16:49:42;17:00:00;182;47;38,00;38,00;47;$;14.281.000,00;1;Negociada;16:51:43;;30-71578674-1;BERLIN  HOUSES S. A.;;30-71578674-1;BERLIN  HOUSES S. A.;;;
1516228;03/08/2026;No Garantizado;NO;SI;NO;ECHEQ;SI;NO;24Hs.;16:50:34;17:00:00;53;;;45,00;767;$;13.200.000,00;3;Desierta;;;30-70773203-9;AVELINO S.A.;NO;20-26449458-4;RODRIGUEZ ADEMAR JULIAN;;;
1516229;03/08/2026;No Garantizado;NO;SI;NO;ECHEQ;NO;NO;24Hs.;16:50:47;17:00:00;36;;;45,00;767;$;4.400.000,00;1;Desierta;;;30-70773203-9;AVELINO S.A.;AO;20-26449458-4;RODRIGUEZ ADEMAR JULIAN;;;
1516230;03/08/2026;Avalado;;SI;NO;PAGARE;NO;NO;24Hs.;16:50:58;17:00:00;352;11;7,00;7,00;11;U$S;25.000,00;1;Negociada;16:53:00;CREC;;Crecer S.G.R.;;;;;;
1516231;03/08/2026;Avalado;;SI;NO;ECHEQ;NO;NO;24Hs.;16:50:59;17:00:00;84;;;22,00;513;$;10.000.000,00;4;Desierta;;FINT;;Fintech S.G.R.;AO;;;;;
1516232;03/08/2026;No Garantizado;NO;SI;NO;ECHEQ;NO;NO;24Hs.;16:51:20;17:00:00;56;526;32,00;32,00;767;$;72.764.817,32;8;Negociada;16:53:23;;30-71168545-2;GANADEROS DE FORMOSA S.R.L.;AO;30-71188957-0;ESTABLECIMIENTO BOSQUE ALTO S.A.;;;
1516233;03/08/2026;Avalado;;SI;NO;PAGARE;NO;NO;24Hs.;16:51:20;17:00:00;364;;;5,00;11;U$S;25.000,00;1;Desierta;;CREC;;Crecer S.G.R.;;;;;;
1516234;03/08/2026;Avalado;;SI;NO;ECHEQ;NO;NO;24Hs.;16:53:34;17:00:00;223;406;28,00;28,00;567;$;150.000.000,00;2;Negociada;16:55:36;POTE;;Potenciar S.G.R.;AO;;;;;
1516235;03/08/2026;Avalado;;SI;NO;ECHEQ;NO;NO;24Hs.;16:53:45;17:00:00;58;;;;406;$;2.093.468,00;2;Desierta;;CREC;;Crecer S.G.R.;AO;;;;;
1516236;03/08/2026;Avalado;;SI;NO;ECHEQ;NO;NO;24Hs.;16:54:12;17:00:00;108;;;;406;$;5.000.000,00;1;Desierta;;CREC;;Crecer S.G.R.;AO;;;;;
1516237;03/08/2026;Avalado;;SI;NO;ECHEQ;NO;NO;24Hs.;16:54:28;17:00:00;296;;;24,00;11;$;30.000.000,00;2;Desierta;;ACEN;;Avales del Centro S.G.R.;AO;;;;;
1516238;03/08/2026;Avalado;;SI;NO;ECHEQ;NO;NO;24Hs.;16:55:09;17:00:00;76;;;21,00;11;$;10.000.000,00;1;Desierta;;ARPY;;Argenpymes S.G.R.;AO;;;;;
1516239;03/08/2026;No Garantizado;SI;SI;NO;FCE;NO;NO;C.I.;16:56:52;17:00:00;43;569;28,00;28,00;569;$;152.506.404,48;5;Negociada;16:58:53;%GSP;30-71543341-5;GAS Y PETROLEO DEL NEUQUEN S. A. - PAN AMERICAN ENERGY, S.L. SUC. ARGENTINA - UNION TRANSITORIA - AREA COIRON AMARGO SUR ESTE U. T. E.;;;;;;
1516240;03/08/2026;No Garantizado;SI;SI;NO;FCE;NO;NO;C.I.;16:57:02;17:00:00;43;569;28,00;28,00;569;$;10.435.449,89;1;Negociada;16:59:03;%YAC;30-63679858-0;YACIMIENTO LINDERO ATRAVESADO;;;;;;
1516241;03/08/2026;Avalado;;SI;NO;ECHEQ;NO;NO;C.I.;16:57:36;17:00:00;83;;;10,00;569;$;76.000.000,00;2;Desierta;;ZOFI;;Zofingen S.G.R.;AO;;;;;
