SUBASTA;FEC.SUB.;SEGMENTO;PYME;1-NEG;SELLO;TIPO INSTRUMENTO;NALO;SIN RECURSO;PLZ.;T.MIN.;CIERRE;PPV;AG.CPR.;TASA C.;TASA V.;AG.VDR.;MONEDA;MONTO;CANT. INSTRUMENTOS;ESTADO;HORA CONC.;CODIGO RESPONSABLE;CUIT RESPONSABLE;NOMBRE RESPONSABLE;CARACTER;CUIT BENEF.;RAZÓN BENEF.;COND. PYME;V.N. C.;V.N. V.
1512973;30/07/2026;No Garantizado;NO;SI;NO;ECHEQ;NO;NO;C.I.;10:45:12;17:00:00;123;;;0,00;718;$;300.000.000,00;6;Desierta (Baja);;;30-50108716-1;CIA AZUCARERA SANTA LUCIA S A;AO;30-50108716-1;CIA AZUCARERA SANTA LUCIA S A;;;
1512974;30/07/2026;Avalado;;SI;NO;ECHEQ;NO;NO;24Hs.;10:45:15;17:00:00;26;406;20,00;20,00;449;$;47.339.966,70;7;Negociada;11:42:41;FINT;;Fintech S.G.R.;AO;;;;;
1512975;30/07/2026;Avalado;;SI;NO;ECHEQ;NO;NO;C.I.;10:45:18;17:00:00;22;406;22,00;22,00;406;$;4.355.863,15;4;Negociada;10:48:51;ACPY;;Acindar Pymes S.G.R.;AO;;;;;
1512976;30/07/2026;No Garantizado;SI;SI;NO;ECHEQ;NO;NO;C.I.;10:45:23;17:00:00;34;718;36,00;36,00;718;$;1.342.840,00;2;Negociada;10:47:25;;20-34051945-1;VALLOZZI MARCELO ALEJANDRO;AO;;;Certificado MiPyME;;
1512977;30/07/2026;Avalado;;SI;NO;ECHEQ;NO;NO;24Hs.;10:45:30;17:00:00;28;406;26,00;26,00;449;$;10.603.286,43;6;Negociada;11:43:58;RESI;;Resiliencia S.G.R.;AO;;;;;
1512978;30/07/2026;Avalado;;SI;NO;ECHEQ;NO;NO;24Hs.;10:45:38;17:00:00;118;442;26,00;26,00;545;$;100.000.000,00;2;Negociada;16:09:03;AVAL;;Avaluar S.G.R.;AO;;;;;
1512979;30/07/2026;Avalado;;SI;NO;ECHEQ;NO;NO;24Hs.;10:45:38;17:00:00;88;;;27,00;767;$;3.000.000,00;1;Desierta;;AFBG;;AFB AVALES S.G.R;AO;;;;;
1512980;30/07/2026;No Garantizado;SI;SI;NO;ECHEQ;NO;NO;C.I.;10:45:40;17:00:00;20;718;31,00;31,00;718;$;49.594.889,48;5;Negociada;10:47:41;;30-70705980-6;LODISER SA;AO;;;Certificado MiPyME;;
1512981;30/07/2026;No Garantizado;NO;SI;NO;ECHEQ;NO;NO;24Hs.;10:45:44;17:00:00;49;;;31,00;834;$;2.000.000,00;1;Desierta;;;30-71778050-3;AREIRA S. A. S.;AO;30-71778050-3;AREIRA S. A. S.;;;
1512982;30/07/2026;No Garantizado;NO;SI;NO;ECHEQ;NO;NO;24Hs.;10:45:48;17:00:00;20;;;22,00;546;$;1.364.422.659,64;1;Desierta;;;30-69554247-6;PAN AMERICAN ENERGY, S.L., SUCURSAL ARGENTINA;AO;30-64074560-2;NOVA ENERGY ARGENTINA LTD SUCURSAL ARGENTINA S. E. E.;;;
1512983;30/07/2026;No Garantizado;SI;SI;NO;ECHEQ;NO;NO;C.I.;10:45:51;17:00:00;33;718;31,00;31,00;718;$;5.567.210,00;2;Negociada;10:47:53;;30-67997929-5;S.A. VERACRUZ;AO;;;Certificado MiPyME;;
1512984;30/07/2026;No Garantizado Calificado;NO;SI;NO;ECHEQ;NO;NO;24Hs.;10:45:56;17:00:00;52;;;31,00;834;$;2.000.000,00;1;Desierta;;;30-71778672-2;MORADA S. A. S.;AO;30-71778672-2;MORADA S. A. S.;;;
1512985;30/07/2026;No Garantizado;NO;SI;NO;ECHEQ;NO;NO;C.I.;10:46:00;17:00:00;62;767;24,00;24,00;767;$;9.231.909,67;2;Negociada;10:48:01;;30-69233272-1;CLIBA INGENIERIA URBANA S A;AO;;;;;
1512986;30/07/2026;No Garantizado;SI;SI;NO;ECHEQ;NO;NO;C.I.;10:46:02;17:00:00;34;718;30,00;30,00;718;$;1.479.875,00;1;Negociada;10:48:03;;30-71499157-0;LOGISTICA CARPINO SOCIEDAD ANONIMA;AO;;;Certificado MiPyME;;
1512987;30/07/2026;Avalado;;SI;NO;ECHEQ;NO;NO;C.I.;10:46:06;17:00:00;27;406;22,00;22,00;406;$;5.088.355,36;8;Negociada;10:49:24;ACPY;;Acindar Pymes S.G.R.;AO;;;;;
1512988;30/07/2026;No Garantizado Calificado;NO;SI;NO;ECHEQ;NO;NO;24Hs.;10:46:06;17:00:00;20;;;31,00;834;$;2.000.000,00;1;Desierta;;;30-71778672-2;MORADA S. A. S.;AO;30-71778672-2;MORADA S. A. S.;;;
1512989;30/07/2026;No Garantizado;SI;SI;NO;ECHEQ;NO;NO;C.I.;10:46:11;17:00:00;28;718;30,00;30,00;718;$;2.537.370,00;1;Negociada;10:48:13;;30-71589390-4;MINERALES DEL GUASAYAN S.A.;AO;;;Certificado MiPyME;;
1512990;30/07/2026;Avalado;;SI;NO;ECHEQ;NO;NO;24Hs.;10:46:15;17:00:00;116;431;30,00;30,00;545;$;82.000.000,00;10;Negociada;13:44:28;FGLR;;Fdo.de Gtia.Pub. La Rioja;AO;;;;;
1512991;30/07/2026;No Garantizado;NO;SI;NO;PAGARE;NO;NO;C.I.;10:46:17;17:00:00;92;545;25,00;25,00;545;$;1.600.000.000,00;1;Negociada;10:54:05;;30-68244000-3;IGARRETA MAQUINAS SA;;30-68244000-3;IGARRETA MAQUINAS SA;;;
1512992;30/07/2026;No Garantizado;NO;SI;NO;ECHEQ;NO;NO;24Hs.;10:46:18;17:00:00;21;;;31,00;834;$;10.000.000,00;1;Desierta;;;30-62371441-8;LUIS G  POZOBON E HIJOS S R L;AO;30-62371441-8;LUIS G  POZOBON E HIJOS S R L;;;
1512993;30/07/2026;No Garantizado;NO;SI;NO;ECHEQ;NO;NO;24Hs.;10:46:28;17:00:00;54;;;31,00;834;$;2.000.000,00;1;Desierta;;;30-71778677-3;AMONA S. A. S.;AO;30-71778677-3;AMONA S. A. S.;;;
1512994;30/07/2026;No Garantizado;NO;SI;NO;ECHEQ;NO;NO;24Hs.;10:46:37;17:00:00;21;;;31,00;834;$;2.000.000,00;1;Desierta;;;30-71778677-3;AMONA S. A. S.;AO;30-71778677-3;AMONA S. A. S.;;;
1512995;30/07/2026;No Garantizado;NO;SI;NO;ECHEQ;NO;NO;24Hs.;10:46:47;17:00:00;25;;;31,00;834;$;2.000.000,00;1;Desierta;;;30-71601116-6;FIDEICOMISO FIDETERRA;AO;30-71601116-6;FIDEICOMISO FIDETERRA;;;
1512996;30/07/2026;Avalado;;SI;NO;ECHEQ;NO;NO;24Hs.;10:46:54;17:00:00;32;432;22,00;22,00;559;$;8.117.514,02;1;Negociada;13:09:16;CAMP;;Campo Aval S.G.R.;AO;;;;;
1512997;30/07/2026;Avalado;;SI;NO;ECHEQ;NO;NO;24Hs.;10:47:22;17:00:00;71;;;24,00;449;$;30.000.000,00;3;Desierta;;ARGC;;Argentina Ciudad S.G.R.;AO;;;;;
1512998;30/07/2026;Avalado;;SI;NO;ECHEQ;NO;NO;24Hs.;10:47:32;17:00:00;84;502;23,00;23,00;449;$;7.000.000,00;1;Negociada;14:56:08;PROM;;Promover S.G.R.;AO;;;;;
1512999;30/07/2026;Avalado;;SI;NO;ECHEQ;NO;NO;24Hs.;10:47:39;17:00:00;62;;;;559;$;25.000.000,00;1;Desierta (Baja);;MOVI;;MOVIL S.G.R.;AO;;;;;
1513000;30/07/2026;Garantizado;SI;SI;NO;PAGARE;NO;NO;C.I.;10:47:55;17:00:00;64;;;0,00;15;$;200.000.000,00;1;Desierta (Baja);;;;;;;;Certificado MiPyME;;
1513001;30/07/2026;Avalado;;SI;NO;ECHEQ;NO;NO;24Hs.;10:48:02;17:00:00;109;;;;559;$;50.000.000,00;2;Desierta;;ARGC;;Argentina Ciudad S.G.R.;AO;;;;;
1513002;30/07/2026;Avalado;;SI;NO;ECHEQ;NO;NO;24Hs.;10:48:02;17:00:00;169;;;22,00;449;$;32.771.472,64;3;Desierta;;FEDE;;Aval Federal S.G.R.;AO;;;;;
1513003;30/07/2026;No Garantizado;NO;SI;NO;ECHEQ;NO;NO;24Hs.;10:48:08;17:00:00;54;;;31,00;834;$;2.000.000,00;1;Desierta;;;30-71601116-6;FIDEICOMISO FIDETERRA;AO;30-71601116-6;FIDEICOMISO FIDETERRA;;;
1513004;30/07/2026;Avalado;;SI;NO;ECHEQ;NO;NO;24Hs.;10:48:11;13:30:00;48;;;20,00;559;$;50.000.000,00;2;Desierta;;ARGC;;Argentina Ciudad S.G.R.;AO;;;;;
1513005;30/07/2026;Avalado;;SI;NO;ECHEQ;NO;NO;24Hs.;10:48:12;17:00:00;70;770;25,00;25,00;449;$;10.000.000,00;1;Negociada;14:24:12;ZOFI;;Zofingen S.G.R.;AO;;;;;
1513006;30/07/2026;Avalado;;SI;NO;ECHEQ;NO;NO;24Hs.;10:48:18;17:00:00;95;;;18,00;406;$;40.000.000,00;4;Desierta;;FEDE;;Aval Federal S.G.R.;AO;;;;;
1513007;30/07/2026;No Garantizado;NO;SI;NO;PAGARE;NO;NO;24Hs.;10:48:20;17:00:00;76;866;6,70;6,70;866;DOL;116.100,00;1;Negociada;10:50:22;;20-20602674-0;MORALES WALTER  FABIAN;;20-20602674-0;MORALES WALTER  FABIAN;;;
1513008;30/07/2026;No Garantizado;NO;SI;NO;ECHEQ;NO;NO;24Hs.;10:48:20;17:00:00;36;;;46,00;767;$;91.100.000,00;10;Desierta;;;20-27041235-2;VALDEZ NELSON JAVIER;AO;20-27041235-2;VALDEZ NELSON JAVIER;;;
1513009;30/07/2026;Avalado;;SI;NO;ECHEQ;NO;NO;24Hs.;10:48:22;17:00:00;60;770;24,00;24,00;449;$;4.844.202,67;1;Negociada;14:44:17;MOVI;;MOVIL S.G.R.;AO;;;;;
1513010;30/07/2026;No Garantizado;NO;SI;NO;ECHEQ;NO;NO;24Hs.;10:48:22;17:00:00;39;;;31,00;834;$;2.500.000,00;1;Desierta;;;30-62371441-8;LUIS G  POZOBON E HIJOS S R L;AO;30-62371441-8;LUIS G  POZOBON E HIJOS S R L;;;
1513011;30/07/2026;No Garantizado;NO;SI;NO;ECHEQ;NO;NO;24Hs.;10:48:31;17:00:00;76;;;45,00;559;$;30.000.000,00;3;Desierta;;;30-70773203-9;AVELINO S.A.;AO;30-70773203-9;AVELINO S.A.;;;
1513012;30/07/2026;No Garantizado;NO;SI;NO;ECHEQ;NO;NO;24Hs.;10:48:33;17:00:00;39;;;31,00;834;$;2.500.000,00;1;Desierta;;;30-62371441-8;LUIS G  POZOBON E HIJOS S R L;AO;30-62371441-8;LUIS G  POZOBON E HIJOS S R L;;;
1513013;30/07/2026;Avalado;;SI;NO;ECHEQ;NO;NO;24Hs.;10:48:33;17:00:00;29;442;19,90;20,00;449;$;9.914.189,21;2;Negociada;12:28:25;ACPY;;Acindar Pymes S.G.R.;AO;;;;;
1513014;30/07/2026;No Garantizado;NO;SI;NO;ECHEQ;NO;NO;24Hs.;10:48:43;17:00:00;46;;;31,00;834;$;2.500.000,00;1;Desierta;;;30-62371441-8;LUIS G  POZOBON E HIJOS S R L;AO;30-62371441-8;LUIS G  POZOBON E HIJOS S R L;;;
1513015;30/07/2026;No Garantizado;SI;SI;NO;ECHEQ;NO;NO;24Hs.;10:48:45;17:00:00;21;;;0,00;449;$;8.563.982,66;1;Desierta (Baja);;;30-58378276-8;TIGONBU SOCIEDAD ANONIMA;AO;30-71237396-9;GLOBAL TECHNOLOGY SRL;Certificado MiPyME;;
1513016;30/07/2026;Avalado;;SI;NO;ECHEQ;NO;NO;C.I.;10:48:52;17:00:00;47;406;20,99;21,00;287;$;24.741.113,75;1;Negociada;11:06:45;GARA;;Garantizar S.G.R.;AO;;;;;
1513017;30/07/2026;No Garantizado;NO;SI;NO;ECHEQ;NO;NO;24Hs.;10:48:56;17:00:00;75;;;31,00;834;$;2.500.000,00;1;Desierta;;;30-62371441-8;LUIS G  POZOBON E HIJOS S R L;AO;30-62371441-8;LUIS G  POZOBON E HIJOS S R L;;;
1513018;30/07/2026;No Garantizado;SI;SI;NO;ECHEQ;NO;NO;24Hs.;10:48:57;17:00:00;57;572;29,00;29,00;449;$;7.938.114,56;3;Negociada;13:24:42;;30-50119062-0;DR LAZAR Y CIA S A QUIMICA E INDUSTRIAL;AO;;;Certificado MiPyME;;
1513019;30/07/2026;Avalado;;SI;NO;ECHEQ;NO;NO;24Hs.;10:49:05;17:00:00;155;;;20,00;406;$;40.000.000,00;4;Desierta;;FEDE;;Aval Federal S.G.R.;AO;;;;;
1513021;30/07/2026;No Garantizado;NO;SI;NO;ECHEQ;NO;NO;24Hs.;10:49:07;17:00:00;75;;;31,00;834;$;2.500.000,00;1;Desierta;;;30-62371441-8;LUIS G  POZOBON E HIJOS S R L;AO;30-62371441-8;LUIS G  POZOBON E HIJOS S R L;;;
1513022;30/07/2026;No Garantizado;NO;SI;NO;ECHEQ;NO;NO;24Hs.;10:49:12;17:00:00;63;;;35,00;767;$;5.000.000,00;1;Desierta;;;30-71820701-7;JET IRON TECHNOLOGY S. A.;AO;30-71820701-7;JET IRON TECHNOLOGY S. A.;;;
1513023;30/07/2026;No Garantizado;NO;SI;NO;ECHEQ;NO;NO;24Hs.;10:49:20;17:00:00;75;;;31,00;834;$;2.500.000,00;1;Desierta;;;30-62371441-8;LUIS G  POZOBON E HIJOS S R L;AO;30-62371441-8;LUIS G  POZOBON E HIJOS S R L;;;
1513024;30/07/2026;No Garantizado;SI;SI;NO;ECHEQ;NO;NO;24Hs.;10:49:24;17:00:00;21;;;35,00;449;$;8.563.982,66;1;Desierta;;;30-58378276-8;TIGONBU SOCIEDAD ANONIMA;AO;;;Certificado MiPyME;;
1513025;30/07/2026;No Garantizado;NO;SI;NO;ECHEQ;NO;NO;24Hs.;10:49:30;17:00:00;75;;;31,00;834;$;2.500.000,00;1;Desierta;;;30-62371441-8;LUIS G  POZOBON E HIJOS S R L;AO;30-62371441-8;LUIS G  POZOBON E HIJOS S R L;;;
1513026;30/07/2026;No Garantizado;NO;SI;NO;PAGARE;NO;NO;24Hs.;10:49:32;17:00:00;369;;;15,00;767;U$D;40.000,00;1;Desierta;;;30-71668436-5;SOLUCIONES GASTRONOMICAS S.A.S.;;30-71668436-5;SOLUCIONES GASTRONOMICAS S.A.S.;;;
1513027;30/07/2026;Avalado;;SI;NO;ECHEQ;NO;NO;24Hs.;10:49:40;17:00:00;124;;;22,00;406;$;75.000.000,00;2;Desierta;;SOLI;;Solidum S.G.R.;AO;;;;;
1513028;30/07/2026;No Garantizado;NO;SI;NO;ECHEQ;NO;NO;24Hs.;10:49:41;17:00:00;42;;;31,00;834;$;2.500.000,00;1;Desierta;;;30-62371441-8;LUIS G  POZOBON E HIJOS S R L;AO;30-62371441-8;LUIS G  POZOBON E HIJOS S R L;;;
1513029;30/07/2026;No Garantizado;NO;SI;NO;ECHEQ;NO;NO;24Hs.;10:49:48;17:00:00;63;;;24,00;767;$;1.789.480,00;3;Desierta;;;30-71030416-1;SALA SA;AO;20-33814094-1;CAFFARATTI JOSE GUSTAVO;;;
1513030;30/07/2026;No Garantizado;NO;SI;NO;ECHEQ;NO;NO;24Hs.;10:49:54;17:00:00;42;;;31,00;834;$;2.500.000,00;1;Desierta;;;30-62371441-8;LUIS G  POZOBON E HIJOS S R L;AO;30-62371441-8;LUIS G  POZOBON E HIJOS S R L;;;
1513031;30/07/2026;No Garantizado Calificado;NO;SI;NO;ECHEQ;NO;NO;24Hs.;10:49:57;17:00:00;39;866;35,00;35,00;866;$;589.890.000,00;3;Negociada;10:51:58;;30-71670282-7;TALDE ENERGY S. R. L.;AO;30-71670282-7;TALDE ENERGY S. R. L.;;;
1513032;30/07/2026;No Garantizado Calificado;NO;SI;NO;ECHEQ;NO;NO;C.I.;10:50:00;17:00:00;172;598;55,00;55,00;598;$;2.450.000,00;2;Negociada;10:52:02;;20-34868089-8;SANCHEZ JOAQUIN EMANUEL;AO;20-34868089-8;SANCHEZ JOAQUIN EMANUEL;;;
1513033;30/07/2026;No Garantizado;NO;SI;NO;ECHEQ;NO;NO;24Hs.;10:50:04;17:00:00;43;;;24,00;767;$;1.192.980,00;2;Desierta;;;30-71209679-5;INGENIERIA ELECTRICA SA;AO;20-33814094-1;CAFFARATTI JOSE GUSTAVO;;;
1513034;30/07/2026;No Garantizado;NO;SI;NO;ECHEQ;NO;NO;24Hs.;10:50:05;17:00:00;42;;;31,00;834;$;2.500.000,00;1;Desierta;;;30-62371441-8;LUIS G  POZOBON E HIJOS S R L;AO;30-62371441-8;LUIS G  POZOBON E HIJOS S R L;;;
1513035;30/07/2026;No Garantizado;NO;SI;NO;ECHEQ;NO;NO;24Hs.;10:50:18;17:00:00;39;;;31,00;834;$;2.500.000,00;1;Desierta;;;30-62371441-8;LUIS G  POZOBON E HIJOS S R L;AO;30-62371441-8;LUIS G  POZOBON E HIJOS S R L;;;
1513036;30/07/2026;No Garantizado;NO;SI;NO;ECHEQ;NO;NO;24Hs.;10:50:23;17:00:00;62;;;0,00;767;$;12.000.000,00;6;Desierta (Baja);;;30-71668436-5;SOLUCIONES GASTRONOMICAS S.A.S.;AO;30-71668436-5;SOLUCIONES GASTRONOMICAS S.A.S.;;;
1513037;30/07/2026;Garantizado;SI;SI;NO;ECHEQ;NO;NO;C.I.;10:50:26;17:00:00;23;;;0,00;598;$;40.139.892,67;13;Desierta (Baja);;;;;AO;;;Certificado MiPyME;;
1513038;30/07/2026;No Garantizado;NO;SI;NO;ECHEQ;NO;NO;24Hs.;10:50:31;17:00:00;39;;;31,00;834;$;2.500.000,00;1;Desierta;;;30-62371441-8;LUIS G  POZOBON E HIJOS S R L;AO;30-62371441-8;LUIS G  POZOBON E HIJOS S R L;;;
1513039;30/07/2026;No Garantizado;NO;SI;NO;ECHEQ;NO;NO;24Hs.;10:50:39;17:00:00;43;;;32,00;598;$;65.324.260,00;2;Desierta;;;30-50405268-7;MOÑO AZUL SOCIEDAD ANONIMA COMERCIAL INDUSTRIAL Y AGROPECUARIA S. A.;AO;;;;;
1513040;30/07/2026;No Garantizado;NO;SI;NO;ECHEQ;NO;NO;24Hs.;10:50:42;17:00:00;42;;;31,00;834;$;2.500.000,00;1;Desierta;;;30-62371441-8;LUIS G  POZOBON E HIJOS S R L;AO;30-62371441-8;LUIS G  POZOBON E HIJOS S R L;;;
1513041;30/07/2026;No Garantizado;NO;SI;NO;ECHEQ;NO;NO;24Hs.;10:50:44;17:00:00;58;;;44,00;767;$;40.000.000,00;9;Desierta;;;30-70833937-3;MONTAÑA SRL;AO;30-70833937-3;MONTAÑA SRL;;;
1513042;30/07/2026;No Garantizado;NO;SI;NO;ECHEQ;NO;NO;24Hs.;10:50:48;17:00:00;96;866;35,00;35,00;866;$;114.500.000,00;1;Negociada;10:52:50;;30-70931850-7;COM & LOG S. A.;AO;30-71332270-5;VITALCAN S.A.;;;
1513043;30/07/2026;No Garantizado;NO;SI;NO;ECHEQ;NO;NO;24Hs.;10:50:52;17:00:00;46;;;31,00;834;$;2.500.000,00;1;Desierta;;;30-62371441-8;LUIS G  POZOBON E HIJOS S R L;AO;30-62371441-8;LUIS G  POZOBON E HIJOS S R L;;;
1513044;30/07/2026;Avalado;;SI;NO;ECHEQ;SI;NO;24Hs.;10:50:55;17:00:00;11;502;20,00;20,00;868;$;1.001.000,00;1;Negociada;11:35:55;POTE;;Potenciar S.G.R.;NO;;;;;
1513045;30/07/2026;No Garantizado;NO;SI;NO;ECHEQ;NO;NO;24Hs.;10:51:02;17:00:00;46;;;31,00;834;$;2.500.000,00;1;Desierta;;;30-62371441-8;LUIS G  POZOBON E HIJOS S R L;AO;30-62371441-8;LUIS G  POZOBON E HIJOS S R L;;;
1513046;30/07/2026;No Garantizado;NO;SI;NO;ECHEQ;NO;NO;24Hs.;10:51:04;17:00:00;54;;;40,00;767;$;30.000.000,00;6;Desierta;;;30-71101847-2;ZAYTEC ARGENTINA  S.A.;AO;30-71101847-2;ZAYTEC ARGENTINA  S.A.;;;
1513047;30/07/2026;No Garantizado;NO;SI;NO;ECHEQ;NO;NO;C.I.;10:51:23;17:00:00;78;;;35,00;866;$;17.029.200,00;1;Desierta;;;30-54503111-2;DEL TURISTA SOCIEDAD ANONIMA COMERCIAL E INDUSTRIAL;AO;30-70859161-7;ARTES GRAFICAS FUCCILLO SRL;;;
1513048;30/07/2026;No Garantizado;NO;SI;NO;ECHEQ;NO;NO;24Hs.;10:51:26;17:00:00;46;;;31,00;834;$;2.500.000,00;1;Desierta;;;30-62371441-8;LUIS G  POZOBON E HIJOS S R L;AO;30-62371441-8;LUIS G  POZOBON E HIJOS S R L;;;
1513049;30/07/2026;No Garantizado;NO;SI;NO;ECHEQ;NO;NO;24Hs.;10:51:26;17:00:00;54;;;40,00;767;$;30.000.000,00;6;Desierta;;;30-71101847-2;ZAYTEC ARGENTINA  S.A.;AO;30-71101847-2;ZAYTEC ARGENTINA  S.A.;;;
1513050;30/07/2026;No Garantizado;NO;SI;NO;ECHEQ;NO;NO;24Hs.;10:51:29;17:00:00;12;406;22,00;22,00;546;$;1.074.657.700,57;1;Negociada;13:23:21;;30-69554247-6;PAN AMERICAN ENERGY, S.L., SUCURSAL ARGENTINA;AO;30-64074560-2;NOVA ENERGY ARGENTINA LTD SUCURSAL ARGENTINA S. E. E.;;;
1513051;30/07/2026;Avalado;;SI;NO;ECHEQ;NO;NO;24Hs.;10:51:31;17:00:00;140;;;0,00;523;$;25.000.000,00;1;Desierta (Baja);;RESI;;Resiliencia S.G.R.;AO;;;;;
1513052;30/07/2026;No Garantizado;NO;SI;NO;ECHEQ;NO;NO;24Hs.;10:51:37;17:00:00;33;;;31,00;834;$;2.000.000,00;1;Desierta;;;30-71778335-9;GUDAGEL WINE S. A. S.;AO;30-71778335-9;GUDAGEL WINE S. A. S.;;;
1513053;30/07/2026;Avalado;;SI;NO;ECHEQ;NO;NO;24Hs.;10:51:40;17:00:00;12;502;20,00;20,00;868;$;5.367.000,00;1;Negociada;11:36:11;POTE;;Potenciar S.G.R.;AO;;;;;
1513054;30/07/2026;No Garantizado;NO;SI;NO;ECHEQ;NO;NO;24Hs.;10:51:41;17:00:00;54;;;40,00;767;$;35.000.000,00;7;Desierta;;;30-71101847-2;ZAYTEC ARGENTINA  S.A.;AO;30-71101847-2;ZAYTEC ARGENTINA  S.A.;;;
1513055;30/07/2026;No Garantizado;NO;SI;NO;ECHEQ;NO;NO;C.I.;10:51:52;17:00:00;82;;;35,00;866;$;17.029.200,00;1;Desierta;;;30-54503111-2;DEL TURISTA SOCIEDAD ANONIMA COMERCIAL E INDUSTRIAL;AO;30-70859161-7;ARTES GRAFICAS FUCCILLO SRL;;;
1513056;30/07/2026;Avalado;;SI;NO;ECHEQ;NO;NO;24Hs.;10:51:56;17:00:00;140;;;20,00;523;$;25.000.000,00;1;Desierta;;RESI;;Resiliencia S.G.R.;AO;;;;;
1513057;30/07/2026;No Garantizado;NO;SI;NO;ECHEQ;NO;NO;24Hs.;10:51:56;17:00:00;25;;;31,00;834;$;2.000.000,00;1;Desierta;;;30-71778335-9;GUDAGEL WINE S. A. S.;AO;30-71778335-9;GUDAGEL WINE S. A. S.;;;
1513059;30/07/2026;Avalado;;SI;NO;ECHEQ;NO;NO;24Hs.;10:51:58;17:00:00;48;754;20,00;20,00;868;$;4.000.000,00;1;Negociada;12:53:16;POTE;;Potenciar S.G.R.;AO;;;;;
1513060;30/07/2026;Avalado;;SI;NO;PAGARE;NO;NO;24Hs.;10:52:06;17:00:00;368;734;6,00;6,00;539;U$D;100.000,00;2;Negociada;11:19:40;BIND;;Garantias Bind S.G.R.;;;;;;
1513061;30/07/2026;No Garantizado;NO;SI;NO;ECHEQ;NO;NO;C.I.;10:52:06;17:00:00;76;;;35,00;866;$;17.029.200,00;1;Desierta;;;30-54503111-2;DEL TURISTA SOCIEDAD ANONIMA COMERCIAL E INDUSTRIAL;AO;30-70859161-7;ARTES GRAFICAS FUCCILLO SRL;;;
1513062;30/07/2026;No Garantizado Calificado;SI;NO;NO;ECHEQ;NO;NO;C.I.;10:52:07;17:00:00;48;405;37,50;37,50;405;$;41.000.000,00;4;Negociada;10:54:09;;30-71152295-2;AGROPRODUCCIONES TORRESI S.R.L.;AO;30-71152295-2;AGROPRODUCCIONES TORRESI S.R.L.;Certificado MiPyME;;
1513063;30/07/2026;No Garantizado;NO;SI;NO;ECHEQ;NO;NO;24Hs.;10:52:08;17:00:00;25;;;0,00;767;$;1.500.000,00;1;Desierta (Baja);;;30-71846578-4;MUANCAR S. A. S.;AO;20-32038504-1;PORATTI FELIX;;;
1513064;30/07/2026;No Garantizado;NO;SI;NO;ECHEQ;NO;NO;24Hs.;10:52:11;17:00:00;40;;;31,00;834;$;2.000.000,00;1;Desierta;;;30-71778335-9;GUDAGEL WINE S. A. S.;AO;30-71778335-9;GUDAGEL WINE S. A. S.;;;
1513065;30/07/2026;Avalado;;SI;NO;ECHEQ;NO;NO;24Hs.;10:52:12;17:00:00;71;569;23,00;23,00;523;$;100.000.000,00;4;Negociada;13:42:37;FIDE;;Fidem S.G.R.;AO;;;;;
1513066;30/07/2026;No Garantizado;NO;SI;NO;ECHEQ;NO;NO;C.I.;10:52:16;17:00:00;39;;;35,00;571;$;8.272.786,36;1;Desierta;;;30-70925025-2;FARMANOR SRL;AO;33-71250477-9;GLOBAL MEDICA S. A.;;;
1513067;30/07/2026;Avalado;;SI;NO;ECHEQ;NO;NO;24Hs.;10:52:17;17:00:00;126;406;25,00;25,00;868;$;4.500.000,00;1;Negociada;16:53:51;POTE;;Potenciar S.G.R.;AO;;;;;
1513068;30/07/2026;No Garantizado;NO;SI;NO;ECHEQ;NO;NO;24Hs.;10:52:21;17:00:00;33;;;31,00;834;$;2.000.000,00;1;Desierta;;;30-71601116-6;FIDEICOMISO FIDETERRA;AO;30-71601116-6;FIDEICOMISO FIDETERRA;;;
1513069;30/07/2026;Avalado;;SI;NO;ECHEQ;NO;NO;24Hs.;10:52:24;17:00:00;91;;;0,00;523;$;190.000.000,00;8;Desierta (Baja);;FIDE;;Fidem S.G.R.;AO;;;;;
1513070;30/07/2026;No Garantizado Calificado;SI;NO;NO;ECHEQ;NO;NO;C.I.;10:52:25;17:00:00;9;405;38,00;38,00;405;$;15.500.000,00;2;Negociada;10:54:27;;30-71152295-2;AGROPRODUCCIONES TORRESI S.R.L.;AO;30-71152295-2;AGROPRODUCCIONES TORRESI S.R.L.;Certificado MiPyME;;
1513071;30/07/2026;No Garantizado;NO;SI;NO;ECHEQ;NO;NO;C.I.;10:52:27;17:00:00;34;;;35,00;571;$;5.172.786,36;1;Desierta;;;30-70925025-2;FARMANOR SRL;AO;33-71250477-9;GLOBAL MEDICA S. A.;;;
1513072;30/07/2026;No Garantizado;NO;SI;NO;ECHEQ;NO;NO;24Hs.;10:52:31;17:00:00;31;;;31,00;834;$;2.000.000,00;1;Desierta;;;30-71601116-6;FIDEICOMISO FIDETERRA;AO;30-71601116-6;FIDEICOMISO FIDETERRA;;;
1513073;30/07/2026;Avalado;;SI;NO;ECHEQ;NO;NO;C.I.;10:52:35;17:00:00;144;406;24,00;24,00;832;$;600.000.000,00;6;Negociada;10:55:37;POTE;;Potenciar S.G.R.;AO;;;;;
1513074;30/07/2026;Avalado;;SI;NO;ECHEQ;NO;NO;24Hs.;10:52:38;17:00:00;95;;;23,00;523;$;50.000.000,00;2;Desierta;;FIDE;;Fidem S.G.R.;AO;;;;;
1513075;30/07/2026;No Garantizado;NO;SI;NO;ECHEQ;NO;NO;C.I.;10:52:39;17:00:00;40;;;35,00;571;$;8.172.786,00;1;Desierta;;;30-70925025-2;FARMANOR SRL;AO;33-71250477-9;GLOBAL MEDICA S. A.;;;
1513076;30/07/2026;No Garantizado;NO;SI;NO;ECHEQ;NO;NO;24Hs.;10:52:40;17:00:00;40;;;31,00;834;$;2.000.000,00;1;Desierta;;;30-71601116-6;FIDEICOMISO FIDETERRA;AO;30-71601116-6;FIDEICOMISO FIDETERRA;;;
1513077;30/07/2026;No Garantizado;NO;SI;NO;ECHEQ;NO;NO;24Hs.;10:52:40;17:00:00;51;;;0,00;767;$;24.000.000,00;3;Desierta (Baja);;;30-71085666-0;D.C. INTEGRAL S.R.L.;AO;30-71085666-0;D.C. INTEGRAL S.R.L.;;;
1513078;30/07/2026;No Garantizado;NO;SI;NO;ECHEQ;NO;NO;C.I.;10:52:41;17:00:00;92;;;38,00;866;$;20.000.000,00;1;Desierta;;;30-71824900-3;DISTRIBUCIONES FUEGUINAS S. A. S.;AO;30-71824900-3;DISTRIBUCIONES FUEGUINAS S. A. S.;;;
1513079;30/07/2026;No Garantizado;NO;SI;NO;ECHEQ;NO;NO;C.I.;10:53:12;17:00:00;77;770;45,00;45,00;714;$;6.000.000,00;1;Negociada;11:31:15;;30-62499819-3;BUROMAHTIK SOCIEDAD ANONIMA;AO;30-71732529-6;FINLATINA S. A.;;;
1513080;30/07/2026;No Garantizado;SI;SI;NO;ECHEQ;NO;NO;C.I.;10:53:30;17:00:00;123;718;29,00;29,00;718;$;300.000.000,00;6;Negociada;10:55:31;;30-50108716-1;CIA AZUCARERA SANTA LUCIA S A;AO;30-50108716-1;CIA AZUCARERA SANTA LUCIA S A;Certificado MiPyME;;
1513081;30/07/2026;Avalado;;SI;NO;ECHEQ;NO;NO;24Hs.;10:53:43;17:00:00;214;;;26,00;567;$;4.000.000,00;1;Desierta;;PROM;;Promover S.G.R.;AO;;;;;
1513082;30/07/2026;Avalado;;SI;NO;ECHEQ;NO;NO;C.I.;10:53:43;17:00:00;37;;;0,00;755;$;100.000.000,00;2;Desierta (Baja);;BIND;;Garantias Bind S.G.R.;AO;;;;;
1513083;30/07/2026;No Garantizado;NO;NO;NO;ECHEQ;NO;NO;24Hs.;10:53:44;17:00:00;46;;;25,00;702;$;2.000.000.000,00;1;Desierta;;;30-65511651-2;EDESUR S A;AO;30-65537309-4;COMPA#IA ADMINIST DEL MERCADO MAYORISTA ELECTRICO SOC ANONIMA;;;
1513084;30/07/2026;Avalado;;SI;NO;ECHEQ;NO;NO;24Hs.;10:53:51;17:00:00;87;502;24,00;24,00;567;$;150.000.000,00;5;Negociada;13:20:59;PROM;;Promover S.G.R.;AO;;;;;
1513085;30/07/2026;Avalado;;SI;NO;PAGARE;NO;NO;24Hs.;10:54:00;17:00:00;313;;;6,50;567;U$S;60.000,00;3;Desierta;;PROM;;Promover S.G.R.;;;;;;
1513086;30/07/2026;Avalado;;SI;NO;ECHEQ;NO;NO;24Hs.;10:54:16;17:00:00;280;754;24,00;24,00;755;$;187.235.891,49;16;Negociada;14:24:31;ACPY;;Acindar Pymes S.G.R.;AO;;;;;
1513087;30/07/2026;No Garantizado;SI;NO;NO;FCE;NO;NO;C.I.;10:54:59;17:00:00;22;;;0,00;714;$;5.684.277,50;1;Desierta;;%IPG;30-69373969-8;IPG MEDIA BRANDS SA;;;;;;
1513088;30/07/2026;Avalado;;SI;NO;ECHEQ;NO;NO;24Hs.;10:55:39;17:00:00;119;832;22,50;22,50;406;$;100.000.000,00;1;Negociada;13:49:24;CREC;;Crecer S.G.R.;AO;;;;;
1513089;30/07/2026;Avalado;;SI;NO;ECHEQ;NO;NO;24Hs.;10:55:58;17:00:00;119;832;22,50;22,50;406;$;100.000.000,00;1;Negociada;13:49:32;CREC;;Crecer S.G.R.;AO;;;;;
1513090;30/07/2026;Avalado;;SI;NO;ECHEQ;NO;NO;24Hs.;10:56:14;17:00:00;119;;;20,00;406;$;100.000.000,00;1;Desierta;;CREC;;Crecer S.G.R.;AO;;;;;
1513091;30/07/2026;No Garantizado;SI;SI;NO;FCE;NO;NO;C.I.;10:56:43;17:00:00;34;569;24,00;24,00;23;$;67.229.170,78;1;Negociada;11:19:30;%CGI;30-50679216-5;CARGILL SOCIEDAD ANONIMA COMERCIAL E INDUSTRIAL;;;;;;
1513092;30/07/2026;No Garantizado;NO;SI;NO;ECHEQ;NO;NO;24Hs.;10:57:10;17:00:00;145;;;37,00;47;$;24.500.000,00;4;Desierta;;;30-52036974-7;CASA BERGMAN SOCIEDAD ANONIMA;AO;30-71436784-2;MICROFIBRA S.A.;;;
1513093;30/07/2026;No Garantizado;NO;SI;NO;ECHEQ;NO;NO;24Hs.;10:57:10;17:00:00;40;;;42,00;767;$;174.000.000,00;1;Desierta;;;30-71083746-1;TRANSPORTE SANTOS VEGA S.R.L;AO;30-71104794-4;SOTUR S.R.L.;;;
1513095;30/07/2026;Garantizado;NO;SI;NO;ECHEQ;NO;NO;24Hs.;10:58:18;17:00:00;102;828;28,99;29,00;47;$;4.159.211,91;1;Negociada;11:00:51;;;;AO;;;;;
1513096;30/07/2026;No Garantizado Calificado;SI;NO;NO;ECHEQ;NO;NO;C.I.;10:58:48;17:00:00;48;405;42,00;42,00;405;$;3.500.000,00;1;Negociada;11:00:49;;30-71152295-2;AGROPRODUCCIONES TORRESI S.R.L.;AO;30-71152295-2;AGROPRODUCCIONES TORRESI S.R.L.;Certificado MiPyME;;
1513097;30/07/2026;Avalado;;SI;NO;PAGARE;NO;NO;24Hs.;10:59:10;17:00:00;150;507;4,00;4,00;507;U$D;10.000,00;1;Negociada;11:49:14;AGAV;;Agroaval S.G.R.;;;;;;
1513098;30/07/2026;Avalado;;SI;NO;ECHEQ;NO;NO;24Hs.;10:59:32;17:00:00;137;;;23,00;702;$;50.000.000,00;1;Desierta;;AVLR;;Aval Ar S.G.R.;AO;;;;;
1513099;30/07/2026;No Garantizado Calificado;SI;SI;NO;CPD;SI;NO;24Hs.;10:59:34;17:00:00;52;507;30,00;30,00;507;$;120.072.714,48;2;Negociada;11:45:04;;30-55027355-8;OBRA SOCIAL DE LOS EMPLEADOS DE COMERCIOY ACTIVIDADES CIVILES OSECAC;;;;Certificado MiPyME;;
1513100;30/07/2026;No Garantizado Calificado;SI;SI;NO;CPD;SI;NO;24Hs.;10:59:48;17:00:00;41;507;30,00;30,00;507;$;22.924.100,59;1;Negociada;11:44:54;;30-55027355-8;OBRA SOCIAL DE LOS EMPLEADOS DE COMERCIOY ACTIVIDADES CIVILES OSECAC;;;;Certificado MiPyME;;
1513101;30/07/2026;Avalado;;SI;NO;ECHEQ;SI;NO;24Hs.;10:59:52;17:00:00;95;525;25,00;25,00;702;$;5.976.929,79;1;Negociada;16:42:00;AVLR;;Aval Ar S.G.R.;NO;;;;;
1513102;30/07/2026;No Garantizado;SI;SI;NO;ECHEQ;NO;NO;24Hs.;11:01:02;17:00:00;34;;;20,00;32;$;22.000.000,00;1;Desierta;;;30-71683067-1;SM AGRO S.A.;AO;30-71489988-7;DEVELOPMENT CORP S.A.;MiPyME FCE - Art. 7 Ley 27.440, Res. SEPYME 340/17, Art. 2 RG 4367/18 y RG 1019/24;;
1513103;30/07/2026;No Garantizado;NO;NO;NO;PAGARE;NO;NO;24Hs.;11:02:30;17:00:00;434;34;7,75;7,75;34;DOL;55.000,00;1;Negociada;11:04:32;;30-52170236-9;BRAJKOVIC S.A.I.;;;;;;
1513104;30/07/2026;No Garantizado;SI;SI;NO;FCE;NO;NO;C.I.;11:02:50;17:00:00;39;572;26,00;26,20;791;$;4.900.950,89;1;Negociada;11:12:21;%PPB;30-56025419-5;PBBPOLISUR SOCIEDAD DE RESPONSABILIDAD LIMITADA;;;;;;
1513105;30/07/2026;Avalado;;SI;NO;PAGARE;NO;NO;24Hs.;11:02:56;17:00:00;176;764;7,00;7,00;702;DOL;67.500,00;2;Negociada;14:15:27;AVAL;;Avaluar S.G.R.;;;;;;
1513106;30/07/2026;No Garantizado;NO;SI;NO;ECHEQ;SI;NO;C.I.;11:03:15;17:00:00;40;529;28,50;28,50;767;$;3.304.418,78;1;Negociada;11:23:56;;30-68731043-4;INC S. A.;NO;30-70833232-8;ALTO CAMPO S.R.L.;;;
1513107;30/07/2026;No Garantizado;NO;SI;NO;ECHEQ;NO;NO;C.I.;11:03:31;17:00:00;25;767;38,00;38,00;767;$;270.417,25;1;Negociada;11:22:09;;30-71532521-3;UNIDO MARKET S.A;AO;30-70833232-8;ALTO CAMPO S.R.L.;;;
1513108;30/07/2026;No Garantizado Calificado;NO;NO;NO;CPD;NO;NO;24Hs.;11:03:34;17:00:00;87;;;45,00;852;$;300.000.000,00;1;Desierta;;;30-52745070-1;ASOCIACION DEL FUTBOL ARGENTINO;;30-53397676-6;ASOCIACION ATLETICA ARGENTINOS JUNIORS;;;
1513109;30/07/2026;No Garantizado Calificado;NO;SI;NO;ECHEQ;NO;NO;C.I.;11:03:49;17:00:00;37;767;38,00;38,00;767;$;2.156.192,98;3;Negociada;11:22:35;;30-71559248-3;FOOD BOX  S. A.;AO;30-70833232-8;ALTO CAMPO S.R.L.;;;
1513110;30/07/2026;No Garantizado;SI;SI;NO;FCE;NO;NO;C.I.;11:03:52;17:00:00;46;406;23,00;25,30;791;$;214.908.313,12;2;Negociada;11:20:54;%PLT;30-71515437-0;PLUSPETROL S.A.YSUR ENERGIA ARGENTINA S.R.L.- AREA CNQ-26 LA CALERA- UNION TRANSITORIA DE EMPRESAS;;;;;;
1513111;30/07/2026;No Garantizado;NO;SI;NO;ECHEQ;NO;NO;C.I.;11:04:02;17:00:00;25;767;38,00;38,00;767;$;115.802,11;1;Negociada;11:22:55;;30-71623070-4;HAPPY PEOPLE S.A.;AO;30-70833232-8;ALTO CAMPO S.R.L.;;;
1513112;30/07/2026;No Garantizado;NO;SI;NO;ECHEQ;NO;NO;C.I.;11:04:14;17:00:00;29;767;38,00;38,00;767;$;1.396.480,66;1;Negociada;11:23:12;;30-71801681-5;GASIBA S.A.;AO;30-70833232-8;ALTO CAMPO S.R.L.;;;
1513113;30/07/2026;Avalado;;SI;NO;ECHEQ;NO;NO;24Hs.;11:04:17;17:00:00;32;;;20,00;852;$;133.520.391,50;1;Desierta;;AFBG;;AFB AVALES S.G.R;AO;;;;;
1513114;30/07/2026;No Garantizado;NO;SI;NO;ECHEQ;NO;NO;24Hs.;11:04:59;17:00:00;63;539;27,10;27,10;502;$;1.000.000.000,00;1;Negociada;11:25:11;;30-65511651-2;EDESUR S A;AO;30-65511651-2;EDESUR S A;;;
1513115;30/07/2026;Avalado;;SI;NO;ECHEQ;NO;NO;24Hs.;11:05:32;17:00:00;72;442;21,00;22,00;439;$;37.196.853,23;8;Negociada;12:23:43;ACPY;;Acindar Pymes S.G.R.;AO;;;;;
1513116;30/07/2026;No Garantizado;NO;SI;NO;ECHEQ;NO;NO;24Hs.;11:05:34;17:00:00;93;;;0,00;767;$;60.000.000,00;6;Desierta (Baja);;;30-71267850-6;CUMAR S.A.;AO;30-71267850-6;CUMAR S.A.;;;
1513117;30/07/2026;No Garantizado;NO;SI;NO;PAGARE;NO;NO;C.I.;11:05:34;17:00:00;64;572;41,00;41,00;572;$;100.000.000,00;1;Negociada;11:08:47;;30-71640610-1;S&S SOLUTIONS S.A;;30-71640610-1;S&S SOLUTIONS S.A;;;
1513118;30/07/2026;Avalado;;SI;NO;ECHEQ;NO;NO;24Hs.;11:05:44;17:00:00;37;754;20,00;20,00;439;$;36.689.834,68;3;Negociada;12:26:08;ACPY;;Acindar Pymes S.G.R.;AO;;;;;
1513119;30/07/2026;Avalado;;SI;NO;ECHEQ;SI;NO;24Hs.;11:05:56;17:00:00;26;754;20,00;20,00;439;$;8.482.054,93;1;Negociada;12:28:23;ACPY;;Acindar Pymes S.G.R.;NO;;;;;
1513120;30/07/2026;No Garantizado;NO;SI;NO;ECHEQ;NO;NO;C.I.;11:05:57;17:00:00;119;767;25,00;25,00;767;$;38.789.029,39;1;Negociada;11:07:59;;30-71720552-5;EMOVA MOVILIDAD S.A.;AO;;;;;
1513121;30/07/2026;Avalado;;SI;NO;ECHEQ;NO;NO;24Hs.;11:06:03;17:00:00;73;770;25,00;25,00;442;$;8.349.355,00;4;Negociada;14:07:51;MOVI;;MOVIL S.G.R.;AO;;;;;
1513122;30/07/2026;Avalado;;SI;NO;ECHEQ;NO;NO;24Hs.;11:06:08;17:00:00;26;754;20,00;20,00;439;$;10.285.000,00;1;Negociada;12:28:01;ACPY;;Acindar Pymes S.G.R.;AO;;;;;
1513123;30/07/2026;Avalado;;SI;NO;ECHEQ;SI;NO;24Hs.;11:06:21;17:00:00;33;754;20,00;20,00;439;$;8.482.054,93;1;Negociada;12:28:36;ACPY;;Acindar Pymes S.G.R.;NO;;;;;
1513124;30/07/2026;Avalado;;SI;NO;ECHEQ;NO;NO;24Hs.;11:06:34;17:00:00;25;754;20,00;20,00;439;$;10.286.000,00;1;Negociada;12:27:51;ACPY;;Acindar Pymes S.G.R.;AO;;;;;
1513125;30/07/2026;Avalado;;SI;NO;ECHEQ;SI;NO;24Hs.;11:06:47;17:00:00;40;754;20,00;20,00;439;$;8.482.054,93;1;Negociada;12:28:50;ACPY;;Acindar Pymes S.G.R.;NO;;;;;
1513126;30/07/2026;Avalado;;SI;NO;PAGARE;NO;NO;24Hs.;11:07:04;17:00:00;101;770;7,00;7,00;439;U$D;25.000,00;1;Negociada;13:09:56;NEUQ;;Neuquen Pymes S.G.R.;;;;;;
1513127;30/07/2026;Avalado;;SI;NO;ECHEQ;NO;NO;24Hs.;11:07:40;17:00:00;106;439;26,00;26,00;439;$;37.500.000,00;6;Negociada;13:53:57;NEUQ;;Neuquen Pymes S.G.R.;AO;;;;;
1513128;30/07/2026;Avalado;;SI;NO;ECHEQ;NO;NO;24Hs.;11:07:50;17:00:00;112;439;26,00;26,00;439;$;23.125.000,00;4;Negociada;13:53:39;NEUQ;;Neuquen Pymes S.G.R.;AO;;;;;
1513129;30/07/2026;Avalado;;SI;NO;ECHEQ;NO;NO;24Hs.;11:08:08;17:00:00;63;754;20,00;21,00;439;$;1.038.891,72;1;Negociada;12:53:24;ACPY;;Acindar Pymes S.G.R.;AO;;;;;
1513130;30/07/2026;Avalado;;SI;NO;ECHEQ;NO;NO;24Hs.;11:08:31;17:00:00;77;439;25,00;25,00;439;$;8.750.000,00;2;Negociada;13:52:12;NEUQ;;Neuquen Pymes S.G.R.;AO;;;;;
1513131;30/07/2026;Avalado;;SI;NO;ECHEQ;NO;NO;24Hs.;11:08:44;17:00:00;124;;;21,00;526;$;20.785.656,60;2;Desierta;;BIND;;Garantias Bind S.G.R.;AO;;;;;
1513132;30/07/2026;Avalado;;SI;NO;ECHEQ;NO;NO;24Hs.;11:08:51;17:00:00;97;406;23,00;23,00;529;$;118.979.603,66;4;Negociada;12:17:31;TRND;;Trend S.G.R.;AO;;;;;
1513133;30/07/2026;Avalado;;SI;NO;ECHEQ;SI;NO;24Hs.;11:09:18;17:00:00;63;502;22,00;22,00;529;$;90.972.427,00;1;Negociada;11:58:07;TRND;;Trend S.G.R.;NO;;;;;
1513134;30/07/2026;Avalado;;SI;NO;ECHEQ;NO;NO;24Hs.;11:09:23;17:00:00;47;;;0,00;439;$;22.218.598,29;4;Desierta (Baja);;NEUQ;;Neuquen Pymes S.G.R.;AO;;;;;
1513135;30/07/2026;Avalado;;SI;NO;ECHEQ;NO;NO;C.I.;11:09:39;17:00:00;174;406;26,50;27,00;545;$;20.000.000,00;1;Negociada;11:21:11;ACPY;;Acindar Pymes S.G.R.;AO;;;;;
1513136;30/07/2026;Avalado;;SI;NO;ECHEQ;NO;NO;24Hs.;11:11:08;17:00:00;52;;;23,00;529;$;215.036.269,33;7;Desierta;;AVLR;;Aval Ar S.G.R.;AO;;;;;
1513137;30/07/2026;Avalado;;SI;NO;ECHEQ;SI;NO;24Hs.;11:11:15;17:00:00;33;507;23,00;23,00;526;$;44.478.111,95;4;Negociada;11:26:33;NOVA;;INNOVA S.G.R.;NO;;;;;
1513138;30/07/2026;Avalado;;SI;NO;ECHEQ;NO;NO;24Hs.;11:11:20;17:00:00;89;;;24,00;529;$;100.000.000,00;1;Desierta;;AVLR;;Aval Ar S.G.R.;AO;;;;;
1513139;30/07/2026;No Garantizado;SI;SI;NO;ECHEQ;NO;NO;24Hs.;11:11:26;17:00:00;101;;;35,00;43;$;25.000.000,00;3;Desierta;;;27-24375127-1;MARGARIA CARINA;AO;27-24375127-1;MARGARIA CARINA;Certificado MiPyME;;
1513140;30/07/2026;Avalado;;SI;NO;ECHEQ;NO;NO;24Hs.;11:11:29;17:00:00;94;525;25,00;25,00;529;$;12.000.000,00;3;Negociada;16:35:17;AVLR;;Aval Ar S.G.R.;AO;;;;;
1513141;30/07/2026;Avalado;;SI;NO;ECHEQ;SI;NO;24Hs.;11:11:36;17:00:00;96;;;23,00;529;$;90.972.427,00;1;Desierta;;AVLR;;Aval Ar S.G.R.;NO;;;;;
1513142;30/07/2026;Avalado;;SI;NO;ECHEQ;NO;NO;24Hs.;11:11:39;17:00:00;36;507;23,00;23,00;526;$;92.933.697,85;18;Negociada;11:26:40;NOVA;;INNOVA S.G.R.;AO;;;;;
1513143;30/07/2026;Avalado;;SI;NO;ECHEQ;NO;NO;24Hs.;11:11:52;17:00:00;43;727;20,00;20,00;526;$;40.559.620,69;5;Negociada;13:20:53;POTE;;Potenciar S.G.R.;AO;;;;;
1513144;30/07/2026;Avalado;;SI;NO;ECHEQ;NO;NO;24Hs.;11:11:58;17:00:00;113;567;23,00;23,00;529;$;8.000.000,00;2;Negociada;12:38:18;AVRU;;Aval Rural S.G.R.;AO;;;;;
1513145;30/07/2026;Avalado;;SI;NO;ECHEQ;NO;NO;24Hs.;11:12:08;17:00:00;133;;;28,00;502;$;50.662.519,65;25;Desierta;;MOVI;;MOVIL S.G.R.;AO;;;;;
1513146;30/07/2026;Avalado;;SI;NO;ECHEQ;NO;NO;24Hs.;11:12:13;17:00:00;180;;;25,00;876;$;20.000.000,00;1;Desierta;;RESI;;Resiliencia S.G.R.;AO;;;;;
1513147;30/07/2026;Avalado;;SI;NO;ECHEQ;NO;NO;24Hs.;11:12:18;17:00:00;118;;;25,00;754;$;2.000.000,00;1;Desierta;;MOVI;;MOVIL S.G.R.;AO;;;;;
1513148;30/07/2026;Avalado;;SI;NO;ECHEQ;NO;NO;24Hs.;11:12:21;17:00:00;74;;;25,00;502;$;28.400.000,00;4;Desierta;;ARGC;;Argentina Ciudad S.G.R.;AO;;;;;
1513149;30/07/2026;Avalado;;SI;NO;ECHEQ;NO;NO;24Hs.;11:12:29;17:00:00;133;;;0,00;502;$;50.000.000,00;4;Desierta (Baja);;SOLI;;Solidum S.G.R.;AO;;;;;
1513150;30/07/2026;Avalado;;SI;NO;ECHEQ;NO;NO;24Hs.;11:12:33;17:00:00;126;;;25,00;754;$;5.000.000,00;1;Desierta;;MOVI;;MOVIL S.G.R.;AO;;;;;
1513151;30/07/2026;Avalado;;SI;NO;ECHEQ;NO;NO;24Hs.;11:12:51;17:00:00;42;;;0,00;502;$;50.000.000,00;2;Desierta (Baja);;AVFE;;Aval Fertil S.G.R.;AO;;;;;
1513152;30/07/2026;Avalado;;SI;NO;ECHEQ;SI;NO;24Hs.;11:13:09;17:00:00;89;502;25,00;25,00;502;$;5.000.000,00;1;Negociada;14:17:33;UNIO;;Union S.G.R.;NO;;;;;
1513153;30/07/2026;No Garantizado;NO;SI;NO;ECHEQ;NO;NO;C.I.;11:13:13;11:21:00;47;572;25,00;25,00;559;$;33.722.750,69;1;Negociada;11:15:14;;30-50119925-3;ACINDAR INDUSTRIA ARGENTINA DE ACEROS S A;AO;;;;;
1513154;30/07/2026;Avalado;;SI;NO;ECHEQ;SI;NO;24Hs.;11:13:16;17:00:00;89;502;25,00;25,00;502;$;6.000.000,00;1;Negociada;14:17:39;UNIO;;Union S.G.R.;NO;;;;;
1513155;30/07/2026;Avalado;;SI;NO;ECHEQ;SI;NO;24Hs.;11:13:24;17:00:00;89;502;25,00;25,00;502;$;14.500.000,00;1;Negociada;14:17:43;UNIO;;Union S.G.R.;NO;;;;;
1513156;30/07/2026;Avalado;;SI;NO;ECHEQ;NO;NO;24Hs.;11:13:25;17:00:00;117;839;25,00;25,00;839;$;25.000.000,00;1;Negociada;16:20:44;MOVI;;MOVIL S.G.R.;AO;;;;;
1513157;30/07/2026;No Garantizado;NO;SI;NO;ECHEQ;NO;NO;C.I.;11:13:37;17:00:00;37;;;0,00;839;$;50.000.000,00;3;Desierta (Baja);;;30-71144988-0;PTP ARGENTINA S. A.;AO;30-71144988-0;PTP ARGENTINA S. A.;;;
1513158;30/07/2026;No Garantizado;SI;SI;NO;FCE;NO;NO;C.I.;11:14:16;17:00:00;34;;;0,00;15;$;16.273.287,91;1;Desierta (Baja);;%ANA;30-50052945-4;AKZO NOBEL ARGENTINA S. A.;;;;;;
1513159;30/07/2026;Avalado;;SI;NO;ECHEQ;NO;NO;24Hs.;11:14:19;17:00:00;181;523;25,00;25,00;876;$;110.000.000,00;4;Negociada;11:16:20;FINT;;Fintech S.G.R.;AO;;;;;
1513160;30/07/2026;No Garantizado Calificado;NO;SI;NO;PAGARE;NO;NO;C.I.;11:14:35;17:00:00;181;47;35,00;35,00;47;$;81.400.000,00;1;Negociada;11:16:36;;30-71578674-1;BERLIN  HOUSES S. A.;;30-71578674-1;BERLIN  HOUSES S. A.;;;
1513161;30/07/2026;Avalado;;SI;NO;ECHEQ;NO;NO;24Hs.;11:14:57;17:00:00;120;;;22,00;852;$;5.203.166,66;4;Desierta;;ACPY;;Acindar Pymes S.G.R.;AO;;;;;
1513162;30/07/2026;Avalado;;SI;NO;PAGARE;NO;NO;24Hs.;11:15:02;17:00:00;350;734;6,00;6,00;20;U$D;100.000,00;1;Negociada;11:28:41;ACPY;;Acindar Pymes S.G.R.;;;;;;
1513163;30/07/2026;Garantizado Calificado;SI;SI;NO;ECHEQ;NO;NO;24Hs.;11:15:16;17:00:00;63;;;18,00;43;$;101.080.000,00;3;Desierta;;;;;AO;;;Certificado MiPyME;;
1513164;30/07/2026;Avalado;;SI;NO;PAGARE;NO;NO;24Hs.;11:15:17;17:00:00;336;770;7,00;7,00;20;U$D;100.000,00;1;Negociada;15:27:18;ACPY;;Acindar Pymes S.G.R.;;;;;;
1513165;30/07/2026;Garantizado;SI;SI;NO;ECHEQ;NO;NO;24Hs.;11:15:27;17:00:00;76;;;18,00;43;$;305.250.186,60;48;Desierta;;;;;AO;;;Certificado MiPyME;;
1513166;30/07/2026;Avalado;;SI;NO;PAGARE;NO;NO;24Hs.;11:15:31;17:00:00;364;734;6,00;6,00;20;U$D;100.000,00;1;Negociada;11:28:47;ACPY;;Acindar Pymes S.G.R.;;;;;;
1513167;30/07/2026;Garantizado Calificado;SI;SI;NO;ECHEQ;NO;NO;24Hs.;11:15:38;17:00:00;64;;;18,00;43;$;33.000.000,00;12;Desierta;;;;;AO;;;Certificado MiPyME;;
1513168;30/07/2026;No Garantizado;SI;SI;NO;ECHEQ;NO;NO;C.I.;11:15:46;17:00:00;59;572;27,00;27,00;572;$;4.487.256,07;2;Negociada;11:18:17;;30-64857051-8;TEKNIX ARG S R L;AO;;;MiPyME FCE - Art. 7 Ley 27.440, Res. SEPYME 340/17, Art. 2 RG 4367/18 y RG 1019/24;;
1513169;30/07/2026;Avalado;;NO;NO;ECHEQ;NO;NO;24Hs.;11:15:52;17:00:00;146;569;27,00;27,00;569;$;484.319.793,00;23;Negociada;12:40:17;ZOFI;;Zofingen S.G.R.;AO;;;;;
1513170;30/07/2026;No Garantizado;SI;SI;NO;ECHEQ;NO;NO;C.I.;11:15:56;17:00:00;101;572;27,00;27,00;572;$;69.972.556,26;2;Negociada;11:18:05;;30-70969436-3;GRUPO HORIZONTE SRL;AO;;;MiPyME FCE - Art. 7 Ley 27.440, Res. SEPYME 340/17, Art. 2 RG 4367/18 y RG 1019/24;;
1513171;30/07/2026;No Garantizado Calificado;NO;SI;NO;ECHEQ;NO;NO;C.I.;11:16:05;17:00:00;68;572;44,00;44,00;572;$;5.000.000,00;1;Negociada;11:18:35;;33-70845203-9;TOYODAIH S.A.;AO;33-70845203-9;TOYODAIH S.A.;;;
1513172;30/07/2026;No Garantizado;NO;SI;NO;ECHEQ;NO;NO;C.I.;11:16:13;17:00:00;61;572;32,00;32,00;572;$;500.000.000,00;1;Negociada;11:19:04;;30-53284754-7;BAZAR AVENIDA S. A.;AO;30-53284754-7;BAZAR AVENIDA S. A.;;;
1513173;30/07/2026;Avalado;;SI;NO;ECHEQ;NO;NO;24Hs.;11:17:10;17:00:00;95;406;28,00;28,00;20;$;20.000.000,00;1;Negociada;14:47:17;INPY;;Integra Pymes S.G.R.;AO;;;;;
1513174;30/07/2026;Avalado;;NO;NO;ECHEQ;NO;NO;24Hs.;11:17:20;17:00:00;102;;;25,00;813;$;35.000.000,00;7;Desierta;;INPY;;Integra Pymes S.G.R.;AO;;;;;
1513175;30/07/2026;Avalado;;NO;NO;ECHEQ;NO;NO;24Hs.;11:17:38;17:00:00;63;;;24,00;813;$;5.000.000,00;1;Desierta;;FOGA;;Fdo. de Gtias. del Chaco;AO;;;;;
1513176;30/07/2026;Avalado;;NO;NO;ECHEQ;NO;NO;24Hs.;11:17:57;17:00:00;91;;;25,00;813;$;2.000.000,00;1;Desierta;;ZOFI;;Zofingen S.G.R.;AO;;;;;
1513177;30/07/2026;Avalado;;SI;NO;ECHEQ;SI;NO;24Hs.;11:18:08;17:00:00;88;770;26,00;26,00;287;$;5.000.000,00;1;Negociada;14:42:44;MOVI;;MOVIL S.G.R.;NO;;;;;
1513178;30/07/2026;Avalado;;SI;NO;ECHEQ;NO;NO;24Hs.;11:18:55;17:00:00;75;501;21,00;21,00;545;$;5.000.000,00;1;Negociada;11:28:41;FGLR;;Fdo.de Gtia.Pub. La Rioja;AO;;;;;
1513179;30/07/2026;Avalado;;SI;NO;ECHEQ;NO;NO;24Hs.;11:19:23;17:00:00;109;406;23,50;23,50;767;$;325.000.000,00;2;Negociada;12:45:03;TRND;;Trend S.G.R.;AO;;;;;
1513180;30/07/2026;Avalado;;SI;NO;ECHEQ;NO;NO;24Hs.;11:19:32;17:00:00;61;754;21,50;21,50;20;$;200.000.000,00;4;Negociada;14:55:17;ACPY;;Acindar Pymes S.G.R.;AO;;;;;
1513181;30/07/2026;No Garantizado;NO;SI;NO;ECHEQ;NO;NO;24Hs.;11:19:39;17:00:00;14;539;33,00;33,00;47;$;35.000.000,00;1;Negociada;11:46:23;;30-63061776-2;TEKNOFOOD S A;AO;30-70815875-1;INDABA INTERNATIONAL SOCIEDAD ANONIMA;;;
1513182;30/07/2026;Avalado;;SI;NO;ECHEQ;NO;NO;24Hs.;11:19:45;17:00:00;12;442;20,00;20,00;20;$;6.369.247,94;1;Negociada;13:27:05;ACPY;;Acindar Pymes S.G.R.;AO;;;;;
1513183;30/07/2026;No Garantizado Calificado;NO;NO;NO;PAGARE;NO;NO;C.I.;11:19:48;17:00:00;8;724;22,00;22,00;724;$;371.000.000,00;1;Negociada;11:21:49;;30-50054484-4;COMPAÑIA MINERA AGUILAR S.A.;;;;;;
1513184;30/07/2026;Avalado;;SI;NO;ECHEQ;NO;NO;24Hs.;11:20:05;17:00:00;72;502;23,00;23,00;442;$;3.500.000,00;2;Negociada;11:32:56;TRND;;Trend S.G.R.;AO;;;;;
1513185;30/07/2026;Avalado;;SI;NO;PAGARE;NO;NO;C.I.;11:20:47;17:00:00;274;773;6,00;6,00;755;U$D;200.000,00;1;Negociada;11:22:49;CREC;;Crecer S.G.R.;CB;33-71846737-9;MAQUINARG S.A.;;;
1513186;30/07/2026;No Garantizado;SI;SI;NO;ECHEQ;NO;NO;C.I.;11:20:52;17:00:00;34;569;33,00;33,00;569;$;621.120.000,00;2;Negociada;11:22:53;;30-64078319-9;ARGENSUN  SOCIEDAD ANONIMA;AO;30-64078319-9;ARGENSUN  SOCIEDAD ANONIMA;Certificado MiPyME;;
1513187;30/07/2026;Avalado;;SI;NO;ECHEQ;SI;NO;C.I.;11:21:19;17:00:00;80;;;0,00;422;$;100.000.000,00;4;Desierta (Baja);;SOLI;;Solidum S.G.R.;NO;;;;;
1513188;30/07/2026;No Garantizado;NO;SI;NO;PAGARE;NO;NO;C.I.;11:21:23;17:00:00;69;724;22,00;22,00;724;$;387.000.000,00;1;Negociada;11:23:24;;30-50054484-4;COMPAÑIA MINERA AGUILAR S.A.;;30-50054484-4;COMPAÑIA MINERA AGUILAR S.A.;;;
1513189;30/07/2026;No Garantizado Calificado;SI;SI;NO;ECHEQ;NO;NO;C.I.;11:21:29;17:00:00;99;405;55,00;55,00;405;$;46.500.000,00;5;Negociada;11:23:30;;30-71152295-2;AGROPRODUCCIONES TORRESI S.R.L.;AO;30-71152295-2;AGROPRODUCCIONES TORRESI S.R.L.;Certificado MiPyME;;
1513190;30/07/2026;No Garantizado;NO;SI;NO;ECHEQ;SI;NO;C.I.;11:21:35;17:00:00;34;767;24,50;24,50;591;$;87.572.350,54;1;Negociada;11:41:52;;30-50111624-2;DANONE ARGENTINA SOCIEDAD ANONIMA;NO;30-71835684-5;NOT NORMAL ARGENTINA;;;
1513191;30/07/2026;No Garantizado Calificado;SI;SI;NO;ECHEQ;NO;NO;C.I.;11:21:40;17:00:00;104;405;52,00;52,00;405;$;16.000.000,00;2;Negociada;11:23:42;;30-71152295-2;AGROPRODUCCIONES TORRESI S.R.L.;AO;30-71152295-2;AGROPRODUCCIONES TORRESI S.R.L.;Certificado MiPyME;;
1513192;30/07/2026;No Garantizado;SI;SI;NO;FCE;NO;NO;C.I.;11:25:39;17:00:00;34;572;25,50;25,50;15;$;16.273.287,91;1;Negociada;11:31:07;%ANA;30-50052945-4;AKZO NOBEL ARGENTINA S. A.;;;;;;
1513193;30/07/2026;No Garantizado;SI;SI;NO;FCE;NO;NO;24Hs.;11:26:17;17:00:00;21;839;24,00;24,00;839;$;11.498.411,20;1;Negociada;16:20:54;%PLT;30-71515437-0;PLUSPETROL S.A.YSUR ENERGIA ARGENTINA S.R.L.- AREA CNQ-26 LA CALERA- UNION TRANSITORIA DE EMPRESAS;;;;;;
1513194;30/07/2026;No Garantizado;NO;SI;NO;ECHEQ;NO;NO;C.I.;11:26:48;17:00:00;37;839;42,00;42,00;839;$;50.000.000,00;3;Negociada;11:28:49;;30-71144988-0;PTP ARGENTINA S. A.;AO;30-71144988-0;PTP ARGENTINA S. A.;;;
1513195;30/07/2026;Avalado;;SI;NO;ECHEQ;SI;NO;24Hs.;11:28:11;17:00:00;24;754;20,00;20,00;483;$;55.336.831,47;1;Negociada;12:25:40;ACPY;;Acindar Pymes S.G.R.;NO;;;;;
1513196;30/07/2026;Avalado;;SI;NO;ECHEQ;NO;NO;24Hs.;11:29:03;17:00:00;269;502;24,00;24,00;502;$;100.491.867,00;1;Negociada;11:31:04;AFFI;;Affidavit S.G.R.;AO;;;;;
1513197;30/07/2026;Avalado;;SI;NO;ECHEQ;NO;NO;24Hs.;11:30:25;17:00:00;38;770;23,00;23,00;770;$;8.000.000,00;8;Negociada;14:03:50;MOVI;;MOVIL S.G.R.;AO;;;;;
1513198;30/07/2026;No Garantizado Calificado;NO;SI;NO;ECHEQ;NO;NO;C.I.;11:30:48;17:00:00;22;767;62,00;62,00;767;$;15.200.000,00;7;Negociada;15:29:51;;30-71878465-0;FREDAM PUERTO SOCIEDAD DE RESPONSABILIDAD LIMITADA;AO;20-25107261-3;CASAS JUAN CARLOS HECTOR;;;
1513199;30/07/2026;No Garantizado;NO;SI;NO;ECHEQ;NO;NO;24Hs.;11:31:13;17:00:00;26;;;0,00;767;$;10.000.000,00;1;Desierta (Baja);;;33-71922280-9;TORENZA DEEP S.R.L.;AO;27-39566113-8;GARCIA MARIA PAULA;;;
1513200;30/07/2026;Avalado;;SI;NO;ECHEQ;NO;NO;C.I.;11:32:17;17:00:00;49;406;21,00;21,00;25;$;207.507.537,25;53;Negociada;13:31:06;POTE;;Potenciar S.G.R.;AO;;;;;
1513201;30/07/2026;Avalado;;SI;NO;ECHEQ;NO;NO;24Hs.;11:32:29;17:00:00;48;770;23,00;23,00;526;$;31.940.100,00;1;Negociada;14:39:05;UNIO;;Union S.G.R.;AO;;;;;
1513202;30/07/2026;Avalado;;SI;NO;ECHEQ;NO;NO;24Hs.;11:32:39;17:00:00;112;;;24,00;526;$;46.000.000,00;10;Desierta;;UNIO;;Union S.G.R.;AO;;;;;
1513203;30/07/2026;No Garantizado;NO;SI;NO;ECHEQ;NO;NO;C.I.;11:34:27;17:00:00;313;;;0,00;11;$;139.945.112,52;4;Desierta (Baja);;;30-70969436-3;GRUPO HORIZONTE SRL;AO;;;;;
1513204;30/07/2026;No Garantizado;NO;SI;NO;ECHEQ;NO;NO;C.I.;11:34:35;17:00:00;191;406;36,00;36,00;11;$;139.945.112,52;4;Negociada;12:05:13;;30-70969436-3;GRUPO HORIZONTE SRL;AO;;;;;
1513205;30/07/2026;Avalado;;SI;NO;ECHEQ;NO;NO;C.I.;11:38:45;17:00:00;14;529;25,00;25,00;767;$;6.333.930,16;2;Negociada;14:46:41;ACPY;;Acindar Pymes S.G.R.;AO;;;;;
1513206;30/07/2026;No Garantizado;SI;SI;NO;FCE;NO;NO;C.I.;11:38:47;17:00:00;19;433;20,00;20,00;433;U$S;33.105,60;1;Negociada;11:40:48;%UZV;30-70881199-4;CORTEVA SEEDS ARGENTINA S. R. L.;;;;;;
1513207;30/07/2026;Avalado;;SI;NO;ECHEQ;NO;NO;C.I.;11:39:16;17:00:00;132;406;25,00;25,00;767;$;64.336.011,93;8;Negociada;11:41:18;ACPY;;Acindar Pymes S.G.R.;AO;;;;;
1513208;30/07/2026;No Garantizado;NO;SI;NO;PAGARE;NO;NO;C.I.;11:39:18;17:00:00;28;512;32,00;32,00;512;$;2.463.099.733,00;2;Negociada;11:41:20;;30-71672768-4;IOG RESOURCES S.A.;;30-71672768-4;IOG RESOURCES S.A.;;;
1513209;30/07/2026;No Garantizado Calificado;NO;SI;NO;PAGARE;NO;NO;C.I.;11:39:38;17:00:00;27;512;32,00;32,00;512;$;877.756.276,00;1;Negociada;11:41:40;;30-71675213-1;INTEROIL ARGENTINA S A;;30-71675213-1;INTEROIL ARGENTINA S A;;;
1513210;30/07/2026;Avalado;;SI;NO;ECHEQ;NO;NO;C.I.;11:39:39;17:00:00;242;;;25,00;767;$;10.000.000,00;1;Desierta;;CREC;;Crecer S.G.R.;AO;;;;;
1513211;30/07/2026;No Garantizado;NO;SI;NO;ECHEQ;NO;NO;C.I.;11:40:03;17:00:00;29;512;32,00;32,00;512;$;5.309.773.795,00;3;Negociada;11:42:05;;30-50054484-4;COMPAÑIA MINERA AGUILAR S.A.;AO;30-50054484-4;COMPAÑIA MINERA AGUILAR S.A.;;;
1513212;30/07/2026;Avalado;;SI;NO;ECHEQ;NO;NO;C.I.;11:40:08;17:00:00;35;406;20,00;20,00;767;$;85.297.657,26;5;Negociada;12:00:24;ACPY;;Acindar Pymes S.G.R.;AO;;;;;
1513213;30/07/2026;No Garantizado;NO;SI;NO;ECHEQ;NO;NO;C.I.;11:40:28;17:00:00;61;572;41,00;41,00;572;$;15.000.000,00;1;Negociada;11:54:53;;30-50351035-5;HECTOR CODINI S.A.;AO;30-50351035-5;HECTOR CODINI S.A.;;;
1513214;30/07/2026;No Garantizado;SI;SI;NO;ECHEQ;NO;NO;C.I.;11:40:38;17:00:00;64;572;35,00;35,00;572;$;30.000.000,00;1;Negociada;11:53:47;;20-34649956-8;CALATRONI LEONARDO JAVIER;AO;;;MiPyME FCE - Art. 7 Ley 27.440, Res. SEPYME 340/17, Art. 2 RG 4367/18 y RG 1019/24;;
1513215;30/07/2026;Avalado;;SI;NO;ECHEQ;NO;NO;24Hs.;11:40:49;17:00:00;96;;;25,00;767;$;12.500.000,00;1;Desierta;;CONV;;CONAVAL S.G.R.;AO;;;;;
1513216;30/07/2026;No Garantizado;NO;NO;NO;PAGARE;NO;NO;C.I.;11:41:08;17:00:00;25;512;30,00;30,00;512;$;2.327.901.904,00;3;Negociada;11:43:09;;30-71672768-4;IOG RESOURCES S.A.;;;;;;
1513217;30/07/2026;No Garantizado;NO;NO;NO;ECHEQ;NO;NO;C.I.;11:41:49;17:00:00;26;512;30,00;30,00;512;$;378.442.686,00;1;Negociada;11:43:51;;30-50054484-4;COMPAÑIA MINERA AGUILAR S.A.;AO;30-50054484-4;COMPAÑIA MINERA AGUILAR S.A.;;;
1513218;30/07/2026;Avalado;;SI;NO;ECHEQ;NO;NO;24Hs.;11:42:10;17:00:00;68;558;26,00;26,00;343;$;50.000.000,00;1;Negociada;16:37:25;INPY;;Integra Pymes S.G.R.;AO;;;;;
1513219;30/07/2026;Avalado;;SI;NO;ECHEQ;NO;NO;24Hs.;11:42:21;17:00:00;68;406;24,00;24,00;343;$;35.000.000,00;1;Negociada;14:12:57;UNIO;;Union S.G.R.;AO;;;;;
1513220;30/07/2026;No Garantizado Calificado;NO;NO;NO;PAGARE;NO;NO;C.I.;11:42:25;17:00:00;27;512;30,00;30,00;512;$;787.023.383,00;1;Negociada;11:44:26;;30-71675213-1;INTEROIL ARGENTINA S A;;;;;;
1513221;30/07/2026;No Garantizado;NO;NO;NO;PAGARE;NO;NO;C.I.;11:42:50;17:00:00;26;512;30,00;30,00;512;$;2.452.187.370,00;1;Negociada;11:44:52;;33-71208150-9;MAGNUS ARGENTINA S.A.;;;;;;
1513222;30/07/2026;No Garantizado;SI;SI;NO;ECHEQ;NO;NO;C.I.;11:43:25;17:00:00;62;572;35,00;35,00;572;$;29.212.230,00;2;Negociada;11:54:10;;30-62968337-9;PINTUCCI Y GUIZZO SOCIEDAD ANONIMA S. A.;AO;;;MiPyME FCE - Art. 7 Ley 27.440, Res. SEPYME 340/17, Art. 2 RG 4367/18 y RG 1019/24;;
1513223;30/07/2026;No Garantizado;NO;NO;NO;PAGARE;NO;NO;C.I.;11:43:49;17:00:00;26;512;30,00;30,00;512;$;2.732.589.461,00;1;Negociada;11:45:51;;30-71753557-6;HIDROCARBUROS DEL NORTE S.A.;;;;;;
1513224;30/07/2026;No Garantizado;NO;NO;NO;PAGARE;NO;NO;C.I.;11:43:51;17:00:00;8;526;31,50;31,50;793;$;500.000.000,00;1;Negociada;11:45:53;;30-53284754-7;BAZAR AVENIDA S. A.;;;;;;
1513225;30/07/2026;Avalado;;SI;NO;ECHEQ;NO;NO;24Hs.;11:44:15;17:00:00;103;;;22,00;767;$;10.000.000,00;2;Desierta;;ACPY;;Acindar Pymes S.G.R.;AO;;;;;
1513226;30/07/2026;Avalado;;SI;NO;ECHEQ;NO;NO;24Hs.;11:44:41;17:00:00;27;406;19,00;19,00;720;$;12.000.000,00;1;Negociada;11:57:27;BAIN;;BANCO INDUSTRIAL SA;AO;;;;;
1513227;30/07/2026;Avalado;;SI;NO;ECHEQ;NO;NO;24Hs.;11:44:53;17:00:00;82;;;25,00;864;$;100.000.000,00;1;Desierta;;MILL;;MILLS S.G.R.;AO;;;;;
1513228;30/07/2026;No Garantizado Calificado;SI;SI;NO;ECHEQ;NO;NO;C.I.;11:45:07;17:00:00;29;572;36,00;36,00;572;$;28.000.000,00;6;Negociada;11:52:58;;30-68242998-0;AGIRENT S A;AO;30-68242998-0;AGIRENT S A;MiPyME FCE - Art. 7 Ley 27.440, Res. SEPYME 340/17, Art. 2 RG 4367/18 y RG 1019/24;;
1513229;30/07/2026;Avalado;;SI;NO;ECHEQ;NO;NO;24Hs.;11:45:09;17:00:00;147;406;22,00;22,00;720;$;122.000.000,00;7;Negociada;11:47:11;BAIN;;BANCO INDUSTRIAL SA;AO;;;;;
1513230;30/07/2026;Avalado;;SI;NO;ECHEQ;NO;NO;24Hs.;11:45:18;17:00:00;110;;;25,00;864;$;60.000.000,00;2;Desierta;;MILL;;MILLS S.G.R.;AO;;;;;
1513231;30/07/2026;No Garantizado Calificado;SI;SI;NO;ECHEQ;NO;NO;C.I.;11:45:20;17:00:00;36;572;41,00;41,00;572;$;5.000.000,00;1;Negociada;11:53:13;;30-68242998-0;AGIRENT S A;AO;30-68242998-0;AGIRENT S A;MiPyME FCE - Art. 7 Ley 27.440, Res. SEPYME 340/17, Art. 2 RG 4367/18 y RG 1019/24;;
1513232;30/07/2026;No Garantizado;NO;SI;NO;ECHEQ;NO;NO;C.I.;11:45:31;17:00:00;94;;;0,00;767;$;60.000.000,00;6;Desierta (Baja);;;30-71267850-6;CUMAR S.A.;AO;30-71267850-6;CUMAR S.A.;;;
1513233;30/07/2026;No Garantizado;NO;SI;NO;PAGARE;NO;NO;C.I.;11:45:38;17:00:00;46;526;31,00;31,00;526;$;200.000.000,00;1;Negociada;11:47:39;;30-53284754-7;BAZAR AVENIDA S. A.;;30-53284754-7;BAZAR AVENIDA S. A.;;;
1513234;30/07/2026;No Garantizado;SI;SI;NO;ECHEQ;NO;NO;C.I.;11:45:41;17:00:00;55;572;35,00;35,00;572;$;6.460.900,00;1;Negociada;11:53:59;;30-70909735-7;MARELLI JUAN  Y MIGUEL S.A.;AO;;;MiPyME FCE - Art. 7 Ley 27.440, Res. SEPYME 340/17, Art. 2 RG 4367/18 y RG 1019/24;;
1513235;30/07/2026;Avalado;;SI;NO;ECHEQ;SI;NO;24Hs.;11:45:47;17:00:00;39;864;25,00;25,00;864;$;70.000.000,00;1;Negociada;12:03:06;MILL;;MILLS S.G.R.;NO;;;;;
1513236;30/07/2026;Avalado;;SI;NO;ECHEQ;NO;NO;24Hs.;11:45:49;17:00:00;142;406;22,00;22,00;720;$;300.000.000,00;3;Negociada;11:47:50;BAIN;;BANCO INDUSTRIAL SA;AO;;;;;
1513237;30/07/2026;Avalado;;SI;NO;ECHEQ;NO;NO;24Hs.;11:46:13;17:00:00;61;864;25,00;25,00;864;$;58.891.553,30;6;Negociada;11:54:14;MILL;;MILLS S.G.R.;AO;;;;;
1513238;30/07/2026;No Garantizado;NO;SI;NO;ECHEQ;NO;NO;C.I.;11:46:25;17:00:00;55;767;24,00;24,00;764;$;93.173.831,55;1;Negociada;12:28:31;;30-59036076-3;CENCOSUD S A;AO;30-71192864-9;ALBINA S.A.;;;
1513239;30/07/2026;Avalado;;SI;NO;ECHEQ;NO;NO;24Hs.;11:46:28;17:00:00;57;502;23,00;23,00;767;$;60.000.000,00;6;Negociada;14:50:30;AVAL;;Avaluar S.G.R.;AO;;;;;
1513240;30/07/2026;No Garantizado;NO;SI;NO;ECHEQ;NO;NO;C.I.;11:46:33;17:00:00;54;572;41,00;41,00;572;$;15.000.000,00;1;Negociada;11:54:45;;30-50351035-5;HECTOR CODINI S.A.;AO;30-50351035-5;HECTOR CODINI S.A.;;;
1513241;30/07/2026;No Garantizado;NO;SI;NO;ECHEQ;NO;NO;C.I.;11:46:43;17:00:00;75;572;44,00;44,00;572;$;55.000.000,00;4;Negociada;11:55:07;;30-50351035-5;HECTOR CODINI S.A.;AO;30-50351035-5;HECTOR CODINI S.A.;;;
1513242;30/07/2026;Avalado;;SI;NO;ECHEQ;NO;NO;24Hs.;11:46:50;17:00:00;103;864;27,00;27,00;864;$;14.400.000,00;3;Negociada;16:54:21;MILL;;MILLS S.G.R.;AO;;;;;
1513243;30/07/2026;No Garantizado;NO;SI;NO;ECHEQ;NO;NO;C.I.;11:47:08;17:00:00;21;828;35,00;35,00;828;$;7.945.000,00;1;Negociada;11:49:10;;30-71459832-1;METALURGICA FOREST SOCIEDAD DE RESPONSABILIDAD LIMITADA;AO;30-71449602-2;PRIMMACRED S.R.L.;;;
1513244;30/07/2026;Avalado;;SI;NO;ECHEQ;NO;NO;24Hs.;11:47:09;17:00:00;107;864;27,00;27,00;864;$;36.000.000,00;5;Negociada;15:44:58;MILL;;MILLS S.G.R.;AO;;;;;
1513245;30/07/2026;Avalado;;SI;NO;ECHEQ;NO;NO;24Hs.;11:47:29;17:00:00;63;864;25,00;25,00;864;$;3.875.000,00;1;Negociada;11:56:32;MILL;;MILLS S.G.R.;AO;;;;;
1513246;30/07/2026;No Garantizado;NO;SI;NO;ECHEQ;NO;NO;C.I.;11:47:38;17:00:00;43;572;44,00;44,00;572;$;67.000.000,00;1;Negociada;11:55:27;;30-69309205-8;ARMADURAS DEL SUR SA;AO;30-69309205-8;ARMADURAS DEL SUR SA;;;
1513247;30/07/2026;Avalado;;SI;NO;ECHEQ;NO;NO;C.I.;11:47:40;17:00:00;14;431;26,00;26,00;543;$;8.897.792,08;1;Negociada;12:11:47;RIGA;;RIG Avales S.G.R.;AO;;;;;
1513248;30/07/2026;No Garantizado;NO;SI;NO;ECHEQ;NO;NO;C.I.;11:47:52;17:00:00;26;20;48,00;48,00;20;$;2.177.148,99;1;Negociada;12:17:43;;30-68548874-0;DEPAOLI & TROSCE CONSTRUCTORA S R L;AO;30-62387327-3;ASOCIACION MUTUAL GUSTAVO COCHET;;;
1513249;30/07/2026;Avalado;;SI;NO;ECHEQ;NO;NO;24Hs.;11:47:54;17:00:00;110;;;25,00;864;$;99.269.870,00;2;Desierta;;MILL;;MILLS S.G.R.;AO;;;;;
1513250;30/07/2026;Avalado;;SI;NO;CPD;NO;NO;24Hs.;11:48:03;17:00:00;34;543;26,00;26,00;543;$;22.500.000,00;1;Negociada;11:50:05;RIGA;;RIG Avales S.G.R.;;;;;;
1513251;30/07/2026;Avalado;;SI;NO;ECHEQ;NO;NO;24Hs.;11:48:16;17:00:00;90;864;26,00;26,00;864;$;3.300.000,00;2;Negociada;12:04:25;MILL;;MILLS S.G.R.;AO;;;;;
1513252;30/07/2026;Avalado;;SI;NO;CPD;NO;NO;24Hs.;11:48:29;17:00:00;62;543;26,00;26,00;543;$;10.000.000,00;1;Negociada;11:50:31;RIGA;;RIG Avales S.G.R.;;;;;;
1513253;30/07/2026;Avalado;;SI;NO;ECHEQ;NO;NO;24Hs.;11:48:45;17:00:00;67;864;25,00;25,00;864;$;7.750.000,00;1;Negociada;11:57:25;MILL;;MILLS S.G.R.;AO;;;;;
1513254;30/07/2026;No Garantizado;NO;SI;NO;ECHEQ;NO;NO;C.I.;11:49:54;17:00:00;133;433;36,00;36,00;433;$;23.000.000,00;2;Negociada;11:51:56;;30-71553653-2;MOBEL SOCIEDAD ANONIMA;AO;30-71496988-5;VINOX SRL;;;
1513255;30/07/2026;Avalado;;SI;NO;ECHEQ;NO;NO;24Hs.;11:50:26;17:00:00;59;431;27,00;27,00;543;$;3.255.698,70;5;Negociada;12:11:58;RIGA;;RIG Avales S.G.R.;AO;;;;;
1513256;30/07/2026;Avalado;;SI;NO;ECHEQ;NO;NO;24Hs.;11:50:30;17:00:00;87;864;26,00;26,00;864;$;23.000.000,00;2;Negociada;12:01:57;MILL;;MILLS S.G.R.;AO;;;;;
1513257;30/07/2026;No Garantizado;SI;SI;NO;ECHEQ;NO;NO;C.I.;11:50:33;17:00:00;96;433;34,00;34,00;433;$;20.000.000,00;1;Negociada;11:52:34;;30-71596583-2;NVX S. A.;AO;30-71596583-2;NVX S. A.;Certificado MiPyME;;
1513258;30/07/2026;Avalado;;SI;NO;ECHEQ;NO;NO;24Hs.;11:50:49;17:00:00;110;864;27,00;27,00;864;$;1.400.000,00;1;Negociada;15:45:12;MILL;;MILLS S.G.R.;AO;;;;;
1513259;30/07/2026;Avalado;;SI;NO;ECHEQ;NO;NO;24Hs.;11:51:02;17:00:00;45;502;23,00;23,00;502;$;25.000.000,00;1;Negociada;12:06:37;AVFE;;Aval Fertil S.G.R.;AO;;;;;
1513260;30/07/2026;Avalado;;SI;NO;ECHEQ;NO;NO;24Hs.;11:51:06;17:00:00;62;;;25,00;864;$;60.000.000,00;5;Desierta;;MILL;;MILLS S.G.R.;AO;;;;;
1513261;30/07/2026;No Garantizado;NO;SI;NO;ECHEQ;NO;NO;24Hs.;11:51:22;17:00:00;145;;;36,00;47;$;5.000.000,00;1;Desierta;;;30-71511397-6;JET OIL TECHNOLOGY SA;AO;30-71511397-6;JET OIL TECHNOLOGY SA;;;
1513262;30/07/2026;Avalado;;SI;NO;ECHEQ;NO;NO;24Hs.;11:51:27;17:00:00;33;864;25,00;25,00;864;$;60.000.000,00;1;Negociada;11:53:29;MILL;;MILLS S.G.R.;AO;;;;;
1513263;30/07/2026;No Garantizado;NO;SI;NO;ECHEQ;NO;NO;C.I.;11:51:28;17:00:00;19;755;33,00;33,00;755;$;2.014.883,73;3;Negociada;12:01:25;;30-70797885-2;ELIMEC ARGENTINA S.R.L.;AO;30-71880187-3;TOTAL PAYROLL SOLUTIONS S.A;;;
1513264;30/07/2026;No Garantizado Calificado;NO;SI;NO;ECHEQ;NO;NO;C.I.;11:51:32;17:00:00;61;434;26,00;26,00;434;$;1.527.600,00;2;Negociada;11:53:33;;30-54614365-8;SANATORIO RIO NEGRO S A;AO;30-70705484-7;REINSAL S A;;;
1513265;30/07/2026;Avalado;;SI;NO;ECHEQ;NO;NO;24Hs.;11:51:33;17:00:00;36;507;23,00;23,00;770;$;25.000.000,00;5;Negociada;13:54:18;FIDU;;Fid Aval S.G.R.;AO;;;;;
1513266;30/07/2026;No Garantizado;NO;SI;NO;ECHEQ;NO;NO;24Hs.;11:51:35;17:00:00;175;;;36,00;47;$;5.000.000,00;1;Desierta;;;30-71511397-6;JET OIL TECHNOLOGY SA;AO;30-71511397-6;JET OIL TECHNOLOGY SA;;;
1513267;30/07/2026;No Garantizado;NO;SI;NO;ECHEQ;NO;NO;C.I.;11:51:40;17:00:00;22;755;33,00;33,00;755;$;7.000.000,00;1;Negociada;12:00:02;;30-70912904-6;MATERCOR S.A.;AO;30-71880187-3;TOTAL PAYROLL SOLUTIONS S.A;;;
1513268;30/07/2026;Avalado;;SI;NO;ECHEQ;NO;NO;24Hs.;11:51:47;17:00:00;115;;;25,00;864;$;20.000.000,00;2;Desierta;;MILL;;MILLS S.G.R.;AO;;;;;
1513269;30/07/2026;Avalado;;SI;NO;ECHEQ;NO;NO;24Hs.;11:51:47;17:00:00;31;770;21,50;21,50;770;$;26.633.242,33;20;Negociada;14:56:26;CAMP;;Campo Aval S.G.R.;AO;;;;;
1513270;30/07/2026;No Garantizado;NO;SI;NO;ECHEQ;NO;NO;24Hs.;11:51:49;17:00:00;207;;;37,00;47;$;5.000.000,00;1;Desierta;;;30-71511397-6;JET OIL TECHNOLOGY SA;AO;30-71511397-6;JET OIL TECHNOLOGY SA;;;
1513271;30/07/2026;No Garantizado;NO;SI;NO;ECHEQ;NO;NO;C.I.;11:51:49;17:00:00;22;755;33,00;33,00;755;$;13.849.279,71;1;Negociada;12:00:16;;30-71321920-3;SERVITUBOS S.A.;AO;30-71880187-3;TOTAL PAYROLL SOLUTIONS S.A;;;
1513272;30/07/2026;Avalado;;SI;NO;ECHEQ;NO;NO;24Hs.;11:51:55;17:00:00;41;442;20,00;20,00;770;$;21.890.023,29;4;Negociada;13:43:18;ACPY;;Acindar Pymes S.G.R.;AO;;;;;
1513273;30/07/2026;No Garantizado;NO;SI;NO;ECHEQ;NO;NO;C.I.;11:51:59;17:00:00;27;755;33,00;33,00;755;$;276.872,71;1;Negociada;12:00:31;;30-63219670-5;TUBOFORTE SOCIEDAD ANONIMA;AO;30-71880187-3;TOTAL PAYROLL SOLUTIONS S.A;;;
1513274;30/07/2026;No Garantizado;NO;SI;NO;ECHEQ;NO;NO;24Hs.;11:52:02;17:00:00;132;;;0,00;47;$;5.000.000,00;1;Desierta (Baja);;;30-71511397-6;JET OIL TECHNOLOGY SA;AO;30-71511397-6;JET OIL TECHNOLOGY SA;;;
1513275;30/07/2026;No Garantizado;NO;SI;NO;ECHEQ;NO;NO;C.I.;11:52:08;17:00:00;22;755;33,00;33,00;755;$;1.430.154,81;1;Negociada;12:00:43;;30-71448949-2;FIDEICOMISO EDISUR I;AO;30-71880187-3;TOTAL PAYROLL SOLUTIONS S.A;;;
1513276;30/07/2026;No Garantizado;NO;SI;NO;ECHEQ;NO;NO;24Hs.;11:52:11;17:00:00;220;;;37,00;47;$;5.000.000,00;1;Desierta;;;30-71511397-6;JET OIL TECHNOLOGY SA;AO;30-71511397-6;JET OIL TECHNOLOGY SA;;;
1513277;30/07/2026;No Garantizado Calificado;NO;SI;NO;ECHEQ;NO;NO;C.I.;11:52:16;17:00:00;26;433;35,00;35,00;433;$;51.700.000,00;9;Negociada;11:54:18;;30-71198769-6;DROG SRL;AO;30-71543690-2;HARJUICE S.R.L.;;;
1513278;30/07/2026;No Garantizado;NO;SI;NO;ECHEQ;NO;NO;C.I.;11:52:16;17:00:00;27;20;48,00;48,00;20;$;18.293.161,66;1;Negociada;12:17:55;;30-70624182-1;DILCAR S A;AO;30-62387327-3;ASOCIACION MUTUAL GUSTAVO COCHET;;;
1513279;30/07/2026;No Garantizado;NO;SI;NO;ECHEQ;NO;NO;C.I.;11:52:18;17:00:00;19;755;33,00;33,00;755;$;18.384.772,33;1;Negociada;12:01:03;;33-52780130-9;S A MIGUEL CAMPODONICO LTDA;AO;30-71880187-3;TOTAL PAYROLL SOLUTIONS S.A;;;
1513280;30/07/2026;No Garantizado;NO;SI;NO;ECHEQ;NO;NO;24Hs.;11:52:25;17:00:00;194;;;37,00;47;$;5.000.000,00;1;Desierta;;;30-71511397-6;JET OIL TECHNOLOGY SA;AO;30-71511397-6;JET OIL TECHNOLOGY SA;;;
1513281;30/07/2026;No Garantizado;NO;SI;NO;ECHEQ;NO;NO;C.I.;11:52:27;17:00:00;33;20;48,00;48,00;20;$;10.343.029,89;2;Negociada;12:18:08;;30-71436591-2;FIDEICOMISO BRISANOVA BARRIO CERRADO;AO;30-62387327-3;ASOCIACION MUTUAL GUSTAVO COCHET;;;
1513282;30/07/2026;No Garantizado;NO;SI;NO;ECHEQ;NO;NO;C.I.;11:52:27;17:00:00;13;755;33,00;33,00;755;$;10.000.000,00;1;Negociada;12:01:15;;30-71545443-9;EMPAQUE MARTINEZ NAVARRO S.A.;AO;30-71880187-3;TOTAL PAYROLL SOLUTIONS S.A;;;
1513283;30/07/2026;No Garantizado;NO;SI;NO;ECHEQ;NO;NO;24Hs.;11:52:39;17:00:00;159;;;36,00;47;$;5.000.000,00;1;Desierta;;;30-71511397-6;JET OIL TECHNOLOGY SA;AO;30-71511397-6;JET OIL TECHNOLOGY SA;;;
1513284;30/07/2026;No Garantizado;NO;SI;NO;ECHEQ;NO;NO;C.I.;11:52:43;17:00:00;26;20;48,00;48,00;20;$;7.540.013,95;1;Negociada;12:18:20;;30-67977798-6;FRIOLATINA SA;AO;30-62387327-3;ASOCIACION MUTUAL GUSTAVO COCHET;;;
1513285;30/07/2026;No Garantizado;SI;SI;NO;FCE;NO;NO;C.I.;11:52:43;16:00:00;34;;;5,00;23;U$S;39.061,42;1;Desierta;;%UIG;30-50679216-5;CARGILL SOCIEDAD ANONIMA COMERCIAL E INDUSTRIAL;;;;;;
1513286;30/07/2026;No Garantizado;NO;SI;NO;ECHEQ;NO;NO;C.I.;11:52:50;17:00:00;38;20;48,00;48,00;20;$;10.000.000,00;2;Negociada;12:18:34;;30-53979450-3;FECCIA Y BATTISTONI S R L;AO;30-62387327-3;ASOCIACION MUTUAL GUSTAVO COCHET;;;
1513287;30/07/2026;Avalado;;SI;NO;ECHEQ;NO;NO;24Hs.;11:53:08;17:00:00;136;439;26,50;26,50;523;$;75.000.000,00;3;Negociada;13:59:13;NEUQ;;Neuquen Pymes S.G.R.;AO;;;;;
1513288;30/07/2026;No Garantizado;SI;SI;NO;CPD;SI;NO;C.I.;11:53:10;17:00:00;8;572;26,98;27,00;42;$;53.522.033,34;1;Negociada;12:00:00;;30-54808315-6;COTO CENTRO INTEGRAL DE COMERCIALIZACION SOCIEDAD ANONIMA;;30-71469989-6;USMAN EQUIPAMIENTOS SRL;Certificado MiPyME;;
1513289;30/07/2026;No Garantizado;NO;SI;NO;ECHEQ;NO;NO;C.I.;11:53:11;17:00:00;27;20;48,00;48,00;20;$;2.500.000,00;1;Negociada;12:18:48;;30-62304177-4;ZANINI S R L;AO;30-62387327-3;ASOCIACION MUTUAL GUSTAVO COCHET;;;
1513290;30/07/2026;No Garantizado;NO;SI;NO;ECHEQ;NO;NO;C.I.;11:53:22;17:00:00;26;20;48,00;48,00;20;$;3.382.980,00;1;Negociada;12:19:04;;30-54601778-4;INSTITUTO DE MEDICINA Y CIRUGIA INFANTIL SANATORIO DE NI #OS S A;AO;30-62387327-3;ASOCIACION MUTUAL GUSTAVO COCHET;;;
1513291;30/07/2026;No Garantizado;NO;SI;NO;ECHEQ;NO;NO;C.I.;11:53:30;17:00:00;85;764;29,00;29,00;764;$;60.000.000,00;7;Negociada;12:18:36;;30-67185063-3;AIMURAI SA;AO;;;;;
1513292;30/07/2026;No Garantizado;NO;SI;NO;ECHEQ;NO;NO;C.I.;11:53:33;17:00:00;28;20;48,00;48,00;20;$;5.000.000,00;1;Negociada;12:19:16;;30-70854992-0;PANIFICADORA ESTADIO S.A.;AO;30-62387327-3;ASOCIACION MUTUAL GUSTAVO COCHET;;;
1513293;30/07/2026;No Garantizado;NO;SI;NO;ECHEQ;NO;NO;C.I.;11:53:42;17:00:00;27;20;48,00;48,00;20;$;1.724.606,00;1;Negociada;12:19:29;;30-71583311-1;MI GESTION WEB SAS;AO;30-62387327-3;ASOCIACION MUTUAL GUSTAVO COCHET;;;
1513294;30/07/2026;No Garantizado;NO;SI;NO;ECHEQ;NO;NO;C.I.;11:53:54;17:00:00;55;764;28,00;28,00;764;$;20.000.000,00;2;Negociada;12:18:46;;30-67185063-3;AIMURAI SA;AO;;;;;
1513295;30/07/2026;Avalado;;SI;NO;ECHEQ;NO;NO;24Hs.;11:53:56;17:00:00;65;406;19,00;19,00;809;$;48.045.536,40;40;Negociada;11:55:57;BMAR;;BANCO MARIVA S.A.;AO;;;;;
1513296;30/07/2026;Avalado;;SI;NO;PAGARE;NO;NO;24Hs.;11:54:20;17:00:00;368;439;7,99;8,00;34;U$D;113.000,00;1;Negociada;16:29:55;SOLI;;Solidum S.G.R.;;;;;;
1513297;30/07/2026;No Garantizado;NO;SI;NO;ECHEQ;NO;NO;C.I.;11:54:48;17:00:00;55;434;26,00;26,00;434;$;3.865.316,93;2;Negociada;11:56:50;;30-66220282-3;QUIMICA ALPE DE RAPALLINI ALFREDO EDUARDO Y RAPALLINI GUILLERMO ENRIQUE S.H.;AO;30-70705484-7;REINSAL S A;;;
1513298;30/07/2026;No Garantizado;SI;SI;NO;ECHEQ;NO;NO;24Hs.;11:55:16;17:00:00;20;;;33,00;767;$;5.943.173,12;2;Desierta;;;33-71169074-9;KITER SIMHA S.R.L.;AO;30-71556412-9;GONZALO HOURCADE COMUNICACIONES SRL;Certificado MiPyME;;
1513299;30/07/2026;No Garantizado;NO;NO;NO;PAGARE;NO;NO;C.I.;11:55:25;17:00:00;8;587;35,00;35,00;587;$;1.269.400.000,00;2;Negociada;11:57:27;;30-71506007-4;PROLIP SRL;;;;;;
1513300;30/07/2026;No Garantizado;NO;SI;NO;ECHEQ;NO;NO;C.I.;11:55:39;17:00:00;76;401;28,50;28,50;401;$;27.069.202,18;3;Negociada;11:59:57;;30-50054804-1;GRUPO PEÑAFLOR S. A. U.;AO;20-31319121-5;MONCADA CRISTIAN PABLO;;;
1513301;30/07/2026;No Garantizado Calificado;SI;SI;NO;ECHEQ;NO;NO;24Hs.;11:55:49;17:00:00;19;;;33,00;767;$;3.843.339,49;1;Desierta;;;30-71083591-4;SEPCON DESARROLLOS Y CONSTRUCCIONES S. A.;AO;30-71556412-9;GONZALO HOURCADE COMUNICACIONES SRL;Certificado MiPyME;;
1513302;30/07/2026;No Garantizado Calificado;NO;SI;NO;ECHEQ;NO;NO;C.I.;11:56:12;17:00:00;188;434;26,00;26,00;434;$;5.100.730,00;1;Negociada;11:58:13;;30-71654062-2;KAPIAPIA S.A.S.;AO;30-70705484-7;REINSAL S A;;;
1513303;30/07/2026;Avalado;;SI;NO;ECHEQ;NO;NO;24Hs.;11:57:03;17:00:00;40;442;21,90;22,00;559;$;70.000.000,00;3;Negociada;12:27:10;AFFI;;Affidavit S.G.R.;AO;;;;;
1513304;30/07/2026;Avalado;;SI;NO;ECHEQ;NO;NO;24Hs.;11:57:38;17:00:00;90;406;19,00;19,00;809;$;151.718.901,07;55;Negociada;11:59:40;BMAR;;BANCO MARIVA S.A.;AO;;;;;
1513305;30/07/2026;No Garantizado;NO;NO;NO;PAGARE;NO;NO;C.I.;11:57:38;17:00:00;1282;406;10,00;10,00;767;DOL;3.000,00;3;Negociada;11:59:40;;23-94615579-9;JURE KALBERMATTEN MARCOS ALEJANDRO;;;;;;
1513306;30/07/2026;No Garantizado;NO;SI;NO;ECHEQ;NO;NO;C.I.;11:57:44;17:00:00;60;434;26,00;26,00;434;$;23.113,27;1;Negociada;11:59:45;;30-70827129-9;C M INSUMOS Y SISTEMAS S.R.L.;AO;30-70705484-7;REINSAL S A;;;
1513307;30/07/2026;Avalado;;SI;NO;ECHEQ;NO;NO;24Hs.;11:57:46;17:00:00;81;754;19,00;19,00;754;$;46.819.362,31;1;Negociada;13:07:02;GARA;;Garantizar S.G.R.;AO;;;;;
1513308;30/07/2026;No Garantizado;SI;SI;NO;FCE;NO;NO;C.I.;11:58:14;17:00:00;25;569;23,99;24,00;422;$;45.497.992,10;1;Negociada;14:20:07;%PAE;30-69554247-6;PAN AMERICAN ENERGY, S.L., SUCURSAL ARGENTINA;;;;;;
1513309;30/07/2026;No Garantizado;NO;SI;NO;ECHEQ;SI;NO;C.I.;11:58:21;17:00:00;54;802;26,00;26,00;802;$;512.261.904,26;1;Negociada;12:02:52;;30-68731043-4;INC S. A.;NO;;;;;
1513310;30/07/2026;Avalado;;SI;NO;ECHEQ;NO;NO;24Hs.;11:58:33;17:00:00;60;754;22,00;22,00;754;$;45.242.455,24;13;Negociada;12:11:49;ACPY;;Acindar Pymes S.G.R.;AO;;;;;
1513311;30/07/2026;No Garantizado;NO;SI;NO;ECHEQ;NO;NO;C.I.;11:58:34;17:00:00;55;434;26,00;26,00;434;$;117.765,20;1;Negociada;12:00:35;;30-70732042-3;SANATORIO ALBERDI SRL;AO;30-70705484-7;REINSAL S A;;;
1513312;30/07/2026;Avalado;;SI;NO;ECHEQ;NO;NO;C.I.;11:58:44;17:00:00;112;406;25,00;25,00;767;$;8.498.202,10;2;Negociada;12:00:45;ACPY;;Acindar Pymes S.G.R.;AO;;;;;
1513313;30/07/2026;No Garantizado;SI;SI;NO;FCE;NO;NO;C.I.;11:59:04;17:00:00;34;520;21,50;21,50;791;$;58.221.658,97;1;Negociada;15:42:48;%GSP;30-71543341-5;GAS Y PETROLEO DEL NEUQUEN S. A. - PAN AMERICAN ENERGY, S.L. SUC. ARGENTINA - UNION TRANSITORIA - AREA COIRON AMARGO SUR ESTE U. T. E.;;;;;;
1513314;30/07/2026;Garantizado;SI;SI;NO;PAGARE;NO;NO;24Hs.;11:59:16;17:00:00;63;523;21,00;21,00;15;$;200.000.000,00;1;Negociada;12:22:47;;;;;;;Certificado MiPyME;;
1513315;30/07/2026;No Garantizado;NO;SI;NO;ECHEQ;NO;NO;C.I.;11:59:28;17:00:00;104;434;26,00;26,00;434;$;73.628,00;1;Negociada;12:01:29;;33-70964420-9;ASOCIACION MUTUAL DE LOS OBREROS CATOLICOS  PADRE FEDERICO GROTE;AO;30-70705484-7;REINSAL S A;;;
1513316;30/07/2026;Avalado;;SI;NO;ECHEQ;SI;NO;24Hs.;11:59:34;17:00:00;76;;;0,00;809;$;271.931,88;2;Desierta (Baja);;BMAR;;BANCO MARIVA S.A.;NO;;;;;
1513317;30/07/2026;No Garantizado;NO;SI;NO;ECHEQ;SI;NO;C.I.;11:59:47;17:00:00;35;802;25,00;25,00;802;$;154.300.239,52;1;Negociada;12:03:00;;30-50109269-6;UNILEVER DE ARGENTINA S A;NO;;;;;
1513318;30/07/2026;No Garantizado;SI;SI;NO;FCE;NO;NO;C.I.;11:59:48;17:00:00;34;520;21,50;21,50;791;$;35.457.348,47;1;Negociada;15:43:25;%PAE;30-69554247-6;PAN AMERICAN ENERGY, S.L., SUCURSAL ARGENTINA;;;;;;
1513319;30/07/2026;No Garantizado;SI;SI;NO;ECHEQ;NO;NO;C.I.;12:00:10;17:00:00;36;449;25,00;25,00;449;$;18.000.000,00;1;Negociada;12:02:12;;30-71133878-7;PISCINAS PREMIUM S.A.;AO;30-71133878-7;PISCINAS PREMIUM S.A.;Certificado MiPyME;;
1513320;30/07/2026;No Garantizado Calificado;NO;SI;NO;ECHEQ;NO;NO;C.I.;12:00:20;17:00:00;188;434;26,00;26,00;434;$;52.088.406,65;1;Negociada;12:02:22;;30-71018653-3;NATIVUS SOCIEDAD DE RESPONSABILIDAD LIMITADA;AO;30-70705484-7;REINSAL S A;;;
1513321;30/07/2026;No Garantizado;SI;SI;NO;FCE;NO;NO;24Hs.;12:00:40;17:00:00;28;825;32,00;32,00;785;$;30.533.164,20;2;Negociada;14:59:23;%ALD;30-50268047-8;DREAN S. A.;;;;;;
1513322;30/07/2026;Avalado;;SI;NO;ECHEQ;NO;NO;24Hs.;12:01:06;17:00:00;84;569;23,00;23,00;785;$;9.000.000,00;2;Negociada;13:38:39;CAMP;;Campo Aval S.G.R.;AO;;;;;
1513323;30/07/2026;No Garantizado;NO;SI;NO;ECHEQ;NO;NO;C.I.;12:01:15;17:00:00;188;434;26,00;26,00;434;$;10.406.966,02;1;Negociada;12:03:16;;30-71616634-8;CRUZ DEL SUR SRL - CLINICA PRIVADA DEL PRADO SRL - UNION TRANSITORIA;AO;30-70705484-7;REINSAL S A;;;
1513324;30/07/2026;No Garantizado;NO;SI;NO;PAGARE;NO;NO;C.I.;12:01:19;17:00:00;91;767;9,00;9,00;767;U$S;10.000,00;1;Negociada;12:03:20;;30-70938526-3;INDO S.A.;;30-70938526-3;INDO S.A.;;;
1513325;30/07/2026;No Garantizado;NO;SI;NO;ECHEQ;NO;NO;C.I.;12:01:38;17:00:00;49;545;43,00;43,00;545;$;2.964.280,00;2;Negociada;12:13:43;;30-71479061-3;JUANITO SRL;AO;;;;;
1513326;30/07/2026;No Garantizado;SI;SI;NO;PAGARE;NO;NO;C.I.;12:01:49;17:00:00;63;569;39,00;39,00;569;$;200.000.000,00;1;Negociada;12:03:50;;30-57839578-0;LA MORALEJA SOCIEDAD ANONIMA;;30-57839578-0;LA MORALEJA SOCIEDAD ANONIMA;MiPyME FCE - Art. 7 Ley 27.440, Res. SEPYME 340/17, Art. 2 RG 4367/18 y RG 1019/24;;
1513327;30/07/2026;No Garantizado;NO;SI;NO;ECHEQ;NO;NO;C.I.;12:02:06;17:00:00;50;545;43,00;43,00;545;$;2.622.139,71;1;Negociada;12:13:55;;30-70858525-0;COOPERATIVA DE TRABAJO DE SALUD ADOS LTDA;AO;;;;;
1513328;30/07/2026;Avalado;;SI;NO;ECHEQ;NO;NO;24Hs.;12:02:09;17:00:00;72;406;19,00;19,00;809;$;40.703.870,41;31;Negociada;12:04:10;BMAR;;BANCO MARIVA S.A.;AO;;;;;
1513329;30/07/2026;Avalado;;SI;NO;ECHEQ;NO;NO;24Hs.;12:02:10;17:00:00;133;442;22,90;23,00;767;$;70.000.000,00;2;Negociada;13:27:23;AFFI;;Affidavit S.G.R.;AO;;;;;
1513330;30/07/2026;No Garantizado;NO;SI;NO;ECHEQ;NO;NO;C.I.;12:02:41;17:00:00;64;434;26,00;26,00;434;$;1.646.533,20;1;Negociada;12:04:43;;30-70991166-6;DIVISION BIOQUIMICA  S.R.L.;AO;30-70705484-7;REINSAL S A;;;
1513331;30/07/2026;Avalado;;SI;NO;ECHEQ;NO;NO;24Hs.;12:02:47;17:00:00;79;502;23,00;23,00;785;$;12.500.000,00;2;Negociada;13:28:20;TRND;;Trend S.G.R.;AO;;;;;
1513332;30/07/2026;Avalado;;SI;NO;ECHEQ;NO;NO;C.I.;12:03:00;17:00:00;40;502;22,00;22,00;545;$;19.772.853,65;13;Negociada;12:19:29;CUAV;;Cuyo Aval S.G.R.;AO;;;;;
1513333;30/07/2026;Avalado;;SI;NO;ECHEQ;NO;NO;24Hs.;12:03:09;17:00:00;76;502;23,00;23,00;785;$;12.500.000,00;2;Negociada;13:28:30;TRND;;Trend S.G.R.;AO;;;;;
1513334;30/07/2026;Avalado;;SI;NO;ECHEQ;NO;NO;24Hs.;12:03:27;17:00:00;83;502;23,00;23,00;785;$;12.500.000,00;2;Negociada;13:28:40;TRND;;Trend S.G.R.;AO;;;;;
1513335;30/07/2026;Avalado;;SI;NO;ECHEQ;NO;NO;C.I.;12:03:32;17:00:00;96;502;26,00;26,00;545;$;19.772.853,66;13;Negociada;12:20:15;CUAV;;Cuyo Aval S.G.R.;AO;;;;;
1513336;30/07/2026;No Garantizado Calificado;NO;SI;NO;ECHEQ;NO;NO;C.I.;12:03:43;17:00:00;188;434;26,00;26,00;434;$;556.161,00;1;Negociada;12:05:45;;30-71210243-4;PREMIUM TRASLADOS SRL;AO;30-70705484-7;REINSAL S A;;;
1513337;30/07/2026;Avalado;;SI;NO;ECHEQ;NO;NO;24Hs.;12:04:06;17:00:00;76;406;19,00;19,00;809;$;80.753.009,70;55;Negociada;12:06:08;BMAR;;BANCO MARIVA S.A.;AO;;;;;
1513338;30/07/2026;No Garantizado;NO;SI;NO;ECHEQ;NO;NO;C.I.;12:04:15;17:00:00;32;825;35,00;35,00;825;$;3.000.000,00;2;Negociada;12:06:17;;20-23627900-7;LEDESMA JORGE ALBERTO;AO;;;;;
1513339;30/07/2026;Avalado;;SI;NO;ECHEQ;NO;NO;24Hs.;12:04:35;17:00:00;75;406;19,00;19,00;809;$;91.989.896,02;51;Negociada;12:06:37;BMAR;;BANCO MARIVA S.A.;AO;;;;;
1513340;30/07/2026;No Garantizado Calificado;NO;SI;NO;ECHEQ;NO;NO;C.I.;12:04:41;17:00:00;188;434;26,00;26,00;434;$;1.288.035,00;1;Negociada;12:06:43;;30-65568879-6;TAC S. A.;AO;30-70705484-7;REINSAL S A;;;
1513341;30/07/2026;No Garantizado;NO;SI;NO;ECHEQ;NO;NO;C.I.;12:05:12;17:00:00;41;825;35,00;35,00;825;$;2.500.000,00;2;Negociada;12:07:14;;20-33177759-6;VIDELA MATIAS LEONARDO;AO;;;;;
1513342;30/07/2026;Avalado;;SI;NO;ECHEQ;NO;NO;24Hs.;12:05:17;17:00:00;82;;;22,00;852;$;50.000.000,00;1;Desierta;;ACEN;;Avales del Centro S.G.R.;AO;;;;;
1513343;30/07/2026;Avalado;;SI;NO;ECHEQ;NO;NO;24Hs.;12:06:13;17:00:00;78;406;19,00;19,00;809;$;50.893.920,14;46;Negociada;12:08:14;BMAR;;BANCO MARIVA S.A.;AO;;;;;
1513344;30/07/2026;Avalado;;SI;NO;ECHEQ;NO;NO;24Hs.;12:07:19;17:00:00;73;406;19,00;19,00;809;$;5.145.804,39;17;Negociada;12:09:21;BMAR;;BANCO MARIVA S.A.;AO;;;;;
1513345;30/07/2026;Avalado;;SI;NO;ECHEQ;SI;NO;24Hs.;12:07:35;17:00:00;68;406;19,00;19,00;809;$;11.800.700,84;25;Negociada;12:09:36;BMAR;;BANCO MARIVA S.A.;NO;;;;;
1513346;30/07/2026;No Garantizado;NO;SI;NO;ECHEQ;NO;NO;C.I.;12:08:54;17:00:00;38;764;35,00;35,00;764;$;10.000.000,00;6;Negociada;12:18:54;;30-56522248-8;QUIMVAR SRL;AO;30-56522248-8;QUIMVAR SRL;;;
1513347;30/07/2026;No Garantizado;NO;SI;NO;ECHEQ;NO;NO;24Hs.;12:08:56;17:00:00;88;427;39,00;39,00;427;$;3.000.000,00;1;Negociada;12:10:57;;30-70850558-3;MADA S.A.;AO;30-70850558-3;MADA S.A.;;;
1513348;30/07/2026;No Garantizado;SI;SI;NO;ECHEQ;NO;NO;C.I.;12:09:20;17:00:00;22;598;65,00;65,00;598;$;4.500.000,00;1;Negociada;12:11:21;;30-71663754-5;MANDRO LOGISTICA Y SERVICIOS S.A.S.;AO;30-71663754-5;MANDRO LOGISTICA Y SERVICIOS S.A.S.;Certificado MiPyME;;
1513349;30/07/2026;No Garantizado;NO;SI;NO;PAGARE;NO;NO;24Hs.;12:09:41;17:00:00;158;528;8,00;8,00;528;U$D;30.000,00;1;Negociada;12:11:43;;20-33925511-4;BIRAGHI MATIAS SEBASTIAN;;20-33925511-4;BIRAGHI MATIAS SEBASTIAN;;;
1513350;30/07/2026;No Garantizado;SI;SI;NO;ECHEQ;NO;NO;C.I.;12:09:55;17:00:00;26;526;38,00;40,00;526;$;3.500.000,00;1;Negociada;12:11:56;;30-68772576-6;MAZALOSA S A;AO;;;Certificado MiPyME;;
1513351;30/07/2026;Avalado;;SI;NO;ECHEQ;NO;NO;24Hs.;12:11:12;17:00:00;105;439;26,00;26,00;526;$;80.000.000,00;4;Negociada;14:13:56;NEUQ;;Neuquen Pymes S.G.R.;AO;;;;;
1513352;30/07/2026;Avalado;;SI;NO;ECHEQ;NO;NO;24Hs.;12:11:34;17:00:00;38;569;25,00;25,00;502;$;25.000.000,00;1;Negociada;13:37:16;AVFE;;Aval Fertil S.G.R.;AO;;;;;
1513353;30/07/2026;Avalado;;SI;NO;ECHEQ;SI;NO;24Hs.;12:11:50;17:00:00;89;;;26,00;502;$;14.600.000,00;1;Desierta;;ACEN;;Avales del Centro S.G.R.;NO;;;;;
1513354;30/07/2026;Avalado;;SI;NO;ECHEQ;SI;NO;24Hs.;12:11:59;17:00:00;89;;;26,00;502;$;8.035.000,00;1;Desierta;;ACEN;;Avales del Centro S.G.R.;NO;;;;;
1513355;30/07/2026;Avalado;;SI;NO;ECHEQ;SI;NO;24Hs.;12:12:06;17:00:00;89;;;26,00;502;$;19.300.000,00;1;Desierta;;ACEN;;Avales del Centro S.G.R.;NO;;;;;
1513356;30/07/2026;No Garantizado;SI;SI;NO;ECHEQ;NO;NO;C.I.;12:12:10;17:00:00;56;718;31,00;31,00;718;$;8.400.000,00;1;Negociada;12:14:11;;30-71805799-6;EL MARQUES S. A. S.;AO;;;Certificado MiPyME;;
1513357;30/07/2026;Avalado;;SI;NO;ECHEQ;NO;NO;24Hs.;12:12:14;17:00:00;79;406;19,00;19,00;809;$;19.949.982,78;15;Negociada;12:14:15;BMAR;;BANCO MARIVA S.A.;AO;;;;;
1513358;30/07/2026;Avalado;;SI;NO;ECHEQ;SI;NO;24Hs.;12:12:24;17:00:00;89;;;26,00;502;$;19.300.000,00;1;Desierta;;ACEN;;Avales del Centro S.G.R.;NO;;;;;
1513359;30/07/2026;Avalado;;SI;NO;ECHEQ;SI;NO;24Hs.;12:12:41;17:00:00;89;;;26,00;502;$;2.500.000,00;1;Desierta;;ACEN;;Avales del Centro S.G.R.;NO;;;;;
1513360;30/07/2026;Avalado;;SI;NO;ECHEQ;SI;NO;24Hs.;12:12:49;17:00:00;89;;;26,00;502;$;17.300.000,00;1;Desierta;;ACEN;;Avales del Centro S.G.R.;NO;;;;;
1513361;30/07/2026;Avalado;;SI;NO;ECHEQ;SI;NO;24Hs.;12:12:56;17:00:00;89;;;26,00;502;$;23.935.000,00;1;Desierta;;ACEN;;Avales del Centro S.G.R.;NO;;;;;
1513362;30/07/2026;Avalado;;SI;NO;ECHEQ;SI;NO;24Hs.;12:13:04;17:00:00;89;;;26,00;502;$;20.000.000,00;1;Desierta;;ACEN;;Avales del Centro S.G.R.;NO;;;;;
1513363;30/07/2026;Avalado;;SI;NO;ECHEQ;SI;NO;24Hs.;12:13:13;17:00:00;89;767;26,00;26,00;502;$;6.900.000,00;1;Negociada;14:40:58;ACEN;;Avales del Centro S.G.R.;NO;;;;;
1513364;30/07/2026;No Garantizado Calificado;NO;SI;NO;ECHEQ;NO;NO;C.I.;12:13:13;17:00:00;78;825;45,00;45,00;825;$;25.000.000,00;2;Negociada;12:15:14;;30-71545177-4;FIDEICOMISO INMOBILIARIO POLO 52;AO;30-71545177-4;FIDEICOMISO INMOBILIARIO POLO 52;;;
1513365;30/07/2026;Avalado;;SI;NO;ECHEQ;SI;NO;24Hs.;12:13:27;17:00:00;89;;;26,00;502;$;12.600.000,00;1;Desierta;;ACEN;;Avales del Centro S.G.R.;NO;;;;;
1513366;30/07/2026;No Garantizado;NO;SI;NO;ECHEQ;NO;NO;C.I.;12:13:53;17:00:00;84;767;35,00;35,00;767;$;20.000.000,00;2;Negociada;12:15:54;;30-71267850-6;CUMAR S.A.;AO;30-71267850-6;CUMAR S.A.;;;
1513367;30/07/2026;No Garantizado;NO;SI;NO;ECHEQ;NO;NO;C.I.;12:15:35;17:00:00;96;572;27,00;27,00;572;$;5.000.000,00;1;Negociada;12:17:37;;30-70854491-0;CHEM.ECO ARGENTINA S.R.L.;AO;30-70854491-0;CHEM.ECO ARGENTINA S.R.L.;;;
1513368;30/07/2026;Avalado;;SI;NO;ECHEQ;NO;NO;24Hs.;12:16:23;17:00:00;96;;;21,00;465;$;6.020.000,00;1;Desierta;;ARPY;;Argenpymes S.G.R.;AO;;;;;
1513369;30/07/2026;No Garantizado;NO;SI;NO;ECHEQ;SI;NO;C.I.;12:16:35;17:00:00;54;;;0,00;802;$;252.551.614,27;1;Desierta (Baja);;;30-68731043-4;INC S. A.;NO;;;;;
1513370;30/07/2026;No Garantizado;NO;SI;NO;ECHEQ;SI;NO;C.I.;12:17:47;17:00:00;54;572;25,50;26,00;802;$;252.551.614,27;1;Negociada;12:22:53;;30-68731043-4;INC S. A.;NO;;;;;
1513371;30/07/2026;Avalado;;SI;NO;ECHEQ;NO;NO;24Hs.;12:17:51;17:00:00;49;442;21,00;21,00;559;$;104.093.352,21;8;Negociada;12:37:05;CREC;;Crecer S.G.R.;AO;;;;;
1513372;30/07/2026;Avalado;;SI;NO;ECHEQ;NO;NO;C.I.;12:17:54;17:00:00;100;;;0,00;502;$;30.000.000,00;2;Desierta (Baja);;CAMP;;Campo Aval S.G.R.;AO;;;;;
1513373;30/07/2026;Avalado;;SI;NO;ECHEQ;NO;NO;24Hs.;12:18:07;17:00:00;87;287;21,80;22,00;502;$;175.000.000,00;2;Negociada;12:35:08;CAMP;;Campo Aval S.G.R.;AO;;;;;
1513374;30/07/2026;Avalado;;SI;NO;ECHEQ;NO;NO;24Hs.;12:18:26;17:00:00;33;501;19,50;19,50;11;$;109.327.735,10;1;Negociada;12:22:14;FAEC;;FIDEICOM.DE AFECT. ESPEC.;AO;;;;;
1513375;30/07/2026;Avalado;;SI;NO;ECHEQ;SI;NO;C.I.;12:19:56;17:00:00;49;559;20,98;21,00;559;$;57.978.794,02;1;Negociada;13:31:19;GARA;;Garantizar S.G.R.;NO;;;;;
1513376;30/07/2026;No Garantizado;NO;SI;NO;PAGARE;NO;NO;C.I.;12:20:09;17:00:00;209;;;;546;$;45.000.000,00;3;Desierta (Baja);;;30-71471808-4;RODOLFO CASSINI S.A.;;30-71471808-4;RODOLFO CASSINI S.A.;;;
1513377;30/07/2026;No Garantizado;NO;SI;NO;ECHEQ;NO;NO;C.I.;12:20:33;17:00:00;29;537;35,00;35,00;754;$;20.000.000,00;1;Negociada;12:56:06;;30-71437230-7;E PAY S.R.L.;AO;30-71437230-7;E PAY S.R.L.;;;
1513378;30/07/2026;Avalado;;SI;NO;ECHEQ;NO;NO;24Hs.;12:20:36;17:00:00;66;442;22,90;23,00;287;$;3.000.000,00;1;Negociada;12:34:21;AFFI;;Affidavit S.G.R.;AO;;;;;
1513379;30/07/2026;Avalado;;SI;NO;ECHEQ;NO;NO;24Hs.;12:20:44;17:00:00;124;545;25,00;25,00;287;$;11.855.375,00;1;Negociada;14:42:38;ARPY;;Argenpymes S.G.R.;AO;;;;;
1513380;30/07/2026;Garantizado;NO;SI;NO;PAGARE;NO;NO;24Hs.;12:21:31;17:00:00;151;;;0,00;559;$;1.400.000.000,00;1;Desierta (Baja);;;;;;;;;;
1513381;30/07/2026;No Garantizado Calificado;NO;SI;NO;ECHEQ;NO;NO;24Hs.;12:21:38;17:00:00;75;427;45,00;45,00;427;$;50.000.000,00;1;Negociada;12:23:39;;30-70916945-5;EL MINGO S.R.L.;AO;30-70916945-5;EL MINGO S.R.L.;;;
1513382;30/07/2026;No Garantizado;NO;NO;NO;PAGARE;NO;NO;C.I.;12:21:58;17:00:00;8;587;35,00;35,00;587;$;463.732.893,00;1;Negociada;12:23:59;;30-71506007-4;PROLIP SRL;;;;;;
1513383;30/07/2026;No Garantizado;NO;NO;NO;PAGARE;NO;NO;24Hs.;12:22:25;17:00:00;40;754;11,00;11,00;754;DOL;9.450,00;1;Negociada;16:05:42;;30-71671756-5;RECONSTRUCTORA UNION S. A.;;;;;;
1513384;30/07/2026;Avalado;;SI;NO;ECHEQ;NO;NO;24Hs.;12:22:42;17:00:00;125;;;;287;$;8.000.000,00;1;Desierta;;AFBG;;AFB AVALES S.G.R;AO;;;;;
1513385;30/07/2026;No Garantizado;NO;SI;NO;ECHEQ;NO;NO;C.I.;12:22:52;17:00:00;37;572;27,00;27,00;572;$;30.000.000,00;3;Negociada;12:28:36;;30-71748140-9;DANKA AGRONEGOCIOS S. A.;AO;;;;;
1513386;30/07/2026;Avalado;;SI;NO;ECHEQ;SI;NO;24Hs.;12:22:57;17:00:00;54;406;19,00;19,00;537;$;361.461.096,83;3;Negociada;12:24:59;BMAR;;BANCO MARIVA S.A.;NO;;;;;
1513387;30/07/2026;No Garantizado;NO;SI;NO;ECHEQ;NO;NO;C.I.;12:23:03;17:00:00;64;572;27,00;27,00;572;$;40.000.000,00;2;Negociada;12:28:50;;30-71691989-3;ESTABLECIMIENTO LA LINDA S.A.S.;AO;;;;;
1513388;30/07/2026;Avalado;;SI;NO;ECHEQ;NO;NO;C.I.;12:23:14;17:00:00;26;;;0,00;545;$;5.000.000,00;1;Desierta (Baja);;INPY;;Integra Pymes S.G.R.;AO;;;;;
1513389;30/07/2026;Avalado;;SI;NO;PAGARE;NO;NO;24Hs.;12:23:54;17:00:00;353;;;7,00;529;U$D;65.000,00;2;Desierta;;AVLR;;Aval Ar S.G.R.;;;;;;
1513390;30/07/2026;No Garantizado;NO;SI;NO;ECHEQ;NO;NO;C.I.;12:24:27;17:00:00;96;754;31,00;31,00;754;$;34.500.000,00;1;Negociada;12:26:28;;33-71929312-9;DISTRI FLOP S.A.S.;AO;33-71929312-9;DISTRI FLOP S.A.S.;;;
1513391;30/07/2026;Avalado;;SI;NO;ECHEQ;NO;NO;24Hs.;12:25:21;17:00:00;33;;;;559;$;25.000.000,00;1;Desierta (Baja);;MOVI;;MOVIL S.G.R.;AO;;;;;
1513392;30/07/2026;Avalado;;SI;NO;ECHEQ;NO;NO;24Hs.;12:27:00;17:00:00;181;502;23,00;23,00;502;$;20.000.000,00;1;Negociada;13:26:40;AFFI;;Affidavit S.G.R.;AO;;;;;
1513393;30/07/2026;Avalado;;SI;NO;ECHEQ;NO;NO;24Hs.;12:27:13;17:00:00;56;567;22,00;22,00;502;$;34.093.839,99;1;Negociada;12:29:14;TRND;;Trend S.G.R.;AO;;;;;
1513394;30/07/2026;Avalado;;SI;NO;ECHEQ;NO;NO;24Hs.;12:27:24;17:00:00;48;754;23,00;23,00;559;$;50.000.000,00;2;Negociada;15:39:36;MOVI;;MOVIL S.G.R.;AO;;;;;
1513395;30/07/2026;Avalado;;SI;NO;ECHEQ;NO;NO;24Hs.;12:27:33;17:00:00;94;431;27,00;27,00;524;$;15.000.000,00;1;Negociada;12:50:00;BINT;;Banco Interfinanzas S.A.;AO;;;;;
1513396;30/07/2026;Avalado;;SI;NO;ECHEQ;NO;NO;24Hs.;12:28:22;17:00:00;212;501;26,00;26,00;716;$;13.950.000,00;2;Negociada;14:36:33;FOGA;;Fdo. de Gtias. del Chaco;AO;;;;;
1513397;30/07/2026;Avalado;;SI;NO;ECHEQ;NO;NO;24Hs.;12:28:39;17:00:00;106;442;22,50;23,00;545;$;120.000.000,00;6;Negociada;13:30:24;CREC;;Crecer S.G.R.;AO;;;;;
1513398;30/07/2026;Avalado;;SI;NO;ECHEQ;NO;NO;24Hs.;12:28:42;17:00:00;124;501;23,00;23,00;716;$;9.000.000,00;1;Negociada;14:57:38;FOGA;;Fdo. de Gtias. del Chaco;AO;;;;;
1513399;30/07/2026;Avalado;;SI;NO;ECHEQ;NO;NO;24Hs.;12:29:21;17:00:00;118;;;23,00;529;$;10.000.000,00;1;Desierta;;AVLR;;Aval Ar S.G.R.;AO;;;;;
1513400;30/07/2026;No Garantizado;NO;SI;NO;ECHEQ;NO;NO;C.I.;12:29:29;17:00:00;14;767;44,00;44,00;767;$;1.521.550,80;2;Negociada;12:31:30;;30-70961222-7;LA CUMBRE SANJUANINA SRL;AO;;;;;
1513401;30/07/2026;No Garantizado;NO;SI;NO;ECHEQ;NO;NO;C.I.;12:30:07;17:00:00;25;767;44,00;44,00;767;$;1.193.545,16;1;Negociada;12:32:08;;30-71156662-3;ALMIC S.A.;AO;;;;;
1513402;30/07/2026;No Garantizado;NO;SI;NO;ECHEQ;NO;NO;C.I.;12:30:47;17:00:00;12;767;44,00;44,00;767;$;770.920,00;2;Negociada;12:32:48;;30-71673451-6;GIVAL SAS;AO;;;;;
1513403;30/07/2026;No Garantizado;NO;SI;NO;ECHEQ;NO;NO;C.I.;12:31:13;17:00:00;13;767;44,00;44,00;767;$;1.632.133,33;1;Negociada;12:33:15;;30-71484544-2;EL LADO B S.A.;AO;;;;;
1513404;30/07/2026;No Garantizado;NO;SI;NO;ECHEQ;SI;NO;C.I.;12:31:37;17:00:00;8;767;44,00;44,00;767;$;476.155,00;1;Negociada;12:33:39;;30-71754665-9;CANAT CHIVILCOY S. A.;NO;;;;;
1513405;30/07/2026;Avalado;;SI;NO;ECHEQ;SI;NO;C.I.;12:31:41;17:00:00;46;406;22,00;22,00;406;$;181.878.861,44;1;Negociada;13:01:56;ARPY;;Argenpymes S.G.R.;NO;;;;;
1513406;30/07/2026;No Garantizado;NO;SI;NO;ECHEQ;NO;NO;C.I.;12:32:24;17:00:00;41;767;30,00;30,00;767;$;2.000.000,00;1;Negociada;12:34:25;;30-51989989-9;ESTANCIAS PORTEÑAS S A A C E I;AO;;;;;
1513407;30/07/2026;No Garantizado;SI;SI;NO;ECHEQ;SI;NO;C.I.;12:32:40;17:00:00;67;41;40,00;40,00;41;$;12.412.512,00;6;Negociada;12:41:42;;30-50109269-6;UNILEVER DE ARGENTINA S A;NO;;;Certificado MiPyME;;
1513408;30/07/2026;No Garantizado;NO;SI;NO;ECHEQ;NO;NO;C.I.;12:32:57;17:00:00;65;767;30,00;30,00;767;$;6.964.604,07;2;Negociada;12:34:58;;30-71731123-6;SOLUCIONES QUIMICAS S.A. OS.LO ARGENTINA S.A. MANTELECTRIC I.C.I.S.A. I UNION TRANSITORIA;AO;;;;;
1513409;30/07/2026;No Garantizado;NO;SI;NO;ECHEQ;NO;NO;C.I.;12:33:33;17:00:00;40;767;30,00;30,00;767;$;1.113.103,73;1;Negociada;12:35:34;;30-52847554-6;ENRIQUE J SERE S R L;AO;;;;;
1513410;30/07/2026;Avalado;;SI;NO;ECHEQ;NO;NO;24Hs.;12:33:35;17:00:00;88;501;21,00;21,00;558;$;900.000,00;1;Negociada;14:37:50;FOGA;;Fdo. de Gtias. del Chaco;AO;;;;;
1513411;30/07/2026;No Garantizado;NO;SI;NO;ECHEQ;NO;NO;C.I.;12:33:59;17:00:00;49;767;30,00;30,00;767;$;6.182.038,00;1;Negociada;12:36:00;;30-53325161-3;PLANTCO S A I C;AO;;;;;
1513412;30/07/2026;No Garantizado;NO;SI;NO;ECHEQ;NO;NO;C.I.;12:34:08;17:00:00;46;545;65,00;65,00;545;$;36.000.000,00;2;Negociada;12:39:51;;30-71422026-4;RACING EXPERIENCE S. A.;AO;;;;;
1513413;30/07/2026;No Garantizado;NO;SI;NO;PAGARE;NO;NO;C.I.;12:34:16;17:00:00;70;545;35,00;35,00;598;$;85.000.000,00;2;Negociada;12:45:55;;30-71639823-0;INVOITRADE S.A.;;30-71639823-0;INVOITRADE S.A.;;;
1513414;30/07/2026;Avalado;;SI;NO;ECHEQ;NO;NO;24Hs.;12:34:23;17:00:00;101;501;21,00;21,00;558;$;5.000.000,00;1;Negociada;14:38:32;FOGA;;Fdo. de Gtias. del Chaco;AO;;;;;
1513415;30/07/2026;No Garantizado;NO;SI;NO;ECHEQ;NO;NO;C.I.;12:34:25;17:00:00;48;767;30,00;30,00;767;$;7.517.534,74;1;Negociada;12:36:26;;30-64077910-8;RAVA S A DE CONSTRUCCIONES;AO;;;;;
1513416;30/07/2026;No Garantizado;NO;SI;NO;PAGARE;NO;NO;C.I.;12:34:49;17:00:00;62;;;;449;DOL;300.000,00;1;Desierta (Baja);;;30-70721194-2;ROLCAR S.A.;;30-70721194-2;ROLCAR S.A.;;;
1513417;30/07/2026;No Garantizado;NO;SI;NO;ECHEQ;NO;NO;C.I.;12:34:50;17:00:00;48;767;30,00;30,00;767;$;2.957.948,66;1;Negociada;12:36:51;;33-70880095-9;ASM CONSTRUCCIONES S.A.;AO;;;;;
1513418;30/07/2026;No Garantizado;NO;SI;NO;PAGARE;NO;NO;C.I.;12:34:56;17:00:00;62;;;;449;DOL;200.000,00;1;Desierta (Baja);;;30-70721194-2;ROLCAR S.A.;;30-70721194-2;ROLCAR S.A.;;;
1513419;30/07/2026;No Garantizado;NO;SI;NO;ECHEQ;NO;NO;C.I.;12:35:10;17:00:00;58;571;34,00;34,00;571;$;40.000.000,00;4;Negociada;12:37:11;;30-70702142-6;COMERCIAL DE TURISMO S.A;AO;30-70702142-6;COMERCIAL DE TURISMO S.A;;;
1513420;30/07/2026;No Garantizado;NO;SI;NO;ECHEQ;NO;NO;C.I.;12:35:13;17:00:00;47;767;30,00;30,00;767;$;7.175.428,05;1;Negociada;12:37:15;;30-71726938-8;DESOBSTRUCTORA ARGENTINA SOCIEDAD ANONIMA - ASHIRA SOCIEDAD ANONIMA - UT;AO;;;;;
1513421;30/07/2026;Avalado;;SI;NO;ECHEQ;NO;NO;24Hs.;12:35:32;17:00:00;109;770;26,00;26,00;401;$;25.000.000,00;1;Negociada;16:18:30;FIDE;;Fidem S.G.R.;AO;;;;;
1513422;30/07/2026;Avalado;;SI;NO;ECHEQ;NO;NO;24Hs.;12:35:47;17:00:00;46;442;20,00;20,00;465;$;40.000.000,00;3;Negociada;13:43:55;FINT;;Fintech S.G.R.;AO;;;;;
1513423;30/07/2026;Avalado;;SI;NO;ECHEQ;NO;NO;24Hs.;12:35:47;17:00:00;117;442;26,00;26,00;401;$;25.000.000,00;1;Negociada;13:10:29;NOVA;;INNOVA S.G.R.;AO;;;;;
1513424;30/07/2026;No Garantizado;SI;NO;NO;FCE;NO;NO;24Hs.;12:36:30;17:00:00;48;569;25,00;25,00;569;$;402.567.581,51;18;Negociada;12:41:42;%INC;30-68731043-4;INC S. A.;;;;;;
1513425;30/07/2026;No Garantizado;NO;SI;NO;ECHEQ;NO;NO;24Hs.;12:37:31;17:00:00;25;539;42,00;42,00;767;$;1.008.878,43;1;Negociada;12:39:33;;33-68165008-9;UN RINCON DE NAPOLI S R L;AO;30-70925678-1;MAT SRL;;;
1513426;30/07/2026;No Garantizado;SI;SI;NO;FCE;NO;NO;24Hs.;12:37:41;17:00:00;80;406;29,00;29,00;406;$;26.139.987,88;1;Negociada;13:41:03;%FRV;30-52687424-9;FRAVEGA SACIEI;;;;;;
1513427;30/07/2026;Avalado;;NO;NO;PAGARE;NO;NO;24Hs.;12:38:46;17:00:00;11;;;0,00;439;U$D;190.000,00;1;Desierta (Baja);;NEUQ;;Neuquen Pymes S.G.R.;;;;;;
1513428;30/07/2026;No Garantizado;NO;SI;NO;ECHEQ;NO;NO;24Hs.;12:39:08;17:00:00;83;;;32,00;598;$;31.249.609,07;2;Desierta;;;30-69096754-1;PATAGONIAN FRUITS S. A.;AO;33-71488846-9;AGROFRESH ARGENTINA S.R.L.;;;
1513429;30/07/2026;No Garantizado;SI;SI;NO;PAGARE;NO;NO;C.I.;12:39:16;17:00:00;62;449;7,00;7,00;449;DOL;200.000,00;1;Negociada;12:47:30;;30-70721194-2;ROLCAR S.A.;;30-70721194-2;ROLCAR S.A.;Certificado MiPyME;;
1513430;30/07/2026;No Garantizado;SI;SI;NO;FCE;NO;NO;C.I.;12:39:17;17:00:00;35;406;12,00;12,00;406;U$S;90.813,88;7;Negociada;12:50:04;%U1W;30-63602157-8;CORTEVA AGRISCIENCE ARGENTINA SRL;;;;;;
1513431;30/07/2026;No Garantizado;SI;SI;NO;PAGARE;NO;NO;C.I.;12:39:33;17:00:00;62;449;7,00;7,00;449;DOL;300.000,00;1;Negociada;12:47:36;;30-70721194-2;ROLCAR S.A.;;30-70721194-2;ROLCAR S.A.;Certificado MiPyME;;
1513433;30/07/2026;Avalado;;SI;NO;ECHEQ;NO;NO;24Hs.;12:42:05;17:00:00;94;;;26,00;513;$;50.000.000,00;4;Desierta;;RIGA;;RIG Avales S.G.R.;AO;;;;;
1513434;30/07/2026;Avalado;;SI;NO;ECHEQ;NO;NO;24Hs.;12:42:21;17:00:00;95;;;26,00;513;$;50.000.000,00;5;Desierta;;RIGA;;RIG Avales S.G.R.;AO;;;;;
1513435;30/07/2026;No Garantizado;NO;SI;NO;ECHEQ;NO;NO;C.I.;12:42:46;17:00:00;94;433;32,00;32,00;433;$;200.000.000,00;2;Negociada;12:44:48;;30-71429142-0;LAGAVULIN S.A.;AO;30-71429142-0;LAGAVULIN S.A.;;;
1513436;30/07/2026;No Garantizado;NO;SI;NO;ECHEQ;NO;NO;C.I.;12:42:47;17:00:00;101;767;35,00;35,00;767;$;20.000.000,00;2;Negociada;12:44:48;;30-71267850-6;CUMAR S.A.;AO;30-71267850-6;CUMAR S.A.;;;
1513437;30/07/2026;Avalado;;SI;NO;ECHEQ;NO;NO;24Hs.;12:43:39;17:00:00;33;406;19,00;19,00;720;$;20.000.000,00;1;Negociada;12:45:41;BAIN;;BANCO INDUSTRIAL SA;AO;;;;;
1513438;30/07/2026;No Garantizado;NO;SI;NO;ECHEQ;NO;NO;C.I.;12:43:47;17:00:00;97;767;35,00;35,00;767;$;20.000.000,00;2;Negociada;12:45:49;;30-71267850-6;CUMAR S.A.;AO;30-71267850-6;CUMAR S.A.;;;
1513439;30/07/2026;Avalado;;SI;NO;ECHEQ;NO;NO;24Hs.;12:44:46;17:00:00;110;442;21,50;23,00;422;$;6.000.000,00;2;Negociada;12:50:32;CMFI;;BANCO COMAFI S.A.;AO;;;;;
1513440;30/07/2026;Avalado;;SI;NO;ECHEQ;NO;NO;C.I.;12:45:00;17:00:00;29;;;0,00;422;$;10.434.532,95;6;Desierta (Baja);;CMFI;;BANCO COMAFI S.A.;AO;;;;;
1513441;30/07/2026;Avalado;;SI;NO;ECHEQ;NO;NO;24Hs.;12:45:09;17:00:00;61;442;21,90;22,00;422;$;5.186.422,00;1;Negociada;12:47:10;CMFI;;BANCO COMAFI S.A.;AO;;;;;
1513442;30/07/2026;No Garantizado;NO;SI;NO;ECHEQ;NO;NO;C.I.;12:45:14;17:00:00;20;456;33,00;33,00;456;$;182.504,01;1;Negociada;12:47:16;;30-71524041-2;MONASA S.A;AO;20-30017224-6;BOLLATTI JUAN BALTAZAR;;;
1513443;30/07/2026;Avalado;;SI;NO;ECHEQ;NO;NO;24Hs.;12:45:20;17:00:00;62;442;21,90;22,00;422;$;2.651.000,00;1;Negociada;12:47:22;CMFI;;BANCO COMAFI S.A.;AO;;;;;
1513444;30/07/2026;Avalado;;SI;NO;ECHEQ;NO;NO;24Hs.;12:45:29;17:00:00;77;442;21,00;22,00;422;$;15.011.052,48;4;Negociada;12:47:30;CMFI;;BANCO COMAFI S.A.;AO;;;;;
1513445;30/07/2026;No Garantizado;NO;SI;NO;PAGARE;NO;NO;C.I.;12:45:32;17:00:00;62;20;40,00;40,00;20;$;585.000.000,00;1;Negociada;13:36:05;;30-71576483-7;OIL BULL SA;;30-71576483-7;OIL BULL SA;;;
1513446;30/07/2026;Avalado;;SI;NO;ECHEQ;NO;NO;C.I.;12:45:39;17:00:00;71;406;23,00;23,00;422;$;42.690.030,00;19;Negociada;13:11:15;CMFI;;BANCO COMAFI S.A.;AO;;;;;
1513447;30/07/2026;No Garantizado;NO;SI;NO;ECHEQ;NO;NO;C.I.;12:45:46;17:00:00;63;571;34,00;34,00;714;$;20.000.000,00;2;Negociada;12:47:48;;30-71603945-1;DIGIPAGOS SRL;AO;30-71732529-6;FINLATINA S. A.;;;
1513448;30/07/2026;Avalado;;SI;NO;ECHEQ;NO;NO;24Hs.;12:45:49;17:00:00;48;442;20,90;21,00;422;$;7.376.818,07;1;Negociada;12:47:51;CMFI;;BANCO COMAFI S.A.;AO;;;;;
1513449;30/07/2026;Avalado;;SI;NO;ECHEQ;NO;NO;24Hs.;12:45:50;17:00:00;115;507;23,50;24,00;20;$;20.000.000,00;8;Negociada;15:54:08;FINT;;Fintech S.G.R.;AO;;;;;
1513450;30/07/2026;Avalado;;SI;NO;ECHEQ;NO;NO;24Hs.;12:46:04;17:00:00;48;442;19,90;21,00;422;$;26.975.732,08;33;Negociada;13:13:23;CMFI;;BANCO COMAFI S.A.;AO;;;;;
1513451;30/07/2026;Avalado;;SI;NO;ECHEQ;SI;NO;24Hs.;12:46:16;17:00:00;26;442;20,00;20,00;422;$;4.785.112,25;4;Negociada;13:26:12;CMFI;;BANCO COMAFI S.A.;NO;;;;;
1513452;30/07/2026;No Garantizado;NO;SI;NO;PAGARE;NO;NO;C.I.;12:46:25;17:00:00;368;767;10,00;10,00;526;U$S;75.000,00;1;Negociada;14:04:53;;30-71594948-9;GRUPO EAGLE CONSTRUCCIONES S.A.;;30-71594948-9;GRUPO EAGLE CONSTRUCCIONES S.A.;;;
1513453;30/07/2026;Avalado;;SI;NO;ECHEQ;SI;NO;24Hs.;12:46:27;17:00:00;90;442;20,00;22,00;422;$;30.000.000,00;1;Negociada;12:52:14;CMFI;;BANCO COMAFI S.A.;NO;;;;;
1513454;30/07/2026;No Garantizado;NO;SI;NO;ECHEQ;NO;NO;C.I.;12:46:54;17:00:00;47;571;34,00;34,00;714;$;18.000.000,00;1;Negociada;12:50:02;;30-71422026-4;RACING EXPERIENCE S. A.;AO;30-71732529-6;FINLATINA S. A.;;;
1513455;30/07/2026;No Garantizado;NO;NO;NO;PAGARE;NO;NO;C.I.;12:46:57;17:00:00;133;;;0,00;539;DOL;1.650.000,00;3;Desierta (Baja);;;30-71494836-5;CALLAO CLASICO S.A.;;;;;;
1513456;30/07/2026;No Garantizado;NO;SI;NO;ECHEQ;NO;NO;C.I.;12:47:04;17:00:00;81;406;40,00;40,00;406;$;7.360.000,00;1;Negociada;15:13:16;;30-62499819-3;BUROMAHTIK SOCIEDAD ANONIMA;AO;;;;;
1513457;30/07/2026;No Garantizado;NO;SI;NO;ECHEQ;NO;NO;C.I.;12:47:42;17:00:00;71;571;34,00;34,00;714;$;6.000.000,00;1;Negociada;12:49:44;;30-62499819-3;BUROMAHTIK SOCIEDAD ANONIMA;AO;30-71732529-6;FINLATINA S. A.;;;
1513458;30/07/2026;No Garantizado;NO;NO;NO;PAGARE;NO;NO;24Hs.;12:47:49;17:00:00;132;545;6,00;6,00;539;DOL;1.650.000,00;3;Negociada;12:55:16;;30-71494836-5;CALLAO CLASICO S.A.;;;;;;
1513459;30/07/2026;No Garantizado;NO;SI;NO;ECHEQ;NO;NO;C.I.;12:48:23;17:00:00;33;20;34,00;34,00;20;$;407.584,90;1;Negociada;13:22:55;;30-71143698-3;ANDROMAT COMERCIAL S.R.L.;AO;30-70932338-1;ASOCIACION MUTUAL RED SOLIDARIA;;;
1513460;30/07/2026;No Garantizado;NO;SI;NO;ECHEQ;NO;NO;24Hs.;12:48:37;17:00:00;89;;;38,00;687;$;50.000.000,00;1;Desierta;;;30-71429144-7;INPROAL S.R.L.;AO;30-71429144-7;INPROAL S.R.L.;;;
1513461;30/07/2026;No Garantizado;NO;SI;NO;ECHEQ;NO;NO;24Hs.;12:48:48;17:00:00;89;;;38,00;687;$;50.000.000,00;1;Desierta;;;30-71429144-7;INPROAL S.R.L.;AO;30-71429144-7;INPROAL S.R.L.;;;
1513462;30/07/2026;No Garantizado;NO;SI;NO;ECHEQ;NO;NO;24Hs.;12:49:04;17:00:00;89;;;38,00;687;$;50.000.000,00;1;Desierta;;;30-71429144-7;INPROAL S.R.L.;AO;30-71429144-7;INPROAL S.R.L.;;;
1513463;30/07/2026;No Garantizado;NO;SI;NO;ECHEQ;NO;NO;24Hs.;12:49:17;17:00:00;89;;;38,00;687;$;50.000.000,00;1;Desierta;;;30-71429144-7;INPROAL S.R.L.;AO;30-71429144-7;INPROAL S.R.L.;;;
1513464;30/07/2026;No Garantizado;NO;SI;NO;ECHEQ;NO;NO;C.I.;12:49:33;17:00:00;28;20;34,00;34,00;20;$;1.410.643,47;1;Negociada;13:23:09;;30-60729419-0;ARMANDO A MARTINEZ S R L;AO;30-70932338-1;ASOCIACION MUTUAL RED SOLIDARIA;;;
1513465;30/07/2026;No Garantizado;NO;SI;NO;ECHEQ;NO;NO;C.I.;12:49:45;17:00:00;13;20;34,00;34,00;20;$;2.010.401,40;1;Negociada;13:23:23;;30-70801561-6;MEDICINA PARA EMPRESAS S.A.;AO;30-70932338-1;ASOCIACION MUTUAL RED SOLIDARIA;;;
1513466;30/07/2026;No Garantizado;NO;SI;NO;ECHEQ;NO;NO;C.I.;12:49:45;17:00:00;42;545;55,00;55,00;545;$;70.000.000,00;3;Negociada;13:01:48;;30-71422026-4;RACING EXPERIENCE S. A.;AO;30-71422026-4;RACING EXPERIENCE S. A.;;;
1513467;30/07/2026;No Garantizado;NO;SI;NO;ECHEQ;NO;NO;C.I.;12:50:03;17:00:00;15;20;34,00;34,00;20;$;659.300,00;1;Negociada;13:23:43;;20-11578483-9;CRAVERO MIGUEL ANGEL;AO;30-70932338-1;ASOCIACION MUTUAL RED SOLIDARIA;;;
1513468;30/07/2026;Avalado;;SI;NO;ECHEQ;NO;NO;24Hs.;12:50:05;17:00:00;110;;;23,00;401;$;6.681.577,94;1;Desierta;;MOVI;;MOVIL S.G.R.;AO;;;;;
1513469;30/07/2026;No Garantizado;NO;SI;NO;ECHEQ;NO;NO;C.I.;12:50:19;17:00:00;27;20;34,00;34,00;20;$;871.105,00;1;Negociada;13:23:54;;30-57858751-5;LUCIO DI SANTO SA;AO;30-70932338-1;ASOCIACION MUTUAL RED SOLIDARIA;;;
1513470;30/07/2026;Avalado;;SI;NO;ECHEQ;NO;NO;24Hs.;12:50:25;17:00:00;229;;;25,00;401;$;6.042.360,00;3;Desierta;;MOVI;;MOVIL S.G.R.;AO;;;;;
1513471;30/07/2026;No Garantizado;NO;SI;NO;ECHEQ;SI;NO;C.I.;12:50:25;17:00:00;42;545;45,00;45,00;545;$;28.170.000,00;8;Negociada;13:02:06;;30-71007968-0;BE ENTERPRISES S.A.;NO;30-71007968-0;BE ENTERPRISES S.A.;;;
1513472;30/07/2026;No Garantizado;NO;SI;NO;ECHEQ;NO;NO;C.I.;12:50:40;17:00:00;21;20;34,00;34,00;20;$;686.000,00;1;Negociada;13:24:06;;20-18426101-5;MARTIN ALBERTO FABIAN;AO;30-70932338-1;ASOCIACION MUTUAL RED SOLIDARIA;;;
1513473;30/07/2026;No Garantizado Calificado;NO;SI;NO;ECHEQ;NO;NO;C.I.;12:50:56;17:00:00;34;20;34,00;34,00;20;$;656.000,00;1;Negociada;13:24:22;;20-23530128-9;BARRIOS PEDRO RAUL;AO;30-70932338-1;ASOCIACION MUTUAL RED SOLIDARIA;;;
1513474;30/07/2026;No Garantizado;NO;SI;NO;ECHEQ;NO;NO;C.I.;12:51:08;17:00:00;34;20;34,00;34,00;20;$;500.000,00;1;Negociada;13:24:32;;30-71879790-6;EL MERCADO FERRETERO S. R. L.;AO;30-70932338-1;ASOCIACION MUTUAL RED SOLIDARIA;;;
1513475;30/07/2026;No Garantizado Calificado;NO;SI;NO;ECHEQ;NO;NO;C.I.;12:51:16;17:00:00;32;20;34,00;34,00;20;$;824.376,72;1;Negociada;13:24:46;;20-27776333-9;BONFIGLIO ADRIAN CRUZ;AO;30-70932338-1;ASOCIACION MUTUAL RED SOLIDARIA;;;
1513476;30/07/2026;Avalado;;SI;NO;ECHEQ;NO;NO;24Hs.;12:51:17;17:00:00;44;;;21,00;526;$;87.950.262,84;22;Desierta;;FINT;;Fintech S.G.R.;AO;;;;;
1513477;30/07/2026;No Garantizado;NO;SI;NO;ECHEQ;NO;NO;C.I.;12:51:27;17:00:00;29;20;34,00;34,00;20;$;1.859.715,00;1;Negociada;13:25:01;;23-30824386-9;FIDALGO LISANDRO DAVID;AO;30-70932338-1;ASOCIACION MUTUAL RED SOLIDARIA;;;
1513478;30/07/2026;No Garantizado;NO;SI;NO;ECHEQ;NO;NO;C.I.;12:51:37;17:00:00;29;20;34,00;34,00;20;$;1.057.600,00;1;Negociada;13:25:15;;23-11714182-9;HUDER VICTOR ABEL;AO;30-70932338-1;ASOCIACION MUTUAL RED SOLIDARIA;;;
1513479;30/07/2026;No Garantizado;NO;SI;NO;ECHEQ;NO;NO;C.I.;12:51:47;17:00:00;29;20;34,00;34,00;20;$;1.476.833,00;1;Negociada;13:25:25;;27-23304743-6;GONZALEZ CARMEN EMILIA;AO;30-70932338-1;ASOCIACION MUTUAL RED SOLIDARIA;;;
1513480;30/07/2026;No Garantizado;NO;SI;NO;ECHEQ;NO;NO;C.I.;12:51:57;17:00:00;27;20;34,00;34,00;20;$;574.421,54;1;Negociada;13:25:40;;20-25200778-5;GOMEZ EDUARDO DANIEL;AO;30-70932338-1;ASOCIACION MUTUAL RED SOLIDARIA;;;
1513481;30/07/2026;No Garantizado;NO;SI;NO;ECHEQ;NO;NO;C.I.;12:52:11;17:00:00;26;20;34,00;34,00;20;$;640.016,27;1;Negociada;13:25:54;;20-17808743-7;PARDO GUSTAVO ARIEL;AO;30-70932338-1;ASOCIACION MUTUAL RED SOLIDARIA;;;
1513482;30/07/2026;Avalado;;SI;NO;ECHEQ;NO;NO;C.I.;12:52:13;17:00:00;120;832;24,00;24,00;559;$;300.000.000,00;4;Negociada;14:11:46;FINT;;Fintech S.G.R.;AO;;;;;
1513483;30/07/2026;No Garantizado Calificado;NO;SI;NO;ECHEQ;NO;NO;C.I.;12:52:20;17:00:00;26;20;34,00;34,00;20;$;649.370,00;1;Negociada;13:26:30;;20-24794184-4;BACH RAMON JOAQUIN;AO;30-70932338-1;ASOCIACION MUTUAL RED SOLIDARIA;;;
1513484;30/07/2026;No Garantizado;NO;SI;NO;ECHEQ;NO;NO;C.I.;12:52:39;17:00:00;25;20;34,00;34,00;20;$;381.434,91;1;Negociada;13:26:14;;30-71756646-3;ZIPIT INSUMOS S.R.L;AO;30-70932338-1;ASOCIACION MUTUAL RED SOLIDARIA;;;
1513485;30/07/2026;No Garantizado;NO;SI;NO;ECHEQ;NO;NO;C.I.;12:52:51;17:00:00;21;20;34,00;34,00;20;$;176.148,00;1;Negociada;13:26:49;;30-61562646-1;RIVIERA PALACE S.A.;AO;30-70932338-1;ASOCIACION MUTUAL RED SOLIDARIA;;;
1513486;30/07/2026;Garantizado;SI;SI;NO;ECHEQ;NO;NO;C.I.;12:52:58;17:00:00;97;406;23,00;23,00;598;$;13.000.000,00;1;Negociada;13:06:06;;;;AO;;;Certificado MiPyME;;
1513487;30/07/2026;No Garantizado;NO;SI;NO;ECHEQ;NO;NO;C.I.;12:53:00;17:00:00;62;20;34,00;34,00;20;$;1.476.832,00;1;Negociada;13:27:03;;27-23304743-6;GONZALEZ CARMEN EMILIA;AO;30-70932338-1;ASOCIACION MUTUAL RED SOLIDARIA;;;
1513488;30/07/2026;No Garantizado;NO;SI;NO;ECHEQ;NO;NO;C.I.;12:53:10;17:00:00;55;20;34,00;34,00;20;$;2.848.778,40;1;Negociada;13:27:17;;20-32900061-4;LAUXMANN LISANDRO MIGUEL;AO;30-70932338-1;ASOCIACION MUTUAL RED SOLIDARIA;;;
1513489;30/07/2026;Avalado;;SI;NO;ECHEQ;NO;NO;24Hs.;12:54:11;17:00:00;67;501;21,00;21,00;525;$;900.000,00;1;Negociada;12:56:12;FGLR;;Fdo.de Gtia.Pub. La Rioja;AO;;;;;
1513490;30/07/2026;Avalado;;SI;NO;ECHEQ;NO;NO;24Hs.;12:54:19;17:00:00;114;;;21,00;559;$;8.863.921,01;5;Desierta;;ACPY;;Acindar Pymes S.G.R.;AO;;;;;
1513491;30/07/2026;No Garantizado Calificado;SI;NO;NO;ECHEQ;NO;NO;C.I.;12:55:50;17:00:00;15;405;35,00;35,00;405;$;2.500.000,00;1;Negociada;12:57:51;;30-71152295-2;AGROPRODUCCIONES TORRESI S.R.L.;AO;30-71152295-2;AGROPRODUCCIONES TORRESI S.R.L.;Certificado MiPyME;;
1513492;30/07/2026;No Garantizado;NO;SI;NO;ECHEQ;NO;NO;C.I.;12:56:39;17:00:00;50;546;24,00;24,00;762;$;814.417.944,60;36;Negociada;13:04:52;;30-68584975-1;DIA ARGENTINA S A;AO;30-70826643-0;DREAMCO S. A.;;;
1513493;30/07/2026;Avalado;;SI;NO;ECHEQ;NO;NO;24Hs.;12:57:40;17:00:00;74;770;26,00;26,00;839;$;18.020.985,45;1;Negociada;16:00:31;AFBG;;AFB AVALES S.G.R;AO;;;;;
1513494;30/07/2026;No Garantizado;SI;SI;NO;ECHEQ;NO;NO;C.I.;12:58:15;17:00:00;15;572;27,00;27,00;572;$;100.000.000,00;2;Negociada;13:00:17;;30-70844240-9;MAXIMIA SA;AO;30-70844240-9;MAXIMIA SA;MiPyME FCE - Art. 7 Ley 27.440, Res. SEPYME 340/17, Art. 2 RG 4367/18 y RG 1019/24;;
1513495;30/07/2026;No Garantizado;SI;SI;NO;FCE;NO;NO;C.I.;12:58:33;17:00:00;75;;;23,00;762;$;42.631.284,02;4;Desierta;;%INC;30-68731043-4;INC S. A.;;;;;;
1513496;30/07/2026;No Garantizado;SI;SI;NO;FCE;NO;NO;C.I.;12:58:48;17:00:00;52;;;23,00;762;$;286.759.503,56;20;Desierta;;%INC;30-68731043-4;INC S. A.;;;;;;
1513497;30/07/2026;No Garantizado;SI;SI;NO;FCE;NO;NO;C.I.;12:58:52;17:00:00;34;569;24,00;24,00;569;$;40.241.619,42;1;Negociada;13:38:39;%SWI;30-65485516-8;SWISS MEDICAL S A;;;;;;
1513498;30/07/2026;Avalado;;SI;NO;ECHEQ;NO;NO;24Hs.;12:58:53;17:00:00;54;754;20,00;20,00;546;$;8.910.366,00;3;Negociada;13:46:46;ACPY;;Acindar Pymes S.G.R.;AO;;;;;
1513499;30/07/2026;No Garantizado;SI;SI;NO;FCE;NO;NO;C.I.;12:59:00;17:00:00;34;569;24,00;24,00;569;$;436.910.231,06;1;Negociada;13:38:39;%SWI;30-65485516-8;SWISS MEDICAL S A;;;;;;
1513500;30/07/2026;No Garantizado;SI;SI;NO;FCE;NO;NO;C.I.;12:59:04;17:00:00;79;;;23,00;762;$;124.511.966,10;3;Desierta;;%INC;30-68731043-4;INC S. A.;;;;;;
1513501;30/07/2026;No Garantizado;SI;SI;NO;FCE;NO;NO;C.I.;12:59:08;17:00:00;34;569;24,00;24,00;569;$;245.016.063,38;1;Negociada;13:38:39;%SWI;30-65485516-8;SWISS MEDICAL S A;;;;;;
1513502;30/07/2026;No Garantizado;SI;SI;NO;FCE;NO;NO;C.I.;12:59:21;17:00:00;63;;;23,00;762;$;8.862.696,00;1;Desierta;;%INC;30-68731043-4;INC S. A.;;;;;;
1513503;30/07/2026;Avalado;;SI;NO;ECHEQ;NO;NO;24Hs.;12:59:33;17:00:00;226;727;26,00;26,00;43;$;27.224.667,75;7;Negociada;14:05:01;ARPY;;Argenpymes S.G.R.;AO;;;;;
1513504;30/07/2026;No Garantizado;SI;SI;NO;FCE;NO;NO;24Hs.;12:59:57;17:00:00;19;569;15,00;15,00;569;U$S;175.583,62;2;Negociada;13:17:14;%UH1;30-52659878-0;SCHLUMBERGER ARGENTINA S. A.;;;;;;
1513505;30/07/2026;No Garantizado Calificado;NO;SI;NO;ECHEQ;NO;NO;24Hs.;13:00:24;17:00:00;60;;;35,00;559;$;10.000.000,00;2;Desierta;;;30-71735095-9;PLEM AGRO S. R. L.;AO;30-71735095-9;PLEM AGRO S. R. L.;;;
1513506;30/07/2026;No Garantizado;NO;SI;NO;ECHEQ;NO;NO;C.I.;13:01:04;17:00:00;29;764;32,00;32,00;764;$;34.752.192,20;1;Negociada;13:25:33;;30-61939697-5;S G E SRL;AO;;;;;
1513507;30/07/2026;Avalado;;SI;NO;ECHEQ;NO;NO;24Hs.;13:01:12;17:00:00;83;;;25,00;559;$;6.592.838,10;11;Desierta;;UNIO;;Union S.G.R.;AO;;;;;
1513508;30/07/2026;Avalado;;SI;NO;ECHEQ;NO;NO;24Hs.;13:02:14;17:00:00;92;442;20,90;21,00;802;$;120.000.000,00;5;Negociada;13:04:16;ACPY;;Acindar Pymes S.G.R.;AO;;;;;
1513509;30/07/2026;Garantizado;NO;SI;NO;ECHEQ;NO;NO;24Hs.;13:02:49;17:00:00;101;;;21,00;559;$;32.000.000,00;4;Desierta;;;;;AO;;;;;
1513510;30/07/2026;No Garantizado;SI;SI;NO;FCE;NO;NO;C.I.;13:03:19;17:00:00;39;287;22,00;22,00;287;$;36.494.237,85;1;Negociada;13:09:56;%PAE;30-69554247-6;PAN AMERICAN ENERGY, S.L., SUCURSAL ARGENTINA;;;;;;
1513511;30/07/2026;No Garantizado Calificado;NO;SI;NO;ECHEQ;NO;NO;C.I.;13:03:59;17:00:00;34;554;32,00;32,00;827;$;10.000.000,00;1;Negociada;13:06:01;;30-70846648-0;LOS COIRONES S.A.;AO;30-70846648-0;LOS COIRONES S.A.;;;
1513512;30/07/2026;No Garantizado;SI;SI;NO;PAGARE;NO;NO;24Hs.;13:06:17;17:00:00;123;20;40,00;40,00;767;$;56.000.000,00;1;Negociada;13:27:53;;30-71781292-8;GURPI SA;;30-71781292-8;GURPI SA;Certificado MiPyME;;
1513513;30/07/2026;No Garantizado;NO;SI;NO;PAGARE;NO;NO;C.I.;13:06:44;17:00:00;97;754;12,00;12,00;754;U$D;5.000,00;1;Negociada;13:08:45;;30-71155371-8;L'ARACHIDE S.A.;;30-71155371-8;L'ARACHIDE S.A.;;;
1513514;30/07/2026;Avalado;;SI;NO;ECHEQ;NO;NO;24Hs.;13:06:59;17:00:00;20;;;21,00;43;$;25.233.960,00;1;Desierta;;FEDE;;Aval Federal S.G.R.;AO;;;;;
1513515;30/07/2026;No Garantizado;NO;SI;NO;PAGARE;NO;NO;C.I.;13:07:04;17:00:00;97;754;12,00;12,00;754;U$D;5.000,00;1;Negociada;13:09:06;;30-71155371-8;L'ARACHIDE S.A.;;30-71155371-8;L'ARACHIDE S.A.;;;
1513516;30/07/2026;Avalado;;SI;NO;ECHEQ;NO;NO;24Hs.;13:07:28;17:00:00;140;754;29,00;29,00;754;$;8.333.334,00;1;Negociada;15:35:57;AFBG;;AFB AVALES S.G.R;AO;;;;;
1513517;30/07/2026;Avalado;;SI;NO;ECHEQ;NO;NO;24Hs.;13:07:33;17:00:00;35;770;23,00;23,00;401;$;6.182.895,63;9;Negociada;14:08:19;MOVI;;MOVIL S.G.R.;AO;;;;;
1513518;30/07/2026;Avalado;;SI;NO;PAGARE;NO;NO;24Hs.;13:07:46;17:00:00;292;727;6,00;6,00;754;U$D;7.000,00;1;Negociada;13:09:48;TRND;;Trend S.G.R.;;;;;;
1513519;30/07/2026;No Garantizado;SI;SI;NO;ECHEQ;NO;NO;C.I.;13:08:19;17:00:00;34;572;31,00;31,00;572;$;15.942.560,62;1;Negociada;13:13:35;;20-21639880-8;JEREZ FELIX ERNESTO;AO;;;MiPyME FCE - Art. 7 Ley 27.440, Res. SEPYME 340/17, Art. 2 RG 4367/18 y RG 1019/24;;
1513520;30/07/2026;No Garantizado;SI;SI;NO;ECHEQ;NO;NO;C.I.;13:08:28;17:00:00;48;572;35,00;35,00;572;$;18.332.000,00;1;Negociada;13:13:25;;30-70715267-9;AGM ARGENTINA S. A.;AO;;;MiPyME FCE - Art. 7 Ley 27.440, Res. SEPYME 340/17, Art. 2 RG 4367/18 y RG 1019/24;;
1513521;30/07/2026;Avalado;;SI;NO;ECHEQ;NO;NO;C.I.;13:08:36;17:00:00;35;537;25,50;25,50;537;$;30.000.000,00;1;Negociada;13:20:00;INPY;;Integra Pymes S.G.R.;AO;;;;;
1513522;30/07/2026;Avalado;;SI;NO;ECHEQ;NO;NO;24Hs.;13:09:44;17:00:00;208;;;28,00;537;$;28.750.000,00;1;Desierta;;AFBG;;AFB AVALES S.G.R;AO;;;;;
1513523;30/07/2026;Avalado;;NO;NO;ECHEQ;NO;NO;24Hs.;13:09:59;17:00:00;116;;;25,00;537;$;20.000.000,00;2;Desierta;;INPY;;Integra Pymes S.G.R.;AO;;;;;
1513524;30/07/2026;Avalado;;NO;NO;ECHEQ;NO;NO;24Hs.;13:10:10;17:00:00;88;;;25,00;537;$;10.000.000,00;1;Desierta;;INPY;;Integra Pymes S.G.R.;AO;;;;;
1513525;30/07/2026;Avalado;;NO;NO;ECHEQ;NO;NO;24Hs.;13:10:18;17:00:00;85;;;25,00;537;$;38.000.000,00;6;Desierta;;INPY;;Integra Pymes S.G.R.;AO;;;;;
1513526;30/07/2026;Avalado;;SI;NO;ECHEQ;NO;NO;C.I.;13:10:19;17:00:00;45;813;26,50;26,50;553;$;40.000.000,00;2;Negociada;15:10:57;FEDE;;Aval Federal S.G.R.;AO;;;;;
1513527;30/07/2026;No Garantizado;SI;SI;NO;ECHEQ;NO;NO;C.I.;13:11:16;17:00:00;27;572;31,00;31,00;572;$;10.000.000,00;1;Negociada;13:13:49;;30-71133932-5;ROBERTO J. ITURBE S.A.;AO;;;MiPyME FCE - Art. 7 Ley 27.440, Res. SEPYME 340/17, Art. 2 RG 4367/18 y RG 1019/24;;
1513528;30/07/2026;No Garantizado;SI;SI;NO;ECHEQ;NO;NO;24Hs.;13:11:21;17:00:00;33;572;29,00;29,00;523;$;100.000.000,00;4;Negociada;13:19:32;;30-71511546-4;BRAMIX S.R.L.;AO;30-71511546-4;BRAMIX S.R.L.;Certificado MiPyME;;
1513529;30/07/2026;No Garantizado;SI;SI;NO;ECHEQ;NO;NO;C.I.;13:11:24;17:00:00;40;572;35,00;35,00;572;$;17.085.477,28;1;Negociada;13:14:04;;20-23683617-8;SAMMARTINO ANDRES GUSTAVO;AO;;;MiPyME FCE - Art. 7 Ley 27.440, Res. SEPYME 340/17, Art. 2 RG 4367/18 y RG 1019/24;;
1513530;30/07/2026;Avalado;;SI;NO;ECHEQ;NO;NO;24Hs.;13:11:47;17:00:00;80;;;20,00;449;$;1.339.085,85;1;Desierta;;AVRU;;Aval Rural S.G.R.;AO;;;;;
1513531;30/07/2026;Avalado;;SI;NO;ECHEQ;NO;NO;24Hs.;13:11:54;17:00:00;56;42;23,80;24,00;42;$;38.400.000,00;4;Negociada;13:13:55;CONV;;CONAVAL S.G.R.;AO;;;;;
1513532;30/07/2026;No Garantizado Calificado;NO;SI;NO;CPD;NO;NO;C.I.;13:12:03;17:00:00;143;433;39,00;39,00;433;$;600.000.000,00;2;Negociada;13:14:04;;30-52745070-1;ASOCIACION DEL FUTBOL ARGENTINO;;30-53397676-6;ASOCIACION ATLETICA ARGENTINOS JUNIORS;;;
1513533;30/07/2026;Avalado;;SI;NO;ECHEQ;NO;NO;24Hs.;13:12:46;17:00:00;138;;;22,00;702;$;1.750.000,00;1;Desierta;;AVRU;;Aval Rural S.G.R.;AO;;;;;
1513534;30/07/2026;No Garantizado;SI;SI;NO;ECHEQ;SI;NO;C.I.;13:12:55;17:00:00;49;770;25,00;25,00;770;$;219.079.236,75;1;Negociada;13:16:38;;30-67881435-7;TELEFONICA MOVILES ARGENTINA SOCIEDAD ANONIMA;NO;30-71920157-8;DIGIT S.A;Certificado MiPyME;;
1513535;30/07/2026;No Garantizado;NO;SI;NO;ECHEQ;NO;NO;C.I.;13:13:35;17:00:00;21;767;38,00;38,00;767;$;1.396.480,66;1;Negociada;13:33:10;;30-71801681-5;GASIBA S.A.;AO;30-70833232-8;ALTO CAMPO S.R.L.;;;
1513536;30/07/2026;No Garantizado;NO;SI;NO;ECHEQ;NO;NO;C.I.;13:13:41;17:00:00;41;416;32,00;32,00;416;$;25.489.672,96;1;Negociada;13:19:38;;30-68901099-3;BENEVIA S. R. L.;AO;30-71855965-7;COCINA DE HOGAR S.R.L.;;;
1513537;30/07/2026;No Garantizado Calificado;NO;SI;NO;ECHEQ;NO;NO;C.I.;13:13:45;17:00:00;13;767;38,00;38,00;767;$;1.519.311,26;1;Negociada;13:33:28;;30-70820836-8;GON ML S.R.L.;AO;30-70833232-8;ALTO CAMPO S.R.L.;;;
1513538;30/07/2026;Avalado;;SI;NO;PAGARE;NO;NO;24Hs.;13:15:06;17:00:00;253;764;7,00;7,00;526;DOL;20.000,00;2;Negociada;13:38:39;FIDE;;Fidem S.G.R.;;;;;;
1513539;30/07/2026;Avalado;;SI;NO;ECHEQ;NO;NO;C.I.;13:15:39;17:00:00;83;813;28,00;28,00;537;$;100.000.000,00;1;Negociada;13:20:24;INPY;;Integra Pymes S.G.R.;AO;;;;;
1513540;30/07/2026;Avalado;;SI;NO;ECHEQ;NO;NO;C.I.;13:16:11;17:00:00;41;559;22,00;22,00;559;$;80.000.000,00;3;Negociada;13:33:52;TRND;;Trend S.G.R.;AO;;;;;
1513541;30/07/2026;Avalado;;SI;NO;PAGARE;NO;NO;24Hs.;13:16:40;17:00:00;265;773;6,50;6,50;529;U$D;23.000,00;1;Negociada;13:18:41;AVLR;;Aval Ar S.G.R.;;;;;;
1513542;30/07/2026;Avalado;;SI;NO;ECHEQ;NO;NO;24Hs.;13:16:46;17:00:00;140;442;25,00;25,00;545;$;18.700.000,00;3;Negociada;14:23:54;CUAV;;Cuyo Aval S.G.R.;AO;;;;;
1513543;30/07/2026;Avalado;;SI;NO;ECHEQ;NO;NO;C.I.;13:17:28;17:00:00;81;576;27,50;27,50;764;$;40.000.000,00;4;Negociada;16:51:39;CREC;;Crecer S.G.R.;AO;;;;;
1513544;30/07/2026;Avalado;;SI;NO;ECHEQ;SI;NO;24Hs.;13:18:04;17:00:00;133;;;25,00;764;$;5.000.000,00;1;Desierta;;FINT;;Fintech S.G.R.;NO;;;;;
1513545;30/07/2026;No Garantizado;SI;SI;NO;ECHEQ;NO;NO;C.I.;13:18:10;17:00:00;67;;;23,00;754;$;159.834.997,80;10;Desierta;;;30-68537634-9;TARJETA NARANJA S.A.U.;AO;;;Certificado MiPyME;;
1513546;30/07/2026;Avalado;;SI;NO;ECHEQ;NO;NO;24Hs.;13:18:15;17:00:00;53;502;23,00;23,00;546;$;6.098.750,00;10;Negociada;13:20:16;TRND;;Trend S.G.R.;AO;;;;;
1513547;30/07/2026;Avalado;;SI;NO;ECHEQ;NO;NO;24Hs.;13:18:21;17:00:00;97;;;0,00;718;$;48.000.000,00;6;Desierta (Baja);;UNIO;;Union S.G.R.;AO;;;;;
1513548;30/07/2026;No Garantizado;NO;SI;NO;PAGARE;NO;NO;C.I.;13:19:25;17:00:00;230;526;8,75;8,75;526;DOL;180.000,00;1;Negociada;13:21:27;;30-66630144-3;LAPLACETTE AGROPECUARIA LEY 19550 CAP I SEC IV  DE JULIO OSCAR LAPLACETTE Y JUAN ANTONIO LAPLACETTE;;30-66630144-3;LAPLACETTE AGROPECUARIA LEY 19550 CAP I SEC IV  DE JULIO OSCAR LAPLACETTE Y JUAN ANTONIO LAPLACETTE;;;
1513549;30/07/2026;Avalado;;SI;NO;ECHEQ;NO;NO;24Hs.;13:19:34;17:00:00;136;;;25,00;764;$;5.000.000,00;1;Desierta;;FINT;;Fintech S.G.R.;AO;;;;;
1513550;30/07/2026;Avalado;;SI;NO;ECHEQ;SI;NO;24Hs.;13:20:19;17:00:00;11;;;0,00;422;$;15.925.878,18;1;Desierta (Baja);;CMFI;;BANCO COMAFI S.A.;NO;;;;;
1513551;30/07/2026;Avalado;;SI;NO;ECHEQ;SI;NO;24Hs.;13:20:20;17:00:00;172;501;23,00;23,00;545;$;2.500.000,00;1;Negociada;13:22:22;FGLR;;Fdo.de Gtia.Pub. La Rioja;NO;;;;;
1513552;30/07/2026;No Garantizado;NO;SI;NO;ECHEQ;NO;NO;C.I.;13:20:31;17:00:00;68;767;40,00;40,00;767;$;10.000.000,00;1;Negociada;13:22:32;;30-70833937-3;MONTAÑA SRL;AO;30-70833937-3;MONTAÑA SRL;;;
1513553;30/07/2026;Avalado;;SI;NO;ECHEQ;NO;NO;24Hs.;13:20:34;17:00:00;64;569;19,80;22,00;422;$;98.259.199,83;64;Negociada;13:22:36;CMFI;;BANCO COMAFI S.A.;AO;;;;;
1513554;30/07/2026;Avalado;;SI;NO;ECHEQ;SI;NO;24Hs.;13:20:43;17:00:00;46;442;19,90;21,00;422;$;10.850.309,68;6;Negociada;13:22:44;CMFI;;BANCO COMAFI S.A.;NO;;;;;
1513555;30/07/2026;Avalado;;SI;NO;ECHEQ;NO;NO;24Hs.;13:20:56;17:00:00;44;442;20,00;21,00;422;$;21.792.277,20;7;Negociada;13:22:57;CMFI;;BANCO COMAFI S.A.;AO;;;;;
1513556;30/07/2026;Avalado;;SI;NO;ECHEQ;NO;NO;24Hs.;13:21:13;17:00:00;20;442;21,00;21,00;422;$;2.268.750,00;1;Negociada;13:23:15;CMFI;;BANCO COMAFI S.A.;AO;;;;;
1513557;30/07/2026;Avalado;;SI;NO;ECHEQ;NO;NO;C.I.;13:21:45;17:00:00;98;406;25,90;26,00;718;$;48.000.000,00;6;Negociada;13:23:47;UNIO;;Union S.G.R.;AO;;;;;
1513558;30/07/2026;Avalado;;SI;NO;ECHEQ;NO;NO;C.I.;13:21:47;17:00:00;23;529;25,00;25,00;422;$;12.000.000,00;4;Negociada;14:26:11;CMFI;;BANCO COMAFI S.A.;AO;;;;;
1513559;30/07/2026;Avalado;;SI;NO;ECHEQ;NO;NO;C.I.;13:22:02;17:00:00;83;406;22,00;22,00;422;$;350.000.000,00;5;Negociada;13:24:04;CMFI;;BANCO COMAFI S.A.;AO;;;;;
1513560;30/07/2026;No Garantizado;NO;SI;NO;PAGARE;NO;NO;24Hs.;13:22:15;17:00:00;45;526;27,00;27,00;754;$;50.000.000,00;1;Negociada;13:24:16;;30-70085417-1;COOPERATIVA DE VIVIENDA, CREDITO Y CONSUMO DEL LITORAL LIMITADA;;30-70085417-1;COOPERATIVA DE VIVIENDA, CREDITO Y CONSUMO DEL LITORAL LIMITADA;;;
1513561;30/07/2026;No Garantizado;SI;SI;NO;ECHEQ;NO;NO;C.I.;13:22:17;17:00:00;27;718;31,00;31,00;718;$;19.802.242,93;2;Negociada;13:24:18;;30-71925729-8;INGENIOS DE TUCUMAN S.A.;AO;;;Certificado MiPyME;;
1513562;30/07/2026;Avalado;;SI;NO;ECHEQ;SI;NO;24Hs.;13:23:08;17:00:00;89;754;22,00;23,00;502;$;30.000.000,00;2;Negociada;13:28:28;ARPY;;Argenpymes S.G.R.;NO;;;;;
1513563;30/07/2026;Avalado;;SI;NO;ECHEQ;SI;NO;24Hs.;13:23:18;17:00:00;89;754;22,00;23,00;502;$;29.800.000,00;2;Negociada;13:28:36;ARPY;;Argenpymes S.G.R.;NO;;;;;
1513564;30/07/2026;No Garantizado Calificado;SI;SI;NO;PAGARE;NO;NO;C.I.;13:23:22;17:00:00;124;754;12,00;12,00;754;DOL;53.000,00;2;Negociada;13:25:23;;30-50090455-7;CHAMMAS SOC RESP LTDA;;30-50090455-7;CHAMMAS SOC RESP LTDA;Certificado MiPyME;;
1513565;30/07/2026;Avalado;;SI;NO;ECHEQ;SI;NO;24Hs.;13:23:28;17:00:00;89;754;22,00;23,00;502;$;23.900.000,00;2;Negociada;13:29:11;ARPY;;Argenpymes S.G.R.;NO;;;;;
1513566;30/07/2026;Avalado;;SI;NO;ECHEQ;NO;NO;24Hs.;13:23:30;17:00:00;318;501;27,00;27,00;767;$;80.000.000,00;4;Negociada;16:05:26;FAEC;;FIDEICOM.DE AFECT. ESPEC.;AO;;;;;
1513567;30/07/2026;Avalado;;SI;NO;PAGARE;NO;NO;24Hs.;13:23:50;17:00:00;139;825;6,50;6,50;754;U$S;3.000,00;1;Negociada;16:09:15;AFBG;;AFB AVALES S.G.R;;;;;;
1513568;30/07/2026;Avalado;;SI;NO;ECHEQ;SI;NO;24Hs.;13:24:10;17:00:00;89;754;22,00;23,00;502;$;14.550.000,00;1;Negociada;13:29:25;ARPY;;Argenpymes S.G.R.;NO;;;;;
1513569;30/07/2026;Garantizado;NO;SI;NO;ECHEQ;NO;NO;24Hs.;13:24:30;17:00:00;68;523;25,00;25,00;767;$;140.000.000,00;4;Negociada;13:26:32;;;;AO;;;;;
1513570;30/07/2026;No Garantizado;NO;SI;NO;PAGARE;NO;NO;C.I.;13:24:33;17:00:00;33;47;24,00;24,00;47;$;76.374.274,00;1;Negociada;13:56:03;;30-71263870-9;FLASH ARGENTINA S. A.;;30-71263870-9;FLASH ARGENTINA S. A.;;;
1513571;30/07/2026;Avalado;;SI;NO;ECHEQ;SI;NO;24Hs.;13:24:37;17:00:00;89;754;23,00;220,00;502;$;42.000.000,00;2;Negociada;13:27:29;ARPY;;Argenpymes S.G.R.;NO;;;;;
1513572;30/07/2026;Avalado;;SI;NO;ECHEQ;SI;NO;24Hs.;13:24:49;17:00:00;89;754;22,00;23,00;502;$;38.000.000,00;2;Negociada;13:29:33;ARPY;;Argenpymes S.G.R.;NO;;;;;
1513573;30/07/2026;No Garantizado;NO;SI;NO;PAGARE;NO;NO;C.I.;13:25:01;17:00:00;33;47;24,00;24,00;47;$;38.696.298,00;1;Negociada;13:56:34;;30-71263870-9;FLASH ARGENTINA S. A.;;30-71263870-9;FLASH ARGENTINA S. A.;;;
1513574;30/07/2026;Avalado;;SI;NO;ECHEQ;NO;NO;24Hs.;13:25:17;17:00:00;111;501;21,00;21,00;545;$;6.360.000,00;2;Negociada;15:48:38;FAEC;;FIDEICOM.DE AFECT. ESPEC.;AO;;;;;
1513575;30/07/2026;Avalado;;SI;NO;ECHEQ;SI;NO;24Hs.;13:25:26;17:00:00;89;754;23,00;23,00;502;$;41.700.000,00;2;Negociada;13:27:39;ARPY;;Argenpymes S.G.R.;NO;;;;;
1513576;30/07/2026;Avalado;;SI;NO;ECHEQ;SI;NO;24Hs.;13:25:58;17:00:00;89;754;23,00;23,00;502;$;30.000.000,00;2;Negociada;13:27:59;ARPY;;Argenpymes S.G.R.;NO;;;;;
1513577;30/07/2026;Avalado;;SI;NO;ECHEQ;SI;NO;24Hs.;13:26:09;17:00:00;89;754;23,00;23,00;502;$;29.550.000,00;2;Negociada;13:28:10;ARPY;;Argenpymes S.G.R.;NO;;;;;
1513578;30/07/2026;Avalado;;SI;NO;ECHEQ;SI;NO;24Hs.;13:26:19;17:00:00;89;754;20,00;23,00;502;$;44.700.000,00;2;Negociada;13:34:47;ARPY;;Argenpymes S.G.R.;NO;;;;;
1513579;30/07/2026;Avalado;;SI;NO;ECHEQ;NO;NO;24Hs.;13:26:24;17:00:00;33;754;20,00;22,00;406;$;200.000.000,00;1;Negociada;13:34:07;ARPY;;Argenpymes S.G.R.;AO;;;;;
1513580;30/07/2026;Avalado;;SI;NO;ECHEQ;SI;NO;24Hs.;13:26:36;17:00:00;89;754;23,00;23,00;502;$;22.000.000,00;1;Negociada;13:28:38;ARPY;;Argenpymes S.G.R.;NO;;;;;
1513581;30/07/2026;Avalado;;SI;NO;ECHEQ;SI;NO;C.I.;13:26:59;17:00:00;12;852;22,00;22,00;422;$;15.925.878,18;1;Negociada;13:55:53;CMFI;;BANCO COMAFI S.A.;NO;;;;;
1513582;30/07/2026;Avalado;;SI;NO;ECHEQ;SI;NO;24Hs.;13:27:01;17:00:00;89;754;23,00;23,00;502;$;8.000.000,00;1;Negociada;13:29:02;ARPY;;Argenpymes S.G.R.;NO;;;;;
1513583;30/07/2026;Avalado;;SI;NO;ECHEQ;SI;NO;24Hs.;13:27:09;17:00:00;89;754;23,00;23,00;502;$;7.800.000,00;1;Negociada;13:29:11;ARPY;;Argenpymes S.G.R.;NO;;;;;
1513584;30/07/2026;Avalado;;SI;NO;ECHEQ;SI;NO;24Hs.;13:27:19;17:00:00;89;754;23,00;23,00;502;$;11.500.000,00;1;Negociada;13:29:21;ARPY;;Argenpymes S.G.R.;NO;;;;;
1513585;30/07/2026;Avalado;;SI;NO;ECHEQ;SI;NO;24Hs.;13:27:29;17:00:00;89;754;23,00;23,00;502;$;16.000.000,00;1;Negociada;13:29:31;ARPY;;Argenpymes S.G.R.;NO;;;;;
1513586;30/07/2026;Avalado;;SI;NO;ECHEQ;SI;NO;24Hs.;13:27:37;17:00:00;89;754;23,00;23,00;502;$;18.000.000,00;1;Negociada;13:29:39;ARPY;;Argenpymes S.G.R.;NO;;;;;
1513587;30/07/2026;Avalado;;SI;NO;ECHEQ;SI;NO;24Hs.;13:27:45;17:00:00;89;754;20,00;23,00;502;$;11.500.000,00;1;Negociada;13:35:09;ARPY;;Argenpymes S.G.R.;NO;;;;;
1513588;30/07/2026;Avalado;;SI;NO;ECHEQ;SI;NO;24Hs.;13:27:55;17:00:00;89;754;20,00;23,00;502;$;14.200.000,00;1;Negociada;13:35:17;ARPY;;Argenpymes S.G.R.;NO;;;;;
1513589;30/07/2026;Avalado;;SI;NO;ECHEQ;SI;NO;24Hs.;13:28:03;17:00:00;89;754;20,00;23,00;502;$;11.135.000,00;1;Negociada;13:35:23;ARPY;;Argenpymes S.G.R.;NO;;;;;
1513590;30/07/2026;Avalado;;SI;NO;ECHEQ;NO;NO;24Hs.;13:28:33;17:00:00;46;431;27,00;27,00;545;$;11.000.000,00;2;Negociada;13:56:11;FGLR;;Fdo.de Gtia.Pub. La Rioja;AO;;;;;
1513591;30/07/2026;Avalado;;SI;NO;ECHEQ;NO;NO;C.I.;13:30:25;17:00:00;77;406;26,00;26,00;767;$;6.400.000,00;4;Negociada;13:32:27;CUAV;;Cuyo Aval S.G.R.;AO;;;;;
1513592;30/07/2026;Garantizado;SI;SI;NO;ECHEQ;NO;NO;24Hs.;13:31:44;17:00:00;22;;;0,00;598;$;40.139.892,67;13;Desierta (Baja);;;;;AO;;;Certificado MiPyME;;
1513593;30/07/2026;No Garantizado;NO;SI;NO;PAGARE;NO;NO;24Hs.;13:32:06;17:00:00;217;754;11,00;11,00;754;DOL;10.000,00;1;Negociada;13:34:07;;20-23592127-9;LINGUA LUCAS FRANCISCO;;20-23592127-9;LINGUA LUCAS FRANCISCO;;;
1513594;30/07/2026;No Garantizado;NO;SI;NO;ECHEQ;NO;NO;24Hs.;13:33:00;17:00:00;39;754;32,00;32,00;754;$;25.000.000,00;1;Negociada;13:35:02;;30-70900043-4;ALBERTO PRIETO S.A.;AO;30-70900043-4;ALBERTO PRIETO S.A.;;;
1513595;30/07/2026;No Garantizado;NO;SI;NO;ECHEQ;NO;NO;C.I.;13:33:22;17:00:00;21;754;29,00;29,00;754;$;7.138.183,92;1;Negociada;13:35:23;;30-70933473-1;PRETENSADOS CORDOBA S.R.L.;AO;;;;;
1513596;30/07/2026;Avalado;;SI;NO;ECHEQ;NO;NO;24Hs.;13:33:31;17:00:00;33;770;21,50;21,50;526;$;32.000.000,00;1;Negociada;14:58:44;CAMP;;Campo Aval S.G.R.;AO;;;;;
1513597;30/07/2026;No Garantizado Calificado;NO;SI;NO;ECHEQ;NO;NO;24Hs.;13:33:34;17:00:00;38;554;32,00;32,00;827;$;43.000.000,00;4;Negociada;13:35:35;;30-70846648-0;LOS COIRONES S.A.;AO;30-70846648-0;LOS COIRONES S.A.;;;
1513598;30/07/2026;Avalado;;SI;NO;ECHEQ;NO;NO;C.I.;13:33:47;17:00:00;48;439;24,50;24,50;439;$;22.218.598,29;4;Negociada;13:35:49;NEUQ;;Neuquen Pymes S.G.R.;AO;;;;;
1513599;30/07/2026;No Garantizado;NO;SI;NO;ECHEQ;NO;NO;24Hs.;13:34:44;17:00:00;41;754;30,00;30,00;754;$;16.324.599,26;1;Negociada;13:36:46;;33-66050816-9;PEDRO NOEL IREY SRL;AO;;;;;
1513600;30/07/2026;Avalado;;SI;NO;ECHEQ;NO;NO;24Hs.;13:35:23;17:00:00;177;545;24,00;24,00;764;$;20.000.000,00;4;Negociada;14:31:53;ARPY;;Argenpymes S.G.R.;AO;;;;;
1513601;30/07/2026;No Garantizado;NO;SI;NO;PAGARE;NO;NO;C.I.;13:35:34;17:00:00;77;546;30,50;30,50;546;$;2.000.000.000,00;1;Negociada;13:46:35;;30-57803607-1;MIRGOR SA C I F I A;;30-57803607-1;MIRGOR SA C I F I A;;;
1513602;30/07/2026;Avalado;;SI;NO;ECHEQ;NO;NO;24Hs.;13:37:09;17:00:00;69;507;23,30;23,50;427;$;53.333.334,00;4;Negociada;14:40:10;FIDU;;Fid Aval S.G.R.;AO;;;;;
1513603;30/07/2026;No Garantizado;SI;SI;NO;FCE;NO;NO;24Hs.;13:40:15;17:00:00;13;;;23,00;427;$;81.440.550,40;1;Desierta;;%AIT;30-65381340-2;NUEVO CENTRAL ARGENTINO SA;;;;;;
1513604;30/07/2026;Avalado;;SI;NO;ECHEQ;SI;NO;24Hs.;13:40:19;17:00:00;76;501;21,00;21,00;439;$;15.000.000,00;1;Negociada;13:42:21;FGLR;;Fdo.de Gtia.Pub. La Rioja;NO;;;;;
1513605;30/07/2026;No Garantizado;NO;SI;NO;ECHEQ;NO;NO;C.I.;13:40:29;17:00:00;62;434;26,00;26,00;434;$;511.800,00;1;Negociada;13:42:31;;30-70949008-3;ALOE K COMPANY SRL;AO;30-70705484-7;REINSAL S A;;;
1513606;30/07/2026;No Garantizado;NO;SI;NO;ECHEQ;NO;NO;C.I.;13:40:31;17:00:00;73;767;60,00;60,00;767;$;5.000.000,00;2;Negociada;16:48:55;;30-70931139-1;DON AMERICO S A;AO;27-23478758-1;MADINABEITIA MARIA ROSAURA;;;
1513607;30/07/2026;Avalado;;SI;NO;ECHEQ;NO;NO;24Hs.;13:41:19;17:00:00;79;;;23,00;523;$;50.000.000,00;2;Desierta;;FIDE;;Fidem S.G.R.;AO;;;;;
1513608;30/07/2026;Garantizado;SI;SI;NO;ECHEQ;NO;NO;C.I.;13:41:26;17:00:00;35;406;23,00;23,00;15;$;24.760.767,81;1;Negociada;13:58:26;;;;AO;;;Certificado MiPyME;;
1513609;30/07/2026;Avalado;;SI;NO;ECHEQ;SI;NO;24Hs.;13:41:35;17:00:00;79;439;23,00;23,00;422;$;100.000.000,00;4;Negociada;16:37:21;SOLI;;Solidum S.G.R.;NO;;;;;
1513610;30/07/2026;No Garantizado;SI;SI;NO;ECHEQ;NO;NO;C.I.;13:41:39;17:00:00;21;718;31,00;31,00;718;$;38.556.546,12;6;Negociada;13:43:40;;30-71139003-7;ARQUIMEDES CARRIZO S.R.L.;AO;;;Certificado MiPyME;;
1513611;30/07/2026;Avalado;;SI;NO;ECHEQ;NO;NO;24Hs.;13:41:40;17:00:00;95;;;20,00;523;$;140.000.000,00;6;Desierta;;FIDE;;Fidem S.G.R.;AO;;;;;
1513612;30/07/2026;No Garantizado;NO;SI;NO;ECHEQ;NO;NO;C.I.;13:41:51;17:00:00;84;434;26,00;26,00;434;$;19.648.030,00;10;Negociada;13:43:53;;33-71495070-9;OSASUN S.R.L.;AO;30-70705484-7;REINSAL S A;;;
1513613;30/07/2026;No Garantizado;SI;SI;NO;ECHEQ;NO;NO;C.I.;13:42:06;17:00:00;83;718;34,00;34,00;718;$;35.000.000,00;2;Negociada;13:44:07;;30-68605656-9;CARAM SRL;AO;;;Certificado MiPyME;;
1513614;30/07/2026;No Garantizado Calificado;SI;SI;NO;ECHEQ;NO;NO;C.I.;13:42:16;17:00:00;11;718;31,00;31,00;718;$;10.000.000,00;1;Negociada;13:44:18;;30-71481712-0;AZ AGRICOLA S.R.L.;AO;30-71481712-0;AZ AGRICOLA S.R.L.;Certificado MiPyME;;
1513615;30/07/2026;No Garantizado;SI;SI;NO;ECHEQ;NO;NO;C.I.;13:42:25;17:00:00;25;718;31,00;31,00;718;$;8.201.934,74;1;Negociada;13:44:26;;33-71106248-9;COMPANIA INVERSORA INDUSTRIAL S.A.;AO;;;Certificado MiPyME;;
1513616;30/07/2026;No Garantizado;NO;SI;NO;PAGARE;NO;NO;24Hs.;13:42:35;17:00:00;91;20;38,00;38,00;20;$;50.000.000,00;1;Negociada;13:50:25;;30-71166113-8;TAGUAY S.A.;;30-71166113-8;TAGUAY S.A.;;;
1513617;30/07/2026;No Garantizado;NO;SI;NO;ECHEQ;NO;NO;C.I.;13:42:42;17:00:00;76;571;34,00;34,00;571;$;15.420.000,00;15;Negociada;13:44:44;;30-71541859-9;LLAVANERES SRL;AO;30-70958525-4;LUSTRAMAX SRL;;;
1513618;30/07/2026;No Garantizado;SI;SI;NO;FCE;NO;NO;C.I.;13:42:42;17:00:00;26;;;23,00;762;$;26.911.252,65;2;Desierta;;%PLT;30-71515437-0;PLUSPETROL S.A.YSUR ENERGIA ARGENTINA S.R.L.- AREA CNQ-26 LA CALERA- UNION TRANSITORIA DE EMPRESAS;;;;;;
1513619;30/07/2026;No Garantizado;NO;SI;NO;PAGARE;NO;NO;24Hs.;13:42:44;17:00:00;32;20;30,00;30,00;20;$;180.000.000,00;1;Negociada;13:50:55;;30-70908764-5;ASOCIACION MUTUAL 18 DE JULIO;;30-70908764-5;ASOCIACION MUTUAL 18 DE JULIO;;;
1513620;30/07/2026;No Garantizado;NO;SI;NO;PAGARE;NO;NO;C.I.;13:42:45;17:00:00;46;523;28,50;28,50;523;$;525.000.000,00;1;Negociada;13:56:24;;30-70813827-0;BIOMAC SOCIEDAD DE RESPONSABILIDAD LIMITADA;;30-70813827-0;BIOMAC SOCIEDAD DE RESPONSABILIDAD LIMITADA;;;
1513621;30/07/2026;No Garantizado;NO;SI;NO;ECHEQ;NO;NO;24Hs.;13:42:53;17:00:00;34;20;31,00;31,00;20;$;30.000.000,00;1;Negociada;13:55:37;;30-64629647-8;MUTUALIDAD FARO DEL PERSONAL DE CORREO Y TELECOMUNICACIONES ROSARIO;AO;30-64629647-8;MUTUALIDAD FARO DEL PERSONAL DE CORREO Y TELECOMUNICACIONES ROSARIO;;;
1513622;30/07/2026;No Garantizado;SI;SI;NO;ECHEQ;NO;NO;C.I.;13:42:58;17:00:00;40;723;26,00;26,00;526;$;20.513.393,14;1;Negociada;14:00:22;;30-50085862-8;MOLINOS RIO DE LA PLATA S A;AO;;;Certificado MiPyME;;
1513623;30/07/2026;No Garantizado;NO;SI;NO;CPD;NO;NO;C.I.;13:43:26;17:00:00;32;20;48,00;48,00;20;$;130.196.551,58;15;Negociada;13:49:56;;30-70873689-5;TRADICION GANADERA S. A.;;30-62387327-3;ASOCIACION MUTUAL GUSTAVO COCHET;;;
1513624;30/07/2026;No Garantizado;NO;SI;NO;CPD;NO;NO;C.I.;13:43:36;17:00:00;48;20;48,00;48,00;20;$;8.000.000,00;1;Negociada;13:50:10;;30-70881738-0;DUAMAK S.A.;;30-62387327-3;ASOCIACION MUTUAL GUSTAVO COCHET;;;
1513625;30/07/2026;No Garantizado;NO;SI;NO;ECHEQ;NO;NO;C.I.;13:43:53;17:00:00;41;571;34,00;34,00;571;$;3.055.752,00;2;Negociada;13:45:55;;30-64787187-5;PARK SERVICE S. R. L.;AO;30-70958525-4;LUSTRAMAX SRL;;;
1513626;30/07/2026;No Garantizado;NO;SI;NO;CPD;NO;NO;C.I.;13:44:08;17:00:00;41;20;48,00;48,00;20;$;9.000.000,00;1;Negociada;13:50:30;;33-52310647-9;GANADEROS DE CERES COOPERATIVA LIMITADA;;30-62387327-3;ASOCIACION MUTUAL GUSTAVO COCHET;;;
1513627;30/07/2026;No Garantizado;NO;SI;NO;CPD;NO;NO;C.I.;13:44:20;17:00:00;15;20;48,00;48,00;20;$;8.849.650,00;1;Negociada;13:50:40;;30-57670311-9;SAENZ VALIENTE BULLRICH Y CIA SA;;30-62387327-3;ASOCIACION MUTUAL GUSTAVO COCHET;;;
1513628;30/07/2026;No Garantizado;NO;SI;NO;ECHEQ;NO;NO;C.I.;13:44:23;17:00:00;59;571;34,00;34,00;571;$;1.262.686,70;2;Negociada;13:46:25;;30-71834850-8;DISTRI ZUR S. A. S.;AO;30-70958525-4;LUSTRAMAX SRL;;;
1513629;30/07/2026;Garantizado;SI;SI;NO;ECHEQ;NO;NO;24Hs.;13:44:43;17:00:00;24;;;0,00;598;$;90.831.233,60;13;Desierta (Baja);;;;;AO;;;Certificado MiPyME;;
1513630;30/07/2026;No Garantizado;NO;SI;NO;ECHEQ;NO;NO;C.I.;13:44:44;17:00:00;49;554;32,00;32,00;554;$;4.400.000,00;2;Negociada;13:46:46;;30-71765899-6;CAMELBACK S. A. S.;AO;30-71765899-6;CAMELBACK S. A. S.;;;
1513631;30/07/2026;No Garantizado;NO;SI;NO;ECHEQ;NO;NO;C.I.;13:44:52;17:00:00;33;571;34,00;34,00;571;$;12.500.000,00;1;Negociada;13:46:54;;30-71579531-7;SOLUCIONES EN ENVASES S.R.L.;AO;30-70958525-4;LUSTRAMAX SRL;;;
1513632;30/07/2026;No Garantizado;NO;SI;NO;ECHEQ;NO;NO;C.I.;13:44:53;17:00:00;23;433;29,00;29,00;433;$;59.630.923,97;4;Negociada;13:46:54;;30-71599647-9;FILOSHEN S.A.;AO;30-71551491-1;ASTRAK S.A.;;;
1513633;30/07/2026;No Garantizado;NO;SI;NO;PAGARE;NO;NO;24Hs.;13:44:54;17:00:00;28;15;32,00;32,00;591;$;172.850.000,00;1;Negociada;14:23:44;;30-71252972-1;SC PILAR S.A.;;30-71252972-1;SC PILAR S.A.;;;
1513634;30/07/2026;No Garantizado;NO;SI;NO;PAGARE;NO;NO;24Hs.;13:45:27;17:00:00;200;754;11,00;11,00;754;DOL;20.000,00;2;Negociada;13:47:28;;20-23592127-9;LINGUA LUCAS FRANCISCO;;20-23592127-9;LINGUA LUCAS FRANCISCO;;;
1513635;30/07/2026;No Garantizado;NO;SI;NO;PAGARE;NO;NO;24Hs.;13:45:52;17:00:00;25;15;32,00;32,00;591;$;299.720.000,00;1;Negociada;14:24:22;;30-71213675-4;RSC S.A. S. A.;;30-71213675-4;RSC S.A. S. A.;;;
1513636;30/07/2026;No Garantizado;NO;SI;NO;ECHEQ;NO;NO;C.I.;13:46:17;17:00:00;356;427;22,00;22,00;427;$;210.000.000,00;5;Negociada;13:48:19;;33-53090957-9;LOS PARQUES S.A;AO;33-53090957-9;LOS PARQUES S.A;;;
1513637;30/07/2026;No Garantizado;NO;NO;NO;PAGARE;NO;NO;C.I.;13:47:29;17:00:00;19;15;31,00;31,00;15;$;171.000.000,00;1;Negociada;13:49:30;;30-70761297-1;CENTRO MEDICO AMENABAR S. R. L.;;;;;;
1513638;30/07/2026;Garantizado;SI;SI;NO;ECHEQ;NO;NO;24Hs.;13:47:53;17:00:00;24;406;22,00;22,00;598;$;92.327.504,91;14;Negociada;14:37:14;;;;AO;;;Certificado MiPyME;;
1513639;30/07/2026;No Garantizado;NO;SI;NO;PAGARE;NO;NO;C.I.;13:48:24;17:00:00;100;832;30,00;30,00;832;$;2.000.000.000,00;2;Negociada;14:02:01;;30-57803607-1;MIRGOR SA C I F I A;;30-57803607-1;MIRGOR SA C I F I A;;;
1513640;30/07/2026;No Garantizado;NO;SI;NO;ECHEQ;NO;NO;C.I.;13:48:31;17:00:00;86;754;45,00;45,00;754;$;4.098.702,65;5;Negociada;13:58:16;;33-61622748-9;MARIO ZINI CIA S R L;AO;;;;;
1513641;30/07/2026;No Garantizado;SI;SI;NO;ECHEQ;NO;NO;C.I.;13:48:48;17:00:00;48;41;40,00;40,00;41;$;30.601.441,87;1;Negociada;13:51:31;;30-65511620-2;EMPRESA DISTRIBUIDORA Y COMERCIALIZADORA NORTE SOCIEDAD ANONIMA (EDENOR S A);AO;;;Certificado MiPyME;;
1513642;30/07/2026;No Garantizado;NO;SI;NO;ECHEQ;SI;NO;C.I.;13:49:05;17:00:00;86;754;45,00;45,00;754;$;13.696.307,40;3;Negociada;13:58:08;;30-70776787-8;JOYERIA EL RUBI SA;NO;;;;;
1513643;30/07/2026;Avalado;;SI;NO;ECHEQ;NO;NO;C.I.;13:49:25;17:00:00;24;11;21,00;21,00;11;$;199.884.333,12;2;Negociada;13:52:30;CREC;;Crecer S.G.R.;AO;;;;;
1513644;30/07/2026;Avalado;;SI;NO;ECHEQ;SI;NO;24Hs.;13:49:34;17:00:00;34;770;23,00;23,00;553;$;80.000.000,00;1;Negociada;15:06:10;FEDE;;Aval Federal S.G.R.;NO;;;;;
1513645;30/07/2026;No Garantizado Calificado;NO;SI;NO;ECHEQ;NO;NO;24Hs.;13:49:42;17:00:00;35;825;35,00;35,00;825;$;3.000.000,00;1;Negociada;13:51:43;;30-71795544-3;VDV S.A.;AO;30-71795544-3;VDV S.A.;;;
1513646;30/07/2026;No Garantizado;SI;SI;NO;ECHEQ;NO;NO;C.I.;13:49:43;17:00:00;24;41;38,00;38,00;41;$;6.199.913,79;2;Negociada;13:51:45;;30-68549389-2;TRANSPORTE LOS PRIMOS S R L;AO;;;Certificado MiPyME;;
1513647;30/07/2026;No Garantizado;NO;SI;NO;ECHEQ;NO;NO;C.I.;13:49:49;17:00:00;111;754;45,00;45,00;754;$;1.799.538,46;2;Negociada;13:57:56;;30-66332118-4;JOYAS KARAT SRL;AO;;;;;
1513648;30/07/2026;No Garantizado;NO;SI;NO;ECHEQ;NO;NO;C.I.;13:50:16;17:00:00;41;754;45,00;45,00;754;$;264.820,88;1;Negociada;13:57:48;;30-71479106-7;ORO BLANCO JOYERIAS SRL;AO;;;;;
1513649;30/07/2026;No Garantizado Calificado;NO;SI;NO;ECHEQ;NO;NO;C.I.;13:50:32;17:00:00;121;486;45,00;45,00;486;$;94.400.000,00;7;Negociada;14:14:49;;30-67286360-7;ASOCIACION PERSONAL EMPLEADOS LEGISLATIVOS DE RIO NEGRO;AO;30-67286360-7;ASOCIACION PERSONAL EMPLEADOS LEGISLATIVOS DE RIO NEGRO;;;
1513650;30/07/2026;No Garantizado;NO;SI;NO;ECHEQ;SI;NO;C.I.;13:50:35;17:00:00;125;754;45,00;45,00;754;$;1.193.906,44;1;Negociada;13:57:37;;30-52805868-6;JOYERIA GASPARDI SOC HECHO;NO;;;;;
1513651;30/07/2026;No Garantizado;SI;SI;NO;ECHEQ;NO;NO;C.I.;13:50:47;17:00:00;34;41;40,00;40,00;41;$;1.884.970,00;2;Negociada;13:52:48;;33-61795802-9;ALUBRY SAN LUIS S A;AO;;;MiPyME FCE - Art. 7 Ley 27.440, Res. SEPYME 340/17, Art. 2 RG 4367/18 y RG 1019/24;;
1513652;30/07/2026;No Garantizado;SI;SI;NO;FCE;NO;NO;C.I.;13:51:18;17:00:00;22;553;6,00;6,00;791;U$S;22.639,23;1;Negociada;13:53:19;%U5I;30-71515437-0;PLUSPETROL S.A.YSUR ENERGIA ARGENTINA S.R.L.- AREA CNQ-26 LA CALERA- UNION TRANSITORIA DE EMPRESAS;;;;;;
1513653;30/07/2026;Avalado;;SI;NO;ECHEQ;NO;NO;24Hs.;13:51:53;17:00:00;63;716;26,50;26,50;716;$;2.535.242,00;1;Negociada;14:06:10;FOGA;;Fdo. de Gtias. del Chaco;AO;;;;;
1513654;30/07/2026;Avalado;;SI;NO;ECHEQ;NO;NO;24Hs.;13:52:04;17:00:00;123;;;25,00;598;$;3.000.000,00;1;Desierta;;AVFE;;Aval Fertil S.G.R.;AO;;;;;
1513655;30/07/2026;No Garantizado;SI;SI;NO;ECHEQ;NO;NO;C.I.;13:52:12;17:00:00;249;572;27,00;27,00;572;$;55.600.000,00;1;Negociada;13:56:56;;33-70718533-9;PREVER COOPERATIVA DE VIVIENDA CREDITO Y CONSUMO LTDA;AO;33-70718533-9;PREVER COOPERATIVA DE VIVIENDA CREDITO Y CONSUMO LTDA;MiPyME FCE - Art. 7 Ley 27.440, Res. SEPYME 340/17, Art. 2 RG 4367/18 y RG 1019/24;;
1513656;30/07/2026;No Garantizado;NO;SI;NO;PAGARE;NO;NO;24Hs.;13:52:30;17:00:00;199;754;11,00;11,00;754;DOL;20.000,00;2;Negociada;13:54:31;;20-23592127-9;LINGUA LUCAS FRANCISCO;;20-23592127-9;LINGUA LUCAS FRANCISCO;;;
1513657;30/07/2026;No Garantizado;SI;SI;NO;ECHEQ;NO;NO;C.I.;13:52:34;17:00:00;123;432;29,00;29,00;812;$;6.186.427,35;1;Negociada;13:54:35;;30-50182150-7;COOPERATIVA AGRICOLA GANADERA LIMITADA;AO;30-68934701-7;CHIMAGRO SA;Certificado MiPyME;;
1513658;30/07/2026;No Garantizado;SI;SI;NO;ECHEQ;NO;NO;C.I.;13:52:47;17:00:00;28;41;35,00;35,00;41;$;50.979.082,00;2;Negociada;13:54:48;;30-71224706-8;MACIZO DEL DESEADO PERFORACIONES S. A.;AO;;;Certificado MiPyME;;
1513659;30/07/2026;No Garantizado;SI;SI;NO;ECHEQ;NO;NO;C.I.;13:53:02;17:00:00;160;432;29,00;29,00;812;$;3.060.122,45;1;Negociada;13:55:04;;20-24403597-4;AQUINO HERNAN HECTOR;AO;30-68934701-7;CHIMAGRO SA;Certificado MiPyME;;
1513660;30/07/2026;No Garantizado;SI;SI;NO;ECHEQ;NO;NO;C.I.;13:53:20;17:00:00;159;432;29,00;29,00;812;$;16.233.731,69;1;Negociada;13:55:22;;23-13713896-4;BUFARINI MARTA ELENA;AO;30-68934701-7;CHIMAGRO SA;Certificado MiPyME;;
1513661;30/07/2026;Avalado;;SI;NO;ECHEQ;NO;NO;24Hs.;13:53:21;17:00:00;81;754;23,00;23,00;754;$;9.000.000,00;3;Negociada;15:00:32;FEDE;;Aval Federal S.G.R.;AO;;;;;
1513662;30/07/2026;No Garantizado;NO;SI;NO;PAGARE;NO;NO;24Hs.;13:53:29;17:00:00;187;754;11,00;11,00;754;DOL;10.000,00;1;Negociada;13:55:31;;20-23592127-9;LINGUA LUCAS FRANCISCO;;20-23592127-9;LINGUA LUCAS FRANCISCO;;;
1513663;30/07/2026;Avalado;;SI;NO;ECHEQ;NO;NO;24Hs.;13:53:38;17:00:00;75;754;26,00;26,00;754;$;37.200.000,00;1;Negociada;15:00:48;AFBG;;AFB AVALES S.G.R;AO;;;;;
1513664;30/07/2026;No Garantizado;SI;SI;NO;ECHEQ;NO;NO;C.I.;13:53:41;17:00:00;45;41;45,00;45,00;41;$;4.940.101,39;2;Negociada;13:57:27;;30-70834517-9;TRANSPORTE FIGHIERA S.R.L.;AO;;;Certificado MiPyME;;
1513665;30/07/2026;No Garantizado;SI;SI;NO;ECHEQ;NO;NO;C.I.;13:53:41;17:00:00;160;432;29,00;29,00;812;$;8.506.184,20;1;Negociada;13:55:43;;30-71681500-1;A + I AGRONEGOCIOS S.A.S.;AO;30-68934701-7;CHIMAGRO SA;Certificado MiPyME;;
1513666;30/07/2026;Avalado;;SI;NO;ECHEQ;NO;NO;24Hs.;13:53:54;17:00:00;55;754;27,00;27,00;754;$;100.000.000,00;4;Negociada;15:36:07;ACEN;;Avales del Centro S.G.R.;AO;;;;;
1513667;30/07/2026;No Garantizado;SI;SI;NO;ECHEQ;NO;NO;C.I.;13:53:59;17:00:00;84;432;29,00;29,00;812;$;879.134,36;1;Negociada;13:56:01;;30-71188723-3;SAN PABLO SRL;AO;30-68934701-7;CHIMAGRO SA;Certificado MiPyME;;
1513668;30/07/2026;No Garantizado;SI;SI;NO;ECHEQ;NO;NO;C.I.;13:54:29;17:00:00;22;41;40,00;40,00;41;$;3.794.245,00;1;Negociada;13:57:56;;30-58523676-0;GOLOALFA SOCIEDAD ANONIMA;AO;;;Certificado MiPyME;;
1513669;30/07/2026;No Garantizado;SI;SI;NO;ECHEQ;NO;NO;C.I.;13:55:14;17:00:00;64;569;28,00;28,00;569;$;74.850.266,40;2;Negociada;14:23:16;;30-50413188-9;QUICKFOOD S A;AO;;;Certificado MiPyME;;
1513670;30/07/2026;No Garantizado Calificado;NO;SI;NO;ECHEQ;NO;NO;C.I.;13:55:47;17:00:00;31;;;32,00;767;$;9.817.011,00;2;Desierta;;;30-70720984-0;PROSAL S A;AO;33-71487633-9;EL-ISA S.R.L.;;;
1513671;30/07/2026;Avalado;;SI;NO;ECHEQ;NO;NO;24Hs.;13:56:03;17:00:00;61;501;21,00;21,00;701;$;3.000.000,00;1;Negociada;14:23:40;FOER;;FO.GA.ER. SAPEM;AO;;;;;
1513672;30/07/2026;Avalado;;SI;NO;ECHEQ;NO;NO;24Hs.;13:56:22;17:00:00;91;501;21,00;21,00;701;$;3.000.000,00;1;Negociada;14:01:34;FOER;;FO.GA.ER. SAPEM;AO;;;;;
1513673;30/07/2026;Avalado;;SI;NO;ECHEQ;NO;NO;24Hs.;13:56:38;17:00:00;62;755;26,00;26,00;559;$;25.000.000,00;1;Negociada;14:29:25;ARGC;;Argentina Ciudad S.G.R.;AO;;;;;
1513674;30/07/2026;Avalado;;SI;NO;ECHEQ;NO;NO;24Hs.;13:56:40;17:00:00;124;501;23,00;23,00;701;$;3.000.000,00;1;Negociada;14:01:38;FOER;;FO.GA.ER. SAPEM;AO;;;;;
1513675;30/07/2026;Avalado;;SI;NO;ECHEQ;NO;NO;24Hs.;13:56:48;17:00:00;33;716;25,00;25,00;559;$;25.000.000,00;1;Negociada;14:29:34;ARGC;;Argentina Ciudad S.G.R.;AO;;;;;
1513676;30/07/2026;Avalado;;SI;NO;ECHEQ;NO;NO;24Hs.;13:56:49;17:00:00;248;;;24,00;754;$;38.662.148,06;9;Desierta;;CREC;;Crecer S.G.R.;AO;;;;;
1513677;30/07/2026;Avalado;;SI;NO;ECHEQ;NO;NO;24Hs.;13:57:09;17:00:00;334;501;27,00;27,00;701;$;3.000.000,00;1;Negociada;14:02:19;FOER;;FO.GA.ER. SAPEM;AO;;;;;
1513678;30/07/2026;Avalado;;SI;NO;ECHEQ;NO;NO;24Hs.;13:57:11;17:00:00;40;;;20,00;449;$;43.201.013,85;9;Desierta;;FINT;;Fintech S.G.R.;AO;;;;;
1513679;30/07/2026;Avalado;;SI;NO;ECHEQ;NO;NO;24Hs.;13:58:08;17:00:00;152;501;23,00;23,00;701;$;3.000.000,00;1;Negociada;14:02:51;FOER;;FO.GA.ER. SAPEM;AO;;;;;
1513680;30/07/2026;Avalado;;SI;NO;ECHEQ;SI;NO;C.I.;13:58:31;17:00:00;60;;;0,00;422;$;12.981.084,25;4;Desierta (Baja);;CMFI;;BANCO COMAFI S.A.;NO;;;;;
1513681;30/07/2026;Avalado;;SI;NO;ECHEQ;NO;NO;24Hs.;13:58:42;17:00:00;185;501;26,00;26,00;701;$;3.000.000,00;1;Negociada;14:03:31;FOER;;FO.GA.ER. SAPEM;AO;;;;;
1513682;30/07/2026;Avalado;;SI;NO;ECHEQ;NO;NO;24Hs.;13:59:00;17:00:00;215;501;26,00;26,00;701;$;3.000.000,00;1;Negociada;14:04:06;FOER;;FO.GA.ER. SAPEM;AO;;;;;
1513683;30/07/2026;Avalado;;SI;NO;ECHEQ;SI;NO;24Hs.;13:59:01;17:00:00;93;442;22,00;22,00;422;$;5.500.000,00;5;Negociada;14:01:03;CMFI;;BANCO COMAFI S.A.;NO;;;;;
1513684;30/07/2026;Avalado;;SI;NO;ECHEQ;NO;NO;24Hs.;13:59:33;17:00:00;273;501;26,50;26,50;701;$;3.000.000,00;1;Negociada;14:04:32;FOER;;FO.GA.ER. SAPEM;AO;;;;;
1513685;30/07/2026;Avalado;;SI;NO;ECHEQ;NO;NO;24Hs.;13:59:58;17:00:00;305;501;27,00;27,00;701;$;3.000.000,00;1;Negociada;14:05:05;FOER;;FO.GA.ER. SAPEM;AO;;;;;
1513686;30/07/2026;Avalado;;SI;NO;ECHEQ;NO;NO;24Hs.;14:00:04;17:00:00;39;754;20,00;20,00;754;$;100.000.000,00;4;Negociada;14:02:05;ARPY;;Argenpymes S.G.R.;AO;;;;;
1513687;30/07/2026;No Garantizado;NO;SI;NO;PAGARE;NO;NO;C.I.;14:00:06;17:00:00;32;42;35,00;35,00;42;$;30.000.000,00;1;Negociada;14:02:07;;30-64629647-8;MUTUALIDAD FARO DEL PERSONAL DE CORREO Y TELECOMUNICACIONES ROSARIO;;30-64629647-8;MUTUALIDAD FARO DEL PERSONAL DE CORREO Y TELECOMUNICACIONES ROSARIO;;;
1513688;30/07/2026;Avalado;;SI;NO;ECHEQ;SI;NO;24Hs.;14:00:09;17:00:00;59;406;19,99;20,00;422;$;12.981.084,25;4;Negociada;14:04:00;CMFI;;BANCO COMAFI S.A.;NO;;;;;
1513689;30/07/2026;Avalado;;SI;NO;ECHEQ;NO;NO;24Hs.;14:00:12;17:00:00;243;501;26,50;26,50;701;$;3.000.000,00;1;Negociada;14:05:45;FOER;;FO.GA.ER. SAPEM;AO;;;;;
1513690;30/07/2026;Avalado;;SI;NO;ECHEQ;NO;NO;C.I.;14:01:12;17:00:00;42;406;22,00;22,00;406;$;16.000.000,00;1;Negociada;14:14:16;ARPY;;Argenpymes S.G.R.;AO;;;;;
1513691;30/07/2026;No Garantizado;SI;SI;NO;ECHEQ;NO;NO;C.I.;14:01:17;17:00:00;42;767;25,00;25,00;598;$;5.000.000,00;5;Negociada;14:03:19;;30-68584975-1;DIA ARGENTINA S A;AO;;;Certificado MiPyME;;
1513692;30/07/2026;Avalado;;SI;NO;ECHEQ;NO;NO;24Hs.;14:01:21;17:00:00;47;406;19,99;20,00;422;$;127.958.191,11;25;Negociada;14:03:23;CMFI;;BANCO COMAFI S.A.;AO;;;;;
1513693;30/07/2026;Avalado;;SI;NO;ECHEQ;NO;NO;24Hs.;14:01:33;17:00:00;60;406;20,00;20,00;422;$;35.080.051,41;10;Negociada;14:03:35;CMFI;;BANCO COMAFI S.A.;AO;;;;;
1513694;30/07/2026;Avalado;;SI;NO;ECHEQ;NO;NO;24Hs.;14:01:59;17:00:00;84;754;22,00;22,00;868;$;14.310.000,00;4;Negociada;14:14:39;POTE;;Potenciar S.G.R.;AO;;;;;
1513695;30/07/2026;Avalado;;SI;NO;ECHEQ;NO;NO;C.I.;14:02:40;17:00:00;134;406;25,75;25,75;406;$;5.750.000,00;1;Negociada;14:16:30;ARPY;;Argenpymes S.G.R.;AO;;;;;
1513696;30/07/2026;Avalado;;SI;NO;ECHEQ;NO;NO;C.I.;14:03:04;17:00:00;82;406;23,50;23,50;406;$;28.250.000,00;5;Negociada;14:30:30;ARPY;;Argenpymes S.G.R.;AO;;;;;
1513697;30/07/2026;No Garantizado;NO;SI;NO;ECHEQ;NO;NO;C.I.;14:03:23;17:00:00;89;572;27,00;27,00;572;$;3.285.707,11;1;Negociada;14:06:36;;30-69213874-7;FARMCITY SA;AO;;;;;
1513698;30/07/2026;Avalado;;SI;NO;ECHEQ;NO;NO;24Hs.;14:03:26;17:00:00;32;770;23,00;23,00;439;$;5.225.264,00;1;Negociada;14:14:35;NEUQ;;Neuquen Pymes S.G.R.;AO;;;;;
1513699;30/07/2026;Avalado;;SI;NO;ECHEQ;SI;NO;24Hs.;14:03:47;17:00:00;56;770;24,00;24,00;439;$;4.000.000,00;4;Negociada;14:14:43;NEUQ;;Neuquen Pymes S.G.R.;NO;;;;;
1513700;30/07/2026;Avalado;;SI;NO;ECHEQ;NO;NO;C.I.;14:03:48;17:00:00;128;406;25,50;25,50;406;$;28.250.000,00;5;Negociada;14:36:26;ARPY;;Argenpymes S.G.R.;AO;;;;;
1513701;30/07/2026;No Garantizado Calificado;SI;SI;NO;FCE;NO;NO;C.I.;14:04:35;17:00:00;20;572;27,00;27,00;754;$;178.388.719,90;1;Negociada;14:10:44;%CMQ;33-50835825-9;CERVECERIA Y MALTERIA QUILMES S.A.I.C.A. Y G.;;;;;;
1513702;30/07/2026;Avalado;;SI;NO;ECHEQ;NO;NO;C.I.;14:04:56;17:00:00;26;;;0,00;545;$;20.000.000,00;2;Desierta (Baja);;CREC;;Crecer S.G.R.;AO;;;;;
1513703;30/07/2026;Avalado;;SI;NO;ECHEQ;NO;NO;24Hs.;14:06:10;17:00:00;12;;;0,00;529;$;50.000.000,00;1;Desierta (Baja);;AVLR;;Aval Ar S.G.R.;AO;;;;;
1513704;30/07/2026;No Garantizado;SI;SI;NO;ECHEQ;NO;NO;C.I.;14:06:32;17:00:00;83;754;26,50;26,50;754;$;20.518.903,36;1;Negociada;14:08:33;;30-50111112-7;HOLCIM (ARGENTINA) SA;AO;;;Certificado MiPyME;;
1513705;30/07/2026;No Garantizado;NO;SI;NO;PAGARE;NO;NO;24Hs.;14:06:36;17:00:00;61;725;28,00;28,00;15;$;525.882.425,00;1;Negociada;14:29:07;;30-68897938-9;GIMNASIOS ARGENTINOS S A;;30-68897938-9;GIMNASIOS ARGENTINOS S A;;;
1513706;30/07/2026;No Garantizado;NO;SI;NO;ECHEQ;NO;NO;C.I.;14:06:54;17:00:00;160;;;;406;$;60.000.000,00;1;Desierta (Baja);;;30-71411736-6;SAMEGER S.A;AO;;;;;
1513707;30/07/2026;Avalado;;SI;NO;ECHEQ;NO;NO;24Hs.;14:06:54;17:00:00;20;406;19,99;20,00;422;$;23.777.671,70;1;Negociada;14:08:56;CMFI;;BANCO COMAFI S.A.;AO;;;;;
1513708;30/07/2026;Avalado;;SI;NO;ECHEQ;NO;NO;24Hs.;14:07:09;17:00:00;47;406;20,00;20,00;422;$;35.000.000,00;7;Negociada;14:09:10;CMFI;;BANCO COMAFI S.A.;AO;;;;;
1513709;30/07/2026;Avalado;;SI;NO;ECHEQ;NO;NO;24Hs.;14:07:19;17:00:00;33;;;20,00;406;$;47.157.626,00;10;Desierta;;AVRU;;Aval Rural S.G.R.;AO;;;;;
1513710;30/07/2026;Avalado;;SI;NO;ECHEQ;NO;NO;C.I.;14:07:22;17:00:00;53;;;20,00;449;$;80.000.000,00;4;Desierta;;CUAV;;Cuyo Aval S.G.R.;AO;;;;;
1513711;30/07/2026;Avalado;;SI;NO;ECHEQ;SI;NO;24Hs.;14:08:11;17:00:00;19;406;19,00;19,00;720;$;119.264.274,34;2;Negociada;14:10:13;BAIN;;BANCO INDUSTRIAL SA;NO;;;;;
1513712;30/07/2026;Avalado;;SI;NO;ECHEQ;NO;NO;24Hs.;14:08:12;17:00:00;45;501;19,50;19,50;545;$;20.000.000,00;1;Negociada;15:49:10;FAEC;;FIDEICOM.DE AFECT. ESPEC.;AO;;;;;
1513713;30/07/2026;Avalado;;SI;NO;ECHEQ;NO;NO;24Hs.;14:08:33;17:00:00;22;406;19,00;19,00;720;$;17.392.482,69;3;Negociada;14:10:35;BAIN;;BANCO INDUSTRIAL SA;AO;;;;;
1513714;30/07/2026;No Garantizado Calificado;NO;SI;NO;ECHEQ;NO;NO;C.I.;14:08:34;17:00:00;37;25;36,00;36,00;25;$;40.000.000,00;2;Negociada;14:10:35;;30-71175525-6;FLECHA LOG S.A.;AO;30-71175525-6;FLECHA LOG S.A.;;;
1513715;30/07/2026;Avalado;;SI;NO;ECHEQ;NO;NO;24Hs.;14:08:53;17:00:00;109;754;28,00;28,00;754;$;38.000.000,00;13;Negociada;14:14:37;INPY;;Integra Pymes S.G.R.;AO;;;;;
1513716;30/07/2026;No Garantizado;SI;SI;NO;ECHEQ;NO;NO;C.I.;14:09:04;17:00:00;39;569;33,00;33,00;569;$;10.000.000,00;1;Negociada;14:13:46;;20-25419167-2;SARNO EMILIANO ANDRES;AO;;;Certificado MiPyME;;
1513717;30/07/2026;Avalado;;SI;NO;ECHEQ;NO;NO;C.I.;14:09:13;17:00:00;13;406;22,00;22,00;529;$;50.000.000,00;1;Negociada;16:21:51;AVLR;;Aval Ar S.G.R.;AO;;;;;
1513718;30/07/2026;No Garantizado Calificado;NO;SI;NO;ECHEQ;NO;NO;C.I.;14:09:23;17:00:00;36;25;32,00;32,00;25;$;40.000.000,00;2;Negociada;14:11:24;;30-71175525-6;FLECHA LOG S.A.;AO;30-71175525-6;FLECHA LOG S.A.;;;
1513719;30/07/2026;Avalado;;SI;NO;ECHEQ;NO;NO;24Hs.;14:09:47;17:00:00;100;442;24,00;24,00;442;$;12.700.000,00;2;Negociada;14:15:29;AFFI;;Affidavit S.G.R.;AO;;;;;
1513720;30/07/2026;No Garantizado;NO;SI;NO;PAGARE;NO;NO;C.I.;14:14:25;17:00:00;276;406;45,00;45,00;434;$;125.000.000,00;5;Negociada;14:24:55;;33-70718533-9;PREVER COOPERATIVA DE VIVIENDA CREDITO Y CONSUMO LTDA;;33-70718533-9;PREVER COOPERATIVA DE VIVIENDA CREDITO Y CONSUMO LTDA;;;
1513721;30/07/2026;No Garantizado;SI;SI;NO;FCE;NO;NO;24Hs.;14:14:43;17:00:00;19;;;;433;$;17.933.884,30;1;Desierta;;%FEI;30-71357520-4;FIDEICOMISO DE ADMINISTRACION E INMOBILIARIO EL SALVAJE;;;;;;
1513722;30/07/2026;No Garantizado;SI;SI;NO;FCE;NO;NO;24Hs.;14:14:52;17:00:00;58;;;;433;$;85.371.566,13;5;Desierta;;%FEI;30-71357520-4;FIDEICOMISO DE ADMINISTRACION E INMOBILIARIO EL SALVAJE;;;;;;
1513723;30/07/2026;Avalado;;SI;NO;ECHEQ;NO;NO;24Hs.;14:15:52;17:00:00;38;770;23,00;23,00;839;$;35.000.000,00;4;Negociada;15:10:49;MOVI;;MOVIL S.G.R.;AO;;;;;
1513724;30/07/2026;Avalado;;SI;NO;ECHEQ;NO;NO;24Hs.;14:15:58;17:00:00;206;;;;559;$;3.000.000,00;2;Desierta (Baja);;RESI;;Resiliencia S.G.R.;AO;;;;;
1513725;30/07/2026;No Garantizado;NO;SI;NO;PAGARE;NO;NO;24Hs.;14:18:15;17:00:00;194;754;11,00;11,00;754;DOL;20.000,00;2;Negociada;14:20:17;;20-23592127-9;LINGUA LUCAS FRANCISCO;;20-23592127-9;LINGUA LUCAS FRANCISCO;;;
1513726;30/07/2026;No Garantizado;NO;SI;NO;ECHEQ;NO;NO;C.I.;14:18:35;17:00:00;125;;;;406;$;60.000.000,00;1;Desierta (Baja);;;30-71411736-6;SAMEGER S.A;AO;;;;;
1513727;30/07/2026;No Garantizado Calificado;NO;SI;NO;ECHEQ;NO;NO;24Hs.;14:18:41;17:00:00;60;;;;767;$;2.500.000,00;1;Desierta;;;20-32795196-4;VAN BREEDAM EMMANUEL;AO;33-71881245-9;ARGENBRAS S. A. S.;;;
1513728;30/07/2026;No Garantizado Calificado;NO;SI;NO;ECHEQ;NO;NO;24Hs.;14:18:52;17:00:00;61;;;;767;$;2.500.000,00;1;Desierta;;;20-32795196-4;VAN BREEDAM EMMANUEL;AO;20-32795196-4;VAN BREEDAM EMMANUEL;;;
1513729;30/07/2026;No Garantizado;NO;SI;NO;ECHEQ;NO;NO;C.I.;14:19:44;17:00:00;84;526;46,00;46,00;526;$;5.000.000,00;1;Negociada;14:21:46;;30-71852724-0;FORLUG S.R.L.;AO;30-71852724-0;FORLUG S.R.L.;;;
1513730;30/07/2026;Avalado;;SI;NO;ECHEQ;NO;NO;24Hs.;14:20:17;17:00:00;32;569;20,00;20,00;422;$;18.546.665,62;11;Negociada;14:22:19;CMFI;;BANCO COMAFI S.A.;AO;;;;;
1513731;30/07/2026;No Garantizado Calificado;NO;SI;NO;ECHEQ;NO;NO;C.I.;14:20:22;17:00:00;40;20;65,00;65,00;20;$;32.244.260,00;2;Negociada;14:23:38;;30-71175525-6;FLECHA LOG S.A.;AO;30-71175525-6;FLECHA LOG S.A.;;;
1513732;30/07/2026;Avalado;;SI;NO;ECHEQ;NO;NO;24Hs.;14:20:28;17:00:00;65;770;24,50;24,50;839;$;15.000.000,00;6;Negociada;14:45:02;MOVI;;MOVIL S.G.R.;AO;;;;;
1513733;30/07/2026;Avalado;;SI;NO;ECHEQ;NO;NO;24Hs.;14:20:47;17:00:00;86;42;24,00;24,00;42;$;4.600.000,00;2;Negociada;14:35:01;CONV;;CONAVAL S.G.R.;AO;;;;;
1513734;30/07/2026;No Garantizado Calificado;SI;SI;NO;FCE;NO;NO;C.I.;14:21:14;17:00:00;26;520;21,50;21,50;791;$;350.177.535,63;1;Negociada;15:44:38;%YFP;30-54668997-9;YPF SOCIEDAD ANONIMA;;;;;;
1513735;30/07/2026;No Garantizado;NO;SI;NO;ECHEQ;NO;NO;C.I.;14:21:40;17:00:00;143;406;45,00;45,00;406;$;120.000.000,00;2;Negociada;14:24:47;;30-71411736-6;SAMEGER S.A;AO;;;;;
1513736;30/07/2026;No Garantizado;SI;SI;NO;FCE;NO;NO;C.I.;14:21:53;17:00:00;29;520;21,50;21,50;791;$;10.029.998,53;2;Negociada;15:44:05;%YFH;30-71433561-4;YPF S.A - COMPAÑIA DE HIDROCARBURO NO CONVENCIONAL SRL AREA LOMA CAMPANA UTE;;;;;;
1513737;30/07/2026;No Garantizado Calificado;SI;SI;NO;FCE;NO;NO;C.I.;14:22:52;17:00:00;29;520;21,50;21,50;791;$;211.629.109,30;1;Negociada;15:45:04;%YFP;30-54668997-9;YPF SOCIEDAD ANONIMA;;;;;;
1513738;30/07/2026;No Garantizado;NO;SI;NO;ECHEQ;NO;NO;C.I.;14:23:07;17:00:00;32;808;61,00;61,00;808;$;34.120.000,00;3;Negociada;14:25:08;;30-71640610-1;S&S SOLUTIONS S.A;AO;30-71640610-1;S&S SOLUTIONS S.A;;;
1513739;30/07/2026;No Garantizado;NO;SI;NO;ECHEQ;NO;NO;C.I.;14:23:20;17:00:00;63;808;62,00;62,00;808;$;7.500.000,00;1;Negociada;14:25:22;;30-71640610-1;S&S SOLUTIONS S.A;AO;30-71640610-1;S&S SOLUTIONS S.A;;;
1513740;30/07/2026;No Garantizado;NO;SI;NO;ECHEQ;NO;NO;C.I.;14:23:30;17:00:00;65;;;0,00;718;$;65.000.000,00;5;Desierta (Baja);;;30-67512133-4;ALIAGA AUTOMOTORES S R L;AO;30-67512133-4;ALIAGA AUTOMOTORES S R L;;;
1513741;30/07/2026;No Garantizado Calificado;NO;SI;NO;ECHEQ;NO;NO;C.I.;14:23:36;17:00:00;63;808;62,00;62,00;808;$;30.000.000,00;1;Negociada;14:25:38;;30-61977961-0;SINDICATO UNICO DE RECOLECCION DE RESIDUOS Y BARRIDO DE CORDOBA;AO;;;;;
1513742;30/07/2026;No Garantizado;SI;SI;NO;ECHEQ;NO;NO;C.I.;14:23:38;17:00:00;113;718;32,00;32,00;718;$;10.000.000,00;1;Negociada;14:25:40;;30-57839578-0;LA MORALEJA SOCIEDAD ANONIMA;AO;;;Certificado MiPyME;;
1513743;30/07/2026;No Garantizado Calificado;SI;SI;NO;ECHEQ;NO;NO;C.I.;14:23:47;17:00:00;76;718;32,00;32,00;718;$;5.000.000,00;1;Negociada;14:25:48;;30-55238544-2;I C A EMPRESA CONSTRUCTORA SOCIEDAD DE RESPONSABILIDAD LIMITADA;AO;30-55238544-2;I C A EMPRESA CONSTRUCTORA SOCIEDAD DE RESPONSABILIDAD LIMITADA;Certificado MiPyME;;
1513744;30/07/2026;No Garantizado Calificado;SI;SI;NO;FCE;NO;NO;C.I.;14:23:54;17:00:00;27;520;21,50;21,50;791;$;1.230.954.662,66;2;Negociada;15:45:47;%YFP;30-54668997-9;YPF SOCIEDAD ANONIMA;;;;;;
1513745;30/07/2026;No Garantizado;SI;NO;NO;ECHEQ;NO;NO;C.I.;14:24:01;17:00:00;174;406;30,00;30,00;767;$;11.223.437,90;2;Negociada;15:02:55;;33-71865790-9;RA87 S. R. L.;AO;30-70914058-9;ID ARGENTINA SA;Certificado MiPyME;;
1513746;30/07/2026;Avalado;;SI;NO;ECHEQ;NO;NO;C.I.;14:24:10;17:00:00;112;;;0,00;754;$;25.000.000,00;1;Desierta (Baja);;ACEN;;Avales del Centro S.G.R.;AO;;;;;
1513747;30/07/2026;No Garantizado;NO;NO;NO;ECHEQ;NO;NO;C.I.;14:24:19;17:00:00;153;;;;767;$;3.940.300,00;1;Desierta;;;33-65719765-9;ESTANCIAS Y CABANA LAS LILAS S. A.;AO;30-50342334-7;TALLERES METALURGICOS CRUCIANELLI SA;;;
1513748;30/07/2026;Avalado;;SI;NO;PAGARE;NO;NO;C.I.;14:24:33;17:00:00;180;406;25,00;25,00;406;$;13.724.393,80;1;Negociada;14:34:49;CREC;;Crecer S.G.R.;;;;;;
1513749;30/07/2026;No Garantizado;SI;NO;NO;ECHEQ;NO;NO;C.I.;14:24:40;17:00:00;163;406;30,00;30,00;767;$;7.288.800,41;3;Negociada;15:03:07;;33-57567123-9;POPPER SOCIEDAD ANONIMA;AO;30-70914058-9;ID ARGENTINA SA;Certificado MiPyME;;
1513750;30/07/2026;No Garantizado;NO;NO;NO;ECHEQ;NO;NO;C.I.;14:25:00;17:00:00;160;406;27,00;27,00;767;$;2.355.737,71;1;Negociada;15:03:17;;33-50322509-9;LA EMANCIPACION SOCIEDAD  COOPERATIVA  MIXTA, DE CONSUMO, PROVISION, TRANSFORMACION Y VENTA LIMITADA;AO;30-59317405-7;RIZOBACTER ARGENTINA S A;;;
1513751;30/07/2026;No Garantizado;NO;NO;NO;ECHEQ;NO;NO;C.I.;14:25:17;17:00:00;159;;;;767;$;28.411.200,00;1;Desierta;;;30-71843377-7;LA DERIVA AGROSERVICIOS S.A.;AO;30-64616777-5;METALFOR SA;;;
1513752;30/07/2026;No Garantizado;NO;NO;NO;ECHEQ;NO;NO;C.I.;14:25:39;17:00:00;160;406;27,00;27,00;767;$;5.015.562,47;1;Negociada;15:03:32;;30-71766885-1;RONAGRO S. A. S.;AO;30-59317405-7;RIZOBACTER ARGENTINA S A;;;
1513753;30/07/2026;No Garantizado;SI;SI;NO;ECHEQ;NO;NO;C.I.;14:25:52;17:00:00;65;718;34,00;34,00;718;$;65.000.000,00;5;Negociada;14:27:54;;30-67512133-4;ALIAGA AUTOMOTORES S R L;AO;30-67512133-4;ALIAGA AUTOMOTORES S R L;Certificado MiPyME;;
1513754;30/07/2026;No Garantizado;NO;NO;NO;ECHEQ;NO;NO;C.I.;14:26:10;17:00:00;209;;;;767;$;128.134.206,37;14;Desierta;;;30-71725158-6;PAJIN MAQUINARIAS S. A.;AO;30-50342334-7;TALLERES METALURGICOS CRUCIANELLI SA;;;
1513755;30/07/2026;No Garantizado;NO;NO;NO;ECHEQ;NO;NO;C.I.;14:26:30;17:00:00;200;;;;767;$;2.800.000,00;2;Desierta;;;30-71666644-8;DON ALADINO SOCIEDAD ANONIMA UNIPERSONAL;AO;30-71685537-2;PROCESOS INDUSTRIALES METALLO SA;;;
1513756;30/07/2026;No Garantizado;NO;NO;NO;ECHEQ;NO;NO;C.I.;14:27:00;17:00:00;153;;;;767;$;4.674.150,00;1;Desierta;;;30-71723625-0;AGROPECUARIA SAN ERNESTO S.A.S.;AO;30-50342334-7;TALLERES METALURGICOS CRUCIANELLI SA;;;
1513757;30/07/2026;No Garantizado;SI;NO;NO;ECHEQ;NO;NO;C.I.;14:27:20;17:00:00;159;406;28,00;28,00;767;$;1.803.481,59;1;Negociada;15:03:44;;30-71685109-1;VARTAT S.A.;AO;30-70914058-9;ID ARGENTINA SA;Certificado MiPyME;;
1513758;30/07/2026;No Garantizado;NO;NO;NO;ECHEQ;NO;NO;C.I.;14:27:44;17:00:00;175;406;27,00;27,00;767;$;80.637.927,50;4;Negociada;15:07:40;;30-71640405-2;CONDALIA SOCIEDAD POR ACCIONES SIMPLIFICADA;AO;30-59317405-7;RIZOBACTER ARGENTINA S A;;;
1513759;30/07/2026;No Garantizado;NO;SI;NO;ECHEQ;NO;NO;C.I.;14:27:55;17:00:00;59;434;28,50;28,50;434;$;250.000.000,00;17;Negociada;14:29:56;;30-59879747-8;COBENSIL S.A.;AO;30-59879747-8;COBENSIL S.A.;;;
1513760;30/07/2026;No Garantizado;NO;NO;NO;ECHEQ;NO;NO;C.I.;14:28:08;17:00:00;151;;;;767;$;1.050.000,00;1;Desierta;;;30-71632920-4;CIMBRA SAS;AO;30-50342334-7;TALLERES METALURGICOS CRUCIANELLI SA;;;
1513761;30/07/2026;Avalado;;SI;NO;ECHEQ;NO;NO;C.I.;14:28:12;17:00:00;90;406;24,00;24,00;11;$;14.036.831,40;5;Negociada;14:34:10;CREC;;Crecer S.G.R.;AO;;;;;
1513762;30/07/2026;No Garantizado;SI;NO;NO;ECHEQ;NO;NO;C.I.;14:28:24;17:00:00;160;406;28,00;28,00;767;$;4.000.000,00;1;Negociada;15:18:20;;30-71626375-0;DUILIO DEL GRECCO E HIJOS SRL;AO;30-70914058-9;ID ARGENTINA SA;Certificado MiPyME;;
1513763;30/07/2026;No Garantizado;SI;NO;NO;ECHEQ;NO;NO;C.I.;14:28:40;17:00:00;160;406;28,00;28,00;767;$;800.000,00;1;Negociada;15:04:04;;30-71603671-1;POTENZA SHOP S.A.S.;AO;30-70914058-9;ID ARGENTINA SA;Certificado MiPyME;;
1513764;30/07/2026;No Garantizado Calificado;NO;SI;NO;ECHEQ;NO;NO;C.I.;14:28:49;17:00:00;92;524;35,00;39,00;433;$;100.000.000,00;1;Negociada;14:32:25;;30-71332270-5;VITALCAN S.A.;AO;30-71332270-5;VITALCAN S.A.;;;
1513765;30/07/2026;No Garantizado;NO;NO;NO;ECHEQ;NO;NO;C.I.;14:28:59;17:00:00;160;;;;767;$;16.090.560,00;1;Desierta;;;30-71569186-4;LA LUISANA S.A.;AO;30-50342334-7;TALLERES METALURGICOS CRUCIANELLI SA;;;
1513766;30/07/2026;No Garantizado;NO;NO;NO;ECHEQ;NO;NO;C.I.;14:29:16;17:00:00;153;;;;767;$;13.376.776,29;1;Desierta;;;30-71564342-8;DYNAMIS S.R.L.;AO;30-50342334-7;TALLERES METALURGICOS CRUCIANELLI SA;;;
1513767;30/07/2026;No Garantizado;NO;NO;NO;ECHEQ;NO;NO;C.I.;14:29:42;17:00:00;193;;;;767;$;25.736.700,00;3;Desierta;;;30-71415531-4;ROLCKA S.R.L.;AO;30-71685537-2;PROCESOS INDUSTRIALES METALLO SA;;;
1513768;30/07/2026;No Garantizado Calificado;SI;NO;NO;ECHEQ;NO;NO;C.I.;14:30:14;17:00:00;151;;;;767;$;25.769.631,70;4;Desierta;;;30-71238604-1;LAS PAIVA S.A.;AO;30-68934701-7;CHIMAGRO SA;Certificado MiPyME;;
1513769;30/07/2026;No Garantizado Calificado;SI;NO;NO;ECHEQ;NO;NO;C.I.;14:30:33;17:00:00;153;;;;767;$;7.466.666,00;1;Desierta;;;30-71550642-0;DON ALBERTO SOCIEDAD SIMPLE;AO;30-68934701-7;CHIMAGRO SA;Certificado MiPyME;;
1513770;30/07/2026;No Garantizado;NO;NO;NO;ECHEQ;SI;NO;C.I.;14:30:54;17:00:00;160;406;27,00;27,00;767;$;51.018.001,16;1;Negociada;15:04:32;;30-71201565-5;HAMPTON  FARM S.A.;NO;30-59317405-7;RIZOBACTER ARGENTINA S A;;;
1513771;30/07/2026;Avalado;;SI;NO;ECHEQ;NO;NO;C.I.;14:31:05;17:00:00;142;;;0,00;433;$;58.419.841,28;3;Desierta (Baja);;FAEC;;FIDEICOM.DE AFECT. ESPEC.;AO;;;;;
1513772;30/07/2026;No Garantizado;NO;SI;NO;ECHEQ;NO;NO;C.I.;14:31:13;17:00:00;61;554;32,00;32,00;827;$;35.000.000,00;7;Negociada;14:33:14;;30-70891344-4;BRAEX S.A.;AO;30-70891344-4;BRAEX S.A.;;;
1513773;30/07/2026;Avalado;;SI;NO;ECHEQ;SI;NO;24Hs.;14:31:14;17:00:00;103;;;0,00;449;$;50.000.000,00;10;Desierta (Baja);;AVAL;;Avaluar S.G.R.;NO;;;;;
1513774;30/07/2026;Avalado;;SI;NO;ECHEQ;NO;NO;24Hs.;14:31:16;17:00:00;25;;;25,00;545;$;5.000.000,00;1;Desierta;;INPY;;Integra Pymes S.G.R.;AO;;;;;
1513775;30/07/2026;No Garantizado Calificado;SI;NO;NO;ECHEQ;NO;NO;C.I.;14:31:19;17:00:00;173;406;30,00;30,00;767;$;2.445.711,00;4;Negociada;15:07:50;;30-71178297-0;DESOALMA S.A.;AO;30-70914058-9;ID ARGENTINA SA;Certificado MiPyME;;
1513776;30/07/2026;Avalado;;SI;NO;ECHEQ;NO;NO;24Hs.;14:31:25;17:00:00;25;525;21,00;21,00;545;$;20.000.000,00;2;Negociada;15:40:20;CREC;;Crecer S.G.R.;AO;;;;;
1513777;30/07/2026;No Garantizado;NO;SI;NO;ECHEQ;NO;NO;C.I.;14:31:31;17:00:00;76;554;32,00;32,00;827;$;15.000.000,00;3;Negociada;14:33:32;;30-70891344-4;BRAEX S.A.;AO;30-70891344-4;BRAEX S.A.;;;
1513778;30/07/2026;No Garantizado;SI;SI;NO;ECHEQ;SI;NO;C.I.;14:32:10;17:00:00;13;569;24,50;24,50;598;$;119.171.521,86;1;Negociada;14:37:28;;30-59266547-2;TECPETROL S A;NO;;;Certificado MiPyME;;
1513779;30/07/2026;Avalado;;SI;NO;ECHEQ;SI;NO;24Hs.;14:32:21;17:00:00;103;;;24,00;449;$;50.000.000,00;10;Desierta;;AVAL;;Avaluar S.G.R.;NO;;;;;
1513780;30/07/2026;Avalado;;SI;NO;PAGARE;NO;NO;24Hs.;14:32:29;17:00:00;179;501;6,66;6,66;449;U$S;62.000,00;1;Negociada;15:33:16;FAEC;;FIDEICOM.DE AFECT. ESPEC.;;;;;;
1513781;30/07/2026;Avalado;;SI;NO;PAGARE;NO;NO;24Hs.;14:32:35;17:00:00;171;501;6,66;6,66;449;U$S;62.000,00;1;Negociada;15:32:09;FAEC;;FIDEICOM.DE AFECT. ESPEC.;;;;;;
1513782;30/07/2026;No Garantizado;SI;SI;NO;ECHEQ;NO;NO;24Hs.;14:32:42;17:00:00;31;572;28,00;28,00;598;$;56.950.768,73;2;Negociada;15:03:11;;33-65260768-9;PETROLEOS SUDAMERICANOS SA;AO;;;Certificado MiPyME;;
1513783;30/07/2026;Avalado;;SI;NO;ECHEQ;NO;NO;C.I.;14:33:42;17:00:00;10;545;23,00;23,00;568;$;9.700.646,80;3;Negociada;14:35:44;ARPY;;Argenpymes S.G.R.;AO;;;;;
1513784;30/07/2026;No Garantizado;SI;SI;NO;ECHEQ;SI;NO;C.I.;14:33:44;17:00:00;13;569;24,50;24,50;598;$;56.310.664,88;1;Negociada;14:37:46;;30-52655265-9;PAMPA ENERGIA S A;NO;;;Certificado MiPyME;;
1513785;30/07/2026;No Garantizado Calificado;NO;SI;NO;ECHEQ;NO;NO;C.I.;14:33:55;17:00:00;95;807;36,00;36,00;806;$;31.000.000,00;1;Negociada;14:35:56;;30-52801149-3;CLUB ATLETICO TUCUMAN;AO;30-52801149-3;CLUB ATLETICO TUCUMAN;;;
1513786;30/07/2026;No Garantizado Calificado;SI;NO;NO;ECHEQ;NO;NO;C.I.;14:34:54;17:00:00;176;;;;767;$;8.398.198,06;1;Desierta;;;30-71167333-0;CONSULTORA AGROPECUARIA SURCO NUEVO S.A.;AO;30-68934701-7;CHIMAGRO SA;Certificado MiPyME;;
1513787;30/07/2026;No Garantizado;NO;NO;NO;ECHEQ;NO;NO;C.I.;14:35:12;17:00:00;160;;;;767;$;4.000.000,00;1;Desierta;;;30-71116061-9;LA CORDOBESA COOPERATIVA DE TRABAJO LIMITADA;AO;30-50342334-7;TALLERES METALURGICOS CRUCIANELLI SA;;;
1513788;30/07/2026;No Garantizado Calificado;NO;NO;NO;ECHEQ;NO;NO;C.I.;14:35:32;17:00:00;188;;;;767;$;10.712.677,00;1;Desierta;;;30-71045803-7;DON CRUZ S.R.L.;AO;30-50342334-7;TALLERES METALURGICOS CRUCIANELLI SA;;;
1513789;30/07/2026;No Garantizado;NO;NO;NO;ECHEQ;NO;NO;C.I.;14:36:01;17:00:00;346;406;28,00;28,00;767;$;1.000.000.000,00;10;Negociada;15:08:43;;30-71015052-0;AGL S.A.;AO;30-71015052-0;AGL S.A.;;;
1513790;30/07/2026;No Garantizado;NO;NO;NO;ECHEQ;NO;NO;C.I.;14:36:24;17:00:00;173;406;27,00;27,00;767;$;69.093.243,22;6;Negociada;15:04:57;;30-70860256-2;GONZALEZ LISANDRO Y LEONARDO HNOS Y CIA. SRL;AO;30-59317405-7;RIZOBACTER ARGENTINA S A;;;
1513791;30/07/2026;No Garantizado;NO;NO;NO;ECHEQ;NO;NO;C.I.;14:36:41;17:00:00;177;406;27,00;27,00;767;$;42.039.725,00;2;Negociada;15:08:33;;30-70846494-1;AGROINVEST S.R.L.;AO;30-59317405-7;RIZOBACTER ARGENTINA S A;;;
1513792;30/07/2026;No Garantizado Calificado;NO;SI;NO;ECHEQ;NO;NO;C.I.;14:36:41;17:00:00;37;25;36,00;36,00;25;$;40.000.000,00;2;Negociada;14:38:43;;30-71175525-6;FLECHA LOG S.A.;AO;30-71175525-6;FLECHA LOG S.A.;;;
1513793;30/07/2026;No Garantizado;SI;SI;NO;ECHEQ;NO;NO;24Hs.;14:36:52;17:00:00;77;20;33,00;33,00;20;$;15.000.000,00;2;Negociada;14:48:14;;30-71301250-1;ACE INDUSTRIAL S.R.L.;AO;30-71301250-1;ACE INDUSTRIAL S.R.L.;Certificado MiPyME;;
1513794;30/07/2026;No Garantizado;SI;NO;NO;ECHEQ;NO;NO;C.I.;14:37:08;17:00:00;148;406;31,00;31,00;767;$;27.898.192,92;4;Negociada;15:04:20;;30-70843443-0;PINDAL S.A.;AO;30-70914058-9;ID ARGENTINA SA;Certificado MiPyME;;
1513795;30/07/2026;No Garantizado Calificado;NO;SI;NO;ECHEQ;NO;NO;C.I.;14:37:09;17:00:00;37;25;32,00;32,00;25;$;60.000.000,00;3;Negociada;14:39:11;;30-71175525-6;FLECHA LOG S.A.;AO;30-71175525-6;FLECHA LOG S.A.;;;
1513796;30/07/2026;Avalado;;SI;NO;ECHEQ;NO;NO;24Hs.;14:37:42;17:00:00;39;770;24,75;25,00;439;$;11.000.000,00;2;Negociada;14:39:43;NEUQ;;Neuquen Pymes S.G.R.;AO;;;;;
1513797;30/07/2026;No Garantizado;NO;NO;NO;ECHEQ;NO;NO;C.I.;14:38:24;17:00:00;160;406;27,00;27,00;767;$;64.296.763,56;3;Negociada;15:04:45;;30-70814684-2;GRANOS DEL OESTE SOCIEDAD ANONIMA;AO;30-59317405-7;RIZOBACTER ARGENTINA S A;;;
1513798;30/07/2026;No Garantizado;SI;NO;NO;ECHEQ;NO;NO;C.I.;14:38:42;17:00:00;160;;;;767;$;19.561.826,79;1;Desierta;;;30-71029063-2;INAGRO SOCIEDAD DE RESPONSABILIDAD LIMITADA;AO;30-68934701-7;CHIMAGRO SA;Certificado MiPyME;;
1513799;30/07/2026;Avalado;;SI;NO;ECHEQ;NO;NO;24Hs.;14:38:50;17:00:00;28;529;25,00;25,00;422;$;10.434.532,95;6;Negociada;16:15:10;CMFI;;BANCO COMAFI S.A.;AO;;;;;
1513800;30/07/2026;No Garantizado;NO;NO;NO;ECHEQ;NO;NO;C.I.;14:38:58;17:00:00;168;;;;767;$;2.560.948,89;1;Desierta;;;30-70808346-8;TERRAMORA SRL;AO;30-50342334-7;TALLERES METALURGICOS CRUCIANELLI SA;;;
1513801;30/07/2026;No Garantizado;NO;NO;NO;ECHEQ;NO;NO;C.I.;14:39:16;17:00:00;153;;;;767;$;10.133.333,33;1;Desierta;;;30-69732663-0;LA ADELAIDA SA;AO;30-50342334-7;TALLERES METALURGICOS CRUCIANELLI SA;;;
1513802;30/07/2026;No Garantizado;SI;NO;NO;ECHEQ;NO;NO;C.I.;14:39:34;17:00:00;166;;;;767;$;11.750.510,00;1;Desierta;;;30-69452343-5;FATCOW SA;AO;30-68934701-7;CHIMAGRO SA;Certificado MiPyME;;
1513803;30/07/2026;Avalado;;SI;NO;ECHEQ;NO;NO;24Hs.;14:39:37;17:00:00;208;727;28,00;28,00;11;$;90.000.000,00;3;Negociada;14:48:14;TRND;;Trend S.G.R.;AO;;;;;
1513804;30/07/2026;Avalado;;NO;NO;PAGARE;NO;NO;24Hs.;14:39:45;17:00:00;368;526;5,50;5,50;793;DOL;50.000,00;1;Negociada;15:26:58;POTE;;Potenciar S.G.R.;;;;;;
1513805;30/07/2026;No Garantizado;SI;NO;NO;ECHEQ;NO;NO;C.I.;14:39:51;17:00:00;152;406;27,00;27,00;767;$;794.856,09;1;Negociada;15:05:09;;30-68286611-6;MARIO DANA SRL;AO;30-70914058-9;ID ARGENTINA SA;Certificado MiPyME;;
1513806;30/07/2026;No Garantizado;SI;SI;NO;ECHEQ;NO;NO;C.I.;14:39:53;17:00:00;139;406;33,00;33,00;449;$;17.000.000,00;1;Negociada;14:58:36;;30-71647134-5;AGRO ALLPA S.A.S.;AO;30-68934701-7;CHIMAGRO SA;Certificado MiPyME;;
1513807;30/07/2026;No Garantizado;SI;SI;NO;ECHEQ;NO;NO;C.I.;14:40:05;17:00:00;123;406;33,00;33,00;449;$;14.362.614,72;1;Negociada;14:58:30;;30-50872011-0;COOPERATIVA AGRICOLA GANADERA TAMBERA LTDA. DE MONJE;AO;30-68934701-7;CHIMAGRO SA;Certificado MiPyME;;
1513808;30/07/2026;Avalado;;NO;NO;PAGARE;NO;NO;24Hs.;14:40:08;17:00:00;368;526;5,50;5,50;793;DOL;50.000,00;1;Negociada;15:26:50;POTE;;Potenciar S.G.R.;;;;;;
1513809;30/07/2026;No Garantizado;NO;NO;NO;ECHEQ;NO;NO;C.I.;14:40:14;17:00:00;237;;;;767;$;79.956.000,00;8;Desierta;;;30-67985458-1;EL INCA DE ALSINA S A;AO;30-50342334-7;TALLERES METALURGICOS CRUCIANELLI SA;;;
1513810;30/07/2026;No Garantizado;SI;SI;NO;ECHEQ;NO;NO;C.I.;14:40:17;17:00:00;126;406;33,00;33,00;449;$;17.000.000,00;1;Negociada;14:58:26;;30-71647134-5;AGRO ALLPA S.A.S.;AO;30-68934701-7;CHIMAGRO SA;Certificado MiPyME;;
1513811;30/07/2026;No Garantizado;SI;SI;NO;ECHEQ;NO;NO;C.I.;14:40:28;17:00:00;153;406;33,00;33,00;449;$;16.582.678,59;1;Negociada;14:58:17;;30-71647134-5;AGRO ALLPA S.A.S.;AO;30-68934701-7;CHIMAGRO SA;Certificado MiPyME;;
1513812;30/07/2026;Avalado;;SI;NO;ECHEQ;SI;NO;24Hs.;14:40:30;17:00:00;31;442;24,50;24,50;517;$;33.754.776,48;3;Negociada;14:42:32;AVAL;;Avaluar S.G.R.;NO;;;;;
1513813;30/07/2026;Avalado;;NO;NO;PAGARE;NO;NO;24Hs.;14:40:30;17:00:00;336;727;4,48;5,50;793;DOL;50.000,00;1;Negociada;15:35:53;POTE;;Potenciar S.G.R.;;;;;;
1513814;30/07/2026;Avalado;;SI;NO;ECHEQ;NO;NO;24Hs.;14:40:30;17:00:00;36;406;21,00;21,00;755;$;100.000.000,00;2;Negociada;16:34:00;BIND;;Garantias Bind S.G.R.;AO;;;;;
1513815;30/07/2026;No Garantizado;NO;NO;NO;ECHEQ;NO;NO;C.I.;14:40:47;17:00:00;183;;;;767;$;49.199.625,00;3;Desierta;;;30-50872851-0;COOPERATIVA COOPERATIVA GANADERA AGRICOLA Y DE CONSUMO PORTEÑA LTDA;AO;30-50342334-7;TALLERES METALURGICOS CRUCIANELLI SA;;;
1513816;30/07/2026;Avalado;;SI;NO;ECHEQ;NO;NO;24Hs.;14:40:47;17:00:00;33;501;19,50;19,50;536;$;5.500.000,00;1;Negociada;14:42:48;FOBA;;Fondo de Garantias Bs.As.;AO;;;;;
1513817;30/07/2026;Avalado;;NO;NO;PAGARE;NO;NO;24Hs.;14:40:50;17:00:00;336;727;4,48;5,50;793;DOL;50.000,00;1;Negociada;15:36:03;POTE;;Potenciar S.G.R.;;;;;;
1513818;30/07/2026;No Garantizado;NO;NO;NO;ECHEQ;SI;NO;C.I.;14:41:05;17:00:00;189;;;;767;$;2.279.652,61;1;Desierta;;;30-62968337-9;PINTUCCI Y GUIZZO SOCIEDAD ANONIMA S. A.;NO;30-50342334-7;TALLERES METALURGICOS CRUCIANELLI SA;;;
1513819;30/07/2026;No Garantizado;NO;NO;NO;ECHEQ;NO;NO;C.I.;14:41:24;17:00:00;256;;;;767;$;14.113.000,00;1;Desierta;;;30-56104473-9;JURAJ SOCIEDAD DE RESPONSABILIDAD LIMITADA;AO;30-50342334-7;TALLERES METALURGICOS CRUCIANELLI SA;;;
1513820;30/07/2026;No Garantizado;NO;NO;NO;ECHEQ;NO;NO;C.I.;14:41:40;17:00:00;167;;;;767;$;13.243.918,17;1;Desierta;;;30-53772127-4;TOMAS HNOS Y CIA SA;AO;30-50342334-7;TALLERES METALURGICOS CRUCIANELLI SA;;;
1513821;30/07/2026;Garantizado;SI;SI;NO;ECHEQ;NO;NO;24Hs.;14:41:49;17:00:00;61;523;21,00;21,00;568;$;1.000.000.000,00;2;Negociada;14:43:51;;;;AO;;;Certificado MiPyME;;
1513822;30/07/2026;No Garantizado;SI;NO;NO;ECHEQ;NO;NO;C.I.;14:41:55;17:00:00;180;406;30,00;30,00;767;$;14.350.000,00;1;Negociada;15:05:21;;30-52905759-4;MATEU SPORTS SOCIEDAD ANONIMA;AO;30-70914058-9;ID ARGENTINA SA;Certificado MiPyME;;
1513823;30/07/2026;No Garantizado;NO;NO;NO;ECHEQ;NO;NO;C.I.;14:42:14;17:00:00;160;406;27,00;27,00;767;$;1.952.565,32;2;Negociada;15:08:59;;27-14574325-2;BELTRAN ARACELI NOEMI;AO;30-59317405-7;RIZOBACTER ARGENTINA S A;;;
1513824;30/07/2026;No Garantizado;NO;NO;NO;ECHEQ;NO;NO;C.I.;14:42:30;17:00:00;244;;;;767;$;6.781.875,20;2;Desierta;;;27-03749234-0;RODRIGUEZ JURADO LONN;AO;30-50342334-7;TALLERES METALURGICOS CRUCIANELLI SA;;;
1513825;30/07/2026;No Garantizado;SI;NO;NO;ECHEQ;NO;NO;C.I.;14:42:53;17:00:00;160;;;;767;$;8.140.333,78;2;Desierta;;;23-41103649-9;CALDO GENARO AGUSTIN;AO;30-68934701-7;CHIMAGRO SA;Certificado MiPyME;;
1513826;30/07/2026;No Garantizado;NO;SI;NO;ECHEQ;NO;NO;C.I.;14:43:03;17:00:00;20;598;65,00;65,00;598;$;8.347.497,25;1;Negociada;14:45:04;;30-66673468-4;CONEXA SA;AO;30-71831147-7;AGROSERVICIOS FORMENTI S. A. S.;;;
1513827;30/07/2026;No Garantizado;NO;NO;NO;ECHEQ;NO;NO;C.I.;14:43:14;17:00:00;167;;;;767;$;14.461.270,00;1;Desierta;;;23-28652620-9;ZARAZAGA LUIS MARIA;AO;30-50342334-7;TALLERES METALURGICOS CRUCIANELLI SA;;;
1513828;30/07/2026;Avalado;;SI;NO;ECHEQ;NO;NO;24Hs.;14:43:30;17:00:00;42;406;19,00;19,00;720;$;153.510.828,11;28;Negociada;14:45:32;BAIN;;BANCO INDUSTRIAL SA;AO;;;;;
1513829;30/07/2026;No Garantizado;NO;NO;NO;ECHEQ;NO;NO;C.I.;14:43:36;17:00:00;188;;;;767;$;36.250.000,00;2;Desierta;;;23-11908629-9;IGUACEL MIGUEL ANGEL;AO;30-50342334-7;TALLERES METALURGICOS CRUCIANELLI SA;;;
1513830;30/07/2026;No Garantizado;SI;NO;NO;ECHEQ;NO;NO;C.I.;14:43:55;17:00:00;160;406;28,00;28,00;767;$;1.000.000,00;1;Negociada;15:05:35;;20-28988079-9;PACHECO RICARDO LEANDRO;AO;30-70914058-9;ID ARGENTINA SA;Certificado MiPyME;;
1513831;30/07/2026;No Garantizado;SI;SI;NO;ECHEQ;SI;NO;C.I.;14:43:57;17:00:00;55;770;25,00;25,00;770;$;140.130.953,75;4;Negociada;15:02:25;;30-67881435-7;TELEFONICA MOVILES ARGENTINA SOCIEDAD ANONIMA;NO;30-64563233-4;RETESAR S.A.;Certificado MiPyME;;
1513832;30/07/2026;Avalado;;SI;NO;ECHEQ;NO;NO;24Hs.;14:44:10;17:00:00;110;507;25,00;25,00;876;$;100.000.000,00;10;Negociada;14:46:11;CUAV;;Cuyo Aval S.G.R.;AO;;;;;
1513833;30/07/2026;No Garantizado Calificado;NO;NO;NO;ECHEQ;NO;NO;C.I.;14:44:11;17:00:00;160;;;;767;$;29.715.000,00;1;Desierta;;;20-28092217-0;GHIBAUDO CLAUDIO FRANCISCO;AO;30-50342334-7;TALLERES METALURGICOS CRUCIANELLI SA;;;
1513834;30/07/2026;Avalado;;SI;NO;ECHEQ;NO;NO;24Hs.;14:44:45;17:00:00;169;501;23,00;23,00;545;$;60.000.000,00;6;Negociada;15:49:57;FAEC;;FIDEICOM.DE AFECT. ESPEC.;AO;;;;;
1513835;30/07/2026;No Garantizado;SI;NO;NO;ECHEQ;NO;NO;C.I.;14:45:00;17:00:00;174;406;28,00;28,00;767;$;3.428.000,00;2;Negociada;15:05:48;;20-23812055-2;GONZALEZ GUSTAVO FABIAN;AO;30-70914058-9;ID ARGENTINA SA;Certificado MiPyME;;
1513836;30/07/2026;No Garantizado;SI;SI;NO;ECHEQ;NO;NO;24Hs.;14:45:24;17:00:00;113;523;22,00;22,00;433;$;354.140.534,74;11;Negociada;14:47:25;;30-68537634-9;TARJETA NARANJA S.A.U.;AO;;;Certificado MiPyME;;
1513837;30/07/2026;No Garantizado;SI;NO;NO;ECHEQ;NO;NO;C.I.;14:45:35;17:00:00;166;406;28,00;28,00;767;$;6.345.696,17;1;Negociada;15:08:00;;20-27831842-8;HARRIS IGNACIO ANDRES;AO;30-70914058-9;ID ARGENTINA SA;Certificado MiPyME;;
1513838;30/07/2026;No Garantizado;NO;NO;NO;ECHEQ;SI;NO;C.I.;14:45:51;17:00:00;223;;;;767;$;9.691.800,00;1;Desierta;;;20-27570510-2;RODRIGUEZ JUAN EUGENIO;NO;30-64616777-5;METALFOR SA;;;
1513839;30/07/2026;No Garantizado Calificado;SI;NO;NO;ECHEQ;NO;NO;C.I.;14:46:12;17:00:00;146;406;30,00;30,00;767;$;1.740.281,97;1;Negociada;15:09:34;;20-27128945-7;FERRO CARLOS GABRIEL;AO;30-70914058-9;ID ARGENTINA SA;Certificado MiPyME;;
1513840;30/07/2026;Avalado;;SI;NO;ECHEQ;NO;NO;24Hs.;14:46:32;17:00:00;60;501;19,50;21,00;537;$;24.000.000,00;2;Negociada;15:37:18;FOPA;;FO.GA.PAM SAPEM;AO;;;;;
1513841;30/07/2026;No Garantizado;NO;NO;NO;ECHEQ;NO;NO;C.I.;14:46:39;17:00:00;181;;;;767;$;1.196.000,00;1;Desierta;;;20-25210731-3;COMPAGNUCCI SERGIO DARIO;AO;30-50342334-7;TALLERES METALURGICOS CRUCIANELLI SA;;;
1513842;30/07/2026;No Garantizado;SI;NO;NO;ECHEQ;NO;NO;C.I.;14:47:03;17:00:00;174;406;28,00;28,00;767;$;3.281.269,26;4;Negociada;15:10:16;;20-20013675-7;BOLOGNA GUSTAVO ADRIAN;AO;30-70914058-9;ID ARGENTINA SA;Certificado MiPyME;;
1513843;30/07/2026;No Garantizado Calificado;NO;SI;NO;PAGARE;NO;NO;C.I.;14:47:13;17:00:00;69;568;37,00;37,00;568;$;100.000.000,00;1;Negociada;14:49:15;;30-71332270-5;VITALCAN S.A.;;30-71332270-5;VITALCAN S.A.;;;
1513844;30/07/2026;No Garantizado;NO;SI;NO;ECHEQ;NO;NO;24Hs.;14:47:28;17:00:00;88;;;23,00;764;$;16.461.706,15;2;Desierta;;;30-68537634-9;TARJETA NARANJA S.A.U.;AO;;;;;
1513845;30/07/2026;No Garantizado;NO;SI;NO;ECHEQ;NO;NO;C.I.;14:47:35;17:00:00;62;406;33,00;33,00;11;$;58.424.460,00;4;Negociada;15:06:02;;30-62968337-9;PINTUCCI Y GUIZZO SOCIEDAD ANONIMA S. A.;AO;;;;;
1513846;30/07/2026;No Garantizado;SI;NO;NO;ECHEQ;NO;NO;C.I.;14:47:44;17:00:00;152;406;28,00;28,00;767;$;1.909.296,73;4;Negociada;15:10:29;;20-18028186-0;IGLESIAS SEBASTIAN;AO;30-70914058-9;ID ARGENTINA SA;Certificado MiPyME;;
1513847;30/07/2026;No Garantizado;NO;SI;NO;ECHEQ;NO;NO;C.I.;14:47:47;17:00:00;64;406;33,00;33,00;11;$;60.000.000,00;2;Negociada;15:05:56;;20-34649956-8;CALATRONI LEONARDO JAVIER;AO;;;;;
1513848;30/07/2026;No Garantizado;SI;SI;NO;ECHEQ;NO;NO;24Hs.;14:47:51;17:00:00;112;433;22,00;22,00;433;$;47.578.181,83;8;Negociada;15:54:00;;30-68537634-9;TARJETA NARANJA S.A.U.;AO;;;Certificado MiPyME;;
1513849;30/07/2026;No Garantizado;NO;SI;NO;ECHEQ;NO;NO;C.I.;14:47:57;17:00:00;222;406;33,00;33,00;11;$;27.805.968,00;1;Negociada;15:05:23;;20-28582735-4;ECIOLAZA OSCAR ALBERTO;AO;;;;;
1513850;30/07/2026;No Garantizado;NO;SI;NO;ECHEQ;NO;NO;C.I.;14:48:07;17:00:00;125;406;33,00;33,00;11;$;5.000.000,00;1;Negociada;15:05:07;;20-33614936-4;DUARTE LEANDRO ARIEL;AO;;;;;
1513851;30/07/2026;No Garantizado;NO;NO;NO;ECHEQ;NO;NO;C.I.;14:48:07;17:00:00;181;;;;767;$;75.403.623,50;5;Desierta;;;20-16201347-6;SALAZAR ANGEL HUMBERTO;AO;30-50342334-7;TALLERES METALURGICOS CRUCIANELLI SA;;;
1513852;30/07/2026;Avalado;;SI;NO;ECHEQ;NO;NO;24Hs.;14:48:24;17:00:00;28;501;19,50;19,50;537;$;59.490.053,18;10;Negociada;15:36:34;FOPA;;FO.GA.PAM SAPEM;AO;;;;;
1513853;30/07/2026;No Garantizado;SI;NO;NO;ECHEQ;NO;NO;C.I.;14:48:27;17:00:00;172;406;30,00;30,00;767;$;8.433.095,00;3;Negociada;15:10:39;;20-14712125-4;EYHERABIDE EDGARDO D ANIEL;AO;30-70914058-9;ID ARGENTINA SA;Certificado MiPyME;;
1513854;30/07/2026;No Garantizado;SI;NO;NO;ECHEQ;NO;NO;C.I.;14:48:45;17:00:00;174;406;30,00;30,00;767;$;6.262.204,40;2;Negociada;15:10:49;;20-12408576-5;MARQUES DOS SANTOS OSCAR HUMBERTO;AO;30-70914058-9;ID ARGENTINA SA;Certificado MiPyME;;
1513855;30/07/2026;No Garantizado;NO;SI;NO;ECHEQ;NO;NO;C.I.;14:49:01;17:00:00;95;764;33,00;33,00;764;$;25.000.000,00;1;Negociada;14:52:01;;30-69523708-8;PET SUPPLIES INTL SA;AO;;;;;
1513856;30/07/2026;No Garantizado Calificado;SI;NO;NO;ECHEQ;NO;NO;C.I.;14:49:05;17:00:00;171;406;31,00;31,00;767;$;8.319.610,00;2;Negociada;15:11:01;;20-11806301-6;VANOLI HUGO MARIO;AO;30-70914058-9;ID ARGENTINA SA;Certificado MiPyME;;
1513857;30/07/2026;No Garantizado;NO;NO;NO;ECHEQ;NO;NO;C.I.;14:49:21;17:00:00;151;;;;767;$;113.960.000,00;1;Desierta;;;20-22602013-7;ALLASINO LUIS RAMON;AO;30-50342334-7;TALLERES METALURGICOS CRUCIANELLI SA;;;
1513858;30/07/2026;No Garantizado;NO;NO;NO;ECHEQ;NO;NO;C.I.;14:49:34;17:00:00;181;;;;767;$;1.894.000,00;1;Desierta;;;20-16169534-4;PERASSI MIGUEL ANGEL;AO;30-50342334-7;TALLERES METALURGICOS CRUCIANELLI SA;;;
1513859;30/07/2026;Avalado;;SI;NO;ECHEQ;NO;NO;24Hs.;14:49:35;17:00:00;110;;;25,00;442;$;5.000.000,00;1;Desierta;;MOVI;;MOVIL S.G.R.;AO;;;;;
1513860;30/07/2026;No Garantizado;SI;NO;NO;ECHEQ;NO;NO;C.I.;14:49:50;17:00:00;151;406;30,00;30,00;767;$;5.000.000,00;1;Negociada;15:06:32;;20-07595629-1;WENGIER JORGE SERGIO;AO;30-70914058-9;ID ARGENTINA SA;Certificado MiPyME;;
1513861;30/07/2026;No Garantizado;SI;NO;NO;ECHEQ;NO;NO;C.I.;14:50:02;17:00:00;159;406;28,00;28,00;767;$;10.854.653,75;1;Negociada;15:10:02;;20-10052800-3;COSANELLI ANIBAL SANTOS;AO;30-70914058-9;ID ARGENTINA SA;Certificado MiPyME;;
1513862;30/07/2026;No Garantizado;SI;NO;NO;ECHEQ;NO;NO;C.I.;14:50:16;17:00:00;159;406;28,00;28,00;767;$;5.000.000,00;1;Negociada;15:09:48;;20-14305977-5;CARAMELLINO GUSTAVO MARIA;AO;30-70914058-9;ID ARGENTINA SA;Certificado MiPyME;;
1513863;30/07/2026;No Garantizado;NO;NO;NO;ECHEQ;NO;NO;C.I.;14:50:28;17:00:00;307;;;;767;$;33.343.065,00;1;Desierta;;;20-11325921-4;SCARPECCIO RUBEN DARIO;AO;30-50342334-7;TALLERES METALURGICOS CRUCIANELLI SA;;;
1513864;30/07/2026;No Garantizado;NO;NO;NO;ECHEQ;NO;NO;C.I.;14:50:44;17:00:00;196;;;;767;$;6.831.183,18;1;Desierta;;;20-11483984-2;GUERRERO CARLOS ALBERTO;AO;30-50342334-7;TALLERES METALURGICOS CRUCIANELLI SA;;;
1513865;30/07/2026;No Garantizado;NO;SI;NO;PAGARE;NO;NO;C.I.;14:50:59;17:00:00;105;406;25,00;25,00;406;$;538.500.000,00;1;Negociada;14:53:00;;30-51041353-5;GREGORIO NUMO Y NOEL WERTHEIN S A AGRICOLA GANADERA COMERCIAL E INMOBILIARIA;;30-51041353-5;GREGORIO NUMO Y NOEL WERTHEIN S A AGRICOLA GANADERA COMERCIAL E INMOBILIARIA;;;
1513866;30/07/2026;No Garantizado Calificado;NO;NO;NO;ECHEQ;NO;NO;C.I.;14:51:00;17:00:00;263;;;;767;$;14.522.866,50;1;Desierta;;;20-21991269-3;IGLESIAS NORBERTO ALEJANDRO;AO;30-50342334-7;TALLERES METALURGICOS CRUCIANELLI SA;;;
1513867;30/07/2026;No Garantizado;NO;SI;NO;PAGARE;NO;NO;C.I.;14:51:39;17:00:00;112;507;25,00;25,00;406;$;538.500.000,00;1;Negociada;14:57:34;;30-51041353-5;GREGORIO NUMO Y NOEL WERTHEIN S A AGRICOLA GANADERA COMERCIAL E INMOBILIARIA;;30-51041353-5;GREGORIO NUMO Y NOEL WERTHEIN S A AGRICOLA GANADERA COMERCIAL E INMOBILIARIA;;;
1513868;30/07/2026;No Garantizado;NO;SI;NO;ECHEQ;NO;NO;C.I.;14:51:56;17:00:00;26;554;34,00;34,00;554;$;9.483.254,66;2;Negociada;14:53:58;;30-70738874-5;LORENZO AUTOMOTORES S.A.;AO;30-71688021-0;MANLY S.A.;;;
1513869;30/07/2026;No Garantizado;NO;SI;NO;ECHEQ;NO;NO;24Hs.;14:52:36;17:00:00;48;;;;526;$;40.000.000,00;2;Desierta (Baja);;;30-70833310-3;LAROCCA NEUMATICOS S A;AO;30-70833310-3;LAROCCA NEUMATICOS S A;;;
1513870;30/07/2026;No Garantizado Calificado;NO;SI;NO;ECHEQ;NO;NO;C.I.;14:52:43;17:00:00;28;587;28,00;28,00;587;$;204.650.000,00;4;Negociada;14:54:45;;30-50964587-2;DORRONZORO HNOS S. A.;AO;30-50964587-2;DORRONZORO HNOS S. A.;;;
1513871;30/07/2026;Avalado;;SI;NO;ECHEQ;NO;NO;24Hs.;14:52:59;17:00:00;87;;;26,00;545;$;5.000.000,00;1;Desierta;;ACEN;;Avales del Centro S.G.R.;AO;;;;;
1513872;30/07/2026;No Garantizado;SI;SI;NO;ECHEQ;NO;NO;24Hs.;14:53:49;17:00:00;21;723;26,00;26,00;559;$;4.395.743,35;1;Negociada;15:15:06;;30-71198576-6;DELIVERY HERO E-COMMERCE S. A.;AO;;;Certificado MiPyME;;
1513873;30/07/2026;Garantizado;SI;SI;NO;ECHEQ;NO;NO;24Hs.;14:54:07;17:00:00;34;406;20,99;21,00;43;$;77.874.323,92;5;Negociada;14:56:08;;;;AO;;;Certificado MiPyME;;
1513874;30/07/2026;No Garantizado;NO;SI;NO;PAGARE;NO;NO;24Hs.;14:55:13;17:00:00;63;20;33,00;33,00;20;$;50.000.000,00;1;Negociada;14:57:15;;30-53284754-7;BAZAR AVENIDA S. A.;;30-53284754-7;BAZAR AVENIDA S. A.;;;
1513875;30/07/2026;No Garantizado;NO;SI;NO;ECHEQ;NO;NO;C.I.;14:55:45;17:00:00;15;568;25,99;25,99;767;$;485.536.377,54;47;Negociada;15:06:46;;30-68537634-9;TARJETA NARANJA S.A.U.;AO;30-64969536-5;ROSSO HNOS.   S.A.;;;
1513876;30/07/2026;No Garantizado;NO;SI;NO;ECHEQ;NO;NO;C.I.;14:55:46;17:00:00;62;401;32,00;32,00;401;$;650.000,00;1;Negociada;14:57:48;;30-71123858-8;FRINOA LOGISTICA S.R.L.;AO;20-36838879-4;BESTANI HUGO MAXIMILIANO;;;
1513877;30/07/2026;Avalado;;SI;NO;ECHEQ;NO;NO;24Hs.;14:55:57;17:00:00;90;406;20,00;20,00;720;$;32.969.489,44;35;Negociada;14:57:58;BAIN;;BANCO INDUSTRIAL SA;AO;;;;;
1513878;30/07/2026;No Garantizado;NO;SI;NO;ECHEQ;NO;NO;C.I.;14:56:01;17:00:00;27;401;32,00;32,00;401;$;1.538.000,00;1;Negociada;14:58:02;;30-71196896-9;GRUPO LOS YACONES SRL;AO;20-36838879-4;BESTANI HUGO MAXIMILIANO;;;
1513879;30/07/2026;Avalado;;SI;NO;ECHEQ;NO;NO;24Hs.;14:56:15;17:00:00;85;406;20,00;20,00;720;$;38.518.186,14;42;Negociada;14:58:17;BAIN;;BANCO INDUSTRIAL SA;AO;;;;;
1513880;30/07/2026;No Garantizado;NO;SI;NO;ECHEQ;NO;NO;C.I.;14:56:26;17:00:00;62;401;32,00;32,00;401;$;189.000,00;1;Negociada;14:58:28;;30-71621819-4;SICUREZZA BROKERS SRL;AO;20-36838879-4;BESTANI HUGO MAXIMILIANO;;;
1513881;30/07/2026;No Garantizado;NO;SI;NO;ECHEQ;NO;NO;C.I.;14:56:32;17:00:00;27;767;46,00;46,00;767;$;12.435.930,00;2;Negociada;14:58:34;;30-50228166-2;RAYEN CURA SOCIEDAD ANONIMA, INDUSTRIAL Y COMERCIAL S. A.;AO;;;;;
1513882;30/07/2026;Avalado;;SI;NO;ECHEQ;NO;NO;24Hs.;14:56:50;17:00:00;135;;;24,00;559;$;100.000.000,00;4;Desierta;;SOLI;;Solidum S.G.R.;AO;;;;;
1513883;30/07/2026;No Garantizado Calificado;NO;SI;NO;ECHEQ;NO;NO;C.I.;14:56:54;17:00:00;21;401;32,00;32,00;401;$;274.393,51;1;Negociada;14:58:55;;30-65915118-5;HIJOS DE SALVADOR MUÑOZ S. A.;AO;20-36838879-4;BESTANI HUGO MAXIMILIANO;;;
1513884;30/07/2026;No Garantizado;SI;SI;NO;ECHEQ;NO;NO;C.I.;14:57:20;17:00:00;65;559;37,00;37,00;559;$;75.000.000,00;3;Negociada;15:01:50;;30-71133610-5;ECOFACTORY S.R.L.;AO;30-71133610-5;ECOFACTORY S.R.L.;Certificado MiPyME;;
1513885;30/07/2026;No Garantizado;SI;SI;NO;ECHEQ;NO;NO;24Hs.;14:57:23;17:00:00;48;572;30,00;30,00;526;$;40.000.000,00;2;Negociada;14:59:27;;30-70833310-3;LAROCCA NEUMATICOS S A;AO;30-70833310-3;LAROCCA NEUMATICOS S A;Certificado MiPyME;;
1513886;30/07/2026;Avalado;;SI;NO;ECHEQ;NO;NO;24Hs.;14:58:24;17:00:00;84;11;24,00;24,00;11;$;17.500.000,00;7;Negociada;15:24:04;FAEC;;FIDEICOM.DE AFECT. ESPEC.;AO;;;;;
1513887;30/07/2026;Avalado;;SI;NO;ECHEQ;NO;NO;24Hs.;14:58:34;17:00:00;156;;;25,00;11;$;5.000.000,00;2;Desierta;;FAEC;;FIDEICOM.DE AFECT. ESPEC.;AO;;;;;
1513888;30/07/2026;Avalado;;SI;NO;ECHEQ;NO;NO;24Hs.;14:58:44;17:00:00;68;11;24,00;24,00;11;$;3.600.000,00;1;Negociada;15:24:41;FIDU;;Fid Aval S.G.R.;AO;;;;;
1513889;30/07/2026;Garantizado;NO;SI;NO;ECHEQ;NO;NO;24Hs.;14:58:54;17:00:00;32;523;25,00;25,00;767;$;3.150.000,00;1;Negociada;15:00:57;;;;AO;;;;;
1513890;30/07/2026;Avalado;;SI;NO;ECHEQ;NO;NO;24Hs.;14:58:55;17:00:00;47;406;23,00;23,00;11;$;150.000.000,00;1;Negociada;16:15:48;TRND;;Trend S.G.R.;AO;;;;;
1513891;30/07/2026;Avalado;;SI;NO;ECHEQ;NO;NO;C.I.;14:58:56;17:00:00;20;15;23,00;23,00;15;$;173.027.759,97;3;Negociada;15:33:16;POTE;;Potenciar S.G.R.;AO;;;;;
1513892;30/07/2026;No Garantizado;NO;SI;NO;ECHEQ;NO;NO;C.I.;14:59:33;17:00:00;118;754;34,00;34,00;754;$;13.535.840,00;4;Negociada;15:01:34;;30-61420397-4;VMG SOCIEDAD ANONIMA;AO;;;;;
1513893;30/07/2026;No Garantizado;NO;SI;NO;ECHEQ;NO;NO;C.I.;14:59:56;17:00:00;102;754;34,00;34,00;754;$;10.151.880,00;3;Negociada;15:01:58;;30-61420397-4;VMG SOCIEDAD ANONIMA;AO;;;;;
1513894;30/07/2026;No Garantizado;SI;SI;NO;ECHEQ;NO;NO;C.I.;15:02:46;17:00:00;34;569;33,00;33,00;569;$;28.000.000,00;4;Negociada;15:04:47;;30-71502181-8;COMPAÑIA LAS ISLAS S.A.;AO;30-71502181-8;COMPAÑIA LAS ISLAS S.A.;Certificado MiPyME;;
1513895;30/07/2026;No Garantizado;SI;SI;NO;ECHEQ;NO;NO;C.I.;15:02:59;17:00:00;13;423;38,00;38,00;423;$;1.089.000,00;1;Negociada;15:08:14;;30-57339108-6;ROVIAL S A;AO;30-71548977-1;IMG RENTAL SRL;Certificado MiPyME;;
1513896;30/07/2026;No Garantizado;SI;SI;NO;ECHEQ;NO;NO;C.I.;15:03:24;17:00:00;55;423;38,00;38,00;423;$;1.607.791,18;1;Negociada;15:07:54;;30-71670801-9;NEO MONTAJES S.A.S.;AO;30-71548977-1;IMG RENTAL SRL;Certificado MiPyME;;
1513897;30/07/2026;No Garantizado;SI;SI;NO;ECHEQ;NO;NO;C.I.;15:03:41;17:00:00;56;423;38,00;38,00;423;$;27.803.491,07;1;Negociada;15:07:36;;30-50382642-5;MENARA CONSTRUCCIONES S. A.;AO;30-71548977-1;IMG RENTAL SRL;Certificado MiPyME;;
1513898;30/07/2026;No Garantizado;NO;SI;NO;PAGARE;NO;NO;C.I.;15:03:43;17:00:00;248;545;75,00;75,00;545;$;29.153.703,63;12;Negociada;15:11:46;;30-71668917-0;FINPACT SOC. POR ACCIONES SIMPLIFICADA;;30-71668917-0;FINPACT SOC. POR ACCIONES SIMPLIFICADA;;;
1513899;30/07/2026;No Garantizado Calificado;SI;SI;NO;FCE;NO;NO;C.I.;15:05:44;17:00:00;34;502;22,00;22,00;791;$;157.891.299,81;1;Negociada;15:07:46;%YFP;30-54668997-9;YPF SOCIEDAD ANONIMA;;;;;;
1513900;30/07/2026;Avalado;;SI;NO;ECHEQ;NO;NO;24Hs.;15:05:57;17:00:00;99;;;0,00;832;$;102.138.231,88;12;Desierta (Baja);;POTE;;Potenciar S.G.R.;AO;;;;;
1513901;30/07/2026;No Garantizado Calificado;NO;SI;NO;PAGARE;NO;NO;C.I.;15:06:11;17:00:00;34;569;9,80;9,80;553;U$D;1.670.730,00;2;Negociada;15:18:52;;30-70934626-8;CROWN POINT ENERGIA S.A.;;30-70934626-8;CROWN POINT ENERGIA S.A.;;;
1513902;30/07/2026;Avalado;;SI;NO;ECHEQ;NO;NO;24Hs.;15:06:12;17:00:00;84;525;23,00;23,00;598;$;44.000.000,00;5;Negociada;16:21:06;ACPY;;Acindar Pymes S.G.R.;AO;;;;;
1513903;30/07/2026;No Garantizado;SI;SI;NO;ECHEQ;NO;NO;C.I.;15:06:27;17:00:00;36;526;36,00;36,00;526;$;5.220.130,18;1;Negociada;15:08:29;;30-71139933-6;GRUPO VARSOVIA S. R. L.;AO;;;Certificado MiPyME;;
1513904;30/07/2026;No Garantizado;NO;SI;NO;ECHEQ;NO;NO;24Hs.;15:06:45;17:00:00;29;545;50,00;50,00;545;$;3.164.543,33;2;Negociada;15:21:06;;30-71454967-3;QUEBRACHO BLANCO S.R.L.;AO;;;;;
1513905;30/07/2026;Avalado;;SI;NO;ECHEQ;NO;NO;C.I.;15:07:02;17:00:00;25;;;0,00;764;$;125.276.911,22;1;Desierta (Baja);;ACPY;;Acindar Pymes S.G.R.;AO;;;;;
1513906;30/07/2026;Avalado;;SI;NO;ECHEQ;NO;NO;24Hs.;15:07:05;17:00:00;98;406;24,00;24,00;839;$;200.000.000,00;8;Negociada;16:15:20;TRND;;Trend S.G.R.;AO;;;;;
1513907;30/07/2026;No Garantizado;SI;SI;NO;ECHEQ;NO;NO;C.I.;15:07:21;17:00:00;21;526;36,00;36,00;526;$;3.000.000,00;2;Negociada;15:09:23;;30-71454335-7;PALERMO MATERIALES S.A.;AO;;;Certificado MiPyME;;
1513908;30/07/2026;Avalado;;SI;NO;ECHEQ;NO;NO;C.I.;15:07:32;17:00:00;100;;;0,00;832;$;102.138.231,88;12;Desierta (Baja);;POTE;;Potenciar S.G.R.;AO;;;;;
1513909;30/07/2026;No Garantizado;SI;SI;NO;ECHEQ;NO;NO;C.I.;15:07:56;17:00:00;46;526;36,00;36,00;526;$;12.674.142,78;1;Negociada;15:09:58;;34-99903208-9;GOBIERNO DE LA CIUDAD DE BUENOS AIRES;AO;;;Certificado MiPyME;;
1513910;30/07/2026;No Garantizado;SI;SI;NO;ECHEQ;NO;NO;C.I.;15:08:22;17:00:00;40;526;36,00;36,00;526;$;5.165.972,00;1;Negociada;15:10:24;;30-58812116-6;ANTARES OBRAS Y SERVICIOS SA;AO;;;Certificado MiPyME;;
1513911;30/07/2026;No Garantizado;NO;SI;NO;ECHEQ;NO;NO;C.I.;15:08:58;17:00:00;52;764;34,00;34,00;764;$;50.000.000,00;5;Negociada;15:12:43;;30-71144158-8;DESARROLLOS AGROPECUARIOS S.R.L.;AO;;;;;
1513912;30/07/2026;No Garantizado;NO;SI;NO;PAGARE;NO;NO;24Hs.;15:09:33;17:00:00;199;754;11,00;11,00;754;DOL;20.000,00;2;Negociada;15:11:35;;20-23592127-9;LINGUA LUCAS FRANCISCO;;20-23592127-9;LINGUA LUCAS FRANCISCO;;;
1513913;30/07/2026;No Garantizado;NO;SI;NO;ECHEQ;NO;NO;C.I.;15:09:36;17:00:00;62;832;29,00;29,00;832;$;150.000.000,00;3;Negociada;15:16:27;;30-50357927-4;CYRE SA;AO;30-50357927-4;CYRE SA;;;
1513914;30/07/2026;No Garantizado;NO;SI;NO;PAGARE;NO;NO;24Hs.;15:09:56;17:00:00;196;754;11,00;11,00;754;DOL;10.000,00;1;Negociada;15:11:58;;20-23592127-9;LINGUA LUCAS FRANCISCO;;20-23592127-9;LINGUA LUCAS FRANCISCO;;;
1513915;30/07/2026;Avalado;;SI;NO;ECHEQ;NO;NO;24Hs.;15:11:00;17:00:00;86;754;23,00;23,00;754;$;20.000.000,00;2;Negociada;15:13:01;TRND;;Trend S.G.R.;AO;;;;;
1513916;30/07/2026;Avalado;;SI;NO;ECHEQ;NO;NO;24Hs.;15:11:15;17:00:00;136;;;20,00;754;$;1.700.000,00;1;Desierta;;ARPY;;Argenpymes S.G.R.;AO;;;;;
1513917;30/07/2026;Avalado;;SI;NO;PAGARE;NO;NO;24Hs.;15:11:26;17:00:00;318;727;5,78;6,00;764;DOL;25.000,00;1;Negociada;15:36:26;ARPY;;Argenpymes S.G.R.;;;;;;
1513918;30/07/2026;No Garantizado;NO;SI;NO;PAGARE;NO;NO;C.I.;15:12:37;17:00:00;41;587;35,00;35,00;587;$;1.791.216.451,00;3;Negociada;15:14:39;;30-71506007-4;PROLIP SRL;;30-71506007-4;PROLIP SRL;;;
1513919;30/07/2026;Avalado;;SI;NO;ECHEQ;NO;NO;24Hs.;15:13:25;17:00:00;87;770;24,75;25,00;716;$;5.000.000,00;1;Negociada;15:16:25;ARPY;;Argenpymes S.G.R.;AO;;;;;
1513920;30/07/2026;Avalado;;SI;NO;ECHEQ;NO;NO;24Hs.;15:13:27;17:00:00;91;439;29,00;29,00;502;$;12.500.000,00;1;Negociada;16:41:07;SOLI;;Solidum S.G.R.;AO;;;;;
1513921;30/07/2026;Avalado;;SI;NO;ECHEQ;NO;NO;24Hs.;15:13:59;17:00:00;46;525;22,00;22,00;545;$;10.000.000,00;1;Negociada;15:45:35;ARPY;;Argenpymes S.G.R.;AO;;;;;
1513922;30/07/2026;Avalado;;SI;NO;PAGARE;NO;NO;24Hs.;15:15:31;17:00:00;361;;;6,00;534;U$D;15.000,00;1;Desierta;;ARPY;;Argenpymes S.G.R.;;;;;;
1513923;30/07/2026;No Garantizado;NO;SI;NO;ECHEQ;NO;NO;C.I.;15:16:10;17:00:00;46;406;33,00;33,00;11;$;8.000.000,00;1;Negociada;15:21:45;;30-66710330-0;COSECHAR S A;AO;;;;;
1513924;30/07/2026;Avalado;;SI;NO;ECHEQ;NO;NO;C.I.;15:16:14;17:00:00;148;406;25,00;25,00;406;$;57.000.000,00;11;Negociada;15:25:45;ARPY;;Argenpymes S.G.R.;AO;;;;;
1513925;30/07/2026;No Garantizado Calificado;SI;SI;NO;ECHEQ;NO;NO;C.I.;15:16:45;17:00:00;51;718;35,00;35,00;718;$;25.000.000,00;4;Negociada;15:18:46;;20-37442887-0;GALVEZ OSCAR GABRIEL;AO;20-37442887-0;GALVEZ OSCAR GABRIEL;Certificado MiPyME;;
1513926;30/07/2026;Avalado;;SI;NO;ECHEQ;NO;NO;24Hs.;15:17:15;17:00:00;50;569;26,00;26,00;569;$;90.000.000,00;3;Negociada;15:54:18;ZOFI;;Zofingen S.G.R.;AO;;;;;
1513927;30/07/2026;Avalado;;SI;NO;ECHEQ;NO;NO;24Hs.;15:17:26;17:00:00;76;569;27,00;28,00;569;$;210.000.000,00;8;Negociada;15:54:45;ZOFI;;Zofingen S.G.R.;AO;;;;;
1513928;30/07/2026;Avalado;;SI;NO;ECHEQ;NO;NO;24Hs.;15:18:16;17:00:00;45;406;21,00;21,00;11;$;39.766.285,94;12;Negociada;16:08:26;BIND;;Garantias Bind S.G.R.;AO;;;;;
1513929;30/07/2026;No Garantizado;NO;SI;NO;PAGARE;NO;NO;24Hs.;15:18:51;17:00:00;367;406;7,00;7,00;406;DOL;642.000,00;4;Negociada;15:29:08;;30-71496159-0;GUIGIVAN S.R.L. S. R. L.;;30-71496159-0;GUIGIVAN S.R.L. S. R. L.;;;
1513930;30/07/2026;Avalado;;SI;NO;PAGARE;NO;NO;24Hs.;15:19:17;17:00:00;334;770;7,00;7,00;11;U$S;25.000,00;1;Negociada;15:21:18;INPY;;Integra Pymes S.G.R.;;;;;;
1513931;30/07/2026;Avalado;;SI;NO;ECHEQ;NO;NO;24Hs.;15:19:28;17:00:00;147;;;29,00;502;$;37.500.000,00;3;Desierta;;SOLI;;Solidum S.G.R.;AO;;;;;
1513932;30/07/2026;No Garantizado;NO;SI;NO;ECHEQ;NO;NO;C.I.;15:19:29;17:00:00;133;;;0,00;47;$;5.000.000,00;1;Desierta (Baja);;;30-71511397-6;JET OIL TECHNOLOGY SA;AO;30-71511397-6;JET OIL TECHNOLOGY SA;;;
1513933;30/07/2026;No Garantizado;NO;SI;NO;ECHEQ;NO;NO;C.I.;15:19:51;17:00:00;133;47;36,00;36,00;47;$;5.000.000,00;1;Negociada;15:21:53;;30-71511397-6;JET OIL TECHNOLOGY SA;AO;30-71511397-6;JET OIL TECHNOLOGY SA;;;
1513934;30/07/2026;No Garantizado;NO;SI;NO;ECHEQ;NO;NO;C.I.;15:20:14;17:00:00;34;767;24,00;24,00;767;$;3.525.340,00;1;Negociada;15:22:15;;30-54586767-9;SOCIEDAD ITALIANA DE BENEFICENCIA EN BUENOS AIRES;AO;;;;;
1513935;30/07/2026;Avalado;;SI;NO;ECHEQ;NO;NO;24Hs.;15:21:08;17:00:00;32;406;22,00;22,00;11;$;21.455.462,00;1;Negociada;16:36:00;CREC;;Crecer S.G.R.;AO;;;;;
1513936;30/07/2026;Avalado;;SI;NO;ECHEQ;NO;NO;24Hs.;15:21:22;17:00:00;46;406;22,00;22,00;11;$;100.000.000,00;1;Negociada;16:35:13;ARPY;;Argenpymes S.G.R.;AO;;;;;
1513937;30/07/2026;Avalado;;SI;NO;ECHEQ;NO;NO;24Hs.;15:21:35;17:00:00;48;;;21,00;11;$;3.634.557,70;2;Desierta;;ACPY;;Acindar Pymes S.G.R.;AO;;;;;
1513938;30/07/2026;Avalado;;SI;NO;ECHEQ;NO;NO;C.I.;15:21:40;17:00:00;95;545;21,00;21,00;568;$;25.000.000,00;1;Negociada;15:23:42;ACPY;;Acindar Pymes S.G.R.;AO;;;;;
1513939;30/07/2026;Avalado;;SI;NO;ECHEQ;NO;NO;24Hs.;15:21:47;17:00:00;51;525;22,00;22,00;11;$;11.682.488,70;2;Negociada;16:16:45;CREC;;Crecer S.G.R.;AO;;;;;
1513940;30/07/2026;Avalado;;SI;NO;ECHEQ;NO;NO;24Hs.;15:22:03;17:00:00;97;;;21,00;427;$;15.000.000,00;1;Desierta;;ACEN;;Avales del Centro S.G.R.;AO;;;;;
1513941;30/07/2026;Avalado;;SI;NO;ECHEQ;NO;NO;24Hs.;15:22:12;17:00:00;103;;;20,00;11;$;5.000.000,00;1;Desierta;;POTE;;Potenciar S.G.R.;AO;;;;;
1513942;30/07/2026;Avalado;;SI;NO;ECHEQ;NO;NO;24Hs.;15:22:24;17:00:00;113;;;20,00;11;$;13.200.000,00;7;Desierta;;ACPY;;Acindar Pymes S.G.R.;AO;;;;;
1513943;30/07/2026;Avalado;;SI;NO;ECHEQ;NO;NO;24Hs.;15:22:34;17:00:00;131;;;23,00;11;$;119.514.712,39;7;Desierta;;ARPY;;Argenpymes S.G.R.;AO;;;;;
1513944;30/07/2026;Avalado;;SI;NO;ECHEQ;NO;NO;24Hs.;15:22:47;17:00:00;126;;;24,00;11;$;5.451.836,55;3;Desierta;;CREC;;Crecer S.G.R.;AO;;;;;
1513945;30/07/2026;Avalado;;SI;NO;ECHEQ;NO;NO;24Hs.;15:23:07;17:00:00;187;;;22,00;11;$;24.820.000,00;4;Desierta;;ACPY;;Acindar Pymes S.G.R.;AO;;;;;
1513946;30/07/2026;Avalado;;SI;NO;ECHEQ;NO;NO;24Hs.;15:23:29;17:00:00;53;11;22,00;22,00;11;$;71.374.106,98;13;Negociada;15:36:23;POTE;;Potenciar S.G.R.;AO;;;;;
1513947;30/07/2026;Avalado;;SI;NO;ECHEQ;NO;NO;24Hs.;15:23:53;17:00:00;80;11;21,00;21,00;11;$;18.000.000,00;2;Negociada;15:36:50;ACPY;;Acindar Pymes S.G.R.;AO;;;;;
1513948;30/07/2026;Avalado;;SI;NO;ECHEQ;NO;NO;24Hs.;15:24:18;17:00:00;164;;;23,00;526;$;100.000.000,00;1;Desierta;;FINT;;Fintech S.G.R.;AO;;;;;
1513949;30/07/2026;Avalado;;SI;NO;ECHEQ;NO;NO;24Hs.;15:24:29;17:00:00;33;754;23,00;23,00;754;$;10.000.000,00;1;Negociada;16:04:12;MOVI;;MOVIL S.G.R.;AO;;;;;
1513950;30/07/2026;Avalado;;SI;NO;CPD;NO;NO;24Hs.;15:24:55;17:00:00;54;406;19,00;19,00;809;$;493.048.715,08;1;Negociada;15:26:56;BMAR;;BANCO MARIVA S.A.;;;;;;
1513951;30/07/2026;Avalado;;SI;NO;ECHEQ;NO;NO;24Hs.;15:24:56;17:00:00;76;;;23,00;567;$;37.422.207,90;2;Desierta;;PROM;;Promover S.G.R.;AO;;;;;
1513952;30/07/2026;Avalado;;SI;NO;CPD;NO;NO;24Hs.;15:25:08;17:00:00;54;406;19,00;19,00;809;$;491.291.148,44;1;Negociada;15:27:10;BMAR;;BANCO MARIVA S.A.;;;;;;
1513953;30/07/2026;Avalado;;SI;NO;ECHEQ;NO;NO;24Hs.;15:25:42;17:00:00;95;543;26,00;26,00;543;$;5.000.000,00;1;Negociada;15:50:21;RIGA;;RIG Avales S.G.R.;AO;;;;;
1513954;30/07/2026;No Garantizado;NO;SI;NO;ECHEQ;NO;NO;C.I.;15:26:08;17:00:00;27;401;32,00;32,00;401;$;70.467.000,00;1;Negociada;15:28:09;;30-70933406-5;LA VUELTA S.A.;AO;20-14500261-4;CONTA WALTER MARIO;;;
1513955;30/07/2026;No Garantizado;SI;SI;NO;ECHEQ;NO;NO;C.I.;15:26:19;17:00:00;97;754;35,00;35,00;754;$;60.000.000,00;1;Negociada;15:28:21;;30-71411736-6;SAMEGER S.A;AO;;;Certificado MiPyME;;
1513956;30/07/2026;No Garantizado Calificado;NO;SI;NO;PAGARE;NO;NO;C.I.;15:26:48;17:00:00;96;754;18,00;18,00;754;U$S;140.500,00;1;Negociada;15:28:50;;30-71658111-6;PLAZA BBIKE S.A.S.;;30-71658111-6;PLAZA BBIKE S.A.S.;;;
1513957;30/07/2026;No Garantizado;SI;SI;NO;ECHEQ;NO;NO;C.I.;15:27:33;17:00:00;64;432;29,50;29,50;812;$;60.000.000,00;2;Negociada;15:29:34;;20-34649956-8;CALATRONI LEONARDO JAVIER;AO;30-50342334-7;TALLERES METALURGICOS CRUCIANELLI SA;Certificado MiPyME;;
1513958;30/07/2026;No Garantizado;SI;SI;NO;ECHEQ;NO;NO;C.I.;15:28:27;17:00:00;30;432;29,50;29,50;812;$;18.938.841,45;2;Negociada;15:30:29;;30-66710330-0;COSECHAR S A;AO;30-50342334-7;TALLERES METALURGICOS CRUCIANELLI SA;Certificado MiPyME;;
1513959;30/07/2026;Avalado;;SI;NO;ECHEQ;NO;NO;C.I.;15:28:45;17:00:00;249;406;27,00;27,00;406;$;54.000.000,00;1;Negociada;15:33:16;ARPY;;Argenpymes S.G.R.;AO;;;;;
1513960;30/07/2026;No Garantizado;SI;SI;NO;ECHEQ;NO;NO;C.I.;15:28:50;17:00:00;28;432;29,50;29,50;812;$;6.000.000,00;1;Negociada;15:30:51;;20-11477844-4;HIRIART BERNARDO JAVIER;AO;30-50342334-7;TALLERES METALURGICOS CRUCIANELLI SA;Certificado MiPyME;;
1513961;30/07/2026;No Garantizado;SI;SI;NO;ECHEQ;NO;NO;C.I.;15:29:09;17:00:00;64;432;29,50;29,50;812;$;9.320.435,17;1;Negociada;15:31:10;;30-71725158-6;PAJIN MAQUINARIAS S. A.;AO;30-50342334-7;TALLERES METALURGICOS CRUCIANELLI SA;Certificado MiPyME;;
1513962;30/07/2026;No Garantizado;NO;SI;NO;ECHEQ;NO;NO;C.I.;15:29:11;17:00:00;90;;;;764;$;500.000.000,00;6;Desierta (Baja);;;30-50357927-4;CYRE SA;AO;30-50357927-4;CYRE SA;;;
1513963;30/07/2026;Garantizado;SI;SI;NO;ECHEQ;NO;NO;24Hs.;15:29:12;17:00:00;125;;;19,00;754;$;100.000.000,00;5;Desierta;;;;;AO;;;Certificado MiPyME;;
1513964;30/07/2026;No Garantizado;NO;SI;NO;ECHEQ;NO;NO;C.I.;15:29:27;17:00:00;143;754;40,00;40,00;754;$;3.002.599,00;2;Negociada;15:31:28;;30-71914675-5;FONTANINI MARIANO Y FONTANINI VICTOR S. CAP I SECC IV;AO;;;;;
1513965;30/07/2026;Avalado;;SI;NO;PAGARE;NO;NO;C.I.;15:29:34;17:00:00;370;734;7,00;7,00;734;U$D;30.000,00;1;Negociada;15:31:36;CONV;;CONAVAL S.G.R.;;;;;;
1513966;30/07/2026;Avalado;;SI;NO;ECHEQ;NO;NO;C.I.;15:29:43;17:00:00;265;406;28,00;28,00;406;$;160.000.000,00;3;Negociada;15:34:34;ARPY;;Argenpymes S.G.R.;AO;;;;;
1513967;30/07/2026;No Garantizado;NO;SI;NO;PAGARE;NO;NO;C.I.;15:29:44;17:00:00;15;754;40,00;40,00;754;$;4.000.000,00;1;Negociada;15:31:46;;30-71534633-4;BROTHER COMPANY S.R.L;;30-71534633-4;BROTHER COMPANY S.R.L;;;
1513968;30/07/2026;No Garantizado;SI;SI;NO;ECHEQ;NO;NO;C.I.;15:29:46;17:00:00;62;432;29,50;29,50;812;$;58.424.460,00;4;Negociada;15:31:48;;30-62968337-9;PINTUCCI Y GUIZZO SOCIEDAD ANONIMA S. A.;AO;30-50342334-7;TALLERES METALURGICOS CRUCIANELLI SA;Certificado MiPyME;;
1513969;30/07/2026;Avalado;;SI;NO;ECHEQ;NO;NO;C.I.;15:30:07;17:00:00;188;406;27,00;27,00;406;$;106.000.000,00;2;Negociada;15:34:58;ARPY;;Argenpymes S.G.R.;AO;;;;;
1513970;30/07/2026;Avalado;;SI;NO;PAGARE;NO;NO;24Hs.;15:30:24;17:00:00;277;528;6,00;6,00;526;U$D;120.000,00;1;Negociada;15:57:13;POTE;;Potenciar S.G.R.;;;;;;
1513971;30/07/2026;Avalado;;SI;NO;ECHEQ;NO;NO;24Hs.;15:30:50;17:00:00;14;770;21,00;21,00;785;$;28.991.680,00;1;Negociada;15:35:08;ARPY;;Argenpymes S.G.R.;AO;;;;;
1513972;30/07/2026;No Garantizado;NO;SI;NO;ECHEQ;NO;NO;C.I.;15:32:34;17:00:00;77;764;30,00;32,00;764;$;50.000.000,00;1;Negociada;15:35:02;;30-50357927-4;CYRE SA;AO;30-50357927-4;CYRE SA;;;
1513973;30/07/2026;No Garantizado;NO;SI;NO;ECHEQ;NO;NO;C.I.;15:32:56;17:00:00;91;764;31,00;31,00;764;$;450.000.000,00;5;Negociada;15:35:36;;30-50357927-4;CYRE SA;AO;30-50357927-4;CYRE SA;;;
1513974;30/07/2026;No Garantizado;SI;SI;NO;ECHEQ;NO;NO;C.I.;15:32:56;17:00:00;14;449;27,75;28,50;423;$;20.465.649,71;1;Negociada;15:36:40;;30-50673003-8;S A IMPORTADORA Y EXPORTADORA DE LA PATAGONIA;AO;30-52165438-0;CAREAGA HNOS Y TEGLIA S R L;Certificado MiPyME;;
1513975;30/07/2026;No Garantizado;SI;SI;NO;ECHEQ;NO;NO;C.I.;15:33:05;17:00:00;78;423;34,00;34,00;423;$;25.000.000,00;1;Negociada;15:36:21;;30-69182284-9;SISTEMA PROVINCIAL DE SALUD;AO;30-52165438-0;CAREAGA HNOS Y TEGLIA S R L;Certificado MiPyME;;
1513976;30/07/2026;No Garantizado;SI;SI;NO;ECHEQ;NO;NO;C.I.;15:33:14;17:00:00;56;529;30,00;30,00;423;$;22.652.200,00;1;Negociada;15:35:16;;30-67542808-1;SUPERIOR GOBIERNO DE LA PCIA DE TUCUMAN;AO;30-52165438-0;CAREAGA HNOS Y TEGLIA S R L;Certificado MiPyME;;
1513977;30/07/2026;Garantizado;SI;SI;NO;ECHEQ;NO;NO;C.I.;15:33:38;17:00:00;36;;;0,00;598;$;5.830.000,00;1;Desierta (Baja);;;;;AO;;;Certificado MiPyME;;
1513978;30/07/2026;Avalado;;SI;NO;ECHEQ;SI;NO;C.I.;15:34:43;17:00:00;41;559;22,00;22,00;559;$;53.361.968,40;3;Negociada;15:36:44;TRND;;Trend S.G.R.;NO;;;;;
1513979;30/07/2026;Avalado;;SI;NO;ECHEQ;NO;NO;24Hs.;15:36:06;17:00:00;68;406;29,00;29,00;767;$;80.000.000,00;10;Negociada;15:47:39;INPY;;Integra Pymes S.G.R.;AO;;;;;
1513980;30/07/2026;No Garantizado;SI;SI;NO;ECHEQ;NO;NO;24Hs.;15:36:52;17:00:00;44;;;0,00;595;$;2.991.842,04;4;Desierta (Baja);;;30-71022814-7;APU SOCIEDAD DE RESPONSABILIDAD LIMITADA;AO;30-71574569-7;RISPARMIARE S.A.;Certificado MiPyME;;
1513981;30/07/2026;Avalado;;SI;NO;ECHEQ;NO;NO;24Hs.;15:39:06;17:00:00;63;543;26,00;26,00;543;$;5.000.000,00;1;Negociada;15:47:06;RIGA;;RIG Avales S.G.R.;AO;;;;;
1513982;30/07/2026;Avalado;;SI;NO;ECHEQ;NO;NO;24Hs.;15:39:15;17:00:00;54;543;26,00;26,00;543;$;5.000.000,00;1;Negociada;15:45:22;RIGA;;RIG Avales S.G.R.;AO;;;;;
1513983;30/07/2026;Avalado;;SI;NO;ECHEQ;NO;NO;24Hs.;15:39:26;17:00:00;76;543;26,00;26,00;543;$;5.000.000,00;1;Negociada;15:48:07;RIGA;;RIG Avales S.G.R.;AO;;;;;
1513984;30/07/2026;Avalado;;SI;NO;ECHEQ;NO;NO;24Hs.;15:39:37;17:00:00;90;543;26,00;26,00;543;$;2.500.000,00;1;Negociada;15:50:03;RIGA;;RIG Avales S.G.R.;AO;;;;;
1513985;30/07/2026;No Garantizado;NO;SI;NO;ECHEQ;NO;NO;24Hs.;15:40:42;17:00:00;95;;;;20;$;60.000.000,00;1;Desierta (Baja);;;30-58921142-8;SCIMACA S R L;AO;30-58921142-8;SCIMACA S R L;;;
1513986;30/07/2026;No Garantizado;NO;SI;NO;ECHEQ;NO;NO;C.I.;15:40:59;17:00:00;96;566;37,00;37,00;566;$;15.000.000,00;3;Negociada;15:43:00;;30-69917905-8;ESAT  SA;AO;30-69917905-8;ESAT  SA;;;
1513987;30/07/2026;Avalado;;SI;NO;ECHEQ;NO;NO;24Hs.;15:41:03;17:00:00;210;406;27,00;27,00;20;$;40.000.000,00;4;Negociada;16:14:13;ACPY;;Acindar Pymes S.G.R.;AO;;;;;
1513988;30/07/2026;Avalado;;SI;NO;ECHEQ;NO;NO;24Hs.;15:41:08;17:00:00;24;501;19,50;19,50;537;$;4.095.000,00;1;Negociada;15:43:09;FOPA;;FO.GA.PAM SAPEM;AO;;;;;
1513989;30/07/2026;Avalado;;SI;NO;ECHEQ;NO;NO;24Hs.;15:42:42;17:00:00;109;406;20,00;20,00;720;$;21.727.149,46;20;Negociada;15:44:44;BAIN;;BANCO INDUSTRIAL SA;AO;;;;;
1513990;30/07/2026;No Garantizado;NO;SI;NO;ECHEQ;NO;NO;C.I.;15:42:52;17:00:00;197;486;44,00;44,00;486;$;11.300.000,00;10;Negociada;15:45:47;;30-60587415-7;FRANCA S. A.;AO;30-60587415-7;FRANCA S. A.;;;
1513991;30/07/2026;Avalado;;SI;NO;ECHEQ;NO;NO;24Hs.;15:42:55;17:00:00;89;770;24,00;24,00;785;$;12.500.000,00;2;Negociada;15:59:49;TRND;;Trend S.G.R.;AO;;;;;
1513992;30/07/2026;Avalado;;SI;NO;ECHEQ;NO;NO;24Hs.;15:43:10;17:00:00;113;406;25,40;27,75;523;$;25.000.000,00;2;Negociada;16:39:42;ARPY;;Argenpymes S.G.R.;AO;;;;;
1513993;30/07/2026;Avalado;;SI;NO;ECHEQ;NO;NO;24Hs.;15:43:26;17:00:00;174;406;27,00;27,75;523;$;45.000.000,00;3;Negociada;16:36:12;ARPY;;Argenpymes S.G.R.;AO;;;;;
1513994;30/07/2026;No Garantizado;NO;SI;NO;ECHEQ;NO;NO;C.I.;15:44:17;17:00:00;41;559;27,50;27,50;559;$;983.784.044,57;63;Negociada;15:46:52;;30-68584975-1;DIA ARGENTINA S A;AO;;;;;
1513995;30/07/2026;No Garantizado;NO;SI;NO;ECHEQ;NO;NO;C.I.;15:44:29;17:00:00;146;465;30,00;30,00;465;$;10.000.000,00;1;Negociada;15:46:31;;30-71489606-3;INNOVACION ONCATIVO S.A.;AO;30-70967347-1;LOS HORMIGUEROS S.A.;;;
1513996;30/07/2026;Avalado;;SI;NO;ECHEQ;NO;NO;24Hs.;15:44:35;17:00:00;99;507;23,00;23,00;502;$;30.000.000,00;2;Negociada;15:53:48;CAMP;;Campo Aval S.G.R.;AO;;;;;
1513997;30/07/2026;No Garantizado Calificado;SI;SI;NO;ECHEQ;NO;NO;24Hs.;15:44:56;17:00:00;33;;;0,00;595;$;3.012.508,08;4;Desierta (Baja);;;30-71653878-4;AVANZAR Y CONCRETAR;AO;30-71574569-7;RISPARMIARE S.A.;Certificado MiPyME;;
1513998;30/07/2026;No Garantizado;NO;SI;NO;ECHEQ;NO;NO;24Hs.;15:44:57;17:00:00;70;423;30,00;30,00;423;$;27.500.000,00;1;Negociada;15:46:58;;30-61650936-1;PECAM S A;AO;30-61650936-1;PECAM S A;;;
1513999;30/07/2026;No Garantizado;NO;SI;NO;ECHEQ;NO;NO;24Hs.;15:45:06;17:00:00;70;423;30,00;30,00;423;$;94.000.000,00;1;Negociada;15:47:08;;30-61650936-1;PECAM S A;AO;30-61650936-1;PECAM S A;;;
1514000;30/07/2026;No Garantizado;NO;SI;NO;ECHEQ;NO;NO;24Hs.;15:45:14;17:00:00;68;423;30,00;30,00;423;$;28.500.000,00;1;Negociada;15:47:15;;30-61650936-1;PECAM S A;AO;30-61650936-1;PECAM S A;;;
1514001;30/07/2026;Avalado;;SI;NO;ECHEQ;NO;NO;24Hs.;15:46:47;17:00:00;89;;;24,00;754;$;10.000.000,00;1;Desierta;;CONV;;CONAVAL S.G.R.;AO;;;;;
1514002;30/07/2026;No Garantizado Calificado;SI;SI;NO;ECHEQ;NO;NO;24Hs.;15:46:57;17:00:00;32;;;0,00;595;$;2.235.000,00;3;Desierta (Baja);;;20-24473442-2;WIERNA CALDERON LEANDRO ALFONSO;AO;30-71574569-7;RISPARMIARE S.A.;Certificado MiPyME;;
1514003;30/07/2026;No Garantizado;NO;SI;NO;ECHEQ;NO;NO;C.I.;15:47:12;17:00:00;144;754;29,00;29,00;754;$;1.500.000.000,00;10;Negociada;15:49:14;;30-71587837-9;DESIGN, QUALITY AND DEVELOPMENT S.A.S.;AO;30-71587837-9;DESIGN, QUALITY AND DEVELOPMENT S.A.S.;;;
1514004;30/07/2026;Avalado;;SI;NO;ECHEQ;NO;NO;24Hs.;15:47:25;17:00:00;244;;;23,00;449;$;20.000.000,00;1;Desierta;;AVRU;;Aval Rural S.G.R.;AO;;;;;
1514005;30/07/2026;No Garantizado;SI;SI;NO;ECHEQ;NO;NO;C.I.;15:47:59;17:00:00;91;718;31,00;31,00;718;$;65.905.716,00;4;Negociada;15:50:01;;30-70769003-4;VERAMOR DE MARMOL S.R.L.;AO;;;Certificado MiPyME;;
1514006;30/07/2026;Avalado;;SI;NO;ECHEQ;NO;NO;24Hs.;15:48:12;17:00:00;25;;;25,00;864;$;13.000.000,00;1;Desierta;;MILL;;MILLS S.G.R.;AO;;;;;
1514007;30/07/2026;No Garantizado;SI;SI;NO;ECHEQ;NO;NO;24Hs.;15:48:14;17:00:00;37;;;0,00;595;$;2.586.603,08;2;Desierta (Baja);;;30-71454967-3;QUEBRACHO BLANCO S.R.L.;AO;30-71574569-7;RISPARMIARE S.A.;Certificado MiPyME;;
1514008;30/07/2026;No Garantizado;SI;SI;NO;PAGARE;NO;NO;C.I.;15:48:15;17:00:00;263;546;44,00;44,00;546;$;150.000.000,00;10;Negociada;15:50:17;;30-71471808-4;RODOLFO CASSINI S.A.;;30-71471808-4;RODOLFO CASSINI S.A.;Certificado MiPyME;;
1514009;30/07/2026;No Garantizado;SI;SI;NO;ECHEQ;NO;NO;C.I.;15:48:38;17:00:00;20;569;33,00;33,00;569;$;72.000.000,00;1;Negociada;15:50:40;;30-71189374-8;GEDEON  S. R. L.;AO;30-71189374-8;GEDEON  S. R. L.;Certificado MiPyME;;
1514010;30/07/2026;No Garantizado Calificado;NO;SI;NO;PAGARE;NO;NO;C.I.;15:49:16;17:00:00;365;785;8,00;8,00;785;DOL;20.000,00;1;Negociada;15:51:18;;30-62891059-2;AGRISEED  SA;;30-62891059-2;AGRISEED  SA;;;
1514011;30/07/2026;Avalado;;SI;NO;PAGARE;NO;NO;24Hs.;15:49:32;17:00:00;350;;;6,75;526;U$D;70.000,00;2;Desierta;;SOLI;;Solidum S.G.R.;;;;;;
1514012;30/07/2026;Avalado;;SI;NO;ECHEQ;NO;NO;24Hs.;15:50:13;17:00:00;145;;;25,00;864;$;10.000.000,00;1;Desierta;;MILL;;MILLS S.G.R.;AO;;;;;
1514013;30/07/2026;No Garantizado;NO;SI;NO;ECHEQ;NO;NO;C.I.;15:52:12;17:00:00;35;764;31,00;31,00;764;$;22.000.000,00;1;Negociada;15:54:14;;30-71596942-0;JALIN S.A.;AO;30-71596942-0;JALIN S.A.;;;
1514014;30/07/2026;No Garantizado;SI;SI;NO;ECHEQ;NO;NO;24Hs.;15:52:39;17:00:00;35;770;25,00;25,00;770;$;13.382.661,93;1;Negociada;15:56:08;;30-64651295-2;PINTURERIAS REX S A;AO;30-57986601-9;PARQUE PAMPA S.A.;Certificado MiPyME;;
1514015;30/07/2026;Avalado;;SI;NO;PAGARE;NO;NO;C.I.;15:53:48;17:00:00;119;569;7,00;7,00;569;DOL;250.000,00;1;Negociada;16:25:09;ZOFI;;Zofingen S.G.R.;;;;;;
1514016;30/07/2026;No Garantizado;NO;SI;NO;ECHEQ;NO;NO;24Hs.;15:54:21;17:00:00;76;502;28,25;28,25;502;$;1.000.000.000,00;1;Negociada;16:06:12;;30-65511651-2;EDESUR S A;AO;30-65511651-2;EDESUR S A;;;
1514017;30/07/2026;No Garantizado;NO;SI;NO;ECHEQ;NO;NO;24Hs.;15:54:44;17:00:00;70;502;27,25;27,25;502;$;1.000.000.000,00;1;Negociada;16:06:19;;30-65511651-2;EDESUR S A;AO;30-65511651-2;EDESUR S A;;;
1514018;30/07/2026;No Garantizado;NO;SI;NO;ECHEQ;NO;NO;24Hs.;15:54:49;17:00:00;47;545;26,80;26,80;545;$;300.000.000,00;1;Negociada;16:12:14;;30-65511651-2;EDESUR S A;AO;30-65511651-2;EDESUR S A;;;
1514019;30/07/2026;No Garantizado;NO;SI;NO;ECHEQ;NO;NO;C.I.;15:54:53;17:00:00;27;767;58,00;58,00;767;$;10.000.000,00;1;Negociada;15:56:55;;33-71922280-9;TORENZA DEEP S.R.L.;AO;27-39566113-8;GARCIA MARIA PAULA;;;
1514020;30/07/2026;Avalado;;SI;NO;ECHEQ;NO;NO;24Hs.;15:54:59;17:00:00;74;525;22,50;22,50;502;$;11.616.234,00;16;Negociada;16:46:27;POTE;;Potenciar S.G.R.;AO;;;;;
1514021;30/07/2026;Avalado;;SI;NO;ECHEQ;NO;NO;24Hs.;15:55:28;17:00:00;27;;;20,00;406;$;1.292.192,24;2;Desierta;;CAMP;;Campo Aval S.G.R.;AO;;;;;
1514022;30/07/2026;No Garantizado;SI;SI;NO;ECHEQ;NO;NO;24Hs.;15:55:42;17:00:00;95;20;31,00;31,00;20;$;60.000.000,00;1;Negociada;15:57:44;;30-58921142-8;SCIMACA S R L;AO;30-58921142-8;SCIMACA S R L;Certificado MiPyME;;
1514023;30/07/2026;No Garantizado;SI;SI;NO;ECHEQ;SI;NO;24Hs.;15:55:53;17:00:00;52;727;23,50;23,50;727;$;408.852.648,34;13;Negociada;15:57:54;;30-50279317-5;ARCOR S A I C;NO;;;Certificado MiPyME;;
1514024;30/07/2026;No Garantizado;SI;SI;NO;ECHEQ;SI;NO;24Hs.;15:56:34;17:00:00;41;727;23,50;23,50;727;$;45.961.403,90;2;Negociada;15:58:36;;30-70889578-0;BAGLEY ARGENTINA S. A.;NO;;;Certificado MiPyME;;
1514025;30/07/2026;No Garantizado;NO;SI;NO;ECHEQ;NO;NO;C.I.;15:57:07;17:00:00;64;406;36,00;36,00;406;$;40.365.000,00;2;Negociada;15:59:43;;33-69126594-9;PLASTIFERRO TUBOS SA;AO;33-69126594-9;PLASTIFERRO TUBOS SA;;;
1514026;30/07/2026;No Garantizado;NO;SI;NO;ECHEQ;NO;NO;C.I.;15:57:57;17:00:00;92;406;36,00;36,00;406;$;134.075.000,00;1;Negociada;16:00:04;;30-71484803-4;PLASTIFERRO DOMICILIARIO  S.A.;AO;30-71484803-4;PLASTIFERRO DOMICILIARIO  S.A.;;;
1514027;30/07/2026;No Garantizado;SI;SI;NO;ECHEQ;SI;NO;C.I.;15:59:49;17:00:00;16;15;25,00;25,00;15;$;78.777.739,46;2;Negociada;16:01:50;;30-71568605-4;MELI LOG SRL;NO;;;Certificado MiPyME;;
1514028;30/07/2026;No Garantizado;SI;SI;NO;ECHEQ;SI;NO;C.I.;16:00:02;17:00:00;12;15;25,00;25,00;15;$;8.872.882,57;1;Negociada;16:02:04;;30-54676404-0;NESTLE ARGENTINA S A;NO;;;Certificado MiPyME;;
1514029;30/07/2026;No Garantizado;SI;SI;NO;ECHEQ;NO;NO;C.I.;16:00:12;17:00:00;15;15;28,00;28,00;15;$;6.636.585,51;1;Negociada;16:02:13;;30-70833310-3;LAROCCA NEUMATICOS S A;AO;;;Certificado MiPyME;;
1514030;30/07/2026;No Garantizado;SI;SI;NO;ECHEQ;NO;NO;C.I.;16:00:21;17:00:00;14;15;25,00;25,00;15;$;6.958.157,80;1;Negociada;16:02:23;;30-50673003-8;S A IMPORTADORA Y EXPORTADORA DE LA PATAGONIA;AO;;;Certificado MiPyME;;
1514031;30/07/2026;No Garantizado;SI;SI;NO;ECHEQ;NO;NO;C.I.;16:00:32;17:00:00;13;15;25,00;25,00;15;$;1.139.393,63;1;Negociada;16:02:33;;30-71092007-5;SIMPLOT ARGENTINA S R L.;AO;;;Certificado MiPyME;;
1514032;30/07/2026;No Garantizado Calificado;SI;SI;NO;ECHEQ;NO;NO;24Hs.;16:00:57;17:00:00;39;754;35,00;35,00;754;$;19.500.000,00;1;Negociada;16:02:59;;30-71481196-3;ENJOY NIGHT PRODUCCION S.A.;AO;30-71481196-3;ENJOY NIGHT PRODUCCION S.A.;Certificado MiPyME;;
1514033;30/07/2026;Avalado;;SI;NO;ECHEQ;NO;NO;24Hs.;16:01:20;17:00:00;26;406;19,00;19,00;720;$;304.311.488,12;3;Negociada;16:03:21;BAIN;;BANCO INDUSTRIAL SA;AO;;;;;
1514034;30/07/2026;Avalado;;SI;NO;ECHEQ;NO;NO;24Hs.;16:02:24;17:00:00;34;;;21,00;11;$;50.000.000,00;2;Desierta;;FEDE;;Aval Federal S.G.R.;AO;;;;;
1514035;30/07/2026;Avalado;;SI;NO;ECHEQ;NO;NO;24Hs.;16:02:28;17:00:00;86;406;23,50;23,50;406;$;36.592.950,00;6;Negociada;16:28:36;CREC;;Crecer S.G.R.;AO;;;;;
1514036;30/07/2026;Avalado;;SI;NO;ECHEQ;NO;NO;24Hs.;16:02:33;17:00:00;123;;;21,00;526;$;100.000.000,00;1;Desierta;;BIND;;Garantias Bind S.G.R.;AO;;;;;
1514037;30/07/2026;No Garantizado;SI;SI;NO;ECHEQ;NO;NO;C.I.;16:02:41;17:00:00;11;15;28,00;28,00;15;$;2.287.992,40;1;Negociada;16:04:42;;30-67957482-1;LABORATORIOS PHARMAMERICAN SOCIEDAD DE  RESPONSABILIDAD LIMITADA;AO;;;Certificado MiPyME;;
1514038;30/07/2026;Avalado;;SI;NO;ECHEQ;NO;NO;24Hs.;16:02:48;17:00:00;50;;;19,00;11;$;58.200.400,00;3;Desierta;;BIND;;Garantias Bind S.G.R.;AO;;;;;
1514039;30/07/2026;No Garantizado;NO;SI;NO;ECHEQ;NO;NO;C.I.;16:02:54;17:00:00;34;754;40,00;40,00;754;$;2.000.000,00;1;Negociada;16:04:55;;30-71715096-8;AGROPATERNAL S.A.S.;AO;30-71164104-8;DIAMANTE S.R.L.;;;
1514040;30/07/2026;No Garantizado;SI;SI;NO;ECHEQ;NO;NO;C.I.;16:03:01;17:00:00;12;15;28,00;28,00;15;$;2.000.000,00;1;Negociada;16:05:03;;30-71116386-3;ESTABLECIMIENTO MUNINI S.R.L.;AO;;;Certificado MiPyME;;
1514041;30/07/2026;Avalado;;SI;NO;ECHEQ;NO;NO;24Hs.;16:03:08;17:00:00;136;;;20,00;11;$;149.936.976,76;11;Desierta;;BIND;;Garantias Bind S.G.R.;AO;;;;;
1514042;30/07/2026;No Garantizado;NO;SI;NO;ECHEQ;NO;NO;C.I.;16:03:12;17:00:00;14;754;40,00;40,00;754;$;34.877.495,00;1;Negociada;16:05:13;;30-50386163-8;LA PIAMONTESA S.A.;AO;30-71164104-8;DIAMANTE S.R.L.;;;
1514043;30/07/2026;Avalado;;SI;NO;ECHEQ;NO;NO;24Hs.;16:03:49;17:00:00;12;;;19,00;483;$;204.785.660,20;2;Desierta;;BIND;;Garantias Bind S.G.R.;AO;;;;;
1514044;30/07/2026;No Garantizado;NO;SI;NO;ECHEQ;NO;NO;24Hs.;16:04:07;17:00:00;76;545;28,00;28,00;545;$;2.000.000.000,00;1;Negociada;16:11:55;;30-65511651-2;EDESUR S A;AO;30-65511651-2;EDESUR S A;;;
1514045;30/07/2026;No Garantizado;NO;SI;NO;ECHEQ;NO;NO;24Hs.;16:04:22;17:00:00;61;545;27,10;27,10;545;$;1.000.000.000,00;1;Negociada;16:12:24;;30-65511651-2;EDESUR S A;AO;30-65511651-2;EDESUR S A;;;
1514046;30/07/2026;No Garantizado;NO;SI;NO;ECHEQ;NO;NO;C.I.;16:05:59;17:00:00;63;767;49,00;49,00;767;$;12.000.000,00;6;Negociada;16:08:00;;30-71668436-5;SOLUCIONES GASTRONOMICAS S.A.S.;AO;30-71668436-5;SOLUCIONES GASTRONOMICAS S.A.S.;;;
1514047;30/07/2026;Garantizado Calificado;SI;SI;NO;ECHEQ;NO;NO;24Hs.;16:06:17;17:00:00;33;432;22,00;22,00;595;$;10.883.522,80;12;Negociada;16:08:18;;;;AO;;;Certificado MiPyME;;
1514048;30/07/2026;Garantizado Calificado;SI;SI;NO;ECHEQ;NO;NO;24Hs.;16:06:47;17:00:00;54;;;22,00;595;$;300.000,00;1;Desierta;;;;;AO;;;Certificado MiPyME;;
1514049;30/07/2026;Avalado;;SI;NO;ECHEQ;NO;NO;24Hs.;16:06:50;17:00:00;152;501;23,00;23,00;864;$;55.000.000,00;2;Negociada;16:23:48;FAEC;;FIDEICOM.DE AFECT. ESPEC.;AO;;;;;
1514050;30/07/2026;Avalado;;SI;NO;ECHEQ;NO;NO;24Hs.;16:07:00;17:00:00;115;501;21,00;21,00;864;$;55.000.000,00;2;Negociada;16:24:37;FAEC;;FIDEICOM.DE AFECT. ESPEC.;AO;;;;;
1514051;30/07/2026;Garantizado;SI;SI;NO;ECHEQ;NO;NO;24Hs.;16:07:04;17:00:00;41;;;22,00;595;$;36.264.050,71;38;Desierta;;;;;AO;;;Certificado MiPyME;;
1514052;30/07/2026;Avalado;;SI;NO;ECHEQ;NO;NO;24Hs.;16:07:31;17:00:00;215;559;30,00;30,00;559;$;2.000.000,00;1;Negociada;16:09:33;RESI;;Resiliencia S.G.R.;AO;;;;;
1514053;30/07/2026;Avalado;;SI;NO;ECHEQ;NO;NO;24Hs.;16:08:11;17:00:00;187;559;30,00;30,00;559;$;1.000.000,00;1;Negociada;16:10:12;RESI;;Resiliencia S.G.R.;AO;;;;;
1514054;30/07/2026;No Garantizado;SI;SI;NO;ECHEQ;SI;NO;24Hs.;16:08:54;17:00:00;53;;;23,50;727;$;385.563.005,25;8;Desierta;;;30-50279317-5;ARCOR S A I C;NO;;;Certificado MiPyME;;
1514055;30/07/2026;No Garantizado;NO;SI;NO;ECHEQ;NO;NO;C.I.;16:09:42;17:00:00;99;465;38,00;38,00;465;$;12.000.000,00;3;Negociada;16:11:43;;30-71602885-9;EL GORDO NACHO S.A.S.;AO;30-50090455-7;CHAMMAS SOC RESP LTDA;;;
1514056;30/07/2026;No Garantizado;NO;SI;NO;ECHEQ;NO;NO;C.I.;16:10:40;17:00:00;76;465;38,00;38,00;465;$;15.000.000,00;2;Negociada;16:12:42;;30-71662827-9;MATILA S.A.S.;AO;30-50090455-7;CHAMMAS SOC RESP LTDA;;;
1514057;30/07/2026;Garantizado;SI;SI;NO;ECHEQ;NO;NO;24Hs.;16:10:55;17:00:00;111;;;22,00;591;$;7.000.000,00;2;Desierta;;;;;AO;;;Certificado MiPyME;;
1514058;30/07/2026;No Garantizado Calificado;NO;SI;NO;ECHEQ;NO;NO;C.I.;16:11:26;17:00:00;34;465;38,00;38,00;465;$;4.725.966,00;1;Negociada;16:13:28;;30-71212895-6;PARADOR KM. 561 S.A.;AO;30-50090455-7;CHAMMAS SOC RESP LTDA;;;
1514059;30/07/2026;Avalado;;SI;NO;PAGARE;NO;NO;24Hs.;16:11:32;17:00:00;374;526;7,50;7,50;526;DOL;250.000,00;3;Negociada;16:31:26;NOVA;;INNOVA S.G.R.;;;;;;
1514060;30/07/2026;No Garantizado;NO;SI;NO;ECHEQ;NO;NO;C.I.;16:11:54;17:00:00;55;537;37,99;38,00;465;$;3.581.655,23;1;Negociada;16:14:03;;30-71139384-2;TADICOR S.A.;AO;30-50090455-7;CHAMMAS SOC RESP LTDA;;;
1514061;30/07/2026;No Garantizado;NO;SI;NO;ECHEQ;NO;NO;C.I.;16:12:31;17:00:00;21;529;29,00;38,00;465;$;7.504.087,13;1;Negociada;16:14:33;;30-69847147-2;DINOSAURIO S.A.;AO;30-50090455-7;CHAMMAS SOC RESP LTDA;;;
1514062;30/07/2026;No Garantizado;NO;SI;NO;ECHEQ;NO;NO;C.I.;16:13:01;17:00:00;12;465;38,00;38,00;465;$;1.206.437,18;1;Negociada;16:15:02;;30-70763440-1;CEIBOTEL S.A.;AO;30-50090455-7;CHAMMAS SOC RESP LTDA;;;
1514063;30/07/2026;No Garantizado;NO;SI;NO;ECHEQ;NO;NO;C.I.;16:13:32;17:00:00;41;841;28,00;38,00;465;$;2.532.528,60;1;Negociada;16:20:42;;30-52320235-5;PANIFICADORA VENEZIANA S A;AO;30-50090455-7;CHAMMAS SOC RESP LTDA;;;
1514064;30/07/2026;No Garantizado;NO;SI;NO;ECHEQ;NO;NO;C.I.;16:13:43;17:00:00;26;767;58,00;58,00;767;$;1.500.000,00;1;Negociada;16:15:44;;30-71846578-4;MUANCAR S. A. S.;AO;20-32038504-1;PORATTI FELIX;;;
1514065;30/07/2026;Avalado;;SI;NO;ECHEQ;NO;NO;24Hs.;16:13:49;17:00:00;159;501;23,00;23,00;433;$;48.025.132,79;2;Negociada;16:25:09;FAEC;;FIDEICOM.DE AFECT. ESPEC.;AO;;;;;
1514066;30/07/2026;No Garantizado;NO;SI;NO;ECHEQ;NO;NO;C.I.;16:13:59;17:00:00;34;465;38,00;38,00;465;$;12.628.933,58;1;Negociada;16:16:00;;30-68976459-9;MIGUEL BECERRA S A;AO;30-50090455-7;CHAMMAS SOC RESP LTDA;;;
1514067;30/07/2026;Avalado;;SI;NO;ECHEQ;NO;NO;24Hs.;16:14:02;17:00:00;54;501;19,50;19,50;433;$;10.394.708,49;1;Negociada;16:25:42;FAEC;;FIDEICOM.DE AFECT. ESPEC.;AO;;;;;
1514068;30/07/2026;Avalado;;SI;NO;ECHEQ;NO;NO;24Hs.;16:14:33;17:00:00;18;;;20,00;422;$;31.829.316,35;5;Desierta;;CMFI;;BANCO COMAFI S.A.;AO;;;;;
1514069;30/07/2026;No Garantizado;NO;SI;NO;ECHEQ;NO;NO;24Hs.;16:14:53;17:00:00;76;;;0,00;569;$;2.000.000.000,00;1;Desierta (Baja);;;30-65511651-2;EDESUR S A;AO;30-65511651-2;EDESUR S A;;;
1514070;30/07/2026;No Garantizado;SI;SI;NO;ECHEQ;NO;NO;24Hs.;16:14:54;17:00:00;23;767;24,00;24,00;767;$;13.722.666,16;2;Negociada;16:16:55;;30-69554247-6;PAN AMERICAN ENERGY, S.L., SUCURSAL ARGENTINA;AO;30-71556412-9;GONZALO HOURCADE COMUNICACIONES SRL;Certificado MiPyME;;
1514071;30/07/2026;Avalado;;SI;NO;ECHEQ;NO;NO;24Hs.;16:15:18;17:00:00;157;770;24,00;24,00;770;$;20.000.000,00;1;Negociada;16:17:19;CAMP;;Campo Aval S.G.R.;AO;;;;;
1514072;30/07/2026;Avalado;;SI;NO;ECHEQ;NO;NO;24Hs.;16:15:18;17:00:00;243;406;27,00;27,00;20;$;30.000.000,00;3;Negociada;16:58:14;ACPY;;Acindar Pymes S.G.R.;AO;;;;;
1514073;30/07/2026;No Garantizado;NO;SI;NO;ECHEQ;NO;NO;24Hs.;16:15:28;17:00:00;76;569;28,25;28,25;569;$;2.000.000.000,00;1;Negociada;16:17:29;;30-65511651-2;EDESUR S A;AO;30-65511651-2;EDESUR S A;;;
1514074;30/07/2026;No Garantizado;NO;SI;NO;ECHEQ;SI;NO;C.I.;16:15:29;17:00:00;63;;;29,00;433;$;250.000.000,00;2;Desierta;;;30-54650008-6;LA NUEVA METROPOL SOCIEDAD ANONIMA DE TRANSPORTE AUTOMOTOR COMERCIAL E IND;NO;30-54650008-6;LA NUEVA METROPOL SOCIEDAD ANONIMA DE TRANSPORTE AUTOMOTOR COMERCIAL E IND;;;
1514075;30/07/2026;No Garantizado;NO;SI;NO;ECHEQ;NO;NO;24Hs.;16:15:31;17:00:00;40;106;35,42;35,42;106;$;66.000.000,00;6;Negociada;16:17:33;;33-70965678-9;FORMACO SOCIEDAD DE RESPONSABILIDAD LIMITADA;AO;33-70965678-9;FORMACO SOCIEDAD DE RESPONSABILIDAD LIMITADA;;;
1514076;30/07/2026;No Garantizado;NO;SI;NO;ECHEQ;NO;NO;24Hs.;16:15:34;17:00:00;33;841;28,00;28,00;755;$;135.090.265,76;3;Negociada;16:20:05;;30-70023835-7;ELCOR S.A;AO;30-70808726-9;PGB S.A;;;
1514077;30/07/2026;No Garantizado;NO;SI;NO;ECHEQ;NO;NO;24Hs.;16:15:46;17:00:00;51;20;48,00;48,00;20;$;300.000.000,00;12;Negociada;16:17:48;;30-62387327-3;ASOCIACION MUTUAL GUSTAVO COCHET;AO;30-62387327-3;ASOCIACION MUTUAL GUSTAVO COCHET;;;
1514078;30/07/2026;Avalado;;SI;NO;PAGARE;NO;NO;24Hs.;16:16:00;17:00:00;734;767;8,25;8,25;526;DOL;250.000,00;1;Negociada;16:20:38;FIDE;;Fidem S.G.R.;;;;;;
1514079;30/07/2026;Avalado;;SI;NO;ECHEQ;NO;NO;24Hs.;16:18:24;17:00:00;99;406;24,50;24,50;832;$;102.138.231,88;12;Negociada;16:20:26;POTE;;Potenciar S.G.R.;AO;;;;;
1514080;30/07/2026;No Garantizado;NO;SI;NO;ECHEQ;NO;NO;C.I.;16:19:06;17:00:00;34;754;40,00;40,00;754;$;330.000,00;2;Negociada;16:21:08;;30-54348734-8;ACOPIO AREQUITO SOCIEDAD ANONIMA;AO;;;;;
1514081;30/07/2026;Avalado;;SI;NO;PAGARE;NO;NO;24Hs.;16:19:32;17:00:00;367;567;6,00;6,00;832;DOL;75.000,00;1;Negociada;16:51:43;POTE;;Potenciar S.G.R.;;;;;;
1514082;30/07/2026;No Garantizado;NO;SI;NO;ECHEQ;NO;NO;C.I.;16:19:39;17:00:00;34;754;40,00;40,00;754;$;4.000.000,00;1;Negociada;16:21:41;;33-71091749-9;AGROGANADERA DON TOMAS S.A.;AO;;;;;
1514083;30/07/2026;No Garantizado Calificado;NO;SI;NO;ECHEQ;NO;NO;C.I.;16:19:57;17:00:00;34;754;40,00;40,00;754;$;1.310.343,40;1;Negociada;16:21:59;;30-60129080-0;AGRO TRANSPORTES S A;AO;;;;;
1514084;30/07/2026;Avalado;;SI;NO;ECHEQ;NO;NO;24Hs.;16:20:00;17:00:00;69;;;24,00;529;$;17.000.000,00;2;Desierta;;PROM;;Promover S.G.R.;AO;;;;;
1514085;30/07/2026;Avalado;;SI;NO;ECHEQ;NO;NO;24Hs.;16:20:01;17:00:00;24;525;21,00;21,00;764;$;125.276.911,22;1;Negociada;16:22:03;ACPY;;Acindar Pymes S.G.R.;AO;;;;;
1514086;30/07/2026;No Garantizado;NO;SI;NO;ECHEQ;NO;NO;C.I.;16:20:13;17:00:00;33;754;40,00;40,00;754;$;1.828.155,00;1;Negociada;16:22:15;;30-70709585-3;EDUARDO LUSSO SA.;AO;;;;;
1514087;30/07/2026;No Garantizado;NO;SI;NO;PAGARE;NO;NO;24Hs.;16:21:11;17:00:00;124;754;9,00;9,00;754;DOL;5.000,00;1;Negociada;16:23:12;;30-71000029-4;LECHERIA LATINA S.A.;;30-71000029-4;LECHERIA LATINA S.A.;;;
1514088;30/07/2026;No Garantizado;NO;SI;NO;ECHEQ;NO;NO;C.I.;16:23:02;17:00:00;28;486;44,00;44,00;486;$;1.130.000,00;1;Negociada;16:36:34;;30-60587415-7;FRANCA S. A.;AO;30-60587415-7;FRANCA S. A.;;;
1514089;30/07/2026;No Garantizado;NO;SI;NO;ECHEQ;NO;NO;24Hs.;16:23:12;17:00:00;47;545;28,50;28,50;545;$;250.000.000,00;1;Negociada;16:25:13;;30-65787766-9;EMPRESA DISTRIBUIDORA LA PLATA SOCIEDAD ANONIMA EDELAP S A;AO;30-65787766-9;EMPRESA DISTRIBUIDORA LA PLATA SOCIEDAD ANONIMA EDELAP S A;;;
1514090;30/07/2026;No Garantizado Calificado;NO;SI;NO;PAGARE;NO;NO;24Hs.;16:24:21;17:00:00;89;20;12,00;12,00;20;U$D;445.145,00;1;Negociada;16:26:22;;30-52634741-9;CLUB ATLETICO NEWELL S OLD BOYS;;30-52634741-9;CLUB ATLETICO NEWELL S OLD BOYS;;;
1514091;30/07/2026;Avalado;;SI;NO;ECHEQ;NO;NO;24Hs.;16:24:35;17:00:00;117;442;26,00;26,00;442;$;10.676.950,00;10;Negociada;16:28:46;AVAL;;Avaluar S.G.R.;AO;;;;;
1514092;30/07/2026;No Garantizado Calificado;NO;SI;NO;ECHEQ;NO;NO;24Hs.;16:24:40;17:00:00;103;433;25,00;25,00;433;$;36.000.000,00;3;Negociada;16:26:42;;30-64616777-5;METALFOR SA;AO;30-64616777-5;METALFOR SA;;;
1514093;30/07/2026;No Garantizado;NO;SI;NO;ECHEQ;NO;NO;C.I.;16:24:57;17:00:00;52;767;49,00;49,00;767;$;24.000.000,00;3;Negociada;16:26:59;;30-71085666-0;D.C. INTEGRAL S.R.L.;AO;30-71085666-0;D.C. INTEGRAL S.R.L.;;;
1514094;30/07/2026;Avalado;;SI;NO;ECHEQ;NO;NO;24Hs.;16:27:04;17:00:00;67;;;24,00;529;$;8.000.000,00;1;Desierta;;PROM;;Promover S.G.R.;AO;;;;;
1514095;30/07/2026;Avalado;;SI;NO;ECHEQ;NO;NO;24Hs.;16:28:10;17:00:00;111;754;29,00;29,00;754;$;25.000.000,00;1;Negociada;16:30:11;ACEN;;Avales del Centro S.G.R.;AO;;;;;
1514096;30/07/2026;No Garantizado;NO;SI;NO;ECHEQ;SI;NO;C.I.;16:30:59;17:00:00;20;767;52,00;52,00;767;$;15.000.000,00;1;Negociada;16:33:01;;30-71450473-4;TU SERVICE SRL;NO;30-71450473-4;TU SERVICE SRL;;;
1514097;30/07/2026;Avalado;;SI;NO;ECHEQ;NO;NO;24Hs.;16:31:44;17:00:00;113;754;29,00;29,00;754;$;60.000.000,00;10;Negociada;16:33:46;ACEN;;Avales del Centro S.G.R.;AO;;;;;
1514098;30/07/2026;No Garantizado;NO;SI;NO;ECHEQ;SI;NO;C.I.;16:32:32;17:00:00;56;841;26,00;26,00;841;$;140.432.548,73;2;Negociada;16:35:33;;30-68537634-9;TARJETA NARANJA S.A.U.;NO;;;;;
1514099;30/07/2026;No Garantizado;SI;SI;NO;ECHEQ;NO;NO;C.I.;16:36:29;17:00:00;27;569;33,00;33,00;569;$;2.532.115,20;1;Negociada;16:46:21;;20-21773263-9;JAIME JORGE EDGARDO;AO;30-52543681-7;JOSE MINETTI Y CIA LTDA SACI;Certificado MiPyME;;
1514100;30/07/2026;No Garantizado;SI;SI;NO;ECHEQ;NO;NO;C.I.;16:36:41;17:00:00;34;569;33,00;33,00;569;$;9.100.000,00;1;Negociada;16:46:30;;30-71049877-2;SUPERMERCADOS GRANJA S.A.;AO;30-52543681-7;JOSE MINETTI Y CIA LTDA SACI;Certificado MiPyME;;
1514101;30/07/2026;No Garantizado;SI;SI;NO;ECHEQ;NO;NO;C.I.;16:37:05;17:00:00;33;569;33,00;33,00;569;$;10.000.000,00;1;Negociada;16:46:36;;30-70807358-6;J ALLENDE Y CIA S.A.;AO;30-52543681-7;JOSE MINETTI Y CIA LTDA SACI;Certificado MiPyME;;
1514103;30/07/2026;Avalado;;SI;NO;ECHEQ;NO;NO;24Hs.;16:41:11;17:00:00;57;406;19,00;19,00;720;$;75.693.353,63;37;Negociada;16:43:12;BAIN;;BANCO INDUSTRIAL SA;AO;;;;;
1514104;30/07/2026;Avalado;;SI;NO;ECHEQ;NO;NO;24Hs.;16:41:24;17:00:00;51;406;22,00;22,00;15;$;371.019.007,37;33;Negociada;16:43:25;BIND;;Garantias Bind S.G.R.;AO;;;;;
1514105;30/07/2026;No Garantizado;SI;SI;NO;PAGARE;NO;NO;24Hs.;16:41:26;17:00:00;90;598;35,00;35,00;598;$;300.000.000,00;1;Negociada;16:43:27;;30-65944873-0;EXPORTADORA RUIZ HNOS SRL;;30-65944873-0;EXPORTADORA RUIZ HNOS SRL;Certificado MiPyME;;
1514106;30/07/2026;Avalado;;SI;NO;ECHEQ;SI;NO;24Hs.;16:41:36;17:00:00;90;406;22,00;22,00;15;$;323.727.536,23;15;Negociada;16:43:37;BIND;;Garantias Bind S.G.R.;NO;;;;;
1514107;30/07/2026;No Garantizado;NO;SI;NO;ECHEQ;NO;NO;24Hs.;16:41:37;17:00:00;47;568;28,50;28,50;545;$;250.000.000,00;1;Negociada;16:43:40;;30-65787766-9;EMPRESA DISTRIBUIDORA LA PLATA SOCIEDAD ANONIMA EDELAP S A;AO;30-65787766-9;EMPRESA DISTRIBUIDORA LA PLATA SOCIEDAD ANONIMA EDELAP S A;;;
1514108;30/07/2026;No Garantizado;NO;SI;NO;ECHEQ;NO;NO;C.I.;16:42:01;17:00:00;51;806;50,00;50,00;806;$;50.000.000,00;4;Negociada;16:44:02;;30-71749906-5;MERPAD;AO;30-71749906-5;MERPAD;;;
1514109;30/07/2026;No Garantizado;SI;SI;NO;FCE;NO;NO;C.I.;16:42:17;17:00:00;8;569;27,50;27,50;569;$;118.433.134,89;5;Negociada;16:44:54;%PEC;30-65442469-8;PECOM SERVICIOS ENERGIA S.A.U.;;;;;;
1514110;30/07/2026;No Garantizado;SI;SI;NO;FCE;NO;NO;C.I.;16:42:28;17:00:00;26;569;26,50;26,50;569;$;48.706.038,00;3;Negociada;16:45:15;%INC;30-68731043-4;INC S. A.;;;;;;
1514111;30/07/2026;No Garantizado;SI;SI;NO;FCE;NO;NO;C.I.;16:42:41;17:00:00;57;569;26,50;26,50;569;$;38.696.265,66;1;Negociada;16:45:43;%INC;30-68731043-4;INC S. A.;;;;;;
1514112;30/07/2026;No Garantizado;SI;SI;NO;FCE;NO;NO;C.I.;16:42:52;17:00:00;26;569;22,50;22,50;569;$;41.966.268,80;1;Negociada;16:46:03;%YHH;30-71588434-4;YPF S.A. - SPM ARGENTINA S.A. - AREA BANDURRIA SUR UNION TRANSITORIA;;;;;;
1514113;30/07/2026;No Garantizado;SI;SI;NO;FCE;NO;NO;C.I.;16:43:04;17:00:00;26;569;22,50;22,50;569;$;319.223.560,80;1;Negociada;16:46:36;%YFH;30-71433561-4;YPF S.A - COMPAÑIA DE HIDROCARBURO NO CONVENCIONAL SRL AREA LOMA CAMPANA UTE;;;;;;
1514114;30/07/2026;No Garantizado Calificado;SI;SI;NO;FCE;NO;NO;C.I.;16:43:19;17:00:00;29;569;22,50;22,50;569;$;313.459.058,66;1;Negociada;16:47:02;%YFP;30-54668997-9;YPF SOCIEDAD ANONIMA;;;;;;
1514115;30/07/2026;No Garantizado;SI;SI;NO;ECHEQ;NO;NO;C.I.;16:43:33;17:00:00;13;569;32,00;32,00;569;$;192.747.939,38;1;Negociada;16:47:36;;30-71585746-0;HATTRICK ENERGY SAS;AO;;;MiPyME FCE - Art. 7 Ley 27.440, Res. SEPYME 340/17, Art. 2 RG 4367/18 y RG 1019/24;;
1514116;30/07/2026;Avalado;;SI;NO;ECHEQ;NO;NO;24Hs.;16:43:55;17:00:00;206;;;22,00;11;$;30.000.000,00;1;Desierta;;ACPY;;Acindar Pymes S.G.R.;AO;;;;;
1514117;30/07/2026;Avalado;;SI;NO;ECHEQ;NO;NO;24Hs.;16:44:14;17:00:00;28;;;19,00;11;$;12.000.000,00;4;Desierta;;ACPY;;Acindar Pymes S.G.R.;AO;;;;;
1514118;30/07/2026;Avalado;;SI;NO;ECHEQ;SI;NO;24Hs.;16:44:18;17:00:00;34;839;21,00;21,00;442;$;2.250.000,00;1;Negociada;16:46:19;TRND;;Trend S.G.R.;NO;;;;;
1514119;30/07/2026;Garantizado;NO;SI;NO;ECHEQ;NO;NO;24Hs.;16:45:04;17:00:00;109;;;21,00;559;$;39.000.000,00;1;Desierta;;;;;AO;;;;;
1514120;30/07/2026;Garantizado;SI;SI;NO;ECHEQ;NO;NO;24Hs.;16:47:51;17:00:00;35;;;22,00;598;$;5.830.000,00;1;Desierta;;;;;AO;;;Certificado MiPyME;;
1514121;30/07/2026;Avalado;;SI;NO;ECHEQ;NO;NO;24Hs.;16:49:52;17:00:00;69;;;20,00;802;$;33.000.000,00;33;Desierta;;ACPY;;Acindar Pymes S.G.R.;AO;;;;;
1514122;30/07/2026;Avalado;;SI;NO;ECHEQ;NO;NO;24Hs.;16:52:11;17:00:00;46;525;23,50;23,50;716;$;5.860.933,94;1;Negociada;16:54:13;CREC;;Crecer S.G.R.;AO;;;;;
1514123;30/07/2026;Avalado;;SI;NO;ECHEQ;NO;NO;24Hs.;16:55:47;17:00:00;53;406;19,00;19,00;809;$;214.100.214,70;9;Negociada;16:57:49;BMAR;;BANCO MARIVA S.A.;AO;;;;;
1514124;30/07/2026;Avalado;;SI;NO;ECHEQ;NO;NO;24Hs.;16:56:39;17:00:00;272;;;24,00;502;$;200.000.000,00;2;Desierta;;AFFI;;Affidavit S.G.R.;AO;;;;;
1514125;30/07/2026;No Garantizado;SI;SI;NO;ECHEQ;NO;NO;24Hs.;16:57:34;17:00:00;41;814;36,50;36,50;559;$;40.000.000,00;1;Negociada;16:59:35;;30-54012725-1;RUTA 3 AUTOMOTORES S.A.;AO;30-54012725-1;RUTA 3 AUTOMOTORES S.A.;Certificado MiPyME;;
1514126;30/07/2026;No Garantizado;NO;SI;NO;PAGARE;NO;NO;24Hs.;16:57:38;17:00:00;292;770;10,75;10,75;526;U$D;100.000,00;1;Negociada;16:59:39;;30-71700347-7;PRO CROP S.A.;;30-71700347-7;PRO CROP S.A.;;;
